============================================================
Iteration 0 with LAT_IDX: 41 and LON_IDX: 15 with DEPTH 2.3108072
 * Adding to the thalweg 41, 15 (depth 2.31)... Let's look at his neighborhood...
 * The extracted matrix is:
[LINE 4]		nan 		nan 		nan 		nan 		nan 		
[LINE 3]		nan 		2.28		nan 		nan 		nan 		
[LINE 2]		nan 		2.18		-inf		2.51		2.61		
[LINE 1]		nan 		1.82		1.96		2.17		2.38		
[LINE 0]		nan 		1.54		1.68		1.77		1.98		
 * Ranking:
 ---> {'coords': (2, 3), 'dir': 'E', 'score': 5}
 ---> {'coords': (2, 4), 'dir': 'E', 'score': 5}
 * Selected, based on ranking: {'coords': (2, 3), 'dir': 'E', 'score': 5}
 * The candidate has value 2.61 and coords (2, 3)
 * Checking direction:
 ---> Direction E ok (last was None)!
 * Selected element is (2, 3) with value 2.61
Next element is E with direction 2.51
New matrix will be centered on 41,16 with depth 2.51
============================================================
Iteration 1 with LAT_IDX: 41 and LON_IDX: 16 with DEPTH 2.5100467
 * Adding to the thalweg 41, 16 (depth 2.51)... Let's look at his neighborhood...
 * The extracted matrix is:
[LINE 4]		nan 		nan 		nan 		nan 		nan 		
[LINE 3]		2.28		nan 		nan 		nan 		nan 		
[LINE 2]		2.18		-inf		-inf		2.61		2.71		
[LINE 1]		1.82		1.96		2.17		2.38		2.53		
[LINE 0]		1.54		1.68		1.77		1.98		2.12		
 * Ranking:
 ---> {'coords': (2, 4), 'dir': 'E', 'score': 5}
 * Selected, based on ranking: {'coords': (2, 4), 'dir': 'E', 'score': 5}
 * The candidate has value 2.71 and coords (2, 4)
 * Checking direction:
 ---> Direction E ok (last was E)! -- [Last 10: ['E']]
 * Selected element is (2, 4) with value 2.71
Next element is E with direction 2.71
New matrix will be centered on 41,18 with depth 2.71
============================================================
Iteration 2 with LAT_IDX: 41 and LON_IDX: 18 with DEPTH 2.7089384
 * Adding to the thalweg 41, 18 (depth 2.71)... Let's look at his neighborhood...
 * The extracted matrix is:
[LINE 4]		nan 		nan 		nan 		nan 		nan 		
[LINE 3]		nan 		nan 		nan 		nan 		nan 		
[LINE 2]		-inf		2.61		-inf		2.74		nan 		
[LINE 1]		2.17		2.38		2.53		2.55		2.52		
[LINE 0]		1.77		1.98		2.12		2.12		2.2 		
 * Ranking:
 ---> {'coords': (2, 3), 'dir': 'E', 'score': 5}
 * Selected, based on ranking: {'coords': (2, 3), 'dir': 'E', 'score': 5}
 * The candidate has value 2.74 and coords (2, 3)
 * Checking direction:
 ---> Direction E ok (last was E)! -- [Last 10: ['E', 'E']]
 * Selected element is (2, 3) with value 2.74
Next element is E with direction 2.74
New matrix will be centered on 41,19 with depth 2.74
============================================================
Iteration 3 with LAT_IDX: 41 and LON_IDX: 19 with DEPTH 2.7359405
 * Adding to the thalweg 41, 19 (depth 2.74)... Let's look at his neighborhood...
 * The extracted matrix is:
[LINE 4]		nan 		nan 		nan 		nan 		nan 		
[LINE 3]		nan 		nan 		nan 		nan 		nan 		
[LINE 2]		2.61		-inf		-inf		nan 		nan 		
[LINE 1]		2.38		2.53		2.55		2.52		2.61		
[LINE 0]		1.98		2.12		2.12		2.2 		2.33		
 * Ranking:
 ---> {'coords': (1, 1), 'dir': 'SW', 'score': 1}
 ---> {'coords': (1, 2), 'dir': 'S', 'score': 5}
 ---> {'coords': (1, 3), 'dir': 'SE', 'score': 9}
 ---> {'coords': (1, 4), 'dir': 'SE', 'score': 9}
 ---> {'coords': (2, 0), 'dir': 'W', 'score': 0}
 * Selected, based on ranking: {'coords': (1, 3), 'dir': 'SE', 'score': 9}
 * The candidate has value 2.61 and coords (1, 3)
 * Checking direction:
 ---> Direction SE ok (last was E)! -- [Last 10: ['E', 'E', 'E']]
 * Selected element is (1, 3) with value 2.61
Next element is SE with direction 2.52
New matrix will be centered on 40,20 with depth 2.52
============================================================
Iteration 4 with LAT_IDX: 40 and LON_IDX: 20 with DEPTH 2.5180101
 * Adding to the thalweg 40, 20 (depth 2.52)... Let's look at his neighborhood...
 * The extracted matrix is:
[LINE 4]		nan 		nan 		nan 		nan 		nan 		
[LINE 3]		-inf		-inf		nan 		nan 		nan 		
[LINE 2]		2.53		2.55		-inf		2.61		2.65		
[LINE 1]		2.12		2.12		2.2 		2.33		2.47		
[LINE 0]		1.66		1.76		1.95		2.12		2.3 		
 * Ranking:
 ---> {'coords': (2, 3), 'dir': 'E', 'score': 5}
 ---> {'coords': (2, 4), 'dir': 'E', 'score': 5}
 * Selected, based on ranking: {'coords': (2, 3), 'dir': 'E', 'score': 5}
 * The candidate has value 2.65 and coords (2, 3)
 * Checking direction:
 ---> Direction E ok (last was SE)! -- [Last 10: ['E', 'E', 'E', 'SE']]
 * Selected element is (2, 3) with value 2.65
Next element is E with direction 2.61
New matrix will be centered on 40,21 with depth 2.61
============================================================
Iteration 5 with LAT_IDX: 40 and LON_IDX: 21 with DEPTH 2.6091003
 * Adding to the thalweg 40, 21 (depth 2.61)... Let's look at his neighborhood...
 * The extracted matrix is:
[LINE 4]		nan 		nan 		nan 		nan 		nan 		
[LINE 3]		-inf		nan 		nan 		nan 		nan 		
[LINE 2]		2.55		-inf		-inf		2.65		2.75		
[LINE 1]		2.12		2.2 		2.33		2.47		2.62		
[LINE 0]		1.76		1.95		2.12		2.3 		2.49		
 * Ranking:
 ---> {'coords': (2, 3), 'dir': 'E', 'score': 5}
 ---> {'coords': (2, 4), 'dir': 'E', 'score': 5}
 * Selected, based on ranking: {'coords': (2, 3), 'dir': 'E', 'score': 5}
 * The candidate has value 2.75 and coords (2, 3)
 * Checking direction:
 ---> Direction E ok (last was E)! -- [Last 10: ['E', 'E', 'E', 'SE', 'E']]
 * Selected element is (2, 3) with value 2.75
Next element is E with direction 2.65
New matrix will be centered on 40,22 with depth 2.65
============================================================
Iteration 6 with LAT_IDX: 40 and LON_IDX: 22 with DEPTH 2.6532598
 * Adding to the thalweg 40, 22 (depth 2.65)... Let's look at his neighborhood...
 * The extracted matrix is:
[LINE 4]		nan 		nan 		nan 		nan 		nan 		
[LINE 3]		nan 		nan 		nan 		nan 		nan 		
[LINE 2]		-inf		-inf		-inf		2.75		2.82		
[LINE 1]		2.2 		2.33		2.47		2.62		2.76		
[LINE 0]		1.95		2.12		2.3 		2.49		2.73		
 * Ranking:
 ---> {'coords': (0, 4), 'dir': 'SE', 'score': 9}
 ---> {'coords': (1, 4), 'dir': 'SE', 'score': 9}
 ---> {'coords': (2, 3), 'dir': 'E', 'score': 5}
 ---> {'coords': (2, 4), 'dir': 'E', 'score': 5}
 * Selected, based on ranking: {'coords': (0, 4), 'dir': 'SE', 'score': 9}
 * The candidate has value 2.82 and coords (0, 4)
 * Checking direction:
 ---> Direction SE ok (last was E)! -- [Last 10: ['E', 'E', 'E', 'SE', 'E', 'E']]
 * Selected element is (0, 4) with value 2.82
Next element is SE with direction 2.73
New matrix will be centered on 38,24 with depth 2.73
============================================================
Iteration 7 with LAT_IDX: 38 and LON_IDX: 24 with DEPTH 2.7320821
 * Adding to the thalweg 38, 24 (depth 2.73)... Let's look at his neighborhood...
 * The extracted matrix is:
[LINE 4]		-inf		2.75		2.82		2.88		2.86		
[LINE 3]		2.47		2.62		2.76		2.91		2.93		
[LINE 2]		2.3 		2.49		-inf		2.88		2.96		
[LINE 1]		nan 		nan 		nan 		nan 		nan 		
[LINE 0]		nan 		nan 		nan 		nan 		nan 		
 * Ranking:
 ---> {'coords': (2, 3), 'dir': 'E', 'score': 5}
 ---> {'coords': (2, 4), 'dir': 'E', 'score': 5}
 ---> {'coords': (3, 3), 'dir': 'NE', 'score': 1}
 ---> {'coords': (3, 4), 'dir': 'NE', 'score': 1}
 ---> {'coords': (4, 3), 'dir': 'NE', 'score': 1}
 * Selected, based on ranking: {'coords': (2, 3), 'dir': 'E', 'score': 5}
 * The candidate has value 2.96 and coords (2, 3)
 * Checking direction:
 ---> Direction E ok (last was SE)! -- [Last 10: ['E', 'E', 'E', 'SE', 'E', 'E', 'SE']]
 * Selected element is (2, 3) with value 2.96
Next element is E with direction 2.88
New matrix will be centered on 38,25 with depth 2.88
============================================================
Iteration 8 with LAT_IDX: 38 and LON_IDX: 25 with DEPTH 2.8847141
 * Adding to the thalweg 38, 25 (depth 2.88)... Let's look at his neighborhood...
 * The extracted matrix is:
[LINE 4]		2.75		2.82		2.88		2.86		2.74		
[LINE 3]		2.62		2.76		2.91		2.93		2.84		
[LINE 2]		2.49		-inf		-inf		2.96		nan 		
[LINE 1]		nan 		nan 		nan 		nan 		nan 		
[LINE 0]		nan 		nan 		nan 		nan 		nan 		
 * Ranking:
 ---> {'coords': (2, 3), 'dir': 'E', 'score': 5}
 ---> {'coords': (3, 2), 'dir': 'N', 'score': 0}
 ---> {'coords': (3, 3), 'dir': 'NE', 'score': 1}
 ---> {'coords': (4, 2), 'dir': 'N', 'score': 0}
 * Selected, based on ranking: {'coords': (2, 3), 'dir': 'E', 'score': 5}
 * The candidate has value 2.96 and coords (2, 3)
 * Checking direction:
 ---> Direction E ok (last was E)! -- [Last 10: ['E', 'E', 'E', 'SE', 'E', 'E', 'SE', 'E']]
 * Selected element is (2, 3) with value 2.96
Next element is E with direction 2.96
New matrix will be centered on 38,26 with depth 2.96
============================================================
Iteration 9 with LAT_IDX: 38 and LON_IDX: 26 with DEPTH 2.9597733
 * Adding to the thalweg 38, 26 (depth 2.96)... Let's look at his neighborhood...
 * The extracted matrix is:
[LINE 4]		2.82		2.88		2.86		2.74		2.65		
[LINE 3]		2.76		2.91		2.93		2.84		2.76		
[LINE 2]		-inf		-inf		-inf		nan 		nan 		
[LINE 1]		nan 		nan 		nan 		nan 		nan 		
[LINE 0]		nan 		nan 		nan 		nan 		nan 		
 * Ranking:
 ---> {'coords': (3, 1), 'dir': 'NW', 'score': 0}
 ---> {'coords': (3, 2), 'dir': 'N', 'score': 0}
 ---> {'coords': (3, 3), 'dir': 'NE', 'score': 1}
 ---> {'coords': (4, 1), 'dir': 'NW', 'score': 0}
 ---> {'coords': (4, 2), 'dir': 'N', 'score': 0}
 * Selected, based on ranking: {'coords': (3, 3), 'dir': 'NE', 'score': 1}
 * The candidate has value 2.93 and coords (3, 3)
 * Checking direction:
 ---> Direction NE ok (last was E)! -- [Last 10: ['E', 'E', 'E', 'SE', 'E', 'E', 'SE', 'E', 'E']]
 * Selected element is (3, 3) with value 2.93
Next element is NE with direction 2.84
New matrix will be centered on 39,27 with depth 2.84
============================================================
Iteration 10 with LAT_IDX: 39 and LON_IDX: 27 with DEPTH 2.844222
 * Adding to the thalweg 39, 27 (depth 2.84)... Let's look at his neighborhood...
 * The extracted matrix is:
[LINE 4]		nan 		nan 		2.58		2.52		2.4 		
[LINE 3]		2.88		2.86		2.74		2.65		2.52		
[LINE 2]		2.91		2.93		-inf		2.76		2.61		
[LINE 1]		-inf		-inf		nan 		nan 		nan 		
[LINE 0]		nan 		nan 		nan 		nan 		nan 		
 * Ranking:
 ---> {'coords': (2, 0), 'dir': 'W', 'score': 0}
 ---> {'coords': (2, 1), 'dir': 'W', 'score': 0}
 ---> {'coords': (3, 0), 'dir': 'NW', 'score': 1}
 ---> {'coords': (3, 1), 'dir': 'NW', 'score': 1}
 * Selected, based on ranking: {'coords': (3, 0), 'dir': 'NW', 'score': 1}
 * The candidate has value 2.93 and coords (3, 0)
 * Checking direction:
 ---> Direction NW ok (last was NE)! -- [Last 10: ['E', 'E', 'E', 'SE', 'E', 'E', 'SE', 'E', 'E', 'NE']]
 * Selected element is (3, 0) with value 2.93
Next element is NW with direction 2.88
New matrix will be centered on 40,25 with depth 2.88
TREND IS ('E', {'E': 7.5, 'SE': 2, 'NE': 1, 'NW': 1, 'S': 1.0, 'N': 1.0, 'W': 0.5}) --- (['E', 'E', 'SE', 'E', 'E', 'SE', 'E', 'E', 'NE', 'NW'])
============================================================
Iteration 11 with LAT_IDX: 40 and LON_IDX: 25 with DEPTH 2.8766427
 * Adding to the thalweg 40, 25 (depth 2.88)... Let's look at his neighborhood...
 * The extracted matrix is:
[LINE 4]		nan 		nan 		nan 		nan 		nan 		
[LINE 3]		nan 		nan 		nan 		nan 		2.58		
[LINE 2]		2.75		2.82		-inf		2.86		2.74		
[LINE 1]		2.62		2.76		2.91		2.93		-inf		
[LINE 0]		2.49		-inf		-inf		-inf		nan 		
 * Ranking:
 ---> {'coords': (1, 2), 'dir': 'S', 'score': 0}
 ---> {'coords': (1, 2), 'dir': 'S', 'score': 0}
 ---> {'coords': (1, 3), 'dir': 'SE', 'score': 10}
 ---> {'coords': (1, 3), 'dir': 'SE', 'score': 10}
 ---> {'coords': (2, 3), 'dir': 'E', 'score': 10}
 ---> {'coords': (2, 3), 'dir': 'E', 'score': 10}
 * Selected, based on ranking: {'coords': (1, 3), 'dir': 'SE', 'score': 10}
 * The candidate has value 2.93 and coords (1, 3)
 * Checking direction:
 ---> Trend is: E
 ---> Complex Trend is: {'E': 7.5, 'SE': 2, 'NE': 1, 'NW': 1, 'S': 1.0, 'N': 1.0, 'W': 0.5}
 ---> Allowed dirs based on Complex Trend are: ['NE', 'E', 'SE']
 ---> Direction SE ok (last was NW)! -- [Last 10: ['E', 'E', 'SE', 'E', 'E', 'SE', 'E', 'E', 'NE', 'NW']]
 * Selected element is (1, 3) with value 2.93
Next element is SE with direction 2.93
New matrix will be centered on 39,26 with depth 2.93
TREND IS ('E', {'E': 7.0, 'SE': 3, 'NE': 1, 'NW': 1, 'S': 1.5, 'N': 1.0, 'W': 0.5}) --- (['E', 'SE', 'E', 'E', 'SE', 'E', 'E', 'NE', 'NW', 'SE'])
============================================================
Iteration 12 with LAT_IDX: 39 and LON_IDX: 26 with DEPTH 2.9295251
 * Adding to the thalweg 39, 26 (depth 2.93)... Let's look at his neighborhood...
 * The extracted matrix is:
[LINE 4]		nan 		nan 		nan 		2.58		2.52		
[LINE 3]		2.82		-inf		2.86		2.74		2.65		
[LINE 2]		2.76		2.91		-inf		-inf		2.76		
[LINE 1]		-inf		-inf		-inf		nan 		nan 		
[LINE 0]		nan 		nan 		nan 		nan 		nan 		
 * Ranking:
 ---> {'coords': (2, 1), 'dir': 'W', 'score': 0}
 ---> {'coords': (2, 1), 'dir': 'W', 'score': 0}
 ---> {'coords': (3, 0), 'dir': 'NW', 'score': 0}
 ---> {'coords': (3, 0), 'dir': 'NW', 'score': 0}
 ---> {'coords': (3, 2), 'dir': 'N', 'score': 0}
 ---> {'coords': (3, 2), 'dir': 'N', 'score': 0}
 * Selected, based on ranking: {'coords': (2, 1), 'dir': 'W', 'score': 0}
 * The candidate has value 2.91 and coords (2, 1)
 * Checking direction:
 ---> Trend is: E
 ---> Complex Trend is: {'E': 7.0, 'SE': 3, 'NE': 1, 'NW': 1, 'S': 1.5, 'N': 1.0, 'W': 0.5}
 ---> Allowed dirs based on Complex Trend are: ['NE', 'E', 'SE']
 ---> Direction W IS NOT ok! Last was SE [last 10: ['E', 'SE', 'E', 'E', 'SE', 'E', 'E', 'NE', 'NW', 'SE']] -- Modifying matrix...
[LINE 4]		nan 		nan 		nan 		2.58		2.52		
[LINE 3]		2.82		-inf		2.86		2.74		2.65		
[LINE 2]		2.76		nan 		-inf		-inf		2.76		
[LINE 1]		-inf		-inf		-inf		nan 		nan 		
[LINE 0]		nan 		nan 		nan 		nan 		nan 		
 * Ranking:
 ---> {'coords': (2, 0), 'dir': 'W', 'score': 0}
 ---> {'coords': (2, 0), 'dir': 'W', 'score': 0}
 ---> {'coords': (2, 4), 'dir': 'E', 'score': 15}
 ---> {'coords': (2, 4), 'dir': 'E', 'score': 15}
 ---> {'coords': (3, 0), 'dir': 'NW', 'score': 0}
 ---> {'coords': (3, 0), 'dir': 'NW', 'score': 0}
 ---> {'coords': (3, 2), 'dir': 'N', 'score': 0}
 ---> {'coords': (3, 2), 'dir': 'N', 'score': 0}
 * Selected, based on ranking: {'coords': (2, 4), 'dir': 'E', 'score': 15}
 * The candidate has value 2.86 and coords (2, 4)
 * Checking direction:
 ---> Trend is: E
 ---> Complex Trend is: {'E': 7.0, 'SE': 3, 'NE': 1, 'NW': 1, 'S': 1.5, 'N': 1.0, 'W': 0.5}
 ---> Allowed dirs based on Complex Trend are: ['NE', 'E', 'SE']
 ---> Direction E ok (last was SE)! -- [Last 10: ['E', 'SE', 'E', 'E', 'SE', 'E', 'E', 'NE', 'NW', 'SE']]
 * Selected element is (2, 4) with value 2.86
Next element is E with direction 2.76
New matrix will be centered on 39,28 with depth 2.76
TREND IS ('E', {'E': 7.0, 'SE': 3, 'NE': 1, 'NW': 1, 'S': 1.5, 'N': 1.0, 'W': 0.5}) --- (['SE', 'E', 'E', 'SE', 'E', 'E', 'NE', 'NW', 'SE', 'E'])
============================================================
Iteration 13 with LAT_IDX: 39 and LON_IDX: 28 with DEPTH 2.761345
 * Adding to the thalweg 39, 28 (depth 2.76)... Let's look at his neighborhood...
 * The extracted matrix is:
[LINE 4]		nan 		2.58		2.52		2.4 		2.28		
[LINE 3]		2.86		2.74		2.65		2.52		2.41		
[LINE 2]		-inf		-inf		-inf		2.61		2.5 		
[LINE 1]		-inf		nan 		nan 		nan 		nan 		
[LINE 0]		nan 		nan 		nan 		nan 		nan 		
 * Ranking:
 ---> {'coords': (3, 0), 'dir': 'NW', 'score': 0}
 ---> {'coords': (3, 0), 'dir': 'NW', 'score': 0}
 * Selected, based on ranking: {'coords': (3, 0), 'dir': 'NW', 'score': 0}
 * The candidate has value 2.86 and coords (3, 0)
 * Checking direction:
 ---> Trend is: E
 ---> Complex Trend is: {'E': 7.0, 'SE': 3, 'NE': 1, 'NW': 1, 'S': 1.5, 'N': 1.0, 'W': 0.5}
 ---> Allowed dirs based on Complex Trend are: ['NE', 'E', 'SE']
 ---> Direction NW IS NOT ok! Last was E [last 10: ['SE', 'E', 'E', 'SE', 'E', 'E', 'NE', 'NW', 'SE', 'E']] -- Modifying matrix...
[LINE 4]		nan 		2.58		2.52		2.4 		2.28		
[LINE 3]		nan 		2.74		2.65		2.52		2.41		
[LINE 2]		-inf		-inf		-inf		2.61		2.5 		
[LINE 1]		-inf		nan 		nan 		nan 		nan 		
[LINE 0]		nan 		nan 		nan 		nan 		nan 		
 * Ranking:
 ---> {'coords': (3, 1), 'dir': 'NW', 'score': 0}
 ---> {'coords': (3, 1), 'dir': 'NW', 'score': 0}
 ---> {'coords': (3, 2), 'dir': 'N', 'score': 1}
 ---> {'coords': (3, 2), 'dir': 'N', 'score': 1}
 * Selected, based on ranking: {'coords': (3, 2), 'dir': 'N', 'score': 1}
 * The candidate has value 2.74 and coords (3, 2)
 * Checking direction:
 ---> Trend is: E
 ---> Complex Trend is: {'E': 7.0, 'SE': 3, 'NE': 1, 'NW': 1, 'S': 1.5, 'N': 1.0, 'W': 0.5}
 ---> Allowed dirs based on Complex Trend are: ['NE', 'E', 'SE']
 ---> Direction N IS NOT ok! Last was E [last 10: ['SE', 'E', 'E', 'SE', 'E', 'E', 'NE', 'NW', 'SE', 'E']] -- Modifying matrix...
[LINE 4]		nan 		2.58		2.52		2.4 		2.28		
[LINE 3]		nan 		2.74		nan 		2.52		2.41		
[LINE 2]		-inf		-inf		-inf		2.61		2.5 		
[LINE 1]		-inf		nan 		nan 		nan 		nan 		
[LINE 0]		nan 		nan 		nan 		nan 		nan 		
 * Ranking:
 ---> {'coords': (3, 1), 'dir': 'NW', 'score': 0}
 ---> {'coords': (3, 1), 'dir': 'NW', 'score': 0}
 * Selected, based on ranking: {'coords': (3, 1), 'dir': 'NW', 'score': 0}
 * The candidate has value 2.74 and coords (3, 1)
 * Checking direction:
 ---> Trend is: E
 ---> Complex Trend is: {'E': 7.0, 'SE': 3, 'NE': 1, 'NW': 1, 'S': 1.5, 'N': 1.0, 'W': 0.5}
 ---> Allowed dirs based on Complex Trend are: ['NE', 'E', 'SE']
 ---> Direction NW IS NOT ok! Last was E [last 10: ['SE', 'E', 'E', 'SE', 'E', 'E', 'NE', 'NW', 'SE', 'E']] -- Modifying matrix...
[LINE 4]		nan 		2.58		2.52		2.4 		2.28		
[LINE 3]		nan 		nan 		nan 		2.52		2.41		
[LINE 2]		-inf		-inf		-inf		2.61		2.5 		
[LINE 1]		-inf		nan 		nan 		nan 		nan 		
[LINE 0]		nan 		nan 		nan 		nan 		nan 		
 * Ranking:
 ---> {'coords': (2, 3), 'dir': 'E', 'score': 19}
 ---> {'coords': (2, 3), 'dir': 'E', 'score': 19}
 ---> {'coords': (3, 3), 'dir': 'NE', 'score': 15}
 ---> {'coords': (3, 3), 'dir': 'NE', 'score': 15}
 ---> {'coords': (4, 1), 'dir': 'NW', 'score': 0}
 ---> {'coords': (4, 1), 'dir': 'NW', 'score': 0}
 ---> {'coords': (4, 2), 'dir': 'N', 'score': 1}
 ---> {'coords': (4, 2), 'dir': 'N', 'score': 1}
 * Selected, based on ranking: {'coords': (2, 3), 'dir': 'E', 'score': 19}
 * The candidate has value 2.61 and coords (2, 3)
 * Checking direction:
 ---> Trend is: E
 ---> Complex Trend is: {'E': 7.0, 'SE': 3, 'NE': 1, 'NW': 1, 'S': 1.5, 'N': 1.0, 'W': 0.5}
 ---> Allowed dirs based on Complex Trend are: ['NE', 'E', 'SE']
 ---> Direction E ok (last was E)! -- [Last 10: ['SE', 'E', 'E', 'SE', 'E', 'E', 'NE', 'NW', 'SE', 'E']]
 * Selected element is (2, 3) with value 2.61
Next element is E with direction 2.61
New matrix will be centered on 39,29 with depth 2.61
TREND IS ('E', {'E': 7.5, 'SE': 2, 'NE': 1, 'NW': 1, 'S': 1.0, 'N': 1.0, 'W': 0.5}) --- (['E', 'E', 'SE', 'E', 'E', 'NE', 'NW', 'SE', 'E', 'E'])
============================================================
Iteration 14 with LAT_IDX: 39 and LON_IDX: 29 with DEPTH 2.608179
 * Adding to the thalweg 39, 29 (depth 2.61)... Let's look at his neighborhood...
 * The extracted matrix is:
[LINE 4]		2.58		2.52		2.4 		2.28		2.2 		
[LINE 3]		2.74		2.65		2.52		2.41		2.33		
[LINE 2]		-inf		-inf		-inf		2.5 		nan 		
[LINE 1]		nan 		nan 		nan 		nan 		nan 		
[LINE 0]		nan 		nan 		nan 		nan 		nan 		
 * Ranking:
 ---> {'coords': (3, 0), 'dir': 'NW', 'score': 0}
 ---> {'coords': (3, 0), 'dir': 'NW', 'score': 0}
 ---> {'coords': (3, 1), 'dir': 'NW', 'score': 0}
 ---> {'coords': (3, 1), 'dir': 'NW', 'score': 0}
 * Selected, based on ranking: {'coords': (3, 0), 'dir': 'NW', 'score': 0}
 * The candidate has value 2.74 and coords (3, 0)
 * Checking direction:
 ---> Trend is: E
 ---> Complex Trend is: {'E': 7.5, 'SE': 2, 'NE': 1, 'NW': 1, 'S': 1.0, 'N': 1.0, 'W': 0.5}
 ---> Allowed dirs based on Complex Trend are: ['NE', 'E', 'SE']
 ---> Direction NW IS NOT ok! Last was E [last 10: ['E', 'E', 'SE', 'E', 'E', 'NE', 'NW', 'SE', 'E', 'E']] -- Modifying matrix...
[LINE 4]		2.58		2.52		2.4 		2.28		2.2 		
[LINE 3]		nan 		2.65		2.52		2.41		2.33		
[LINE 2]		-inf		-inf		-inf		2.5 		nan 		
[LINE 1]		nan 		nan 		nan 		nan 		nan 		
[LINE 0]		nan 		nan 		nan 		nan 		nan 		
 * Ranking:
 ---> {'coords': (3, 1), 'dir': 'NW', 'score': 0}
 ---> {'coords': (3, 1), 'dir': 'NW', 'score': 0}
 ---> {'coords': (4, 0), 'dir': 'NW', 'score': 0}
 ---> {'coords': (4, 0), 'dir': 'NW', 'score': 0}
 * Selected, based on ranking: {'coords': (3, 1), 'dir': 'NW', 'score': 0}
 * The candidate has value 2.65 and coords (3, 1)
 * Checking direction:
 ---> Trend is: E
 ---> Complex Trend is: {'E': 7.5, 'SE': 2, 'NE': 1, 'NW': 1, 'S': 1.0, 'N': 1.0, 'W': 0.5}
 ---> Allowed dirs based on Complex Trend are: ['NE', 'E', 'SE']
 ---> Direction NW IS NOT ok! Last was E [last 10: ['E', 'E', 'SE', 'E', 'E', 'NE', 'NW', 'SE', 'E', 'E']] -- Modifying matrix...
[LINE 4]		2.58		2.52		2.4 		2.28		2.2 		
[LINE 3]		nan 		nan 		2.52		2.41		2.33		
[LINE 2]		-inf		-inf		-inf		2.5 		nan 		
[LINE 1]		nan 		nan 		nan 		nan 		nan 		
[LINE 0]		nan 		nan 		nan 		nan 		nan 		
 * Ranking:
 ---> {'coords': (2, 3), 'dir': 'E', 'score': 19}
 ---> {'coords': (2, 3), 'dir': 'E', 'score': 19}
 ---> {'coords': (3, 2), 'dir': 'N', 'score': 1}
 ---> {'coords': (3, 2), 'dir': 'N', 'score': 1}
 ---> {'coords': (4, 0), 'dir': 'NW', 'score': 0}
 ---> {'coords': (4, 0), 'dir': 'NW', 'score': 0}
 ---> {'coords': (4, 1), 'dir': 'NW', 'score': 0}
 ---> {'coords': (4, 1), 'dir': 'NW', 'score': 0}
 * Selected, based on ranking: {'coords': (2, 3), 'dir': 'E', 'score': 19}
 * The candidate has value 2.58 and coords (2, 3)
 * Checking direction:
 ---> Trend is: E
 ---> Complex Trend is: {'E': 7.5, 'SE': 2, 'NE': 1, 'NW': 1, 'S': 1.0, 'N': 1.0, 'W': 0.5}
 ---> Allowed dirs based on Complex Trend are: ['NE', 'E', 'SE']
 ---> Direction E ok (last was E)! -- [Last 10: ['E', 'E', 'SE', 'E', 'E', 'NE', 'NW', 'SE', 'E', 'E']]
 * Selected element is (2, 3) with value 2.58
Next element is E with direction 2.5
New matrix will be centered on 39,30 with depth 2.5
TREND IS ('E', {'E': 7.5, 'SE': 2, 'NE': 1, 'NW': 1, 'S': 1.0, 'N': 1.0, 'W': 0.5}) --- (['E', 'SE', 'E', 'E', 'NE', 'NW', 'SE', 'E', 'E', 'E'])
============================================================
Iteration 15 with LAT_IDX: 39 and LON_IDX: 30 with DEPTH 2.5047603
 * Adding to the thalweg 39, 30 (depth 2.5)... Let's look at his neighborhood...
 * The extracted matrix is:
[LINE 4]		2.52		2.4 		2.28		2.2 		2.02		
[LINE 3]		2.65		2.52		2.41		2.33		nan 		
[LINE 2]		-inf		-inf		-inf		nan 		nan 		
[LINE 1]		nan 		nan 		nan 		nan 		nan 		
[LINE 0]		nan 		nan 		nan 		nan 		nan 		
 * Ranking:
 ---> {'coords': (3, 0), 'dir': 'NW', 'score': 0}
 ---> {'coords': (3, 0), 'dir': 'NW', 'score': 0}
 * Selected, based on ranking: {'coords': (3, 0), 'dir': 'NW', 'score': 0}
 * The candidate has value 2.65 and coords (3, 0)
 * Checking direction:
 ---> Trend is: E
 ---> Complex Trend is: {'E': 7.5, 'SE': 2, 'NE': 1, 'NW': 1, 'S': 1.0, 'N': 1.0, 'W': 0.5}
 ---> Allowed dirs based on Complex Trend are: ['NE', 'E', 'SE']
 ---> Direction NW IS NOT ok! Last was E [last 10: ['E', 'SE', 'E', 'E', 'NE', 'NW', 'SE', 'E', 'E', 'E']] -- Modifying matrix...
[LINE 4]		2.52		2.4 		2.28		2.2 		2.02		
[LINE 3]		nan 		2.52		2.41		2.33		nan 		
[LINE 2]		-inf		-inf		-inf		nan 		nan 		
[LINE 1]		nan 		nan 		nan 		nan 		nan 		
[LINE 0]		nan 		nan 		nan 		nan 		nan 		
 * Ranking:
 ---> {'coords': (3, 1), 'dir': 'NW', 'score': 0}
 ---> {'coords': (3, 1), 'dir': 'NW', 'score': 0}
 ---> {'coords': (4, 0), 'dir': 'NW', 'score': 0}
 ---> {'coords': (4, 0), 'dir': 'NW', 'score': 0}
 * Selected, based on ranking: {'coords': (3, 1), 'dir': 'NW', 'score': 0}
 * The candidate has value 2.52 and coords (3, 1)
 * Checking direction:
 ---> Trend is: E
 ---> Complex Trend is: {'E': 7.5, 'SE': 2, 'NE': 1, 'NW': 1, 'S': 1.0, 'N': 1.0, 'W': 0.5}
 ---> Allowed dirs based on Complex Trend are: ['NE', 'E', 'SE']
 ---> Direction NW IS NOT ok! Last was E [last 10: ['E', 'SE', 'E', 'E', 'NE', 'NW', 'SE', 'E', 'E', 'E']] -- Modifying matrix...
[LINE 4]		2.52		2.4 		2.28		2.2 		2.02		
[LINE 3]		nan 		nan 		2.41		2.33		nan 		
[LINE 2]		-inf		-inf		-inf		nan 		nan 		
[LINE 1]		nan 		nan 		nan 		nan 		nan 		
[LINE 0]		nan 		nan 		nan 		nan 		nan 		
 * Ranking:
 ---> {'coords': (4, 0), 'dir': 'NW', 'score': 0}
 ---> {'coords': (4, 0), 'dir': 'NW', 'score': 0}
 * Selected, based on ranking: {'coords': (4, 0), 'dir': 'NW', 'score': 0}
 * The candidate has value 2.52 and coords (4, 0)
 * Checking direction:
 ---> Trend is: E
 ---> Complex Trend is: {'E': 7.5, 'SE': 2, 'NE': 1, 'NW': 1, 'S': 1.0, 'N': 1.0, 'W': 0.5}
 ---> Allowed dirs based on Complex Trend are: ['NE', 'E', 'SE']
 ---> Direction NW IS NOT ok! Last was E [last 10: ['E', 'SE', 'E', 'E', 'NE', 'NW', 'SE', 'E', 'E', 'E']] -- Modifying matrix...
[LINE 4]		nan 		2.4 		2.28		2.2 		2.02		
[LINE 3]		nan 		nan 		2.41		2.33		nan 		
[LINE 2]		-inf		-inf		-inf		nan 		nan 		
[LINE 1]		nan 		nan 		nan 		nan 		nan 		
[LINE 0]		nan 		nan 		nan 		nan 		nan 		
 * Ranking:
 ---> {'coords': (3, 2), 'dir': 'N', 'score': 1}
 ---> {'coords': (3, 2), 'dir': 'N', 'score': 1}
 ---> {'coords': (3, 3), 'dir': 'NE', 'score': 15}
 ---> {'coords': (3, 3), 'dir': 'NE', 'score': 15}
 ---> {'coords': (4, 1), 'dir': 'NW', 'score': 0}
 ---> {'coords': (4, 1), 'dir': 'NW', 'score': 0}
 * Selected, based on ranking: {'coords': (3, 3), 'dir': 'NE', 'score': 15}
 * The candidate has value 2.41 and coords (3, 3)
 * Checking direction:
 ---> Trend is: E
 ---> Complex Trend is: {'E': 7.5, 'SE': 2, 'NE': 1, 'NW': 1, 'S': 1.0, 'N': 1.0, 'W': 0.5}
 ---> Allowed dirs based on Complex Trend are: ['NE', 'E', 'SE']
 ---> Direction NE ok (last was E)! -- [Last 10: ['E', 'SE', 'E', 'E', 'NE', 'NW', 'SE', 'E', 'E', 'E']]
 * Selected element is (3, 3) with value 2.41
Next element is NE with direction 2.33
New matrix will be centered on 40,31 with depth 2.33
TREND IS ('E', {'E': 7.0, 'SE': 2, 'NE': 2, 'NW': 1, 'N': 1.5, 'S': 1.0, 'W': 0.5}) --- (['SE', 'E', 'E', 'NE', 'NW', 'SE', 'E', 'E', 'E', 'NE'])
============================================================
Iteration 16 with LAT_IDX: 40 and LON_IDX: 31 with DEPTH 2.3299208
 * Adding to the thalweg 40, 31 (depth 2.33)... Let's look at his neighborhood...
 * The extracted matrix is:
[LINE 4]		nan 		2.13		1.97		1.85		1.7 		
[LINE 3]		2.4 		2.28		2.2 		2.02		nan 		
[LINE 2]		2.52		2.41		-inf		nan 		nan 		
[LINE 1]		-inf		-inf		nan 		nan 		nan 		
[LINE 0]		nan 		nan 		nan 		nan 		nan 		
 * Ranking:
 ---> {'coords': (2, 0), 'dir': 'W', 'score': 0}
 ---> {'coords': (2, 0), 'dir': 'W', 'score': 0}
 * Selected, based on ranking: {'coords': (2, 0), 'dir': 'W', 'score': 0}
 * The candidate has value 2.52 and coords (2, 0)
 * Checking direction:
 ---> Trend is: E
 ---> Complex Trend is: {'E': 7.0, 'SE': 2, 'NE': 2, 'NW': 1, 'N': 1.5, 'S': 1.0, 'W': 0.5}
 ---> Allowed dirs based on Complex Trend are: ['NE', 'E', 'SE']
 ---> Direction W IS NOT ok! Last was NE [last 10: ['SE', 'E', 'E', 'NE', 'NW', 'SE', 'E', 'E', 'E', 'NE']] -- Modifying matrix...
[LINE 4]		nan 		2.13		1.97		1.85		1.7 		
[LINE 3]		2.4 		2.28		2.2 		2.02		nan 		
[LINE 2]		nan 		2.41		-inf		nan 		nan 		
[LINE 1]		-inf		-inf		nan 		nan 		nan 		
[LINE 0]		nan 		nan 		nan 		nan 		nan 		
 * Ranking:
 ---> {'coords': (2, 1), 'dir': 'W', 'score': 0}
 ---> {'coords': (2, 1), 'dir': 'W', 'score': 0}
 ---> {'coords': (3, 0), 'dir': 'NW', 'score': 1}
 ---> {'coords': (3, 0), 'dir': 'NW', 'score': 1}
 * Selected, based on ranking: {'coords': (3, 0), 'dir': 'NW', 'score': 1}
 * The candidate has value 2.41 and coords (3, 0)
 * Checking direction:
 ---> Trend is: E
 ---> Complex Trend is: {'E': 7.0, 'SE': 2, 'NE': 2, 'NW': 1, 'N': 1.5, 'S': 1.0, 'W': 0.5}
 ---> Allowed dirs based on Complex Trend are: ['NE', 'E', 'SE']
 ---> Direction NW IS NOT ok! Last was NE [last 10: ['SE', 'E', 'E', 'NE', 'NW', 'SE', 'E', 'E', 'E', 'NE']] -- Modifying matrix...
[LINE 4]		nan 		2.13		1.97		1.85		1.7 		
[LINE 3]		nan 		2.28		2.2 		2.02		nan 		
[LINE 2]		nan 		2.41		-inf		nan 		nan 		
[LINE 1]		-inf		-inf		nan 		nan 		nan 		
[LINE 0]		nan 		nan 		nan 		nan 		nan 		
 * Ranking:
 ---> {'coords': (2, 1), 'dir': 'W', 'score': 0}
 ---> {'coords': (2, 1), 'dir': 'W', 'score': 0}
 * Selected, based on ranking: {'coords': (2, 1), 'dir': 'W', 'score': 0}
 * The candidate has value 2.41 and coords (2, 1)
 * Checking direction:
 ---> Trend is: E
 ---> Complex Trend is: {'E': 7.0, 'SE': 2, 'NE': 2, 'NW': 1, 'N': 1.5, 'S': 1.0, 'W': 0.5}
 ---> Allowed dirs based on Complex Trend are: ['NE', 'E', 'SE']
 ---> Direction W IS NOT ok! Last was NE [last 10: ['SE', 'E', 'E', 'NE', 'NW', 'SE', 'E', 'E', 'E', 'NE']] -- Modifying matrix...
[LINE 4]		nan 		2.13		1.97		1.85		1.7 		
[LINE 3]		nan 		2.28		2.2 		2.02		nan 		
[LINE 2]		nan 		nan 		-inf		nan 		nan 		
[LINE 1]		-inf		-inf		nan 		nan 		nan 		
[LINE 0]		nan 		nan 		nan 		nan 		nan 		
 * Ranking:
 ---> {'coords': (3, 1), 'dir': 'NW', 'score': 1}
 ---> {'coords': (3, 1), 'dir': 'NW', 'score': 1}
 ---> {'coords': (3, 2), 'dir': 'N', 'score': 5}
 ---> {'coords': (3, 2), 'dir': 'N', 'score': 5}
 * Selected, based on ranking: {'coords': (3, 2), 'dir': 'N', 'score': 5}
 * The candidate has value 2.28 and coords (3, 2)
 * Checking direction:
 ---> Trend is: E
 ---> Complex Trend is: {'E': 7.0, 'SE': 2, 'NE': 2, 'NW': 1, 'N': 1.5, 'S': 1.0, 'W': 0.5}
 ---> Allowed dirs based on Complex Trend are: ['NE', 'E', 'SE']
 ---> Direction N IS NOT ok! Last was NE [last 10: ['SE', 'E', 'E', 'NE', 'NW', 'SE', 'E', 'E', 'E', 'NE']] -- Modifying matrix...
[LINE 4]		nan 		2.13		1.97		1.85		1.7 		
[LINE 3]		nan 		2.28		nan 		2.02		nan 		
[LINE 2]		nan 		nan 		-inf		nan 		nan 		
[LINE 1]		-inf		-inf		nan 		nan 		nan 		
[LINE 0]		nan 		nan 		nan 		nan 		nan 		
 * Ranking:
 ---> {'coords': (3, 1), 'dir': 'NW', 'score': 1}
 ---> {'coords': (3, 1), 'dir': 'NW', 'score': 1}
 * Selected, based on ranking: {'coords': (3, 1), 'dir': 'NW', 'score': 1}
 * The candidate has value 2.28 and coords (3, 1)
 * Checking direction:
 ---> Trend is: E
 ---> Complex Trend is: {'E': 7.0, 'SE': 2, 'NE': 2, 'NW': 1, 'N': 1.5, 'S': 1.0, 'W': 0.5}
 ---> Allowed dirs based on Complex Trend are: ['NE', 'E', 'SE']
 ---> Direction NW IS NOT ok! Last was NE [last 10: ['SE', 'E', 'E', 'NE', 'NW', 'SE', 'E', 'E', 'E', 'NE']] -- Modifying matrix...
[LINE 4]		nan 		2.13		1.97		1.85		1.7 		
[LINE 3]		nan 		nan 		nan 		2.02		nan 		
[LINE 2]		nan 		nan 		-inf		nan 		nan 		
[LINE 1]		-inf		-inf		nan 		nan 		nan 		
[LINE 0]		nan 		nan 		nan 		nan 		nan 		
 * Ranking:
 ---> {'coords': (4, 1), 'dir': 'NW', 'score': 1}
 ---> {'coords': (4, 1), 'dir': 'NW', 'score': 1}
 * Selected, based on ranking: {'coords': (4, 1), 'dir': 'NW', 'score': 1}
 * The candidate has value 2.13 and coords (4, 1)
 * Checking direction:
 ---> Trend is: E
 ---> Complex Trend is: {'E': 7.0, 'SE': 2, 'NE': 2, 'NW': 1, 'N': 1.5, 'S': 1.0, 'W': 0.5}
 ---> Allowed dirs based on Complex Trend are: ['NE', 'E', 'SE']
 ---> Direction NW IS NOT ok! Last was NE [last 10: ['SE', 'E', 'E', 'NE', 'NW', 'SE', 'E', 'E', 'E', 'NE']] -- Modifying matrix...
[LINE 4]		nan 		nan 		1.97		1.85		1.7 		
[LINE 3]		nan 		nan 		nan 		2.02		nan 		
[LINE 2]		nan 		nan 		-inf		nan 		nan 		
[LINE 1]		-inf		-inf		nan 		nan 		nan 		
[LINE 0]		nan 		nan 		nan 		nan 		nan 		
 * Ranking:
 ---> {'coords': (3, 3), 'dir': 'NE', 'score': 19}
 ---> {'coords': (3, 3), 'dir': 'NE', 'score': 19}
 ---> {'coords': (4, 2), 'dir': 'N', 'score': 5}
 ---> {'coords': (4, 2), 'dir': 'N', 'score': 5}
 * Selected, based on ranking: {'coords': (3, 3), 'dir': 'NE', 'score': 19}
 * The candidate has value 2.02 and coords (3, 3)
 * Checking direction:
 ---> Trend is: E
 ---> Complex Trend is: {'E': 7.0, 'SE': 2, 'NE': 2, 'NW': 1, 'N': 1.5, 'S': 1.0, 'W': 0.5}
 ---> Allowed dirs based on Complex Trend are: ['NE', 'E', 'SE']
 ---> Direction NE ok (last was NE)! -- [Last 10: ['SE', 'E', 'E', 'NE', 'NW', 'SE', 'E', 'E', 'E', 'NE']]
 * Selected element is (3, 3) with value 2.02
Next element is NE with direction 2.02
New matrix will be centered on 41,32 with depth 2.02
TREND IS ('E', {'E': 7.0, 'NE': 3, 'NW': 1, 'SE': 1, 'N': 2.0, 'W': 0.5, 'S': 0.5}) --- (['E', 'E', 'NE', 'NW', 'SE', 'E', 'E', 'E', 'NE', 'NE'])
============================================================
Iteration 17 with LAT_IDX: 41 and LON_IDX: 32 with DEPTH 2.0176988
 * Adding to the thalweg 41, 32 (depth 2.02)... Let's look at his neighborhood...
 * The extracted matrix is:
[LINE 4]		nan 		nan 		nan 		1.58		1.5 		
[LINE 3]		2.13		1.97		1.85		1.7 		nan 		
[LINE 2]		2.28		2.2 		-inf		nan 		nan 		
[LINE 1]		2.41		-inf		nan 		nan 		nan 		
[LINE 0]		-inf		nan 		nan 		nan 		nan 		
 * Ranking:
 ---> {'coords': (1, 0), 'dir': 'SW', 'score': 0}
 ---> {'coords': (1, 0), 'dir': 'SW', 'score': 0}
 * Selected, based on ranking: {'coords': (1, 0), 'dir': 'SW', 'score': 0}
 * The candidate has value 2.41 and coords (1, 0)
 * Checking direction:
 ---> Trend is: E
 ---> Complex Trend is: {'E': 7.0, 'NE': 3, 'NW': 1, 'SE': 1, 'N': 2.0, 'W': 0.5, 'S': 0.5}
 ---> Allowed dirs based on Complex Trend are: ['NE', 'E', 'SE']
 ---> Direction SW IS NOT ok! Last was NE [last 10: ['E', 'E', 'NE', 'NW', 'SE', 'E', 'E', 'E', 'NE', 'NE']] -- Modifying matrix...
[LINE 4]		nan 		nan 		nan 		1.58		1.5 		
[LINE 3]		2.13		1.97		1.85		1.7 		nan 		
[LINE 2]		2.28		2.2 		-inf		nan 		nan 		
[LINE 1]		nan 		-inf		nan 		nan 		nan 		
[LINE 0]		-inf		nan 		nan 		nan 		nan 		
 * Ranking:
 ---> {'coords': (2, 0), 'dir': 'W', 'score': 0}
 ---> {'coords': (2, 0), 'dir': 'W', 'score': 0}
 ---> {'coords': (2, 1), 'dir': 'W', 'score': 0}
 ---> {'coords': (2, 1), 'dir': 'W', 'score': 0}
 * Selected, based on ranking: {'coords': (2, 0), 'dir': 'W', 'score': 0}
 * The candidate has value 2.28 and coords (2, 0)
 * Checking direction:
 ---> Trend is: E
 ---> Complex Trend is: {'E': 7.0, 'NE': 3, 'NW': 1, 'SE': 1, 'N': 2.0, 'W': 0.5, 'S': 0.5}
 ---> Allowed dirs based on Complex Trend are: ['NE', 'E', 'SE']
 ---> Direction W IS NOT ok! Last was NE [last 10: ['E', 'E', 'NE', 'NW', 'SE', 'E', 'E', 'E', 'NE', 'NE']] -- Modifying matrix...
[LINE 4]		nan 		nan 		nan 		1.58		1.5 		
[LINE 3]		2.13		1.97		1.85		1.7 		nan 		
[LINE 2]		nan 		2.2 		-inf		nan 		nan 		
[LINE 1]		nan 		-inf		nan 		nan 		nan 		
[LINE 0]		-inf		nan 		nan 		nan 		nan 		
 * Ranking:
 ---> {'coords': (2, 1), 'dir': 'W', 'score': 0}
 ---> {'coords': (2, 1), 'dir': 'W', 'score': 0}
 ---> {'coords': (3, 0), 'dir': 'NW', 'score': 1}
 ---> {'coords': (3, 0), 'dir': 'NW', 'score': 1}
 * Selected, based on ranking: {'coords': (3, 0), 'dir': 'NW', 'score': 1}
 * The candidate has value 2.2 and coords (3, 0)
 * Checking direction:
 ---> Trend is: E
 ---> Complex Trend is: {'E': 7.0, 'NE': 3, 'NW': 1, 'SE': 1, 'N': 2.0, 'W': 0.5, 'S': 0.5}
 ---> Allowed dirs based on Complex Trend are: ['NE', 'E', 'SE']
 ---> Direction NW IS NOT ok! Last was NE [last 10: ['E', 'E', 'NE', 'NW', 'SE', 'E', 'E', 'E', 'NE', 'NE']] -- Modifying matrix...
[LINE 4]		nan 		nan 		nan 		1.58		1.5 		
[LINE 3]		nan 		1.97		1.85		1.7 		nan 		
[LINE 2]		nan 		2.2 		-inf		nan 		nan 		
[LINE 1]		nan 		-inf		nan 		nan 		nan 		
[LINE 0]		-inf		nan 		nan 		nan 		nan 		
 * Ranking:
 ---> {'coords': (2, 1), 'dir': 'W', 'score': 0}
 ---> {'coords': (2, 1), 'dir': 'W', 'score': 0}
 * Selected, based on ranking: {'coords': (2, 1), 'dir': 'W', 'score': 0}
 * The candidate has value 2.2 and coords (2, 1)
 * Checking direction:
 ---> Trend is: E
 ---> Complex Trend is: {'E': 7.0, 'NE': 3, 'NW': 1, 'SE': 1, 'N': 2.0, 'W': 0.5, 'S': 0.5}
 ---> Allowed dirs based on Complex Trend are: ['NE', 'E', 'SE']
 ---> Direction W IS NOT ok! Last was NE [last 10: ['E', 'E', 'NE', 'NW', 'SE', 'E', 'E', 'E', 'NE', 'NE']] -- Modifying matrix...
[LINE 4]		nan 		nan 		nan 		1.58		1.5 		
[LINE 3]		nan 		1.97		1.85		1.7 		nan 		
[LINE 2]		nan 		nan 		-inf		nan 		nan 		
[LINE 1]		nan 		-inf		nan 		nan 		nan 		
[LINE 0]		-inf		nan 		nan 		nan 		nan 		
 * Ranking:
 ---> {'coords': (3, 1), 'dir': 'NW', 'score': 1}
 ---> {'coords': (3, 1), 'dir': 'NW', 'score': 1}
 * Selected, based on ranking: {'coords': (3, 1), 'dir': 'NW', 'score': 1}
 * The candidate has value 1.97 and coords (3, 1)
 * Checking direction:
 ---> Trend is: E
 ---> Complex Trend is: {'E': 7.0, 'NE': 3, 'NW': 1, 'SE': 1, 'N': 2.0, 'W': 0.5, 'S': 0.5}
 ---> Allowed dirs based on Complex Trend are: ['NE', 'E', 'SE']
 ---> Direction NW IS NOT ok! Last was NE [last 10: ['E', 'E', 'NE', 'NW', 'SE', 'E', 'E', 'E', 'NE', 'NE']] -- Modifying matrix...
[LINE 4]		nan 		nan 		nan 		1.58		1.5 		
[LINE 3]		nan 		nan 		1.85		1.7 		nan 		
[LINE 2]		nan 		nan 		-inf		nan 		nan 		
[LINE 1]		nan 		-inf		nan 		nan 		nan 		
[LINE 0]		-inf		nan 		nan 		nan 		nan 		
 * Ranking:
 ---> {'coords': (3, 2), 'dir': 'N', 'score': 5}
 ---> {'coords': (3, 2), 'dir': 'N', 'score': 5}
 * Selected, based on ranking: {'coords': (3, 2), 'dir': 'N', 'score': 5}
 * The candidate has value 1.85 and coords (3, 2)
 * Checking direction:
 ---> Trend is: E
 ---> Complex Trend is: {'E': 7.0, 'NE': 3, 'NW': 1, 'SE': 1, 'N': 2.0, 'W': 0.5, 'S': 0.5}
 ---> Allowed dirs based on Complex Trend are: ['NE', 'E', 'SE']
 ---> Direction N IS NOT ok! Last was NE [last 10: ['E', 'E', 'NE', 'NW', 'SE', 'E', 'E', 'E', 'NE', 'NE']] -- Modifying matrix...
[LINE 4]		nan 		nan 		nan 		1.58		1.5 		
[LINE 3]		nan 		nan 		nan 		1.7 		nan 		
[LINE 2]		nan 		nan 		-inf		nan 		nan 		
[LINE 1]		nan 		-inf		nan 		nan 		nan 		
[LINE 0]		-inf		nan 		nan 		nan 		nan 		
 * Ranking:
 ---> {'coords': (3, 3), 'dir': 'NE', 'score': 19}
 ---> {'coords': (3, 3), 'dir': 'NE', 'score': 19}
 * Selected, based on ranking: {'coords': (3, 3), 'dir': 'NE', 'score': 19}
 * The candidate has value 1.7 and coords (3, 3)
 * Checking direction:
 ---> Trend is: E
 ---> Complex Trend is: {'E': 7.0, 'NE': 3, 'NW': 1, 'SE': 1, 'N': 2.0, 'W': 0.5, 'S': 0.5}
 ---> Allowed dirs based on Complex Trend are: ['NE', 'E', 'SE']
 ---> Direction NE ok (last was NE)! -- [Last 10: ['E', 'E', 'NE', 'NW', 'SE', 'E', 'E', 'E', 'NE', 'NE']]
 * Selected element is (3, 3) with value 1.7
Next element is NE with direction 1.7
New matrix will be centered on 42,33 with depth 1.7
TREND IS ('E', {'E': 6.5, 'NE': 4, 'NW': 1, 'SE': 1, 'N': 2.5, 'W': 0.5, 'S': 0.5}) --- (['E', 'NE', 'NW', 'SE', 'E', 'E', 'E', 'NE', 'NE', 'NE'])
============================================================
Iteration 18 with LAT_IDX: 42 and LON_IDX: 33 with DEPTH 1.703539
 * Adding to the thalweg 42, 33 (depth 1.7)... Let's look at his neighborhood...
 * The extracted matrix is:
[LINE 4]		nan 		nan 		nan 		1.46		1.43		
[LINE 3]		nan 		nan 		1.58		1.5 		nan 		
[LINE 2]		1.97		1.85		-inf		nan 		nan 		
[LINE 1]		2.2 		-inf		nan 		nan 		nan 		
[LINE 0]		-inf		nan 		nan 		nan 		nan 		
 * Ranking:
 ---> {'coords': (1, 0), 'dir': 'SW', 'score': 0}
 ---> {'coords': (1, 0), 'dir': 'SW', 'score': 0}
 * Selected, based on ranking: {'coords': (1, 0), 'dir': 'SW', 'score': 0}
 * The candidate has value 2.2 and coords (1, 0)
 * Checking direction:
 ---> Trend is: E
 ---> Complex Trend is: {'E': 6.5, 'NE': 4, 'NW': 1, 'SE': 1, 'N': 2.5, 'W': 0.5, 'S': 0.5}
 ---> Allowed dirs based on Complex Trend are: ['NE', 'E', 'SE']
 ---> Direction SW IS NOT ok! Last was NE [last 10: ['E', 'NE', 'NW', 'SE', 'E', 'E', 'E', 'NE', 'NE', 'NE']] -- Modifying matrix...
[LINE 4]		nan 		nan 		nan 		1.46		1.43		
[LINE 3]		nan 		nan 		1.58		1.5 		nan 		
[LINE 2]		1.97		1.85		-inf		nan 		nan 		
[LINE 1]		nan 		-inf		nan 		nan 		nan 		
[LINE 0]		-inf		nan 		nan 		nan 		nan 		
 * Ranking:
 ---> {'coords': (2, 0), 'dir': 'W', 'score': 0}
 ---> {'coords': (2, 0), 'dir': 'W', 'score': 0}
 * Selected, based on ranking: {'coords': (2, 0), 'dir': 'W', 'score': 0}
 * The candidate has value 1.97 and coords (2, 0)
 * Checking direction:
 ---> Trend is: E
 ---> Complex Trend is: {'E': 6.5, 'NE': 4, 'NW': 1, 'SE': 1, 'N': 2.5, 'W': 0.5, 'S': 0.5}
 ---> Allowed dirs based on Complex Trend are: ['NE', 'E', 'SE']
 ---> Direction W IS NOT ok! Last was NE [last 10: ['E', 'NE', 'NW', 'SE', 'E', 'E', 'E', 'NE', 'NE', 'NE']] -- Modifying matrix...
[LINE 4]		nan 		nan 		nan 		1.46		1.43		
[LINE 3]		nan 		nan 		1.58		1.5 		nan 		
[LINE 2]		nan 		1.85		-inf		nan 		nan 		
[LINE 1]		nan 		-inf		nan 		nan 		nan 		
[LINE 0]		-inf		nan 		nan 		nan 		nan 		
 * Ranking:
 ---> {'coords': (2, 1), 'dir': 'W', 'score': 0}
 ---> {'coords': (2, 1), 'dir': 'W', 'score': 0}
 * Selected, based on ranking: {'coords': (2, 1), 'dir': 'W', 'score': 0}
 * The candidate has value 1.85 and coords (2, 1)
 * Checking direction:
 ---> Trend is: E
 ---> Complex Trend is: {'E': 6.5, 'NE': 4, 'NW': 1, 'SE': 1, 'N': 2.5, 'W': 0.5, 'S': 0.5}
 ---> Allowed dirs based on Complex Trend are: ['NE', 'E', 'SE']
 ---> Direction W IS NOT ok! Last was NE [last 10: ['E', 'NE', 'NW', 'SE', 'E', 'E', 'E', 'NE', 'NE', 'NE']] -- Modifying matrix...
[LINE 4]		nan 		nan 		nan 		1.46		1.43		
[LINE 3]		nan 		nan 		1.58		1.5 		nan 		
[LINE 2]		nan 		nan 		-inf		nan 		nan 		
[LINE 1]		nan 		-inf		nan 		nan 		nan 		
[LINE 0]		-inf		nan 		nan 		nan 		nan 		
 * Ranking:
 ---> {'coords': (3, 2), 'dir': 'N', 'score': 5}
 ---> {'coords': (3, 2), 'dir': 'N', 'score': 5}
 ---> {'coords': (3, 3), 'dir': 'NE', 'score': 19}
 ---> {'coords': (3, 3), 'dir': 'NE', 'score': 19}
 * Selected, based on ranking: {'coords': (3, 3), 'dir': 'NE', 'score': 19}
 * The candidate has value 1.58 and coords (3, 3)
 * Checking direction:
 ---> Trend is: E
 ---> Complex Trend is: {'E': 6.5, 'NE': 4, 'NW': 1, 'SE': 1, 'N': 2.5, 'W': 0.5, 'S': 0.5}
 ---> Allowed dirs based on Complex Trend are: ['NE', 'E', 'SE']
 ---> Direction NE ok (last was NE)! -- [Last 10: ['E', 'NE', 'NW', 'SE', 'E', 'E', 'E', 'NE', 'NE', 'NE']]
 * Selected element is (3, 3) with value 1.58
Next element is NE with direction 1.5
New matrix will be centered on 43,34 with depth 1.5
TREND IS ('NE', {'NE': 5, 'E': 6.0, 'NW': 1, 'SE': 1, 'N': 3.0, 'W': 0.5, 'S': 0.5}) --- (['NE', 'NW', 'SE', 'E', 'E', 'E', 'NE', 'NE', 'NE', 'NE'])
============================================================
Iteration 19 with LAT_IDX: 43 and LON_IDX: 34 with DEPTH 1.4993674
 * Adding to the thalweg 43, 34 (depth 1.5)... Let's look at his neighborhood...
 * The extracted matrix is:
[LINE 4]		nan 		nan 		1.41		1.4 		1.38		
[LINE 3]		nan 		nan 		1.46		1.43		nan 		
[LINE 2]		nan 		1.58		-inf		nan 		nan 		
[LINE 1]		1.85		-inf		nan 		nan 		nan 		
[LINE 0]		-inf		nan 		nan 		nan 		nan 		
 * Ranking:
 ---> {'coords': (1, 0), 'dir': 'SW', 'score': 0}
 ---> {'coords': (1, 0), 'dir': 'SW', 'score': 0}
 * Selected, based on ranking: {'coords': (1, 0), 'dir': 'SW', 'score': 0}
 * The candidate has value 1.85 and coords (1, 0)
 * Checking direction:
 ---> Trend is: NE
 ---> Complex Trend is: {'NE': 5, 'E': 6.0, 'NW': 1, 'SE': 1, 'N': 3.0, 'W': 0.5, 'S': 0.5}
 ---> Allowed dirs based on Complex Trend are: ['NE', 'E', 'SE']
 ---> Direction SW IS NOT ok! Last was NE [last 10: ['NE', 'NW', 'SE', 'E', 'E', 'E', 'NE', 'NE', 'NE', 'NE']] -- Modifying matrix...
[LINE 4]		nan 		nan 		1.41		1.4 		1.38		
[LINE 3]		nan 		nan 		1.46		1.43		nan 		
[LINE 2]		nan 		1.58		-inf		nan 		nan 		
[LINE 1]		nan 		-inf		nan 		nan 		nan 		
[LINE 0]		-inf		nan 		nan 		nan 		nan 		
 * Ranking:
 ---> {'coords': (2, 1), 'dir': 'W', 'score': 0}
 ---> {'coords': (2, 1), 'dir': 'W', 'score': 0}
 * Selected, based on ranking: {'coords': (2, 1), 'dir': 'W', 'score': 0}
 * The candidate has value 1.58 and coords (2, 1)
 * Checking direction:
 ---> Trend is: NE
 ---> Complex Trend is: {'NE': 5, 'E': 6.0, 'NW': 1, 'SE': 1, 'N': 3.0, 'W': 0.5, 'S': 0.5}
 ---> Allowed dirs based on Complex Trend are: ['NE', 'E', 'SE']
 ---> Direction W IS NOT ok! Last was NE [last 10: ['NE', 'NW', 'SE', 'E', 'E', 'E', 'NE', 'NE', 'NE', 'NE']] -- Modifying matrix...
[LINE 4]		nan 		nan 		1.41		1.4 		1.38		
[LINE 3]		nan 		nan 		1.46		1.43		nan 		
[LINE 2]		nan 		nan 		-inf		nan 		nan 		
[LINE 1]		nan 		-inf		nan 		nan 		nan 		
[LINE 0]		-inf		nan 		nan 		nan 		nan 		
 * Ranking:
 ---> {'coords': (3, 2), 'dir': 'N', 'score': 5}
 ---> {'coords': (3, 2), 'dir': 'N', 'score': 5}
 ---> {'coords': (3, 3), 'dir': 'NE', 'score': 19}
 ---> {'coords': (3, 3), 'dir': 'NE', 'score': 19}
 ---> {'coords': (4, 2), 'dir': 'N', 'score': 5}
 ---> {'coords': (4, 2), 'dir': 'N', 'score': 5}
 ---> {'coords': (4, 3), 'dir': 'NE', 'score': 19}
 ---> {'coords': (4, 3), 'dir': 'NE', 'score': 19}
 ---> {'coords': (4, 4), 'dir': 'NE', 'score': 19}
 ---> {'coords': (4, 4), 'dir': 'NE', 'score': 19}
 * Selected, based on ranking: {'coords': (3, 3), 'dir': 'NE', 'score': 19}
 * The candidate has value 1.46 and coords (3, 3)
 * Checking direction:
 ---> Trend is: NE
 ---> Complex Trend is: {'NE': 5, 'E': 6.0, 'NW': 1, 'SE': 1, 'N': 3.0, 'W': 0.5, 'S': 0.5}
 ---> Allowed dirs based on Complex Trend are: ['NE', 'E', 'SE']
 ---> Direction NE ok (last was NE)! -- [Last 10: ['NE', 'NW', 'SE', 'E', 'E', 'E', 'NE', 'NE', 'NE', 'NE']]
 * Selected element is (3, 3) with value 1.46
Next element is NE with direction 1.43
New matrix will be centered on 44,35 with depth 1.43
TREND IS ('NE', {'NE': 5, 'E': 6.0, 'NW': 1, 'SE': 1, 'N': 3.0, 'W': 0.5, 'S': 0.5}) --- (['NW', 'SE', 'E', 'E', 'E', 'NE', 'NE', 'NE', 'NE', 'NE'])
============================================================
Iteration 20 with LAT_IDX: 44 and LON_IDX: 35 with DEPTH 1.4303004
 * Adding to the thalweg 44, 35 (depth 1.43)... Let's look at his neighborhood...
 * The extracted matrix is:
[LINE 4]		nan 		nan 		1.37		1.37		nan 		
[LINE 3]		nan 		1.41		1.4 		1.38		nan 		
[LINE 2]		nan 		1.46		-inf		nan 		nan 		
[LINE 1]		1.58		-inf		nan 		nan 		nan 		
[LINE 0]		-inf		nan 		nan 		nan 		nan 		
 * Ranking:
 ---> {'coords': (1, 0), 'dir': 'SW', 'score': 0}
 ---> {'coords': (1, 0), 'dir': 'SW', 'score': 0}
 * Selected, based on ranking: {'coords': (1, 0), 'dir': 'SW', 'score': 0}
 * The candidate has value 1.58 and coords (1, 0)
 * Checking direction:
 ---> Trend is: NE
 ---> Complex Trend is: {'NE': 5, 'E': 6.0, 'NW': 1, 'SE': 1, 'N': 3.0, 'W': 0.5, 'S': 0.5}
 ---> Allowed dirs based on Complex Trend are: ['NE', 'E', 'SE']
 ---> Direction SW IS NOT ok! Last was NE [last 10: ['NW', 'SE', 'E', 'E', 'E', 'NE', 'NE', 'NE', 'NE', 'NE']] -- Modifying matrix...
[LINE 4]		nan 		nan 		1.37		1.37		nan 		
[LINE 3]		nan 		1.41		1.4 		1.38		nan 		
[LINE 2]		nan 		1.46		-inf		nan 		nan 		
[LINE 1]		nan 		-inf		nan 		nan 		nan 		
[LINE 0]		-inf		nan 		nan 		nan 		nan 		
 * Ranking:
 ---> {'coords': (2, 1), 'dir': 'W', 'score': 0}
 ---> {'coords': (2, 1), 'dir': 'W', 'score': 0}
 ---> {'coords': (3, 1), 'dir': 'NW', 'score': 1}
 ---> {'coords': (3, 1), 'dir': 'NW', 'score': 1}
 ---> {'coords': (3, 2), 'dir': 'N', 'score': 5}
 ---> {'coords': (3, 2), 'dir': 'N', 'score': 5}
 ---> {'coords': (3, 3), 'dir': 'NE', 'score': 19}
 ---> {'coords': (3, 3), 'dir': 'NE', 'score': 19}
 ---> {'coords': (4, 2), 'dir': 'N', 'score': 5}
 ---> {'coords': (4, 2), 'dir': 'N', 'score': 5}
 ---> {'coords': (4, 3), 'dir': 'NE', 'score': 19}
 ---> {'coords': (4, 3), 'dir': 'NE', 'score': 19}
 * Selected, based on ranking: {'coords': (3, 3), 'dir': 'NE', 'score': 19}
 * The candidate has value 1.46 and coords (3, 3)
 * Checking direction:
 ---> Trend is: NE
 ---> Complex Trend is: {'NE': 5, 'E': 6.0, 'NW': 1, 'SE': 1, 'N': 3.0, 'W': 0.5, 'S': 0.5}
 ---> Allowed dirs based on Complex Trend are: ['NE', 'E', 'SE']
 ---> Direction NE ok (last was NE)! -- [Last 10: ['NW', 'SE', 'E', 'E', 'E', 'NE', 'NE', 'NE', 'NE', 'NE']]
 * Selected element is (3, 3) with value 1.46
Next element is NE with direction 1.38
New matrix will be centered on 45,36 with depth 1.38
TREND IS ('NE', {'NE': 6, 'E': 6.5, 'SE': 1, 'N': 3.0, 'S': 0.5}) --- (['SE', 'E', 'E', 'E', 'NE', 'NE', 'NE', 'NE', 'NE', 'NE'])
============================================================
Iteration 21 with LAT_IDX: 45 and LON_IDX: 36 with DEPTH 1.3839146
 * Adding to the thalweg 45, 36 (depth 1.38)... Let's look at his neighborhood...
 * The extracted matrix is:
[LINE 4]		nan 		1.37		1.38		nan 		nan 		
[LINE 3]		nan 		1.37		1.37		nan 		nan 		
[LINE 2]		1.41		1.4 		-inf		nan 		nan 		
[LINE 1]		1.46		-inf		nan 		nan 		nan 		
[LINE 0]		-inf		nan 		nan 		nan 		nan 		
 * Ranking:
 ---> {'coords': (1, 0), 'dir': 'SW', 'score': 0}
 ---> {'coords': (1, 0), 'dir': 'SW', 'score': 0}
 ---> {'coords': (2, 0), 'dir': 'W', 'score': 0}
 ---> {'coords': (2, 0), 'dir': 'W', 'score': 0}
 ---> {'coords': (2, 1), 'dir': 'W', 'score': 0}
 ---> {'coords': (2, 1), 'dir': 'W', 'score': 0}
 ---> {'coords': (3, 1), 'dir': 'NW', 'score': 1}
 ---> {'coords': (3, 1), 'dir': 'NW', 'score': 1}
 ---> {'coords': (3, 2), 'dir': 'N', 'score': 15}
 ---> {'coords': (3, 2), 'dir': 'N', 'score': 15}
 ---> {'coords': (4, 1), 'dir': 'NW', 'score': 1}
 ---> {'coords': (4, 1), 'dir': 'NW', 'score': 1}
 ---> {'coords': (4, 2), 'dir': 'N', 'score': 15}
 ---> {'coords': (4, 2), 'dir': 'N', 'score': 15}
 * Selected, based on ranking: {'coords': (3, 2), 'dir': 'N', 'score': 15}
 * The candidate has value 1.46 and coords (3, 2)
 * Checking direction:
 ---> Trend is: NE
 ---> Complex Trend is: {'NE': 6, 'E': 6.5, 'SE': 1, 'N': 3.0, 'S': 0.5}
 ---> Allowed dirs based on Complex Trend are: ['NE', 'E', 'SE', 'N', 'NE', 'E']
 ---> Direction N ok (last was NE)! -- [Last 10: ['SE', 'E', 'E', 'E', 'NE', 'NE', 'NE', 'NE', 'NE', 'NE']]
 * Selected element is (3, 2) with value 1.46
Next element is N with direction 1.37
New matrix will be centered on 46,36 with depth 1.37
TREND IS ('NE', {'NE': 6, 'E': 6.0, 'N': 4.0}) --- (['E', 'E', 'E', 'NE', 'NE', 'NE', 'NE', 'NE', 'NE', 'N'])
============================================================
Iteration 22 with LAT_IDX: 46 and LON_IDX: 36 with DEPTH 1.3694093
 * Adding to the thalweg 46, 36 (depth 1.37)... Let's look at his neighborhood...
 * The extracted matrix is:
[LINE 4]		nan 		nan 		1.39		1.39		nan 		
[LINE 3]		nan 		1.37		1.38		nan 		nan 		
[LINE 2]		nan 		1.37		-inf		nan 		nan 		
[LINE 1]		1.41		1.4 		-inf		nan 		nan 		
[LINE 0]		1.46		-inf		nan 		nan 		nan 		
 * Ranking:
 ---> {'coords': (0, 0), 'dir': 'SW', 'score': 0}
 ---> {'coords': (0, 0), 'dir': 'SW', 'score': 0}
 ---> {'coords': (1, 0), 'dir': 'SW', 'score': 0}
 ---> {'coords': (1, 0), 'dir': 'SW', 'score': 0}
 ---> {'coords': (1, 1), 'dir': 'SW', 'score': 0}
 ---> {'coords': (1, 1), 'dir': 'SW', 'score': 0}
 ---> {'coords': (2, 1), 'dir': 'W', 'score': 1}
 ---> {'coords': (2, 1), 'dir': 'W', 'score': 1}
 ---> {'coords': (3, 1), 'dir': 'NW', 'score': 5}
 ---> {'coords': (3, 1), 'dir': 'NW', 'score': 5}
 ---> {'coords': (3, 2), 'dir': 'N', 'score': 19}
 ---> {'coords': (3, 2), 'dir': 'N', 'score': 19}
 ---> {'coords': (4, 2), 'dir': 'N', 'score': 19}
 ---> {'coords': (4, 2), 'dir': 'N', 'score': 19}
 ---> {'coords': (4, 3), 'dir': 'NE', 'score': 15}
 ---> {'coords': (4, 3), 'dir': 'NE', 'score': 15}
 * Selected, based on ranking: {'coords': (3, 2), 'dir': 'N', 'score': 19}
 * The candidate has value 1.46 and coords (3, 2)
 * Checking direction:
 ---> Trend is: NE
 ---> Complex Trend is: {'NE': 6, 'E': 6.0, 'N': 4.0}
 ---> Allowed dirs based on Complex Trend are: ['N', 'NE', 'E', 'NE', 'E', 'SE']
 ---> Direction N ok (last was N)! -- [Last 10: ['E', 'E', 'E', 'NE', 'NE', 'NE', 'NE', 'NE', 'NE', 'N']]
 * Selected element is (3, 2) with value 1.46
Next element is N with direction 1.38
New matrix will be centered on 47,36 with depth 1.38
TREND IS ('NE', {'NE': 6, 'E': 5.0, 'N': 5.0}) --- (['E', 'E', 'NE', 'NE', 'NE', 'NE', 'NE', 'NE', 'N', 'N'])
============================================================
Iteration 23 with LAT_IDX: 47 and LON_IDX: 36 with DEPTH 1.376316
 * Adding to the thalweg 47, 36 (depth 1.38)... Let's look at his neighborhood...
 * The extracted matrix is:
[LINE 4]		nan 		nan 		1.4 		1.4 		nan 		
[LINE 3]		nan 		nan 		1.39		1.39		nan 		
[LINE 2]		nan 		1.37		-inf		nan 		nan 		
[LINE 1]		nan 		1.37		-inf		nan 		nan 		
[LINE 0]		1.41		1.4 		-inf		nan 		nan 		
 * Ranking:
 ---> {'coords': (0, 0), 'dir': 'SW', 'score': 0}
 ---> {'coords': (0, 0), 'dir': 'SW', 'score': 0}
 ---> {'coords': (0, 1), 'dir': 'SW', 'score': 0}
 ---> {'coords': (0, 1), 'dir': 'SW', 'score': 0}
 ---> {'coords': (1, 1), 'dir': 'SW', 'score': 0}
 ---> {'coords': (1, 1), 'dir': 'SW', 'score': 0}
 ---> {'coords': (2, 1), 'dir': 'W', 'score': 1}
 ---> {'coords': (2, 1), 'dir': 'W', 'score': 1}
 ---> {'coords': (3, 2), 'dir': 'N', 'score': 19}
 ---> {'coords': (3, 2), 'dir': 'N', 'score': 19}
 ---> {'coords': (3, 3), 'dir': 'NE', 'score': 15}
 ---> {'coords': (3, 3), 'dir': 'NE', 'score': 15}
 ---> {'coords': (4, 2), 'dir': 'N', 'score': 19}
 ---> {'coords': (4, 2), 'dir': 'N', 'score': 19}
 ---> {'coords': (4, 3), 'dir': 'NE', 'score': 15}
 ---> {'coords': (4, 3), 'dir': 'NE', 'score': 15}
 * Selected, based on ranking: {'coords': (3, 2), 'dir': 'N', 'score': 19}
 * The candidate has value 1.41 and coords (3, 2)
 * Checking direction:
 ---> Trend is: NE
 ---> Complex Trend is: {'NE': 6, 'E': 5.0, 'N': 5.0}
 ---> Allowed dirs based on Complex Trend are: ['N', 'NE', 'E']
 ---> Direction N ok (last was N)! -- [Last 10: ['E', 'E', 'NE', 'NE', 'NE', 'NE', 'NE', 'NE', 'N', 'N']]
 * Selected element is (3, 2) with value 1.41
Next element is N with direction 1.39
New matrix will be centered on 48,36 with depth 1.39
TREND IS ('NE', {'NE': 6, 'N': 6.0, 'E': 4.0}) --- (['E', 'NE', 'NE', 'NE', 'NE', 'NE', 'NE', 'N', 'N', 'N'])
============================================================
Iteration 24 with LAT_IDX: 48 and LON_IDX: 36 with DEPTH 1.3885502
 * Adding to the thalweg 48, 36 (depth 1.39)... Let's look at his neighborhood...
 * The extracted matrix is:
[LINE 4]		nan 		nan 		nan 		1.41		1.42		
[LINE 3]		nan 		nan 		1.4 		1.4 		nan 		
[LINE 2]		nan 		nan 		-inf		1.39		nan 		
[LINE 1]		nan 		1.37		-inf		nan 		nan 		
[LINE 0]		nan 		1.37		-inf		nan 		nan 		
 * Ranking:
 ---> {'coords': (0, 1), 'dir': 'SW', 'score': 0}
 ---> {'coords': (0, 1), 'dir': 'SW', 'score': 0}
 ---> {'coords': (1, 1), 'dir': 'SW', 'score': 0}
 ---> {'coords': (1, 1), 'dir': 'SW', 'score': 0}
 ---> {'coords': (2, 3), 'dir': 'E', 'score': 11}
 ---> {'coords': (2, 3), 'dir': 'E', 'score': 11}
 ---> {'coords': (3, 2), 'dir': 'N', 'score': 19}
 ---> {'coords': (3, 2), 'dir': 'N', 'score': 19}
 ---> {'coords': (3, 3), 'dir': 'NE', 'score': 15}
 ---> {'coords': (3, 3), 'dir': 'NE', 'score': 15}
 ---> {'coords': (4, 3), 'dir': 'NE', 'score': 15}
 ---> {'coords': (4, 3), 'dir': 'NE', 'score': 15}
 ---> {'coords': (4, 4), 'dir': 'NE', 'score': 15}
 ---> {'coords': (4, 4), 'dir': 'NE', 'score': 15}
 * Selected, based on ranking: {'coords': (3, 2), 'dir': 'N', 'score': 19}
 * The candidate has value 1.42 and coords (3, 2)
 * Checking direction:
 ---> Trend is: NE
 ---> Complex Trend is: {'NE': 6, 'N': 6.0, 'E': 4.0}
 ---> Allowed dirs based on Complex Trend are: ['N', 'NE', 'E', 'NW', 'N', 'NE']
 ---> Direction N ok (last was N)! -- [Last 10: ['E', 'NE', 'NE', 'NE', 'NE', 'NE', 'NE', 'N', 'N', 'N']]
 * Selected element is (3, 2) with value 1.42
Next element is N with direction 1.4
New matrix will be centered on 49,36 with depth 1.4
TREND IS ('NE', {'NE': 6, 'N': 7.0, 'E': 3.0}) --- (['NE', 'NE', 'NE', 'NE', 'NE', 'NE', 'N', 'N', 'N', 'N'])
============================================================
Iteration 25 with LAT_IDX: 49 and LON_IDX: 36 with DEPTH 1.397567
 * Adding to the thalweg 49, 36 (depth 1.4)... Let's look at his neighborhood...
 * The extracted matrix is:
[LINE 4]		nan 		nan 		nan 		1.43		1.48		
[LINE 3]		nan 		nan 		nan 		1.41		1.42		
[LINE 2]		nan 		nan 		-inf		1.4 		nan 		
[LINE 1]		nan 		nan 		-inf		1.39		nan 		
[LINE 0]		nan 		1.37		-inf		nan 		nan 		
 * Ranking:
 ---> {'coords': (1, 3), 'dir': 'SE', 'score': 0}
 ---> {'coords': (1, 3), 'dir': 'SE', 'score': 0}
 ---> {'coords': (2, 3), 'dir': 'E', 'score': 1}
 ---> {'coords': (2, 3), 'dir': 'E', 'score': 1}
 ---> {'coords': (3, 3), 'dir': 'NE', 'score': 15}
 ---> {'coords': (3, 3), 'dir': 'NE', 'score': 15}
 ---> {'coords': (3, 4), 'dir': 'NE', 'score': 15}
 ---> {'coords': (3, 4), 'dir': 'NE', 'score': 15}
 ---> {'coords': (4, 3), 'dir': 'NE', 'score': 15}
 ---> {'coords': (4, 3), 'dir': 'NE', 'score': 15}
 ---> {'coords': (4, 4), 'dir': 'NE', 'score': 15}
 ---> {'coords': (4, 4), 'dir': 'NE', 'score': 15}
 * Selected, based on ranking: {'coords': (3, 3), 'dir': 'NE', 'score': 15}
 * The candidate has value 1.48 and coords (3, 3)
 * Checking direction:
 ---> Trend is: NE
 ---> Complex Trend is: {'NE': 6, 'N': 7.0, 'E': 3.0}
 ---> Allowed dirs based on Complex Trend are: ['NW', 'N', 'NE']
 ---> Direction NE ok (last was N)! -- [Last 10: ['NE', 'NE', 'NE', 'NE', 'NE', 'NE', 'N', 'N', 'N', 'N']]
 * Selected element is (3, 3) with value 1.48
Next element is NE with direction 1.41
New matrix will be centered on 50,37 with depth 1.41
TREND IS ('NE', {'NE': 6, 'N': 7.0, 'E': 3.0}) --- (['NE', 'NE', 'NE', 'NE', 'NE', 'N', 'N', 'N', 'N', 'NE'])
============================================================
Iteration 26 with LAT_IDX: 50 and LON_IDX: 37 with DEPTH 1.4057
 * Adding to the thalweg 50, 37 (depth 1.41)... Let's look at his neighborhood...
 * The extracted matrix is:
[LINE 4]		nan 		nan 		nan 		1.66		1.86		
[LINE 3]		nan 		nan 		1.43		1.48		nan 		
[LINE 2]		nan 		nan 		-inf		1.42		nan 		
[LINE 1]		nan 		-inf		1.4 		nan 		nan 		
[LINE 0]		nan 		-inf		1.39		nan 		nan 		
 * Ranking:
 ---> {'coords': (4, 4), 'dir': 'NE', 'score': 19}
 ---> {'coords': (4, 4), 'dir': 'NE', 'score': 19}
 * Selected, based on ranking: {'coords': (4, 4), 'dir': 'NE', 'score': 19}
 * The candidate has value 1.86 and coords (4, 4)
 * Checking direction:
 ---> Trend is: NE
 ---> Complex Trend is: {'NE': 6, 'N': 7.0, 'E': 3.0}
 ---> Allowed dirs based on Complex Trend are: ['NW', 'N', 'NE']
 ---> Direction NE ok (last was NE)! -- [Last 10: ['NE', 'NE', 'NE', 'NE', 'NE', 'N', 'N', 'N', 'N', 'NE']]
 * Selected element is (4, 4) with value 1.86
Next element is NE with direction 1.86
New matrix will be centered on 52,39 with depth 1.86
TREND IS ('NE', {'NE': 6, 'N': 7.0, 'E': 3.0}) --- (['NE', 'NE', 'NE', 'NE', 'N', 'N', 'N', 'N', 'NE', 'NE'])
============================================================
Iteration 27 with LAT_IDX: 52 and LON_IDX: 39 with DEPTH 1.8604672
 * Adding to the thalweg 52, 39 (depth 1.86)... Let's look at his neighborhood...
 * The extracted matrix is:
[LINE 4]		nan 		2.09		2.5 		2.88		3.18		
[LINE 3]		nan 		1.87		2.14		2.46		nan 		
[LINE 2]		nan 		1.66		-inf		nan 		nan 		
[LINE 1]		1.43		1.48		nan 		nan 		nan 		
[LINE 0]		-inf		1.42		nan 		nan 		nan 		
 * Ranking:
 ---> {'coords': (4, 4), 'dir': 'NE', 'score': 19}
 ---> {'coords': (4, 4), 'dir': 'NE', 'score': 19}
 * Selected, based on ranking: {'coords': (4, 4), 'dir': 'NE', 'score': 19}
 * The candidate has value 3.18 and coords (4, 4)
 * Checking direction:
 ---> Trend is: NE
 ---> Complex Trend is: {'NE': 6, 'N': 7.0, 'E': 3.0}
 ---> Allowed dirs based on Complex Trend are: ['NW', 'N', 'NE']
 ---> Direction NE ok (last was NE)! -- [Last 10: ['NE', 'NE', 'NE', 'NE', 'N', 'N', 'N', 'N', 'NE', 'NE']]
 * Selected element is (4, 4) with value 3.18
Next element is NE with direction 3.18
New matrix will be centered on 54,41 with depth 3.18
TREND IS ('NE', {'NE': 6, 'N': 7.0, 'E': 3.0}) --- (['NE', 'NE', 'NE', 'N', 'N', 'N', 'N', 'NE', 'NE', 'NE'])
============================================================
Iteration 28 with LAT_IDX: 54 and LON_IDX: 41 with DEPTH 3.1763654
 * Adding to the thalweg 54, 41 (depth 3.18)... Let's look at his neighborhood...
 * The extracted matrix is:
[LINE 4]		nan 		3.62		3.89		4.0 		4.0 		
[LINE 3]		2.97		3.26		3.6 		3.89		nan 		
[LINE 2]		2.5 		2.88		-inf		nan 		nan 		
[LINE 1]		2.14		2.46		nan 		nan 		nan 		
[LINE 0]		-inf		nan 		nan 		nan 		nan 		
 * Ranking:
 ---> {'coords': (4, 3), 'dir': 'NE', 'score': 19}
 ---> {'coords': (4, 3), 'dir': 'NE', 'score': 19}
 ---> {'coords': (4, 4), 'dir': 'NE', 'score': 19}
 ---> {'coords': (4, 4), 'dir': 'NE', 'score': 19}
 * Selected, based on ranking: {'coords': (4, 3), 'dir': 'NE', 'score': 19}
 * The candidate has value 4.0 and coords (4, 3)
 * Checking direction:
 ---> Trend is: NE
 ---> Complex Trend is: {'NE': 6, 'N': 7.0, 'E': 3.0}
 ---> Allowed dirs based on Complex Trend are: ['NW', 'N', 'NE']
 ---> Direction NE ok (last was NE)! -- [Last 10: ['NE', 'NE', 'NE', 'N', 'N', 'N', 'N', 'NE', 'NE', 'NE']]
 * Selected element is (4, 3) with value 4.0
Next element is NE with direction 4.0
New matrix will be centered on 56,42 with depth 4.0
TREND IS ('NE', {'NE': 6, 'N': 7.0, 'E': 3.0}) --- (['NE', 'NE', 'N', 'N', 'N', 'N', 'NE', 'NE', 'NE', 'NE'])
============================================================
Iteration 29 with LAT_IDX: 56 and LON_IDX: 42 with DEPTH 3.9956172
 * Adding to the thalweg 56, 42 (depth 4.0)... Let's look at his neighborhood...
 * The extracted matrix is:
[LINE 4]		nan 		4.02		3.95		3.85		3.73		
[LINE 3]		3.9 		4.01		4.01		3.95		3.84		
[LINE 2]		3.62		3.89		-inf		4.0 		nan 		
[LINE 1]		3.26		3.6 		3.89		nan 		nan 		
[LINE 0]		2.88		-inf		nan 		nan 		nan 		
 * Ranking:
 ---> {'coords': (2, 3), 'dir': 'E', 'score': 5}
 ---> {'coords': (2, 3), 'dir': 'E', 'score': 5}
 ---> {'coords': (3, 1), 'dir': 'NW', 'score': 11}
 ---> {'coords': (3, 1), 'dir': 'NW', 'score': 11}
 ---> {'coords': (3, 2), 'dir': 'N', 'score': 15}
 ---> {'coords': (3, 2), 'dir': 'N', 'score': 15}
 ---> {'coords': (3, 3), 'dir': 'NE', 'score': 19}
 ---> {'coords': (3, 3), 'dir': 'NE', 'score': 19}
 ---> {'coords': (4, 1), 'dir': 'NW', 'score': 11}
 ---> {'coords': (4, 1), 'dir': 'NW', 'score': 11}
 ---> {'coords': (4, 2), 'dir': 'N', 'score': 15}
 ---> {'coords': (4, 2), 'dir': 'N', 'score': 15}
 * Selected, based on ranking: {'coords': (3, 3), 'dir': 'NE', 'score': 19}
 * The candidate has value 4.02 and coords (3, 3)
 * Checking direction:
 ---> Trend is: NE
 ---> Complex Trend is: {'NE': 6, 'N': 7.0, 'E': 3.0}
 ---> Allowed dirs based on Complex Trend are: ['NW', 'N', 'NE']
 ---> Direction NE ok (last was NE)! -- [Last 10: ['NE', 'NE', 'N', 'N', 'N', 'N', 'NE', 'NE', 'NE', 'NE']]
 * Selected element is (3, 3) with value 4.02
Next element is NE with direction 3.95
New matrix will be centered on 57,43 with depth 3.95
TREND IS ('NE', {'NE': 6, 'N': 7.0, 'E': 3.0}) --- (['NE', 'N', 'N', 'N', 'N', 'NE', 'NE', 'NE', 'NE', 'NE'])
============================================================
Iteration 30 with LAT_IDX: 57 and LON_IDX: 43 with DEPTH 3.9455547
 * Adding to the thalweg 57, 43 (depth 3.95)... Let's look at his neighborhood...
 * The extracted matrix is:
[LINE 4]		nan 		3.85		3.73		3.63		3.6 		
[LINE 3]		4.02		3.95		3.85		3.73		3.63		
[LINE 2]		4.01		4.01		-inf		3.84		nan 		
[LINE 1]		3.89		-inf		4.0 		nan 		nan 		
[LINE 0]		3.6 		3.89		nan 		nan 		nan 		
 * Ranking:
 ---> {'coords': (1, 2), 'dir': 'S', 'score': 0}
 ---> {'coords': (1, 2), 'dir': 'S', 'score': 0}
 ---> {'coords': (2, 0), 'dir': 'W', 'score': 0}
 ---> {'coords': (2, 0), 'dir': 'W', 'score': 0}
 ---> {'coords': (2, 1), 'dir': 'W', 'score': 0}
 ---> {'coords': (2, 1), 'dir': 'W', 'score': 0}
 ---> {'coords': (3, 0), 'dir': 'NW', 'score': 11}
 ---> {'coords': (3, 0), 'dir': 'NW', 'score': 11}
 ---> {'coords': (3, 1), 'dir': 'NW', 'score': 11}
 ---> {'coords': (3, 1), 'dir': 'NW', 'score': 11}
 * Selected, based on ranking: {'coords': (3, 0), 'dir': 'NW', 'score': 11}
 * The candidate has value 4.02 and coords (3, 0)
 * Checking direction:
 ---> Trend is: NE
 ---> Complex Trend is: {'NE': 6, 'N': 7.0, 'E': 3.0}
 ---> Allowed dirs based on Complex Trend are: ['NW', 'N', 'NE']
 ---> Direction NW ok (last was NE)! -- [Last 10: ['NE', 'N', 'N', 'N', 'N', 'NE', 'NE', 'NE', 'NE', 'NE']]
 * Selected element is (3, 0) with value 4.02
Next element is NW with direction 4.02
New matrix will be centered on 58,41 with depth 4.02
TREND IS ('NE', {'NE': 5, 'N': 7.0, 'NW': 1, 'E': 2.5, 'W': 0.5}) --- (['N', 'N', 'N', 'N', 'NE', 'NE', 'NE', 'NE', 'NE', 'NW'])
============================================================
Iteration 31 with LAT_IDX: 58 and LON_IDX: 41 with DEPTH 4.0205407
 * Adding to the thalweg 58, 41 (depth 4.02)... Let's look at his neighborhood...
 * The extracted matrix is:
[LINE 4]		nan 		nan 		nan 		nan 		nan 		
[LINE 3]		nan 		nan 		nan 		3.85		3.73		
[LINE 2]		nan 		nan 		-inf		3.95		3.85		
[LINE 1]		nan 		3.9 		4.01		4.01		-inf		
[LINE 0]		nan 		3.62		3.89		-inf		4.0 		
 * Ranking:
 ---> {'coords': (0, 4), 'dir': 'SE', 'score': 0}
 ---> {'coords': (0, 4), 'dir': 'SE', 'score': 0}
 ---> {'coords': (1, 2), 'dir': 'S', 'score': 0}
 ---> {'coords': (1, 2), 'dir': 'S', 'score': 0}
 ---> {'coords': (1, 3), 'dir': 'SE', 'score': 0}
 ---> {'coords': (1, 3), 'dir': 'SE', 'score': 0}
 ---> {'coords': (2, 3), 'dir': 'E', 'score': 0}
 ---> {'coords': (2, 3), 'dir': 'E', 'score': 0}
 * Selected, based on ranking: {'coords': (0, 4), 'dir': 'SE', 'score': 0}
 * The candidate has value 4.01 and coords (0, 4)
 * Checking direction:
 ---> Trend is: NE
 ---> Complex Trend is: {'NE': 5, 'N': 7.0, 'NW': 1, 'E': 2.5, 'W': 0.5}
 ---> Allowed dirs based on Complex Trend are: ['NW', 'N', 'NE']
 ---> Direction SE IS NOT ok! Last was NW [last 10: ['N', 'N', 'N', 'N', 'NE', 'NE', 'NE', 'NE', 'NE', 'NW']] -- Modifying matrix...
[LINE 4]		nan 		nan 		nan 		nan 		nan 		
[LINE 3]		nan 		nan 		nan 		3.85		3.73		
[LINE 2]		nan 		nan 		-inf		3.95		3.85		
[LINE 1]		nan 		3.9 		4.01		4.01		-inf		
[LINE 0]		nan 		3.62		3.89		-inf		nan 		
 * Ranking:
 ---> {'coords': (1, 2), 'dir': 'S', 'score': 0}
 ---> {'coords': (1, 2), 'dir': 'S', 'score': 0}
 ---> {'coords': (1, 3), 'dir': 'SE', 'score': 0}
 ---> {'coords': (1, 3), 'dir': 'SE', 'score': 0}
 ---> {'coords': (2, 3), 'dir': 'E', 'score': 0}
 ---> {'coords': (2, 3), 'dir': 'E', 'score': 0}
 * Selected, based on ranking: {'coords': (1, 2), 'dir': 'S', 'score': 0}
 * The candidate has value 4.01 and coords (1, 2)
 * Checking direction:
 ---> Trend is: NE
 ---> Complex Trend is: {'NE': 5, 'N': 7.0, 'NW': 1, 'E': 2.5, 'W': 0.5}
 ---> Allowed dirs based on Complex Trend are: ['NW', 'N', 'NE']
 ---> Direction S IS NOT ok! Last was NW [last 10: ['N', 'N', 'N', 'N', 'NE', 'NE', 'NE', 'NE', 'NE', 'NW']] -- Modifying matrix...
[LINE 4]		nan 		nan 		nan 		nan 		nan 		
[LINE 3]		nan 		nan 		nan 		3.85		3.73		
[LINE 2]		nan 		nan 		-inf		3.95		3.85		
[LINE 1]		nan 		3.9 		nan 		4.01		-inf		
[LINE 0]		nan 		3.62		3.89		-inf		nan 		
 * Ranking:
 ---> {'coords': (1, 3), 'dir': 'SE', 'score': 0}
 ---> {'coords': (1, 3), 'dir': 'SE', 'score': 0}
 ---> {'coords': (2, 3), 'dir': 'E', 'score': 0}
 ---> {'coords': (2, 3), 'dir': 'E', 'score': 0}
 * Selected, based on ranking: {'coords': (1, 3), 'dir': 'SE', 'score': 0}
 * The candidate has value 4.01 and coords (1, 3)
 * Checking direction:
 ---> Trend is: NE
 ---> Complex Trend is: {'NE': 5, 'N': 7.0, 'NW': 1, 'E': 2.5, 'W': 0.5}
 ---> Allowed dirs based on Complex Trend are: ['NW', 'N', 'NE']
 ---> Direction SE IS NOT ok! Last was NW [last 10: ['N', 'N', 'N', 'N', 'NE', 'NE', 'NE', 'NE', 'NE', 'NW']] -- Modifying matrix...
[LINE 4]		nan 		nan 		nan 		nan 		nan 		
[LINE 3]		nan 		nan 		nan 		3.85		3.73		
[LINE 2]		nan 		nan 		-inf		3.95		3.85		
[LINE 1]		nan 		3.9 		nan 		nan 		-inf		
[LINE 0]		nan 		3.62		3.89		-inf		nan 		
 * Ranking:
 ---> {'coords': (0, 2), 'dir': 'S', 'score': 0}
 ---> {'coords': (0, 2), 'dir': 'S', 'score': 0}
 ---> {'coords': (1, 1), 'dir': 'SW', 'score': 1}
 ---> {'coords': (1, 1), 'dir': 'SW', 'score': 1}
 ---> {'coords': (2, 3), 'dir': 'E', 'score': 0}
 ---> {'coords': (2, 3), 'dir': 'E', 'score': 0}
 * Selected, based on ranking: {'coords': (1, 1), 'dir': 'SW', 'score': 1}
 * The candidate has value 3.95 and coords (1, 1)
 * Checking direction:
 ---> Trend is: NE
 ---> Complex Trend is: {'NE': 5, 'N': 7.0, 'NW': 1, 'E': 2.5, 'W': 0.5}
 ---> Allowed dirs based on Complex Trend are: ['NW', 'N', 'NE']
 ---> Direction SW IS NOT ok! Last was NW [last 10: ['N', 'N', 'N', 'N', 'NE', 'NE', 'NE', 'NE', 'NE', 'NW']] -- Modifying matrix...
[LINE 4]		nan 		nan 		nan 		nan 		nan 		
[LINE 3]		nan 		nan 		nan 		3.85		3.73		
[LINE 2]		nan 		nan 		-inf		3.95		3.85		
[LINE 1]		nan 		nan 		nan 		nan 		-inf		
[LINE 0]		nan 		3.62		3.89		-inf		nan 		
 * Ranking:
 ---> {'coords': (0, 2), 'dir': 'S', 'score': 0}
 ---> {'coords': (0, 2), 'dir': 'S', 'score': 0}
 ---> {'coords': (2, 3), 'dir': 'E', 'score': 0}
 ---> {'coords': (2, 3), 'dir': 'E', 'score': 0}
 * Selected, based on ranking: {'coords': (0, 2), 'dir': 'S', 'score': 0}
 * The candidate has value 3.95 and coords (0, 2)
 * Checking direction:
 ---> Trend is: NE
 ---> Complex Trend is: {'NE': 5, 'N': 7.0, 'NW': 1, 'E': 2.5, 'W': 0.5}
 ---> Allowed dirs based on Complex Trend are: ['NW', 'N', 'NE']
 ---> Direction S IS NOT ok! Last was NW [last 10: ['N', 'N', 'N', 'N', 'NE', 'NE', 'NE', 'NE', 'NE', 'NW']] -- Modifying matrix...
[LINE 4]		nan 		nan 		nan 		nan 		nan 		
[LINE 3]		nan 		nan 		nan 		3.85		3.73		
[LINE 2]		nan 		nan 		-inf		3.95		3.85		
[LINE 1]		nan 		nan 		nan 		nan 		-inf		
[LINE 0]		nan 		3.62		nan 		-inf		nan 		
 * Ranking:
 ---> {'coords': (2, 3), 'dir': 'E', 'score': 0}
 ---> {'coords': (2, 3), 'dir': 'E', 'score': 0}
 * Selected, based on ranking: {'coords': (2, 3), 'dir': 'E', 'score': 0}
 * The candidate has value 3.95 and coords (2, 3)
 * Checking direction:
 ---> Trend is: NE
 ---> Complex Trend is: {'NE': 5, 'N': 7.0, 'NW': 1, 'E': 2.5, 'W': 0.5}
 ---> Allowed dirs based on Complex Trend are: ['NW', 'N', 'NE']
 ---> Direction E IS NOT ok! Last was NW [last 10: ['N', 'N', 'N', 'N', 'NE', 'NE', 'NE', 'NE', 'NE', 'NW']] -- Modifying matrix...
[LINE 4]		nan 		nan 		nan 		nan 		nan 		
[LINE 3]		nan 		nan 		nan 		3.85		3.73		
[LINE 2]		nan 		nan 		-inf		nan 		3.85		
[LINE 1]		nan 		nan 		nan 		nan 		-inf		
[LINE 0]		nan 		3.62		nan 		-inf		nan 		
 * Ranking:
 ---> {'coords': (2, 4), 'dir': 'E', 'score': 0}
 ---> {'coords': (2, 4), 'dir': 'E', 'score': 0}
 ---> {'coords': (3, 3), 'dir': 'NE', 'score': 11}
 ---> {'coords': (3, 3), 'dir': 'NE', 'score': 11}
 * Selected, based on ranking: {'coords': (3, 3), 'dir': 'NE', 'score': 11}
 * The candidate has value 3.85 and coords (3, 3)
 * Checking direction:
 ---> Trend is: NE
 ---> Complex Trend is: {'NE': 5, 'N': 7.0, 'NW': 1, 'E': 2.5, 'W': 0.5}
 ---> Allowed dirs based on Complex Trend are: ['NW', 'N', 'NE']
 ---> Direction NE ok (last was NW)! -- [Last 10: ['N', 'N', 'N', 'N', 'NE', 'NE', 'NE', 'NE', 'NE', 'NW']]
 * Selected element is (3, 3) with value 3.85
Next element is NE with direction 3.85
New matrix will be centered on 59,42 with depth 3.85
TREND IS ('NE', {'NE': 6, 'N': 6.5, 'NW': 1, 'E': 3.0, 'W': 0.5}) --- (['N', 'N', 'N', 'NE', 'NE', 'NE', 'NE', 'NE', 'NW', 'NE'])
============================================================
Iteration 32 with LAT_IDX: 59 and LON_IDX: 42 with DEPTH 3.8456547
 * Adding to the thalweg 59, 42 (depth 3.85)... Let's look at his neighborhood...
 * The extracted matrix is:
[LINE 4]		nan 		nan 		nan 		nan 		nan 		
[LINE 3]		nan 		nan 		nan 		nan 		3.64		
[LINE 2]		nan 		nan 		-inf		3.73		3.63		
[LINE 1]		nan 		-inf		3.95		3.85		3.73		
[LINE 0]		3.9 		4.01		4.01		-inf		3.84		
 * Ranking:
 ---> {'coords': (0, 1), 'dir': 'SW', 'score': 0}
 ---> {'coords': (0, 1), 'dir': 'SW', 'score': 0}
 ---> {'coords': (0, 2), 'dir': 'S', 'score': 0}
 ---> {'coords': (0, 2), 'dir': 'S', 'score': 0}
 ---> {'coords': (1, 2), 'dir': 'S', 'score': 0}
 ---> {'coords': (1, 2), 'dir': 'S', 'score': 0}
 * Selected, based on ranking: {'coords': (0, 1), 'dir': 'SW', 'score': 0}
 * The candidate has value 4.01 and coords (0, 1)
 * Checking direction:
 ---> Trend is: NE
 ---> Complex Trend is: {'NE': 6, 'N': 6.5, 'NW': 1, 'E': 3.0, 'W': 0.5}
 ---> Allowed dirs based on Complex Trend are: ['NW', 'N', 'NE', 'N', 'NE', 'E']
 ---> Direction SW IS NOT ok! Last was NE [last 10: ['N', 'N', 'N', 'NE', 'NE', 'NE', 'NE', 'NE', 'NW', 'NE']] -- Modifying matrix...
[LINE 4]		nan 		nan 		nan 		nan 		nan 		
[LINE 3]		nan 		nan 		nan 		nan 		3.64		
[LINE 2]		nan 		nan 		-inf		3.73		3.63		
[LINE 1]		nan 		-inf		3.95		3.85		3.73		
[LINE 0]		3.9 		nan 		4.01		-inf		3.84		
 * Ranking:
 ---> {'coords': (0, 2), 'dir': 'S', 'score': 0}
 ---> {'coords': (0, 2), 'dir': 'S', 'score': 0}
 ---> {'coords': (1, 2), 'dir': 'S', 'score': 0}
 ---> {'coords': (1, 2), 'dir': 'S', 'score': 0}
 * Selected, based on ranking: {'coords': (0, 2), 'dir': 'S', 'score': 0}
 * The candidate has value 4.01 and coords (0, 2)
 * Checking direction:
 ---> Trend is: NE
 ---> Complex Trend is: {'NE': 6, 'N': 6.5, 'NW': 1, 'E': 3.0, 'W': 0.5}
 ---> Allowed dirs based on Complex Trend are: ['NW', 'N', 'NE', 'N', 'NE', 'E']
 ---> Direction S IS NOT ok! Last was NE [last 10: ['N', 'N', 'N', 'NE', 'NE', 'NE', 'NE', 'NE', 'NW', 'NE']] -- Modifying matrix...
[LINE 4]		nan 		nan 		nan 		nan 		nan 		
[LINE 3]		nan 		nan 		nan 		nan 		3.64		
[LINE 2]		nan 		nan 		-inf		3.73		3.63		
[LINE 1]		nan 		-inf		3.95		3.85		3.73		
[LINE 0]		3.9 		nan 		nan 		-inf		3.84		
 * Ranking:
 ---> {'coords': (0, 0), 'dir': 'SW', 'score': 0}
 ---> {'coords': (0, 0), 'dir': 'SW', 'score': 0}
 ---> {'coords': (1, 2), 'dir': 'S', 'score': 0}
 ---> {'coords': (1, 2), 'dir': 'S', 'score': 0}
 * Selected, based on ranking: {'coords': (0, 0), 'dir': 'SW', 'score': 0}
 * The candidate has value 3.95 and coords (0, 0)
 * Checking direction:
 ---> Trend is: NE
 ---> Complex Trend is: {'NE': 6, 'N': 6.5, 'NW': 1, 'E': 3.0, 'W': 0.5}
 ---> Allowed dirs based on Complex Trend are: ['NW', 'N', 'NE', 'N', 'NE', 'E']
 ---> Direction SW IS NOT ok! Last was NE [last 10: ['N', 'N', 'N', 'NE', 'NE', 'NE', 'NE', 'NE', 'NW', 'NE']] -- Modifying matrix...
[LINE 4]		nan 		nan 		nan 		nan 		nan 		
[LINE 3]		nan 		nan 		nan 		nan 		3.64		
[LINE 2]		nan 		nan 		-inf		3.73		3.63		
[LINE 1]		nan 		-inf		3.95		3.85		3.73		
[LINE 0]		nan 		nan 		nan 		-inf		3.84		
 * Ranking:
 ---> {'coords': (1, 2), 'dir': 'S', 'score': 0}
 ---> {'coords': (1, 2), 'dir': 'S', 'score': 0}
 * Selected, based on ranking: {'coords': (1, 2), 'dir': 'S', 'score': 0}
 * The candidate has value 3.95 and coords (1, 2)
 * Checking direction:
 ---> Trend is: NE
 ---> Complex Trend is: {'NE': 6, 'N': 6.5, 'NW': 1, 'E': 3.0, 'W': 0.5}
 ---> Allowed dirs based on Complex Trend are: ['NW', 'N', 'NE', 'N', 'NE', 'E']
 ---> Direction S IS NOT ok! Last was NE [last 10: ['N', 'N', 'N', 'NE', 'NE', 'NE', 'NE', 'NE', 'NW', 'NE']] -- Modifying matrix...
[LINE 4]		nan 		nan 		nan 		nan 		nan 		
[LINE 3]		nan 		nan 		nan 		nan 		3.64		
[LINE 2]		nan 		nan 		-inf		3.73		3.63		
[LINE 1]		nan 		-inf		nan 		3.85		3.73		
[LINE 0]		nan 		nan 		nan 		-inf		3.84		
 * Ranking:
 ---> {'coords': (0, 4), 'dir': 'SE', 'score': 1}
 ---> {'coords': (0, 4), 'dir': 'SE', 'score': 1}
 ---> {'coords': (1, 3), 'dir': 'SE', 'score': 1}
 ---> {'coords': (1, 3), 'dir': 'SE', 'score': 1}
 * Selected, based on ranking: {'coords': (0, 4), 'dir': 'SE', 'score': 1}
 * The candidate has value 3.85 and coords (0, 4)
 * Checking direction:
 ---> Trend is: NE
 ---> Complex Trend is: {'NE': 6, 'N': 6.5, 'NW': 1, 'E': 3.0, 'W': 0.5}
 ---> Allowed dirs based on Complex Trend are: ['NW', 'N', 'NE', 'N', 'NE', 'E']
 ---> Direction SE IS NOT ok! Last was NE [last 10: ['N', 'N', 'N', 'NE', 'NE', 'NE', 'NE', 'NE', 'NW', 'NE']] -- Modifying matrix...
[LINE 4]		nan 		nan 		nan 		nan 		nan 		
[LINE 3]		nan 		nan 		nan 		nan 		3.64		
[LINE 2]		nan 		nan 		-inf		3.73		3.63		
[LINE 1]		nan 		-inf		nan 		3.85		3.73		
[LINE 0]		nan 		nan 		nan 		-inf		nan 		
 * Ranking:
 ---> {'coords': (1, 3), 'dir': 'SE', 'score': 1}
 ---> {'coords': (1, 3), 'dir': 'SE', 'score': 1}
 * Selected, based on ranking: {'coords': (1, 3), 'dir': 'SE', 'score': 1}
 * The candidate has value 3.85 and coords (1, 3)
 * Checking direction:
 ---> Trend is: NE
 ---> Complex Trend is: {'NE': 6, 'N': 6.5, 'NW': 1, 'E': 3.0, 'W': 0.5}
 ---> Allowed dirs based on Complex Trend are: ['NW', 'N', 'NE', 'N', 'NE', 'E']
 ---> Direction SE IS NOT ok! Last was NE [last 10: ['N', 'N', 'N', 'NE', 'NE', 'NE', 'NE', 'NE', 'NW', 'NE']] -- Modifying matrix...
[LINE 4]		nan 		nan 		nan 		nan 		nan 		
[LINE 3]		nan 		nan 		nan 		nan 		3.64		
[LINE 2]		nan 		nan 		-inf		3.73		3.63		
[LINE 1]		nan 		-inf		nan 		nan 		3.73		
[LINE 0]		nan 		nan 		nan 		-inf		nan 		
 * Ranking:
 ---> {'coords': (1, 4), 'dir': 'SE', 'score': 1}
 ---> {'coords': (1, 4), 'dir': 'SE', 'score': 1}
 ---> {'coords': (2, 3), 'dir': 'E', 'score': 15}
 ---> {'coords': (2, 3), 'dir': 'E', 'score': 15}
 ---> {'coords': (2, 4), 'dir': 'E', 'score': 15}
 ---> {'coords': (2, 4), 'dir': 'E', 'score': 15}
 ---> {'coords': (3, 4), 'dir': 'NE', 'score': 19}
 ---> {'coords': (3, 4), 'dir': 'NE', 'score': 19}
 * Selected, based on ranking: {'coords': (3, 4), 'dir': 'NE', 'score': 19}
 * The candidate has value 3.73 and coords (3, 4)
 * Checking direction:
 ---> Trend is: NE
 ---> Complex Trend is: {'NE': 6, 'N': 6.5, 'NW': 1, 'E': 3.0, 'W': 0.5}
 ---> Allowed dirs based on Complex Trend are: ['NW', 'N', 'NE', 'N', 'NE', 'E']
 ---> Direction NE ok (last was NE)! -- [Last 10: ['N', 'N', 'N', 'NE', 'NE', 'NE', 'NE', 'NE', 'NW', 'NE']]
 * Selected element is (3, 4) with value 3.73
Next element is NE with direction 3.64
New matrix will be centered on 60,44 with depth 3.64
TREND IS ('NE', {'NE': 7, 'N': 6.0, 'NW': 1, 'E': 3.5, 'W': 0.5}) --- (['N', 'N', 'NE', 'NE', 'NE', 'NE', 'NE', 'NW', 'NE', 'NE'])
============================================================
Iteration 33 with LAT_IDX: 60 and LON_IDX: 44 with DEPTH 3.6373508
 * Adding to the thalweg 60, 44 (depth 3.64)... Let's look at his neighborhood...
 * The extracted matrix is:
[LINE 4]		nan 		nan 		nan 		nan 		4.47		
[LINE 3]		nan 		nan 		nan 		3.96		4.12		
[LINE 2]		nan 		nan 		-inf		3.69		3.81		
[LINE 1]		-inf		3.73		3.63		3.6 		3.7 		
[LINE 0]		3.95		3.85		3.73		3.63		nan 		
 * Ranking:
 ---> {'coords': (4, 4), 'dir': 'NE', 'score': 19}
 ---> {'coords': (4, 4), 'dir': 'NE', 'score': 19}
 * Selected, based on ranking: {'coords': (4, 4), 'dir': 'NE', 'score': 19}
 * The candidate has value 4.47 and coords (4, 4)
 * Checking direction:
 ---> Trend is: NE
 ---> Complex Trend is: {'NE': 7, 'N': 6.0, 'NW': 1, 'E': 3.5, 'W': 0.5}
 ---> Allowed dirs based on Complex Trend are: ['N', 'NE', 'E']
 ---> Direction NE ok (last was NE)! -- [Last 10: ['N', 'N', 'NE', 'NE', 'NE', 'NE', 'NE', 'NW', 'NE', 'NE']]
 * Selected element is (4, 4) with value 4.47
Next element is NE with direction 4.47
New matrix will be centered on 62,46 with depth 4.47
TREND IS ('NE', {'NE': 8, 'N': 5.5, 'NW': 1, 'E': 4.0, 'W': 0.5}) --- (['N', 'NE', 'NE', 'NE', 'NE', 'NE', 'NW', 'NE', 'NE', 'NE'])
============================================================
Iteration 34 with LAT_IDX: 62 and LON_IDX: 46 with DEPTH 4.465479
 * Adding to the thalweg 62, 46 (depth 4.47)... Let's look at his neighborhood...
 * The extracted matrix is:
[LINE 4]		nan 		nan 		nan 		nan 		nan 		
[LINE 3]		nan 		nan 		nan 		4.93		5.17		
[LINE 2]		nan 		nan 		-inf		4.68		4.94		
[LINE 1]		nan 		3.96		4.12		4.32		4.66		
[LINE 0]		-inf		3.69		3.81		4.01		nan 		
 * Ranking:
 ---> {'coords': (3, 4), 'dir': 'NE', 'score': 19}
 ---> {'coords': (3, 4), 'dir': 'NE', 'score': 19}
 * Selected, based on ranking: {'coords': (3, 4), 'dir': 'NE', 'score': 19}
 * The candidate has value 5.17 and coords (3, 4)
 * Checking direction:
 ---> Trend is: NE
 ---> Complex Trend is: {'NE': 8, 'N': 5.5, 'NW': 1, 'E': 4.0, 'W': 0.5}
 ---> Allowed dirs based on Complex Trend are: ['N', 'NE', 'E']
 ---> Direction NE ok (last was NE)! -- [Last 10: ['N', 'NE', 'NE', 'NE', 'NE', 'NE', 'NW', 'NE', 'NE', 'NE']]
 * Selected element is (3, 4) with value 5.17
Next element is NE with direction 5.17
New matrix will be centered on 63,48 with depth 5.17
TREND IS ('NE', {'NE': 9, 'NW': 1, 'N': 5.0, 'E': 4.5, 'W': 0.5}) --- (['NE', 'NE', 'NE', 'NE', 'NE', 'NW', 'NE', 'NE', 'NE', 'NE'])
============================================================
Iteration 35 with LAT_IDX: 63 and LON_IDX: 48 with DEPTH 5.1695404
 * Adding to the thalweg 63, 48 (depth 5.17)... Let's look at his neighborhood...
 * The extracted matrix is:
[LINE 4]		nan 		nan 		nan 		nan 		5.11		
[LINE 3]		nan 		nan 		nan 		5.31		5.18		
[LINE 2]		nan 		4.93		-inf		5.37		5.35		
[LINE 1]		-inf		4.68		4.94		5.23		5.31		
[LINE 0]		4.12		4.32		4.66		4.96		nan 		
 * Ranking:
 ---> {'coords': (1, 4), 'dir': 'SE', 'score': 1}
 ---> {'coords': (1, 4), 'dir': 'SE', 'score': 1}
 ---> {'coords': (2, 3), 'dir': 'E', 'score': 15}
 ---> {'coords': (2, 3), 'dir': 'E', 'score': 15}
 ---> {'coords': (2, 4), 'dir': 'E', 'score': 15}
 ---> {'coords': (2, 4), 'dir': 'E', 'score': 15}
 ---> {'coords': (3, 3), 'dir': 'NE', 'score': 19}
 ---> {'coords': (3, 3), 'dir': 'NE', 'score': 19}
 * Selected, based on ranking: {'coords': (3, 3), 'dir': 'NE', 'score': 19}
 * The candidate has value 5.37 and coords (3, 3)
 * Checking direction:
 ---> Trend is: NE
 ---> Complex Trend is: {'NE': 9, 'NW': 1, 'N': 5.0, 'E': 4.5, 'W': 0.5}
 ---> Allowed dirs based on Complex Trend are: ['N', 'NE', 'E']
 ---> Direction NE ok (last was NE)! -- [Last 10: ['NE', 'NE', 'NE', 'NE', 'NE', 'NW', 'NE', 'NE', 'NE', 'NE']]
 * Selected element is (3, 3) with value 5.37
Next element is NE with direction 5.31
New matrix will be centered on 64,49 with depth 5.31
TREND IS ('NE', {'NE': 9, 'NW': 1, 'N': 5.0, 'E': 4.5, 'W': 0.5}) --- (['NE', 'NE', 'NE', 'NE', 'NW', 'NE', 'NE', 'NE', 'NE', 'NE'])
============================================================
Iteration 36 with LAT_IDX: 64 and LON_IDX: 49 with DEPTH 5.313649
 * Adding to the thalweg 64, 49 (depth 5.31)... Let's look at his neighborhood...
 * The extracted matrix is:
[LINE 4]		nan 		nan 		nan 		nan 		nan 		
[LINE 3]		nan 		nan 		nan 		5.11		4.63		
[LINE 2]		nan 		nan 		-inf		5.18		4.89		
[LINE 1]		4.93		-inf		5.37		5.35		5.18		
[LINE 0]		4.68		4.94		5.23		5.31		nan 		
 * Ranking:
 ---> {'coords': (0, 3), 'dir': 'SE', 'score': 1}
 ---> {'coords': (0, 3), 'dir': 'SE', 'score': 1}
 ---> {'coords': (1, 2), 'dir': 'S', 'score': 0}
 ---> {'coords': (1, 2), 'dir': 'S', 'score': 0}
 ---> {'coords': (1, 3), 'dir': 'SE', 'score': 1}
 ---> {'coords': (1, 3), 'dir': 'SE', 'score': 1}
 * Selected, based on ranking: {'coords': (0, 3), 'dir': 'SE', 'score': 1}
 * The candidate has value 5.37 and coords (0, 3)
 * Checking direction:
 ---> Trend is: NE
 ---> Complex Trend is: {'NE': 9, 'NW': 1, 'N': 5.0, 'E': 4.5, 'W': 0.5}
 ---> Allowed dirs based on Complex Trend are: ['N', 'NE', 'E']
 ---> Direction SE IS NOT ok! Last was NE [last 10: ['NE', 'NE', 'NE', 'NE', 'NW', 'NE', 'NE', 'NE', 'NE', 'NE']] -- Modifying matrix...
[LINE 4]		nan 		nan 		nan 		nan 		nan 		
[LINE 3]		nan 		nan 		nan 		5.11		4.63		
[LINE 2]		nan 		nan 		-inf		5.18		4.89		
[LINE 1]		4.93		-inf		5.37		5.35		5.18		
[LINE 0]		4.68		4.94		5.23		nan 		nan 		
 * Ranking:
 ---> {'coords': (1, 2), 'dir': 'S', 'score': 0}
 ---> {'coords': (1, 2), 'dir': 'S', 'score': 0}
 ---> {'coords': (1, 3), 'dir': 'SE', 'score': 1}
 ---> {'coords': (1, 3), 'dir': 'SE', 'score': 1}
 * Selected, based on ranking: {'coords': (1, 3), 'dir': 'SE', 'score': 1}
 * The candidate has value 5.37 and coords (1, 3)
 * Checking direction:
 ---> Trend is: NE
 ---> Complex Trend is: {'NE': 9, 'NW': 1, 'N': 5.0, 'E': 4.5, 'W': 0.5}
 ---> Allowed dirs based on Complex Trend are: ['N', 'NE', 'E']
 ---> Direction SE IS NOT ok! Last was NE [last 10: ['NE', 'NE', 'NE', 'NE', 'NW', 'NE', 'NE', 'NE', 'NE', 'NE']] -- Modifying matrix...
[LINE 4]		nan 		nan 		nan 		nan 		nan 		
[LINE 3]		nan 		nan 		nan 		5.11		4.63		
[LINE 2]		nan 		nan 		-inf		5.18		4.89		
[LINE 1]		4.93		-inf		5.37		nan 		5.18		
[LINE 0]		4.68		4.94		5.23		nan 		nan 		
 * Ranking:
 ---> {'coords': (1, 2), 'dir': 'S', 'score': 0}
 ---> {'coords': (1, 2), 'dir': 'S', 'score': 0}
 * Selected, based on ranking: {'coords': (1, 2), 'dir': 'S', 'score': 0}
 * The candidate has value 5.37 and coords (1, 2)
 * Checking direction:
 ---> Trend is: NE
 ---> Complex Trend is: {'NE': 9, 'NW': 1, 'N': 5.0, 'E': 4.5, 'W': 0.5}
 ---> Allowed dirs based on Complex Trend are: ['N', 'NE', 'E']
 ---> Direction S IS NOT ok! Last was NE [last 10: ['NE', 'NE', 'NE', 'NE', 'NW', 'NE', 'NE', 'NE', 'NE', 'NE']] -- Modifying matrix...
[LINE 4]		nan 		nan 		nan 		nan 		nan 		
[LINE 3]		nan 		nan 		nan 		5.11		4.63		
[LINE 2]		nan 		nan 		-inf		5.18		4.89		
[LINE 1]		4.93		-inf		nan 		nan 		5.18		
[LINE 0]		4.68		4.94		5.23		nan 		nan 		
 * Ranking:
 ---> {'coords': (0, 2), 'dir': 'S', 'score': 0}
 ---> {'coords': (0, 2), 'dir': 'S', 'score': 0}
 ---> {'coords': (1, 4), 'dir': 'SE', 'score': 1}
 ---> {'coords': (1, 4), 'dir': 'SE', 'score': 1}
 ---> {'coords': (2, 3), 'dir': 'E', 'score': 15}
 ---> {'coords': (2, 3), 'dir': 'E', 'score': 15}
 * Selected, based on ranking: {'coords': (2, 3), 'dir': 'E', 'score': 15}
 * The candidate has value 5.23 and coords (2, 3)
 * Checking direction:
 ---> Trend is: NE
 ---> Complex Trend is: {'NE': 9, 'NW': 1, 'N': 5.0, 'E': 4.5, 'W': 0.5}
 ---> Allowed dirs based on Complex Trend are: ['N', 'NE', 'E']
 ---> Direction E ok (last was NE)! -- [Last 10: ['NE', 'NE', 'NE', 'NE', 'NW', 'NE', 'NE', 'NE', 'NE', 'NE']]
 * Selected element is (2, 3) with value 5.23
Next element is E with direction 5.18
New matrix will be centered on 64,50 with depth 5.18
TREND IS ('NE', {'NE': 8, 'NW': 1, 'E': 5.0, 'N': 4.5, 'W': 0.5}) --- (['NE', 'NE', 'NE', 'NW', 'NE', 'NE', 'NE', 'NE', 'NE', 'E'])
============================================================
Iteration 37 with LAT_IDX: 64 and LON_IDX: 50 with DEPTH 5.176317
 * Adding to the thalweg 64, 50 (depth 5.18)... Let's look at his neighborhood...
 * The extracted matrix is:
[LINE 4]		nan 		nan 		nan 		nan 		3.74		
[LINE 3]		nan 		nan 		5.11		4.63		4.21		
[LINE 2]		nan 		-inf		-inf		4.89		4.63		
[LINE 1]		-inf		5.37		5.35		5.18		nan 		
[LINE 0]		4.94		5.23		5.31		nan 		nan 		
 * Ranking:
 ---> {'coords': (0, 2), 'dir': 'S', 'score': 1}
 ---> {'coords': (0, 2), 'dir': 'S', 'score': 1}
 ---> {'coords': (1, 1), 'dir': 'SW', 'score': 0}
 ---> {'coords': (1, 1), 'dir': 'SW', 'score': 0}
 ---> {'coords': (1, 2), 'dir': 'S', 'score': 1}
 ---> {'coords': (1, 2), 'dir': 'S', 'score': 1}
 * Selected, based on ranking: {'coords': (0, 2), 'dir': 'S', 'score': 1}
 * The candidate has value 5.37 and coords (0, 2)
 * Checking direction:
 ---> Trend is: NE
 ---> Complex Trend is: {'NE': 8, 'NW': 1, 'E': 5.0, 'N': 4.5, 'W': 0.5}
 ---> Allowed dirs based on Complex Trend are: ['N', 'NE', 'E']
 ---> Direction S IS NOT ok! Last was E [last 10: ['NE', 'NE', 'NE', 'NW', 'NE', 'NE', 'NE', 'NE', 'NE', 'E']] -- Modifying matrix...
[LINE 4]		nan 		nan 		nan 		nan 		3.74		
[LINE 3]		nan 		nan 		5.11		4.63		4.21		
[LINE 2]		nan 		-inf		-inf		4.89		4.63		
[LINE 1]		-inf		5.37		5.35		5.18		nan 		
[LINE 0]		4.94		5.23		nan 		nan 		nan 		
 * Ranking:
 ---> {'coords': (1, 1), 'dir': 'SW', 'score': 0}
 ---> {'coords': (1, 1), 'dir': 'SW', 'score': 0}
 ---> {'coords': (1, 2), 'dir': 'S', 'score': 1}
 ---> {'coords': (1, 2), 'dir': 'S', 'score': 1}
 * Selected, based on ranking: {'coords': (1, 2), 'dir': 'S', 'score': 1}
 * The candidate has value 5.37 and coords (1, 2)
 * Checking direction:
 ---> Trend is: NE
 ---> Complex Trend is: {'NE': 8, 'NW': 1, 'E': 5.0, 'N': 4.5, 'W': 0.5}
 ---> Allowed dirs based on Complex Trend are: ['N', 'NE', 'E']
 ---> Direction S IS NOT ok! Last was E [last 10: ['NE', 'NE', 'NE', 'NW', 'NE', 'NE', 'NE', 'NE', 'NE', 'E']] -- Modifying matrix...
[LINE 4]		nan 		nan 		nan 		nan 		3.74		
[LINE 3]		nan 		nan 		5.11		4.63		4.21		
[LINE 2]		nan 		-inf		-inf		4.89		4.63		
[LINE 1]		-inf		5.37		nan 		5.18		nan 		
[LINE 0]		4.94		5.23		nan 		nan 		nan 		
 * Ranking:
 ---> {'coords': (1, 1), 'dir': 'SW', 'score': 0}
 ---> {'coords': (1, 1), 'dir': 'SW', 'score': 0}
 * Selected, based on ranking: {'coords': (1, 1), 'dir': 'SW', 'score': 0}
 * The candidate has value 5.37 and coords (1, 1)
 * Checking direction:
 ---> Trend is: NE
 ---> Complex Trend is: {'NE': 8, 'NW': 1, 'E': 5.0, 'N': 4.5, 'W': 0.5}
 ---> Allowed dirs based on Complex Trend are: ['N', 'NE', 'E']
 ---> Direction SW IS NOT ok! Last was E [last 10: ['NE', 'NE', 'NE', 'NW', 'NE', 'NE', 'NE', 'NE', 'NE', 'E']] -- Modifying matrix...
[LINE 4]		nan 		nan 		nan 		nan 		3.74		
[LINE 3]		nan 		nan 		5.11		4.63		4.21		
[LINE 2]		nan 		-inf		-inf		4.89		4.63		
[LINE 1]		-inf		nan 		nan 		5.18		nan 		
[LINE 0]		4.94		5.23		nan 		nan 		nan 		
 * Ranking:
 ---> {'coords': (0, 1), 'dir': 'SW', 'score': 0}
 ---> {'coords': (0, 1), 'dir': 'SW', 'score': 0}
 ---> {'coords': (1, 3), 'dir': 'SE', 'score': 5}
 ---> {'coords': (1, 3), 'dir': 'SE', 'score': 5}
 * Selected, based on ranking: {'coords': (1, 3), 'dir': 'SE', 'score': 5}
 * The candidate has value 5.23 and coords (1, 3)
 * Checking direction:
 ---> Trend is: NE
 ---> Complex Trend is: {'NE': 8, 'NW': 1, 'E': 5.0, 'N': 4.5, 'W': 0.5}
 ---> Allowed dirs based on Complex Trend are: ['N', 'NE', 'E']
 ---> Direction SE IS NOT ok! Last was E [last 10: ['NE', 'NE', 'NE', 'NW', 'NE', 'NE', 'NE', 'NE', 'NE', 'E']] -- Modifying matrix...
[LINE 4]		nan 		nan 		nan 		nan 		3.74		
[LINE 3]		nan 		nan 		5.11		4.63		4.21		
[LINE 2]		nan 		-inf		-inf		4.89		4.63		
[LINE 1]		-inf		nan 		nan 		nan 		nan 		
[LINE 0]		4.94		5.23		nan 		nan 		nan 		
 * Ranking:
 ---> {'coords': (0, 1), 'dir': 'SW', 'score': 0}
 ---> {'coords': (0, 1), 'dir': 'SW', 'score': 0}
 * Selected, based on ranking: {'coords': (0, 1), 'dir': 'SW', 'score': 0}
 * The candidate has value 5.23 and coords (0, 1)
 * Checking direction:
 ---> Trend is: NE
 ---> Complex Trend is: {'NE': 8, 'NW': 1, 'E': 5.0, 'N': 4.5, 'W': 0.5}
 ---> Allowed dirs based on Complex Trend are: ['N', 'NE', 'E']
 ---> Direction SW IS NOT ok! Last was E [last 10: ['NE', 'NE', 'NE', 'NW', 'NE', 'NE', 'NE', 'NE', 'NE', 'E']] -- Modifying matrix...
[LINE 4]		nan 		nan 		nan 		nan 		3.74		
[LINE 3]		nan 		nan 		5.11		4.63		4.21		
[LINE 2]		nan 		-inf		-inf		4.89		4.63		
[LINE 1]		-inf		nan 		nan 		nan 		nan 		
[LINE 0]		4.94		nan 		nan 		nan 		nan 		
 * Ranking:
 ---> {'coords': (3, 2), 'dir': 'N', 'score': 11}
 ---> {'coords': (3, 2), 'dir': 'N', 'score': 11}
 * Selected, based on ranking: {'coords': (3, 2), 'dir': 'N', 'score': 11}
 * The candidate has value 5.11 and coords (3, 2)
 * Checking direction:
 ---> Trend is: NE
 ---> Complex Trend is: {'NE': 8, 'NW': 1, 'E': 5.0, 'N': 4.5, 'W': 0.5}
 ---> Allowed dirs based on Complex Trend are: ['N', 'NE', 'E']
 ---> Direction N ok (last was E)! -- [Last 10: ['NE', 'NE', 'NE', 'NW', 'NE', 'NE', 'NE', 'NE', 'NE', 'E']]
 * Selected element is (3, 2) with value 5.11
Next element is N with direction 5.11
New matrix will be centered on 65,50 with depth 5.11
TREND IS ('NE', {'NE': 7, 'NW': 1, 'E': 4.5, 'N': 5.0, 'W': 0.5}) --- (['NE', 'NE', 'NW', 'NE', 'NE', 'NE', 'NE', 'NE', 'E', 'N'])
============================================================
Iteration 38 with LAT_IDX: 65 and LON_IDX: 50 with DEPTH 5.106316
 * Adding to the thalweg 65, 50 (depth 5.11)... Let's look at his neighborhood...
 * The extracted matrix is:
[LINE 4]		nan 		nan 		nan 		nan 		nan 		
[LINE 3]		nan 		nan 		nan 		nan 		3.74		
[LINE 2]		nan 		nan 		-inf		4.63		4.21		
[LINE 1]		nan 		-inf		-inf		4.89		4.63		
[LINE 0]		-inf		5.37		5.35		5.18		nan 		
 * Ranking:
 ---> {'coords': (0, 1), 'dir': 'SW', 'score': 0}
 ---> {'coords': (0, 1), 'dir': 'SW', 'score': 0}
 ---> {'coords': (0, 2), 'dir': 'S', 'score': 0}
 ---> {'coords': (0, 2), 'dir': 'S', 'score': 0}
 * Selected, based on ranking: {'coords': (0, 1), 'dir': 'SW', 'score': 0}
 * The candidate has value 5.37 and coords (0, 1)
 * Checking direction:
 ---> Trend is: NE
 ---> Complex Trend is: {'NE': 7, 'NW': 1, 'E': 4.5, 'N': 5.0, 'W': 0.5}
 ---> Allowed dirs based on Complex Trend are: ['N', 'NE', 'E']
 ---> Direction SW IS NOT ok! Last was N [last 10: ['NE', 'NE', 'NW', 'NE', 'NE', 'NE', 'NE', 'NE', 'E', 'N']] -- Modifying matrix...
[LINE 4]		nan 		nan 		nan 		nan 		nan 		
[LINE 3]		nan 		nan 		nan 		nan 		3.74		
[LINE 2]		nan 		nan 		-inf		4.63		4.21		
[LINE 1]		nan 		-inf		-inf		4.89		4.63		
[LINE 0]		-inf		nan 		5.35		5.18		nan 		
 * Ranking:
 ---> {'coords': (0, 2), 'dir': 'S', 'score': 0}
 ---> {'coords': (0, 2), 'dir': 'S', 'score': 0}
 * Selected, based on ranking: {'coords': (0, 2), 'dir': 'S', 'score': 0}
 * The candidate has value 5.35 and coords (0, 2)
 * Checking direction:
 ---> Trend is: NE
 ---> Complex Trend is: {'NE': 7, 'NW': 1, 'E': 4.5, 'N': 5.0, 'W': 0.5}
 ---> Allowed dirs based on Complex Trend are: ['N', 'NE', 'E']
 ---> Direction S IS NOT ok! Last was N [last 10: ['NE', 'NE', 'NW', 'NE', 'NE', 'NE', 'NE', 'NE', 'E', 'N']] -- Modifying matrix...
[LINE 4]		nan 		nan 		nan 		nan 		nan 		
[LINE 3]		nan 		nan 		nan 		nan 		3.74		
[LINE 2]		nan 		nan 		-inf		4.63		4.21		
[LINE 1]		nan 		-inf		-inf		4.89		4.63		
[LINE 0]		-inf		nan 		nan 		5.18		nan 		
 * Ranking:
 ---> {'coords': (0, 3), 'dir': 'SE', 'score': 0}
 ---> {'coords': (0, 3), 'dir': 'SE', 'score': 0}
 * Selected, based on ranking: {'coords': (0, 3), 'dir': 'SE', 'score': 0}
 * The candidate has value 5.18 and coords (0, 3)
 * Checking direction:
 ---> Trend is: NE
 ---> Complex Trend is: {'NE': 7, 'NW': 1, 'E': 4.5, 'N': 5.0, 'W': 0.5}
 ---> Allowed dirs based on Complex Trend are: ['N', 'NE', 'E']
 ---> Direction SE IS NOT ok! Last was N [last 10: ['NE', 'NE', 'NW', 'NE', 'NE', 'NE', 'NE', 'NE', 'E', 'N']] -- Modifying matrix...
[LINE 4]		nan 		nan 		nan 		nan 		nan 		
[LINE 3]		nan 		nan 		nan 		nan 		3.74		
[LINE 2]		nan 		nan 		-inf		4.63		4.21		
[LINE 1]		nan 		-inf		-inf		4.89		4.63		
[LINE 0]		-inf		nan 		nan 		nan 		nan 		
 * Ranking:
 ---> {'coords': (1, 3), 'dir': 'SE', 'score': 0}
 ---> {'coords': (1, 3), 'dir': 'SE', 'score': 0}
 * Selected, based on ranking: {'coords': (1, 3), 'dir': 'SE', 'score': 0}
 * The candidate has value 4.89 and coords (1, 3)
 * Checking direction:
 ---> Trend is: NE
 ---> Complex Trend is: {'NE': 7, 'NW': 1, 'E': 4.5, 'N': 5.0, 'W': 0.5}
 ---> Allowed dirs based on Complex Trend are: ['N', 'NE', 'E']
 ---> Direction SE IS NOT ok! Last was N [last 10: ['NE', 'NE', 'NW', 'NE', 'NE', 'NE', 'NE', 'NE', 'E', 'N']] -- Modifying matrix...
[LINE 4]		nan 		nan 		nan 		nan 		nan 		
[LINE 3]		nan 		nan 		nan 		nan 		3.74		
[LINE 2]		nan 		nan 		-inf		4.63		4.21		
[LINE 1]		nan 		-inf		-inf		nan 		4.63		
[LINE 0]		-inf		nan 		nan 		nan 		nan 		
 * Ranking:
 ---> {'coords': (1, 4), 'dir': 'SE', 'score': 0}
 ---> {'coords': (1, 4), 'dir': 'SE', 'score': 0}
 ---> {'coords': (2, 3), 'dir': 'E', 'score': 11}
 ---> {'coords': (2, 3), 'dir': 'E', 'score': 11}
 * Selected, based on ranking: {'coords': (2, 3), 'dir': 'E', 'score': 11}
 * The candidate has value 4.63 and coords (2, 3)
 * Checking direction:
 ---> Trend is: NE
 ---> Complex Trend is: {'NE': 7, 'NW': 1, 'E': 4.5, 'N': 5.0, 'W': 0.5}
 ---> Allowed dirs based on Complex Trend are: ['N', 'NE', 'E']
 ---> Direction E ok (last was N)! -- [Last 10: ['NE', 'NE', 'NW', 'NE', 'NE', 'NE', 'NE', 'NE', 'E', 'N']]
 * Selected element is (2, 3) with value 4.63
Next element is E with direction 4.63
New matrix will be centered on 65,51 with depth 4.63
TREND IS ('NE', {'NE': 6, 'E': 5.0, 'NW': 1, 'N': 4.5, 'W': 0.5}) --- (['NE', 'NW', 'NE', 'NE', 'NE', 'NE', 'NE', 'E', 'N', 'E'])
============================================================
Iteration 39 with LAT_IDX: 65 and LON_IDX: 51 with DEPTH 4.6308203
 * Adding to the thalweg 65, 51 (depth 4.63)... Let's look at his neighborhood...
 * The extracted matrix is:
[LINE 4]		nan 		nan 		nan 		nan 		nan 		
[LINE 3]		nan 		nan 		nan 		3.74		3.01		
[LINE 2]		nan 		-inf		-inf		4.21		3.53		
[LINE 1]		-inf		-inf		4.89		4.63		nan 		
[LINE 0]		5.37		5.35		5.18		nan 		nan 		
 * Ranking:
 ---> {'coords': (0, 0), 'dir': 'SW', 'score': 0}
 ---> {'coords': (0, 0), 'dir': 'SW', 'score': 0}
 ---> {'coords': (0, 1), 'dir': 'SW', 'score': 0}
 ---> {'coords': (0, 1), 'dir': 'SW', 'score': 0}
 * Selected, based on ranking: {'coords': (0, 0), 'dir': 'SW', 'score': 0}
 * The candidate has value 5.37 and coords (0, 0)
 * Checking direction:
 ---> Trend is: NE
 ---> Complex Trend is: {'NE': 6, 'E': 5.0, 'NW': 1, 'N': 4.5, 'W': 0.5}
 ---> Allowed dirs based on Complex Trend are: ['N', 'NE', 'E']
 ---> Direction SW IS NOT ok! Last was E [last 10: ['NE', 'NW', 'NE', 'NE', 'NE', 'NE', 'NE', 'E', 'N', 'E']] -- Modifying matrix...
[LINE 4]		nan 		nan 		nan 		nan 		nan 		
[LINE 3]		nan 		nan 		nan 		3.74		3.01		
[LINE 2]		nan 		-inf		-inf		4.21		3.53		
[LINE 1]		-inf		-inf		4.89		4.63		nan 		
[LINE 0]		nan 		5.35		5.18		nan 		nan 		
 * Ranking:
 ---> {'coords': (0, 1), 'dir': 'SW', 'score': 0}
 ---> {'coords': (0, 1), 'dir': 'SW', 'score': 0}
 * Selected, based on ranking: {'coords': (0, 1), 'dir': 'SW', 'score': 0}
 * The candidate has value 5.35 and coords (0, 1)
 * Checking direction:
 ---> Trend is: NE
 ---> Complex Trend is: {'NE': 6, 'E': 5.0, 'NW': 1, 'N': 4.5, 'W': 0.5}
 ---> Allowed dirs based on Complex Trend are: ['N', 'NE', 'E']
 ---> Direction SW IS NOT ok! Last was E [last 10: ['NE', 'NW', 'NE', 'NE', 'NE', 'NE', 'NE', 'E', 'N', 'E']] -- Modifying matrix...
[LINE 4]		nan 		nan 		nan 		nan 		nan 		
[LINE 3]		nan 		nan 		nan 		3.74		3.01		
[LINE 2]		nan 		-inf		-inf		4.21		3.53		
[LINE 1]		-inf		-inf		4.89		4.63		nan 		
[LINE 0]		nan 		nan 		5.18		nan 		nan 		
 * Ranking:
 ---> {'coords': (0, 2), 'dir': 'S', 'score': 1}
 ---> {'coords': (0, 2), 'dir': 'S', 'score': 1}
 * Selected, based on ranking: {'coords': (0, 2), 'dir': 'S', 'score': 1}
 * The candidate has value 5.18 and coords (0, 2)
 * Checking direction:
 ---> Trend is: NE
 ---> Complex Trend is: {'NE': 6, 'E': 5.0, 'NW': 1, 'N': 4.5, 'W': 0.5}
 ---> Allowed dirs based on Complex Trend are: ['N', 'NE', 'E']
 ---> Direction S IS NOT ok! Last was E [last 10: ['NE', 'NW', 'NE', 'NE', 'NE', 'NE', 'NE', 'E', 'N', 'E']] -- Modifying matrix...
[LINE 4]		nan 		nan 		nan 		nan 		nan 		
[LINE 3]		nan 		nan 		nan 		3.74		3.01		
[LINE 2]		nan 		-inf		-inf		4.21		3.53		
[LINE 1]		-inf		-inf		4.89		4.63		nan 		
[LINE 0]		nan 		nan 		nan 		nan 		nan 		
 * Ranking:
 ---> {'coords': (1, 2), 'dir': 'S', 'score': 1}
 ---> {'coords': (1, 2), 'dir': 'S', 'score': 1}
 * Selected, based on ranking: {'coords': (1, 2), 'dir': 'S', 'score': 1}
 * The candidate has value 4.89 and coords (1, 2)
 * Checking direction:
 ---> Trend is: NE
 ---> Complex Trend is: {'NE': 6, 'E': 5.0, 'NW': 1, 'N': 4.5, 'W': 0.5}
 ---> Allowed dirs based on Complex Trend are: ['N', 'NE', 'E']
 ---> Direction S IS NOT ok! Last was E [last 10: ['NE', 'NW', 'NE', 'NE', 'NE', 'NE', 'NE', 'E', 'N', 'E']] -- Modifying matrix...
[LINE 4]		nan 		nan 		nan 		nan 		nan 		
[LINE 3]		nan 		nan 		nan 		3.74		3.01		
[LINE 2]		nan 		-inf		-inf		4.21		3.53		
[LINE 1]		-inf		-inf		nan 		4.63		nan 		
[LINE 0]		nan 		nan 		nan 		nan 		nan 		
 * Ranking:
 ---> {'coords': (1, 3), 'dir': 'SE', 'score': 5}
 ---> {'coords': (1, 3), 'dir': 'SE', 'score': 5}
 * Selected, based on ranking: {'coords': (1, 3), 'dir': 'SE', 'score': 5}
 * The candidate has value 4.63 and coords (1, 3)
 * Checking direction:
 ---> Trend is: NE
 ---> Complex Trend is: {'NE': 6, 'E': 5.0, 'NW': 1, 'N': 4.5, 'W': 0.5}
 ---> Allowed dirs based on Complex Trend are: ['N', 'NE', 'E']
 ---> Direction SE IS NOT ok! Last was E [last 10: ['NE', 'NW', 'NE', 'NE', 'NE', 'NE', 'NE', 'E', 'N', 'E']] -- Modifying matrix...
[LINE 4]		nan 		nan 		nan 		nan 		nan 		
[LINE 3]		nan 		nan 		nan 		3.74		3.01		
[LINE 2]		nan 		-inf		-inf		4.21		3.53		
[LINE 1]		-inf		-inf		nan 		nan 		nan 		
[LINE 0]		nan 		nan 		nan 		nan 		nan 		
 * Ranking:
 ---> {'coords': (2, 3), 'dir': 'E', 'score': 19}
 ---> {'coords': (2, 3), 'dir': 'E', 'score': 19}
 * Selected, based on ranking: {'coords': (2, 3), 'dir': 'E', 'score': 19}
 * The candidate has value 4.21 and coords (2, 3)
 * Checking direction:
 ---> Trend is: NE
 ---> Complex Trend is: {'NE': 6, 'E': 5.0, 'NW': 1, 'N': 4.5, 'W': 0.5}
 ---> Allowed dirs based on Complex Trend are: ['N', 'NE', 'E']
 ---> Direction E ok (last was E)! -- [Last 10: ['NE', 'NW', 'NE', 'NE', 'NE', 'NE', 'NE', 'E', 'N', 'E']]
 * Selected element is (2, 3) with value 4.21
Next element is E with direction 4.21
New matrix will be centered on 65,52 with depth 4.21
TREND IS ('NE', {'NE': 5, 'E': 5.5, 'NW': 1, 'N': 4.0, 'W': 0.5}) --- (['NW', 'NE', 'NE', 'NE', 'NE', 'NE', 'E', 'N', 'E', 'E'])
============================================================
Iteration 40 with LAT_IDX: 65 and LON_IDX: 52 with DEPTH 4.2103033
 * Adding to the thalweg 65, 52 (depth 4.21)... Let's look at his neighborhood...
 * The extracted matrix is:
[LINE 4]		nan 		nan 		nan 		nan 		2.2 		
[LINE 3]		nan 		nan 		3.74		3.01		2.63		
[LINE 2]		-inf		-inf		-inf		3.53		3.01		
[LINE 1]		-inf		4.89		4.63		nan 		nan 		
[LINE 0]		5.35		5.18		nan 		nan 		nan 		
 * Ranking:
 ---> {'coords': (0, 0), 'dir': 'SW', 'score': 0}
 ---> {'coords': (0, 0), 'dir': 'SW', 'score': 0}
 * Selected, based on ranking: {'coords': (0, 0), 'dir': 'SW', 'score': 0}
 * The candidate has value 5.35 and coords (0, 0)
 * Checking direction:
 ---> Trend is: NE
 ---> Complex Trend is: {'NE': 5, 'E': 5.5, 'NW': 1, 'N': 4.0, 'W': 0.5}
 ---> Allowed dirs based on Complex Trend are: ['NE', 'E', 'SE', 'N', 'NE', 'E']
 ---> Direction SW IS NOT ok! Last was E [last 10: ['NW', 'NE', 'NE', 'NE', 'NE', 'NE', 'E', 'N', 'E', 'E']] -- Modifying matrix...
[LINE 4]		nan 		nan 		nan 		nan 		2.2 		
[LINE 3]		nan 		nan 		3.74		3.01		2.63		
[LINE 2]		-inf		-inf		-inf		3.53		3.01		
[LINE 1]		-inf		4.89		4.63		nan 		nan 		
[LINE 0]		nan 		5.18		nan 		nan 		nan 		
 * Ranking:
 ---> {'coords': (0, 1), 'dir': 'SW', 'score': 0}
 ---> {'coords': (0, 1), 'dir': 'SW', 'score': 0}
 * Selected, based on ranking: {'coords': (0, 1), 'dir': 'SW', 'score': 0}
 * The candidate has value 5.18 and coords (0, 1)
 * Checking direction:
 ---> Trend is: NE
 ---> Complex Trend is: {'NE': 5, 'E': 5.5, 'NW': 1, 'N': 4.0, 'W': 0.5}
 ---> Allowed dirs based on Complex Trend are: ['NE', 'E', 'SE', 'N', 'NE', 'E']
 ---> Direction SW IS NOT ok! Last was E [last 10: ['NW', 'NE', 'NE', 'NE', 'NE', 'NE', 'E', 'N', 'E', 'E']] -- Modifying matrix...
[LINE 4]		nan 		nan 		nan 		nan 		2.2 		
[LINE 3]		nan 		nan 		3.74		3.01		2.63		
[LINE 2]		-inf		-inf		-inf		3.53		3.01		
[LINE 1]		-inf		4.89		4.63		nan 		nan 		
[LINE 0]		nan 		nan 		nan 		nan 		nan 		
 * Ranking:
 ---> {'coords': (1, 1), 'dir': 'SW', 'score': 0}
 ---> {'coords': (1, 1), 'dir': 'SW', 'score': 0}
 * Selected, based on ranking: {'coords': (1, 1), 'dir': 'SW', 'score': 0}
 * The candidate has value 4.89 and coords (1, 1)
 * Checking direction:
 ---> Trend is: NE
 ---> Complex Trend is: {'NE': 5, 'E': 5.5, 'NW': 1, 'N': 4.0, 'W': 0.5}
 ---> Allowed dirs based on Complex Trend are: ['NE', 'E', 'SE', 'N', 'NE', 'E']
 ---> Direction SW IS NOT ok! Last was E [last 10: ['NW', 'NE', 'NE', 'NE', 'NE', 'NE', 'E', 'N', 'E', 'E']] -- Modifying matrix...
[LINE 4]		nan 		nan 		nan 		nan 		2.2 		
[LINE 3]		nan 		nan 		3.74		3.01		2.63		
[LINE 2]		-inf		-inf		-inf		3.53		3.01		
[LINE 1]		-inf		nan 		4.63		nan 		nan 		
[LINE 0]		nan 		nan 		nan 		nan 		nan 		
 * Ranking:
 ---> {'coords': (1, 2), 'dir': 'S', 'score': 1}
 ---> {'coords': (1, 2), 'dir': 'S', 'score': 1}
 * Selected, based on ranking: {'coords': (1, 2), 'dir': 'S', 'score': 1}
 * The candidate has value 4.63 and coords (1, 2)
 * Checking direction:
 ---> Trend is: NE
 ---> Complex Trend is: {'NE': 5, 'E': 5.5, 'NW': 1, 'N': 4.0, 'W': 0.5}
 ---> Allowed dirs based on Complex Trend are: ['NE', 'E', 'SE', 'N', 'NE', 'E']
 ---> Direction S IS NOT ok! Last was E [last 10: ['NW', 'NE', 'NE', 'NE', 'NE', 'NE', 'E', 'N', 'E', 'E']] -- Modifying matrix...
[LINE 4]		nan 		nan 		nan 		nan 		2.2 		
[LINE 3]		nan 		nan 		3.74		3.01		2.63		
[LINE 2]		-inf		-inf		-inf		3.53		3.01		
[LINE 1]		-inf		nan 		nan 		nan 		nan 		
[LINE 0]		nan 		nan 		nan 		nan 		nan 		
 * Ranking:
 ---> {'coords': (3, 2), 'dir': 'N', 'score': 11}
 ---> {'coords': (3, 2), 'dir': 'N', 'score': 11}
 * Selected, based on ranking: {'coords': (3, 2), 'dir': 'N', 'score': 11}
 * The candidate has value 3.74 and coords (3, 2)
 * Checking direction:
 ---> Trend is: NE
 ---> Complex Trend is: {'NE': 5, 'E': 5.5, 'NW': 1, 'N': 4.0, 'W': 0.5}
 ---> Allowed dirs based on Complex Trend are: ['NE', 'E', 'SE', 'N', 'NE', 'E']
 ---> Direction N ok (last was E)! -- [Last 10: ['NW', 'NE', 'NE', 'NE', 'NE', 'NE', 'E', 'N', 'E', 'E']]
 * Selected element is (3, 2) with value 3.74
Next element is N with direction 3.74
New matrix will be centered on 66,52 with depth 3.74
TREND IS ('NE', {'NE': 5, 'E': 5.5, 'N': 4.5}) --- (['NE', 'NE', 'NE', 'NE', 'NE', 'E', 'N', 'E', 'E', 'N'])
============================================================
Iteration 41 with LAT_IDX: 66 and LON_IDX: 52 with DEPTH 3.7383246
 * Adding to the thalweg 66, 52 (depth 3.74)... Let's look at his neighborhood...
 * The extracted matrix is:
[LINE 4]		nan 		nan 		nan 		nan 		nan 		
[LINE 3]		nan 		nan 		nan 		nan 		2.2 		
[LINE 2]		nan 		nan 		-inf		3.01		2.63		
[LINE 1]		-inf		-inf		-inf		3.53		3.01		
[LINE 0]		-inf		4.89		4.63		nan 		nan 		
 * Ranking:
 ---> {'coords': (0, 1), 'dir': 'SW', 'score': 0}
 ---> {'coords': (0, 1), 'dir': 'SW', 'score': 0}
 * Selected, based on ranking: {'coords': (0, 1), 'dir': 'SW', 'score': 0}
 * The candidate has value 4.89 and coords (0, 1)
 * Checking direction:
 ---> Trend is: NE
 ---> Complex Trend is: {'NE': 5, 'E': 5.5, 'N': 4.5}
 ---> Allowed dirs based on Complex Trend are: ['NE', 'E', 'SE', 'N', 'NE', 'E']
 ---> Direction SW IS NOT ok! Last was N [last 10: ['NE', 'NE', 'NE', 'NE', 'NE', 'E', 'N', 'E', 'E', 'N']] -- Modifying matrix...
[LINE 4]		nan 		nan 		nan 		nan 		nan 		
[LINE 3]		nan 		nan 		nan 		nan 		2.2 		
[LINE 2]		nan 		nan 		-inf		3.01		2.63		
[LINE 1]		-inf		-inf		-inf		3.53		3.01		
[LINE 0]		-inf		nan 		4.63		nan 		nan 		
 * Ranking:
 ---> {'coords': (0, 2), 'dir': 'S', 'score': 0}
 ---> {'coords': (0, 2), 'dir': 'S', 'score': 0}
 * Selected, based on ranking: {'coords': (0, 2), 'dir': 'S', 'score': 0}
 * The candidate has value 4.63 and coords (0, 2)
 * Checking direction:
 ---> Trend is: NE
 ---> Complex Trend is: {'NE': 5, 'E': 5.5, 'N': 4.5}
 ---> Allowed dirs based on Complex Trend are: ['NE', 'E', 'SE', 'N', 'NE', 'E']
 ---> Direction S IS NOT ok! Last was N [last 10: ['NE', 'NE', 'NE', 'NE', 'NE', 'E', 'N', 'E', 'E', 'N']] -- Modifying matrix...
[LINE 4]		nan 		nan 		nan 		nan 		nan 		
[LINE 3]		nan 		nan 		nan 		nan 		2.2 		
[LINE 2]		nan 		nan 		-inf		3.01		2.63		
[LINE 1]		-inf		-inf		-inf		3.53		3.01		
[LINE 0]		-inf		nan 		nan 		nan 		nan 		
 * Ranking:
 ---> {'coords': (1, 3), 'dir': 'SE', 'score': 10}
 ---> {'coords': (1, 3), 'dir': 'SE', 'score': 10}
 * Selected, based on ranking: {'coords': (1, 3), 'dir': 'SE', 'score': 10}
 * The candidate has value 3.53 and coords (1, 3)
 * Checking direction:
 ---> Trend is: NE
 ---> Complex Trend is: {'NE': 5, 'E': 5.5, 'N': 4.5}
 ---> Allowed dirs based on Complex Trend are: ['NE', 'E', 'SE', 'N', 'NE', 'E']
 ---> Direction SE ok (last was N)! -- [Last 10: ['NE', 'NE', 'NE', 'NE', 'NE', 'E', 'N', 'E', 'E', 'N']]
 * Selected element is (1, 3) with value 3.53
Next element is SE with direction 3.53
New matrix will be centered on 65,53 with depth 3.53
TREND IS ('NE', {'NE': 4, 'E': 5.5, 'N': 4.0, 'SE': 1, 'S': 0.5}) --- (['NE', 'NE', 'NE', 'NE', 'E', 'N', 'E', 'E', 'N', 'SE'])
============================================================
Iteration 42 with LAT_IDX: 65 and LON_IDX: 53 with DEPTH 3.5266862
 * Adding to the thalweg 65, 53 (depth 3.53)... Let's look at his neighborhood...
 * The extracted matrix is:
[LINE 4]		nan 		nan 		nan 		2.2 		1.99		
[LINE 3]		nan 		-inf		3.01		2.63		2.3 		
[LINE 2]		-inf		-inf		-inf		3.01		nan 		
[LINE 1]		4.89		4.63		nan 		nan 		nan 		
[LINE 0]		5.18		nan 		nan 		nan 		nan 		
 * Ranking:
 ---> {'coords': (0, 0), 'dir': 'SW', 'score': 1}
 ---> {'coords': (0, 0), 'dir': 'SW', 'score': 1}
 * Selected, based on ranking: {'coords': (0, 0), 'dir': 'SW', 'score': 1}
 * The candidate has value 5.18 and coords (0, 0)
 * Checking direction:
 ---> Trend is: NE
 ---> Complex Trend is: {'NE': 4, 'E': 5.5, 'N': 4.0, 'SE': 1, 'S': 0.5}
 ---> Allowed dirs based on Complex Trend are: ['NE', 'E', 'SE']
 ---> Direction SW IS NOT ok! Last was SE [last 10: ['NE', 'NE', 'NE', 'NE', 'E', 'N', 'E', 'E', 'N', 'SE']] -- Modifying matrix...
[LINE 4]		nan 		nan 		nan 		2.2 		1.99		
[LINE 3]		nan 		-inf		3.01		2.63		2.3 		
[LINE 2]		-inf		-inf		-inf		3.01		nan 		
[LINE 1]		4.89		4.63		nan 		nan 		nan 		
[LINE 0]		nan 		nan 		nan 		nan 		nan 		
 * Ranking:
 ---> {'coords': (1, 0), 'dir': 'SW', 'score': 1}
 ---> {'coords': (1, 0), 'dir': 'SW', 'score': 1}
 * Selected, based on ranking: {'coords': (1, 0), 'dir': 'SW', 'score': 1}
 * The candidate has value 4.89 and coords (1, 0)
 * Checking direction:
 ---> Trend is: NE
 ---> Complex Trend is: {'NE': 4, 'E': 5.5, 'N': 4.0, 'SE': 1, 'S': 0.5}
 ---> Allowed dirs based on Complex Trend are: ['NE', 'E', 'SE']
 ---> Direction SW IS NOT ok! Last was SE [last 10: ['NE', 'NE', 'NE', 'NE', 'E', 'N', 'E', 'E', 'N', 'SE']] -- Modifying matrix...
[LINE 4]		nan 		nan 		nan 		2.2 		1.99		
[LINE 3]		nan 		-inf		3.01		2.63		2.3 		
[LINE 2]		-inf		-inf		-inf		3.01		nan 		
[LINE 1]		nan 		4.63		nan 		nan 		nan 		
[LINE 0]		nan 		nan 		nan 		nan 		nan 		
 * Ranking:
 ---> {'coords': (1, 1), 'dir': 'SW', 'score': 1}
 ---> {'coords': (1, 1), 'dir': 'SW', 'score': 1}
 * Selected, based on ranking: {'coords': (1, 1), 'dir': 'SW', 'score': 1}
 * The candidate has value 4.63 and coords (1, 1)
 * Checking direction:
 ---> Trend is: NE
 ---> Complex Trend is: {'NE': 4, 'E': 5.5, 'N': 4.0, 'SE': 1, 'S': 0.5}
 ---> Allowed dirs based on Complex Trend are: ['NE', 'E', 'SE']
 ---> Direction SW IS NOT ok! Last was SE [last 10: ['NE', 'NE', 'NE', 'NE', 'E', 'N', 'E', 'E', 'N', 'SE']] -- Modifying matrix...
[LINE 4]		nan 		nan 		nan 		2.2 		1.99		
[LINE 3]		nan 		-inf		3.01		2.63		2.3 		
[LINE 2]		-inf		-inf		-inf		3.01		nan 		
[LINE 1]		nan 		nan 		nan 		nan 		nan 		
[LINE 0]		nan 		nan 		nan 		nan 		nan 		
 * Ranking:
 ---> {'coords': (2, 3), 'dir': 'E', 'score': 15}
 ---> {'coords': (2, 3), 'dir': 'E', 'score': 15}
 ---> {'coords': (3, 2), 'dir': 'N', 'score': 0}
 ---> {'coords': (3, 2), 'dir': 'N', 'score': 0}
 * Selected, based on ranking: {'coords': (2, 3), 'dir': 'E', 'score': 15}
 * The candidate has value 3.01 and coords (2, 3)
 * Checking direction:
 ---> Trend is: NE
 ---> Complex Trend is: {'NE': 4, 'E': 5.5, 'N': 4.0, 'SE': 1, 'S': 0.5}
 ---> Allowed dirs based on Complex Trend are: ['NE', 'E', 'SE']
 ---> Direction E ok (last was SE)! -- [Last 10: ['NE', 'NE', 'NE', 'NE', 'E', 'N', 'E', 'E', 'N', 'SE']]
 * Selected element is (2, 3) with value 3.01
Next element is E with direction 3.01
New matrix will be centered on 65,54 with depth 3.01
TREND IS ('E', {'E': 6.0, 'NE': 3, 'N': 3.5, 'SE': 1, 'S': 0.5}) --- (['NE', 'NE', 'NE', 'E', 'N', 'E', 'E', 'N', 'SE', 'E'])
============================================================
Iteration 43 with LAT_IDX: 65 and LON_IDX: 54 with DEPTH 3.0145187
 * Adding to the thalweg 65, 54 (depth 3.01)... Let's look at his neighborhood...
 * The extracted matrix is:
[LINE 4]		nan 		nan 		2.2 		1.99		1.8 		
[LINE 3]		-inf		3.01		2.63		2.3 		nan 		
[LINE 2]		-inf		-inf		-inf		nan 		nan 		
[LINE 1]		4.63		nan 		nan 		nan 		nan 		
[LINE 0]		nan 		nan 		nan 		nan 		nan 		
 * Ranking:
 ---> {'coords': (1, 0), 'dir': 'SW', 'score': 0}
 ---> {'coords': (1, 0), 'dir': 'SW', 'score': 0}
 * Selected, based on ranking: {'coords': (1, 0), 'dir': 'SW', 'score': 0}
 * The candidate has value 4.63 and coords (1, 0)
 * Checking direction:
 ---> Trend is: E
 ---> Complex Trend is: {'E': 6.0, 'NE': 3, 'N': 3.5, 'SE': 1, 'S': 0.5}
 ---> Allowed dirs based on Complex Trend are: ['NE', 'E', 'SE']
 ---> Direction SW IS NOT ok! Last was E [last 10: ['NE', 'NE', 'NE', 'E', 'N', 'E', 'E', 'N', 'SE', 'E']] -- Modifying matrix...
[LINE 4]		nan 		nan 		2.2 		1.99		1.8 		
[LINE 3]		-inf		3.01		2.63		2.3 		nan 		
[LINE 2]		-inf		-inf		-inf		nan 		nan 		
[LINE 1]		nan 		nan 		nan 		nan 		nan 		
[LINE 0]		nan 		nan 		nan 		nan 		nan 		
 * Ranking:
 ---> {'coords': (3, 1), 'dir': 'NW', 'score': 0}
 ---> {'coords': (3, 1), 'dir': 'NW', 'score': 0}
 * Selected, based on ranking: {'coords': (3, 1), 'dir': 'NW', 'score': 0}
 * The candidate has value 3.01 and coords (3, 1)
 * Checking direction:
 ---> Trend is: E
 ---> Complex Trend is: {'E': 6.0, 'NE': 3, 'N': 3.5, 'SE': 1, 'S': 0.5}
 ---> Allowed dirs based on Complex Trend are: ['NE', 'E', 'SE']
 ---> Direction NW IS NOT ok! Last was E [last 10: ['NE', 'NE', 'NE', 'E', 'N', 'E', 'E', 'N', 'SE', 'E']] -- Modifying matrix...
[LINE 4]		nan 		nan 		2.2 		1.99		1.8 		
[LINE 3]		-inf		nan 		2.63		2.3 		nan 		
[LINE 2]		-inf		-inf		-inf		nan 		nan 		
[LINE 1]		nan 		nan 		nan 		nan 		nan 		
[LINE 0]		nan 		nan 		nan 		nan 		nan 		
 * Ranking:
 ---> {'coords': (3, 2), 'dir': 'N', 'score': 1}
 ---> {'coords': (3, 2), 'dir': 'N', 'score': 1}
 * Selected, based on ranking: {'coords': (3, 2), 'dir': 'N', 'score': 1}
 * The candidate has value 2.63 and coords (3, 2)
 * Checking direction:
 ---> Trend is: E
 ---> Complex Trend is: {'E': 6.0, 'NE': 3, 'N': 3.5, 'SE': 1, 'S': 0.5}
 ---> Allowed dirs based on Complex Trend are: ['NE', 'E', 'SE']
 ---> Direction N IS NOT ok! Last was E [last 10: ['NE', 'NE', 'NE', 'E', 'N', 'E', 'E', 'N', 'SE', 'E']] -- Modifying matrix...
[LINE 4]		nan 		nan 		2.2 		1.99		1.8 		
[LINE 3]		-inf		nan 		nan 		2.3 		nan 		
[LINE 2]		-inf		-inf		-inf		nan 		nan 		
[LINE 1]		nan 		nan 		nan 		nan 		nan 		
[LINE 0]		nan 		nan 		nan 		nan 		nan 		
 * Ranking:
 ---> {'coords': (3, 3), 'dir': 'NE', 'score': 15}
 ---> {'coords': (3, 3), 'dir': 'NE', 'score': 15}
 ---> {'coords': (4, 2), 'dir': 'N', 'score': 1}
 ---> {'coords': (4, 2), 'dir': 'N', 'score': 1}
 * Selected, based on ranking: {'coords': (3, 3), 'dir': 'NE', 'score': 15}
 * The candidate has value 2.3 and coords (3, 3)
 * Checking direction:
 ---> Trend is: E
 ---> Complex Trend is: {'E': 6.0, 'NE': 3, 'N': 3.5, 'SE': 1, 'S': 0.5}
 ---> Allowed dirs based on Complex Trend are: ['NE', 'E', 'SE']
 ---> Direction NE ok (last was E)! -- [Last 10: ['NE', 'NE', 'NE', 'E', 'N', 'E', 'E', 'N', 'SE', 'E']]
 * Selected element is (3, 3) with value 2.3
Next element is NE with direction 2.3
New matrix will be centered on 66,55 with depth 2.3
TREND IS ('E', {'E': 6.0, 'NE': 3, 'N': 3.5, 'SE': 1, 'S': 0.5}) --- (['NE', 'NE', 'E', 'N', 'E', 'E', 'N', 'SE', 'E', 'NE'])
============================================================
Iteration 44 with LAT_IDX: 66 and LON_IDX: 55 with DEPTH 2.2992644
 * Adding to the thalweg 66, 55 (depth 2.3)... Let's look at his neighborhood...
 * The extracted matrix is:
[LINE 4]		nan 		nan 		1.84		1.75		1.73		
[LINE 3]		nan 		2.2 		1.99		1.8 		nan 		
[LINE 2]		3.01		2.63		-inf		nan 		nan 		
[LINE 1]		-inf		-inf		nan 		nan 		nan 		
[LINE 0]		nan 		nan 		nan 		nan 		nan 		
 * Ranking:
 ---> {'coords': (2, 0), 'dir': 'W', 'score': 0}
 ---> {'coords': (2, 0), 'dir': 'W', 'score': 0}
 * Selected, based on ranking: {'coords': (2, 0), 'dir': 'W', 'score': 0}
 * The candidate has value 3.01 and coords (2, 0)
 * Checking direction:
 ---> Trend is: E
 ---> Complex Trend is: {'E': 6.0, 'NE': 3, 'N': 3.5, 'SE': 1, 'S': 0.5}
 ---> Allowed dirs based on Complex Trend are: ['NE', 'E', 'SE']
 ---> Direction W IS NOT ok! Last was NE [last 10: ['NE', 'NE', 'E', 'N', 'E', 'E', 'N', 'SE', 'E', 'NE']] -- Modifying matrix...
[LINE 4]		nan 		nan 		1.84		1.75		1.73		
[LINE 3]		nan 		2.2 		1.99		1.8 		nan 		
[LINE 2]		nan 		2.63		-inf		nan 		nan 		
[LINE 1]		-inf		-inf		nan 		nan 		nan 		
[LINE 0]		nan 		nan 		nan 		nan 		nan 		
 * Ranking:
 ---> {'coords': (2, 1), 'dir': 'W', 'score': 0}
 ---> {'coords': (2, 1), 'dir': 'W', 'score': 0}
 * Selected, based on ranking: {'coords': (2, 1), 'dir': 'W', 'score': 0}
 * The candidate has value 2.63 and coords (2, 1)
 * Checking direction:
 ---> Trend is: E
 ---> Complex Trend is: {'E': 6.0, 'NE': 3, 'N': 3.5, 'SE': 1, 'S': 0.5}
 ---> Allowed dirs based on Complex Trend are: ['NE', 'E', 'SE']
 ---> Direction W IS NOT ok! Last was NE [last 10: ['NE', 'NE', 'E', 'N', 'E', 'E', 'N', 'SE', 'E', 'NE']] -- Modifying matrix...
[LINE 4]		nan 		nan 		1.84		1.75		1.73		
[LINE 3]		nan 		2.2 		1.99		1.8 		nan 		
[LINE 2]		nan 		nan 		-inf		nan 		nan 		
[LINE 1]		-inf		-inf		nan 		nan 		nan 		
[LINE 0]		nan 		nan 		nan 		nan 		nan 		
 * Ranking:
 ---> {'coords': (3, 1), 'dir': 'NW', 'score': 1}
 ---> {'coords': (3, 1), 'dir': 'NW', 'score': 1}
 * Selected, based on ranking: {'coords': (3, 1), 'dir': 'NW', 'score': 1}
 * The candidate has value 2.2 and coords (3, 1)
 * Checking direction:
 ---> Trend is: E
 ---> Complex Trend is: {'E': 6.0, 'NE': 3, 'N': 3.5, 'SE': 1, 'S': 0.5}
 ---> Allowed dirs based on Complex Trend are: ['NE', 'E', 'SE']
 ---> Direction NW IS NOT ok! Last was NE [last 10: ['NE', 'NE', 'E', 'N', 'E', 'E', 'N', 'SE', 'E', 'NE']] -- Modifying matrix...
[LINE 4]		nan 		nan 		1.84		1.75		1.73		
[LINE 3]		nan 		nan 		1.99		1.8 		nan 		
[LINE 2]		nan 		nan 		-inf		nan 		nan 		
[LINE 1]		-inf		-inf		nan 		nan 		nan 		
[LINE 0]		nan 		nan 		nan 		nan 		nan 		
 * Ranking:
 ---> {'coords': (3, 2), 'dir': 'N', 'score': 5}
 ---> {'coords': (3, 2), 'dir': 'N', 'score': 5}
 * Selected, based on ranking: {'coords': (3, 2), 'dir': 'N', 'score': 5}
 * The candidate has value 1.99 and coords (3, 2)
 * Checking direction:
 ---> Trend is: E
 ---> Complex Trend is: {'E': 6.0, 'NE': 3, 'N': 3.5, 'SE': 1, 'S': 0.5}
 ---> Allowed dirs based on Complex Trend are: ['NE', 'E', 'SE']
 ---> Direction N IS NOT ok! Last was NE [last 10: ['NE', 'NE', 'E', 'N', 'E', 'E', 'N', 'SE', 'E', 'NE']] -- Modifying matrix...
[LINE 4]		nan 		nan 		1.84		1.75		1.73		
[LINE 3]		nan 		nan 		nan 		1.8 		nan 		
[LINE 2]		nan 		nan 		-inf		nan 		nan 		
[LINE 1]		-inf		-inf		nan 		nan 		nan 		
[LINE 0]		nan 		nan 		nan 		nan 		nan 		
 * Ranking:
 ---> {'coords': (3, 3), 'dir': 'NE', 'score': 19}
 ---> {'coords': (3, 3), 'dir': 'NE', 'score': 19}
 ---> {'coords': (4, 2), 'dir': 'N', 'score': 5}
 ---> {'coords': (4, 2), 'dir': 'N', 'score': 5}
 ---> {'coords': (4, 3), 'dir': 'NE', 'score': 19}
 ---> {'coords': (4, 3), 'dir': 'NE', 'score': 19}
 * Selected, based on ranking: {'coords': (3, 3), 'dir': 'NE', 'score': 19}
 * The candidate has value 1.84 and coords (3, 3)
 * Checking direction:
 ---> Trend is: E
 ---> Complex Trend is: {'E': 6.0, 'NE': 3, 'N': 3.5, 'SE': 1, 'S': 0.5}
 ---> Allowed dirs based on Complex Trend are: ['NE', 'E', 'SE']
 ---> Direction NE ok (last was NE)! -- [Last 10: ['NE', 'NE', 'E', 'N', 'E', 'E', 'N', 'SE', 'E', 'NE']]
 * Selected element is (3, 3) with value 1.84
Next element is NE with direction 1.8
New matrix will be centered on 67,56 with depth 1.8
TREND IS ('E', {'E': 6.0, 'NE': 3, 'N': 3.5, 'SE': 1, 'S': 0.5}) --- (['NE', 'E', 'N', 'E', 'E', 'N', 'SE', 'E', 'NE', 'NE'])
============================================================
Iteration 45 with LAT_IDX: 67 and LON_IDX: 56 with DEPTH 1.8003924
 * Adding to the thalweg 67, 56 (depth 1.8)... Let's look at his neighborhood...
 * The extracted matrix is:
[LINE 4]		nan 		nan 		nan 		1.77		1.87		
[LINE 3]		nan 		1.84		1.75		1.73		1.8 		
[LINE 2]		2.2 		1.99		-inf		nan 		nan 		
[LINE 1]		2.63		-inf		nan 		nan 		nan 		
[LINE 0]		-inf		nan 		nan 		nan 		nan 		
 * Ranking:
 ---> {'coords': (1, 0), 'dir': 'SW', 'score': 0}
 ---> {'coords': (1, 0), 'dir': 'SW', 'score': 0}
 * Selected, based on ranking: {'coords': (1, 0), 'dir': 'SW', 'score': 0}
 * The candidate has value 2.63 and coords (1, 0)
 * Checking direction:
 ---> Trend is: E
 ---> Complex Trend is: {'E': 6.0, 'NE': 3, 'N': 3.5, 'SE': 1, 'S': 0.5}
 ---> Allowed dirs based on Complex Trend are: ['NE', 'E', 'SE']
 ---> Direction SW IS NOT ok! Last was NE [last 10: ['NE', 'E', 'N', 'E', 'E', 'N', 'SE', 'E', 'NE', 'NE']] -- Modifying matrix...
[LINE 4]		nan 		nan 		nan 		1.77		1.87		
[LINE 3]		nan 		1.84		1.75		1.73		1.8 		
[LINE 2]		2.2 		1.99		-inf		nan 		nan 		
[LINE 1]		nan 		-inf		nan 		nan 		nan 		
[LINE 0]		-inf		nan 		nan 		nan 		nan 		
 * Ranking:
 ---> {'coords': (2, 0), 'dir': 'W', 'score': 0}
 ---> {'coords': (2, 0), 'dir': 'W', 'score': 0}
 * Selected, based on ranking: {'coords': (2, 0), 'dir': 'W', 'score': 0}
 * The candidate has value 2.2 and coords (2, 0)
 * Checking direction:
 ---> Trend is: E
 ---> Complex Trend is: {'E': 6.0, 'NE': 3, 'N': 3.5, 'SE': 1, 'S': 0.5}
 ---> Allowed dirs based on Complex Trend are: ['NE', 'E', 'SE']
 ---> Direction W IS NOT ok! Last was NE [last 10: ['NE', 'E', 'N', 'E', 'E', 'N', 'SE', 'E', 'NE', 'NE']] -- Modifying matrix...
[LINE 4]		nan 		nan 		nan 		1.77		1.87		
[LINE 3]		nan 		1.84		1.75		1.73		1.8 		
[LINE 2]		nan 		1.99		-inf		nan 		nan 		
[LINE 1]		nan 		-inf		nan 		nan 		nan 		
[LINE 0]		-inf		nan 		nan 		nan 		nan 		
 * Ranking:
 ---> {'coords': (2, 1), 'dir': 'W', 'score': 0}
 ---> {'coords': (2, 1), 'dir': 'W', 'score': 0}
 * Selected, based on ranking: {'coords': (2, 1), 'dir': 'W', 'score': 0}
 * The candidate has value 1.99 and coords (2, 1)
 * Checking direction:
 ---> Trend is: E
 ---> Complex Trend is: {'E': 6.0, 'NE': 3, 'N': 3.5, 'SE': 1, 'S': 0.5}
 ---> Allowed dirs based on Complex Trend are: ['NE', 'E', 'SE']
 ---> Direction W IS NOT ok! Last was NE [last 10: ['NE', 'E', 'N', 'E', 'E', 'N', 'SE', 'E', 'NE', 'NE']] -- Modifying matrix...
[LINE 4]		nan 		nan 		nan 		1.77		1.87		
[LINE 3]		nan 		1.84		1.75		1.73		1.8 		
[LINE 2]		nan 		nan 		-inf		nan 		nan 		
[LINE 1]		nan 		-inf		nan 		nan 		nan 		
[LINE 0]		-inf		nan 		nan 		nan 		nan 		
 * Ranking:
 ---> {'coords': (3, 1), 'dir': 'NW', 'score': 1}
 ---> {'coords': (3, 1), 'dir': 'NW', 'score': 1}
 ---> {'coords': (3, 4), 'dir': 'NE', 'score': 19}
 ---> {'coords': (3, 4), 'dir': 'NE', 'score': 19}
 ---> {'coords': (4, 4), 'dir': 'NE', 'score': 19}
 ---> {'coords': (4, 4), 'dir': 'NE', 'score': 19}
 * Selected, based on ranking: {'coords': (3, 4), 'dir': 'NE', 'score': 19}
 * The candidate has value 1.87 and coords (3, 4)
 * Checking direction:
 ---> Trend is: E
 ---> Complex Trend is: {'E': 6.0, 'NE': 3, 'N': 3.5, 'SE': 1, 'S': 0.5}
 ---> Allowed dirs based on Complex Trend are: ['NE', 'E', 'SE']
 ---> Direction NE ok (last was NE)! -- [Last 10: ['NE', 'E', 'N', 'E', 'E', 'N', 'SE', 'E', 'NE', 'NE']]
 * Selected element is (3, 4) with value 1.87
Next element is NE with direction 1.8
New matrix will be centered on 68,58 with depth 1.8
TREND IS ('E', {'E': 6.0, 'NE': 3, 'N': 3.5, 'SE': 1, 'S': 0.5}) --- (['E', 'N', 'E', 'E', 'N', 'SE', 'E', 'NE', 'NE', 'NE'])
============================================================
Iteration 46 with LAT_IDX: 68 and LON_IDX: 58 with DEPTH 1.8043966
 * Adding to the thalweg 68, 58 (depth 1.8)... Let's look at his neighborhood...
 * The extracted matrix is:
[LINE 4]		nan 		nan 		1.95		2.1 		2.28		
[LINE 3]		nan 		1.77		1.87		2.03		2.23		
[LINE 2]		1.75		1.73		-inf		nan 		nan 		
[LINE 1]		-inf		nan 		nan 		nan 		nan 		
[LINE 0]		nan 		nan 		nan 		nan 		nan 		
 * Ranking:
 ---> {'coords': (3, 4), 'dir': 'NE', 'score': 19}
 ---> {'coords': (3, 4), 'dir': 'NE', 'score': 19}
 ---> {'coords': (4, 4), 'dir': 'NE', 'score': 19}
 ---> {'coords': (4, 4), 'dir': 'NE', 'score': 19}
 * Selected, based on ranking: {'coords': (3, 4), 'dir': 'NE', 'score': 19}
 * The candidate has value 2.28 and coords (3, 4)
 * Checking direction:
 ---> Trend is: E
 ---> Complex Trend is: {'E': 6.0, 'NE': 3, 'N': 3.5, 'SE': 1, 'S': 0.5}
 ---> Allowed dirs based on Complex Trend are: ['NE', 'E', 'SE']
 ---> Direction NE ok (last was NE)! -- [Last 10: ['E', 'N', 'E', 'E', 'N', 'SE', 'E', 'NE', 'NE', 'NE']]
 * Selected element is (3, 4) with value 2.28
Next element is NE with direction 2.23
New matrix will be centered on 69,60 with depth 2.23
TREND IS ('NE', {'NE': 4, 'E': 5.5, 'N': 4.0, 'SE': 1, 'S': 0.5}) --- (['N', 'E', 'E', 'N', 'SE', 'E', 'NE', 'NE', 'NE', 'NE'])
============================================================
Iteration 47 with LAT_IDX: 69 and LON_IDX: 60 with DEPTH 2.2300506
 * Adding to the thalweg 69, 60 (depth 2.23)... Let's look at his neighborhood...
 * The extracted matrix is:
[LINE 4]		nan 		nan 		2.3 		2.4 		2.49		
[LINE 3]		1.95		2.1 		2.28		2.42		2.49		
[LINE 2]		1.87		2.03		-inf		nan 		nan 		
[LINE 1]		-inf		nan 		nan 		nan 		nan 		
[LINE 0]		nan 		nan 		nan 		nan 		nan 		
 * Ranking:
 ---> {'coords': (3, 3), 'dir': 'NE', 'score': 19}
 ---> {'coords': (3, 3), 'dir': 'NE', 'score': 19}
 ---> {'coords': (3, 4), 'dir': 'NE', 'score': 19}
 ---> {'coords': (3, 4), 'dir': 'NE', 'score': 19}
 ---> {'coords': (4, 3), 'dir': 'NE', 'score': 19}
 ---> {'coords': (4, 3), 'dir': 'NE', 'score': 19}
 ---> {'coords': (4, 4), 'dir': 'NE', 'score': 19}
 ---> {'coords': (4, 4), 'dir': 'NE', 'score': 19}
 * Selected, based on ranking: {'coords': (3, 3), 'dir': 'NE', 'score': 19}
 * The candidate has value 2.49 and coords (3, 3)
 * Checking direction:
 ---> Trend is: NE
 ---> Complex Trend is: {'NE': 4, 'E': 5.5, 'N': 4.0, 'SE': 1, 'S': 0.5}
 ---> Allowed dirs based on Complex Trend are: ['NE', 'E', 'SE']
 ---> Direction NE ok (last was NE)! -- [Last 10: ['N', 'E', 'E', 'N', 'SE', 'E', 'NE', 'NE', 'NE', 'NE']]
 * Selected element is (3, 3) with value 2.49
Next element is NE with direction 2.42
New matrix will be centered on 70,61 with depth 2.42
TREND IS ('NE', {'NE': 5, 'E': 6.0, 'N': 3.5, 'SE': 1, 'S': 0.5}) --- (['E', 'E', 'N', 'SE', 'E', 'NE', 'NE', 'NE', 'NE', 'NE'])
============================================================
Iteration 48 with LAT_IDX: 70 and LON_IDX: 61 with DEPTH 2.4167922
 * Adding to the thalweg 70, 61 (depth 2.42)... Let's look at his neighborhood...
 * The extracted matrix is:
[LINE 4]		nan 		nan 		nan 		2.5 		2.56		
[LINE 3]		nan 		2.3 		2.4 		2.49		2.55		
[LINE 2]		2.1 		2.28		-inf		2.49		nan 		
[LINE 1]		2.03		-inf		nan 		nan 		nan 		
[LINE 0]		nan 		nan 		nan 		nan 		nan 		
 * Ranking:
 ---> {'coords': (2, 3), 'dir': 'E', 'score': 15}
 ---> {'coords': (2, 3), 'dir': 'E', 'score': 15}
 ---> {'coords': (3, 3), 'dir': 'NE', 'score': 19}
 ---> {'coords': (3, 3), 'dir': 'NE', 'score': 19}
 ---> {'coords': (3, 4), 'dir': 'NE', 'score': 19}
 ---> {'coords': (3, 4), 'dir': 'NE', 'score': 19}
 ---> {'coords': (4, 3), 'dir': 'NE', 'score': 19}
 ---> {'coords': (4, 3), 'dir': 'NE', 'score': 19}
 ---> {'coords': (4, 4), 'dir': 'NE', 'score': 19}
 ---> {'coords': (4, 4), 'dir': 'NE', 'score': 19}
 * Selected, based on ranking: {'coords': (3, 3), 'dir': 'NE', 'score': 19}
 * The candidate has value 2.56 and coords (3, 3)
 * Checking direction:
 ---> Trend is: NE
 ---> Complex Trend is: {'NE': 5, 'E': 6.0, 'N': 3.5, 'SE': 1, 'S': 0.5}
 ---> Allowed dirs based on Complex Trend are: ['NE', 'E', 'SE']
 ---> Direction NE ok (last was NE)! -- [Last 10: ['E', 'E', 'N', 'SE', 'E', 'NE', 'NE', 'NE', 'NE', 'NE']]
 * Selected element is (3, 3) with value 2.56
Next element is NE with direction 2.49
New matrix will be centered on 71,62 with depth 2.49
TREND IS ('NE', {'NE': 6, 'E': 5.5, 'N': 4.0, 'SE': 1, 'S': 0.5}) --- (['E', 'N', 'SE', 'E', 'NE', 'NE', 'NE', 'NE', 'NE', 'NE'])
============================================================
Iteration 49 with LAT_IDX: 71 and LON_IDX: 62 with DEPTH 2.4865754
 * Adding to the thalweg 71, 62 (depth 2.49)... Let's look at his neighborhood...
 * The extracted matrix is:
[LINE 4]		nan 		nan 		nan 		nan 		2.63		
[LINE 3]		nan 		nan 		2.5 		2.56		2.61		
[LINE 2]		2.3 		2.4 		-inf		2.55		2.6 		
[LINE 1]		2.28		-inf		2.49		nan 		nan 		
[LINE 0]		-inf		nan 		nan 		nan 		nan 		
 * Ranking:
 ---> {'coords': (2, 3), 'dir': 'E', 'score': 15}
 ---> {'coords': (2, 3), 'dir': 'E', 'score': 15}
 ---> {'coords': (2, 4), 'dir': 'E', 'score': 15}
 ---> {'coords': (2, 4), 'dir': 'E', 'score': 15}
 ---> {'coords': (3, 3), 'dir': 'NE', 'score': 19}
 ---> {'coords': (3, 3), 'dir': 'NE', 'score': 19}
 ---> {'coords': (3, 4), 'dir': 'NE', 'score': 19}
 ---> {'coords': (3, 4), 'dir': 'NE', 'score': 19}
 ---> {'coords': (4, 4), 'dir': 'NE', 'score': 19}
 ---> {'coords': (4, 4), 'dir': 'NE', 'score': 19}
 * Selected, based on ranking: {'coords': (3, 3), 'dir': 'NE', 'score': 19}
 * The candidate has value 2.63 and coords (3, 3)
 * Checking direction:
 ---> Trend is: NE
 ---> Complex Trend is: {'NE': 6, 'E': 5.5, 'N': 4.0, 'SE': 1, 'S': 0.5}
 ---> Allowed dirs based on Complex Trend are: ['N', 'NE', 'E', 'NE', 'E', 'SE']
 ---> Direction NE ok (last was NE)! -- [Last 10: ['E', 'N', 'SE', 'E', 'NE', 'NE', 'NE', 'NE', 'NE', 'NE']]
 * Selected element is (3, 3) with value 2.63
Next element is NE with direction 2.56
New matrix will be centered on 72,63 with depth 2.56
TREND IS ('NE', {'NE': 7, 'N': 4.5, 'SE': 1, 'E': 5.0, 'S': 0.5}) --- (['N', 'SE', 'E', 'NE', 'NE', 'NE', 'NE', 'NE', 'NE', 'NE'])
============================================================
Iteration 50 with LAT_IDX: 72 and LON_IDX: 63 with DEPTH 2.5604432
 * Adding to the thalweg 72, 63 (depth 2.56)... Let's look at his neighborhood...
 * The extracted matrix is:
[LINE 4]		nan 		nan 		nan 		nan 		nan 		
[LINE 3]		nan 		nan 		nan 		2.63		2.69		
[LINE 2]		nan 		2.5 		-inf		2.61		2.66		
[LINE 1]		2.4 		-inf		2.55		2.6 		nan 		
[LINE 0]		-inf		2.49		nan 		nan 		nan 		
 * Ranking:
 ---> {'coords': (1, 3), 'dir': 'SE', 'score': 1}
 ---> {'coords': (1, 3), 'dir': 'SE', 'score': 1}
 ---> {'coords': (2, 3), 'dir': 'E', 'score': 15}
 ---> {'coords': (2, 3), 'dir': 'E', 'score': 15}
 ---> {'coords': (2, 4), 'dir': 'E', 'score': 15}
 ---> {'coords': (2, 4), 'dir': 'E', 'score': 15}
 ---> {'coords': (3, 3), 'dir': 'NE', 'score': 19}
 ---> {'coords': (3, 3), 'dir': 'NE', 'score': 19}
 ---> {'coords': (3, 4), 'dir': 'NE', 'score': 19}
 ---> {'coords': (3, 4), 'dir': 'NE', 'score': 19}
 * Selected, based on ranking: {'coords': (3, 3), 'dir': 'NE', 'score': 19}
 * The candidate has value 2.69 and coords (3, 3)
 * Checking direction:
 ---> Trend is: NE
 ---> Complex Trend is: {'NE': 7, 'N': 4.5, 'SE': 1, 'E': 5.0, 'S': 0.5}
 ---> Allowed dirs based on Complex Trend are: ['N', 'NE', 'E']
 ---> Direction NE ok (last was NE)! -- [Last 10: ['N', 'SE', 'E', 'NE', 'NE', 'NE', 'NE', 'NE', 'NE', 'NE']]
 * Selected element is (3, 3) with value 2.69
Next element is NE with direction 2.63
New matrix will be centered on 73,64 with depth 2.63
TREND IS ('NE', {'NE': 8, 'SE': 1, 'E': 5.5, 'N': 4.0, 'S': 0.5}) --- (['SE', 'E', 'NE', 'NE', 'NE', 'NE', 'NE', 'NE', 'NE', 'NE'])
============================================================
Iteration 51 with LAT_IDX: 73 and LON_IDX: 64 with DEPTH 2.6348157
 * Adding to the thalweg 73, 64 (depth 2.63)... Let's look at his neighborhood...
 * The extracted matrix is:
[LINE 4]		nan 		nan 		nan 		nan 		nan 		
[LINE 3]		nan 		nan 		nan 		nan 		2.77		
[LINE 2]		nan 		nan 		-inf		2.69		2.74		
[LINE 1]		2.5 		-inf		2.61		2.66		2.72		
[LINE 0]		-inf		2.55		2.6 		nan 		nan 		
 * Ranking:
 ---> {'coords': (1, 4), 'dir': 'SE', 'score': 1}
 ---> {'coords': (1, 4), 'dir': 'SE', 'score': 1}
 ---> {'coords': (2, 3), 'dir': 'E', 'score': 15}
 ---> {'coords': (2, 3), 'dir': 'E', 'score': 15}
 ---> {'coords': (2, 4), 'dir': 'E', 'score': 15}
 ---> {'coords': (2, 4), 'dir': 'E', 'score': 15}
 ---> {'coords': (3, 4), 'dir': 'NE', 'score': 19}
 ---> {'coords': (3, 4), 'dir': 'NE', 'score': 19}
 * Selected, based on ranking: {'coords': (3, 4), 'dir': 'NE', 'score': 19}
 * The candidate has value 2.77 and coords (3, 4)
 * Checking direction:
 ---> Trend is: NE
 ---> Complex Trend is: {'NE': 8, 'SE': 1, 'E': 5.5, 'N': 4.0, 'S': 0.5}
 ---> Allowed dirs based on Complex Trend are: ['N', 'NE', 'E']
 ---> Direction NE ok (last was NE)! -- [Last 10: ['SE', 'E', 'NE', 'NE', 'NE', 'NE', 'NE', 'NE', 'NE', 'NE']]
 * Selected element is (3, 4) with value 2.77
Next element is NE with direction 2.77
New matrix will be centered on 74,66 with depth 2.77
TREND IS ('NE', {'NE': 9, 'E': 5.5, 'N': 4.5}) --- (['E', 'NE', 'NE', 'NE', 'NE', 'NE', 'NE', 'NE', 'NE', 'NE'])
============================================================
Iteration 52 with LAT_IDX: 74 and LON_IDX: 66 with DEPTH 2.7738056
 * Adding to the thalweg 74, 66 (depth 2.77)... Let's look at his neighborhood...
 * The extracted matrix is:
[LINE 4]		nan 		nan 		nan 		nan 		nan 		
[LINE 3]		nan 		nan 		nan 		2.8 		2.79		
[LINE 2]		nan 		nan 		-inf		2.8 		2.8 		
[LINE 1]		-inf		2.69		2.74		2.79		2.8 		
[LINE 0]		2.61		2.66		2.72		nan 		nan 		
 * Ranking:
 ---> {'coords': (0, 2), 'dir': 'S', 'score': 0}
 ---> {'coords': (0, 2), 'dir': 'S', 'score': 0}
 ---> {'coords': (1, 2), 'dir': 'S', 'score': 0}
 ---> {'coords': (1, 2), 'dir': 'S', 'score': 0}
 ---> {'coords': (1, 3), 'dir': 'SE', 'score': 1}
 ---> {'coords': (1, 3), 'dir': 'SE', 'score': 1}
 ---> {'coords': (1, 4), 'dir': 'SE', 'score': 1}
 ---> {'coords': (1, 4), 'dir': 'SE', 'score': 1}
 ---> {'coords': (2, 3), 'dir': 'E', 'score': 15}
 ---> {'coords': (2, 3), 'dir': 'E', 'score': 15}
 ---> {'coords': (2, 4), 'dir': 'E', 'score': 15}
 ---> {'coords': (2, 4), 'dir': 'E', 'score': 15}
 ---> {'coords': (3, 3), 'dir': 'NE', 'score': 19}
 ---> {'coords': (3, 3), 'dir': 'NE', 'score': 19}
 ---> {'coords': (3, 4), 'dir': 'NE', 'score': 19}
 ---> {'coords': (3, 4), 'dir': 'NE', 'score': 19}
 * Selected, based on ranking: {'coords': (3, 3), 'dir': 'NE', 'score': 19}
 * The candidate has value 2.8 and coords (3, 3)
 * Checking direction:
 ---> Trend is: NE
 ---> Complex Trend is: {'NE': 9, 'E': 5.5, 'N': 4.5}
 ---> Allowed dirs based on Complex Trend are: ['N', 'NE', 'E']
 ---> Direction NE ok (last was NE)! -- [Last 10: ['E', 'NE', 'NE', 'NE', 'NE', 'NE', 'NE', 'NE', 'NE', 'NE']]
 * Selected element is (3, 3) with value 2.8
Next element is NE with direction 2.8
New matrix will be centered on 75,67 with depth 2.8
TREND IS ('NE', {'NE': 10, 'N': 5.0, 'E': 5.0}) --- (['NE', 'NE', 'NE', 'NE', 'NE', 'NE', 'NE', 'NE', 'NE', 'NE'])
============================================================
Iteration 53 with LAT_IDX: 75 and LON_IDX: 67 with DEPTH 2.8040626
 * Adding to the thalweg 75, 67 (depth 2.8)... Let's look at his neighborhood...
 * The extracted matrix is:
[LINE 4]		nan 		nan 		nan 		nan 		nan 		
[LINE 3]		nan 		nan 		nan 		nan 		2.7 		
[LINE 2]		nan 		nan 		-inf		2.79		2.76		
[LINE 1]		nan 		-inf		2.8 		2.8 		2.79		
[LINE 0]		2.69		2.74		2.79		2.8 		nan 		
 * Ranking:
 ---> {'coords': (0, 1), 'dir': 'SW', 'score': 0}
 ---> {'coords': (0, 1), 'dir': 'SW', 'score': 0}
 ---> {'coords': (0, 2), 'dir': 'S', 'score': 0}
 ---> {'coords': (0, 2), 'dir': 'S', 'score': 0}
 ---> {'coords': (0, 3), 'dir': 'SE', 'score': 1}
 ---> {'coords': (0, 3), 'dir': 'SE', 'score': 1}
 ---> {'coords': (1, 2), 'dir': 'S', 'score': 0}
 ---> {'coords': (1, 2), 'dir': 'S', 'score': 0}
 ---> {'coords': (1, 3), 'dir': 'SE', 'score': 1}
 ---> {'coords': (1, 3), 'dir': 'SE', 'score': 1}
 ---> {'coords': (1, 4), 'dir': 'SE', 'score': 1}
 ---> {'coords': (1, 4), 'dir': 'SE', 'score': 1}
 ---> {'coords': (2, 3), 'dir': 'E', 'score': 15}
 ---> {'coords': (2, 3), 'dir': 'E', 'score': 15}
 ---> {'coords': (2, 4), 'dir': 'E', 'score': 15}
 ---> {'coords': (2, 4), 'dir': 'E', 'score': 15}
 ---> {'coords': (3, 4), 'dir': 'NE', 'score': 19}
 ---> {'coords': (3, 4), 'dir': 'NE', 'score': 19}
 * Selected, based on ranking: {'coords': (3, 4), 'dir': 'NE', 'score': 19}
 * The candidate has value 2.8 and coords (3, 4)
 * Checking direction:
 ---> Trend is: NE
 ---> Complex Trend is: {'NE': 10, 'N': 5.0, 'E': 5.0}
 ---> Allowed dirs based on Complex Trend are: ['N', 'NE', 'E']
 ---> Direction NE ok (last was NE)! -- [Last 10: ['NE', 'NE', 'NE', 'NE', 'NE', 'NE', 'NE', 'NE', 'NE', 'NE']]
 * Selected element is (3, 4) with value 2.8
Next element is NE with direction 2.7
New matrix will be centered on 76,69 with depth 2.7
TREND IS ('NE', {'NE': 10, 'N': 5.0, 'E': 5.0}) --- (['NE', 'NE', 'NE', 'NE', 'NE', 'NE', 'NE', 'NE', 'NE', 'NE'])
============================================================
Iteration 54 with LAT_IDX: 76 and LON_IDX: 69 with DEPTH 2.6982324
 * Adding to the thalweg 76, 69 (depth 2.7)... Let's look at his neighborhood...
 * The extracted matrix is:
[LINE 4]		nan 		nan 		nan 		nan 		nan 		
[LINE 3]		nan 		nan 		nan 		nan 		2.3 		
[LINE 2]		nan 		nan 		-inf		2.59		2.47		
[LINE 1]		-inf		2.79		2.76		2.69		2.57		
[LINE 0]		2.8 		2.8 		2.79		2.74		nan 		
 * Ranking:
 ---> {'coords': (0, 0), 'dir': 'SW', 'score': 0}
 ---> {'coords': (0, 0), 'dir': 'SW', 'score': 0}
 ---> {'coords': (0, 1), 'dir': 'SW', 'score': 0}
 ---> {'coords': (0, 1), 'dir': 'SW', 'score': 0}
 ---> {'coords': (0, 2), 'dir': 'S', 'score': 0}
 ---> {'coords': (0, 2), 'dir': 'S', 'score': 0}
 ---> {'coords': (0, 3), 'dir': 'SE', 'score': 1}
 ---> {'coords': (0, 3), 'dir': 'SE', 'score': 1}
 ---> {'coords': (1, 1), 'dir': 'SW', 'score': 0}
 ---> {'coords': (1, 1), 'dir': 'SW', 'score': 0}
 ---> {'coords': (1, 2), 'dir': 'S', 'score': 0}
 ---> {'coords': (1, 2), 'dir': 'S', 'score': 0}
 * Selected, based on ranking: {'coords': (0, 3), 'dir': 'SE', 'score': 1}
 * The candidate has value 2.8 and coords (0, 3)
 * Checking direction:
 ---> Trend is: NE
 ---> Complex Trend is: {'NE': 10, 'N': 5.0, 'E': 5.0}
 ---> Allowed dirs based on Complex Trend are: ['N', 'NE', 'E']
 ---> Direction SE IS NOT ok! Last was NE [last 10: ['NE', 'NE', 'NE', 'NE', 'NE', 'NE', 'NE', 'NE', 'NE', 'NE']] -- Modifying matrix...
[LINE 4]		nan 		nan 		nan 		nan 		nan 		
[LINE 3]		nan 		nan 		nan 		nan 		2.3 		
[LINE 2]		nan 		nan 		-inf		2.59		2.47		
[LINE 1]		-inf		2.79		2.76		2.69		2.57		
[LINE 0]		2.8 		2.8 		2.79		nan 		nan 		
 * Ranking:
 ---> {'coords': (0, 0), 'dir': 'SW', 'score': 0}
 ---> {'coords': (0, 0), 'dir': 'SW', 'score': 0}
 ---> {'coords': (0, 1), 'dir': 'SW', 'score': 0}
 ---> {'coords': (0, 1), 'dir': 'SW', 'score': 0}
 ---> {'coords': (0, 2), 'dir': 'S', 'score': 0}
 ---> {'coords': (0, 2), 'dir': 'S', 'score': 0}
 ---> {'coords': (1, 1), 'dir': 'SW', 'score': 0}
 ---> {'coords': (1, 1), 'dir': 'SW', 'score': 0}
 ---> {'coords': (1, 2), 'dir': 'S', 'score': 0}
 ---> {'coords': (1, 2), 'dir': 'S', 'score': 0}
 * Selected, based on ranking: {'coords': (0, 0), 'dir': 'SW', 'score': 0}
 * The candidate has value 2.8 and coords (0, 0)
 * Checking direction:
 ---> Trend is: NE
 ---> Complex Trend is: {'NE': 10, 'N': 5.0, 'E': 5.0}
 ---> Allowed dirs based on Complex Trend are: ['N', 'NE', 'E']
 ---> Direction SW IS NOT ok! Last was NE [last 10: ['NE', 'NE', 'NE', 'NE', 'NE', 'NE', 'NE', 'NE', 'NE', 'NE']] -- Modifying matrix...
[LINE 4]		nan 		nan 		nan 		nan 		nan 		
[LINE 3]		nan 		nan 		nan 		nan 		2.3 		
[LINE 2]		nan 		nan 		-inf		2.59		2.47		
[LINE 1]		-inf		2.79		2.76		2.69		2.57		
[LINE 0]		nan 		2.8 		2.79		nan 		nan 		
 * Ranking:
 ---> {'coords': (0, 1), 'dir': 'SW', 'score': 0}
 ---> {'coords': (0, 1), 'dir': 'SW', 'score': 0}
 ---> {'coords': (0, 2), 'dir': 'S', 'score': 0}
 ---> {'coords': (0, 2), 'dir': 'S', 'score': 0}
 ---> {'coords': (1, 1), 'dir': 'SW', 'score': 0}
 ---> {'coords': (1, 1), 'dir': 'SW', 'score': 0}
 ---> {'coords': (1, 2), 'dir': 'S', 'score': 0}
 ---> {'coords': (1, 2), 'dir': 'S', 'score': 0}
 * Selected, based on ranking: {'coords': (0, 1), 'dir': 'SW', 'score': 0}
 * The candidate has value 2.8 and coords (0, 1)
 * Checking direction:
 ---> Trend is: NE
 ---> Complex Trend is: {'NE': 10, 'N': 5.0, 'E': 5.0}
 ---> Allowed dirs based on Complex Trend are: ['N', 'NE', 'E']
 ---> Direction SW IS NOT ok! Last was NE [last 10: ['NE', 'NE', 'NE', 'NE', 'NE', 'NE', 'NE', 'NE', 'NE', 'NE']] -- Modifying matrix...
[LINE 4]		nan 		nan 		nan 		nan 		nan 		
[LINE 3]		nan 		nan 		nan 		nan 		2.3 		
[LINE 2]		nan 		nan 		-inf		2.59		2.47		
[LINE 1]		-inf		2.79		2.76		2.69		2.57		
[LINE 0]		nan 		nan 		2.79		nan 		nan 		
 * Ranking:
 ---> {'coords': (0, 2), 'dir': 'S', 'score': 0}
 ---> {'coords': (0, 2), 'dir': 'S', 'score': 0}
 ---> {'coords': (1, 1), 'dir': 'SW', 'score': 0}
 ---> {'coords': (1, 1), 'dir': 'SW', 'score': 0}
 ---> {'coords': (1, 2), 'dir': 'S', 'score': 0}
 ---> {'coords': (1, 2), 'dir': 'S', 'score': 0}
 ---> {'coords': (1, 3), 'dir': 'SE', 'score': 1}
 ---> {'coords': (1, 3), 'dir': 'SE', 'score': 1}
 * Selected, based on ranking: {'coords': (1, 3), 'dir': 'SE', 'score': 1}
 * The candidate has value 2.79 and coords (1, 3)
 * Checking direction:
 ---> Trend is: NE
 ---> Complex Trend is: {'NE': 10, 'N': 5.0, 'E': 5.0}
 ---> Allowed dirs based on Complex Trend are: ['N', 'NE', 'E']
 ---> Direction SE IS NOT ok! Last was NE [last 10: ['NE', 'NE', 'NE', 'NE', 'NE', 'NE', 'NE', 'NE', 'NE', 'NE']] -- Modifying matrix...
[LINE 4]		nan 		nan 		nan 		nan 		nan 		
[LINE 3]		nan 		nan 		nan 		nan 		2.3 		
[LINE 2]		nan 		nan 		-inf		2.59		2.47		
[LINE 1]		-inf		2.79		2.76		nan 		2.57		
[LINE 0]		nan 		nan 		2.79		nan 		nan 		
 * Ranking:
 ---> {'coords': (0, 2), 'dir': 'S', 'score': 0}
 ---> {'coords': (0, 2), 'dir': 'S', 'score': 0}
 ---> {'coords': (1, 1), 'dir': 'SW', 'score': 0}
 ---> {'coords': (1, 1), 'dir': 'SW', 'score': 0}
 ---> {'coords': (1, 2), 'dir': 'S', 'score': 0}
 ---> {'coords': (1, 2), 'dir': 'S', 'score': 0}
 * Selected, based on ranking: {'coords': (0, 2), 'dir': 'S', 'score': 0}
 * The candidate has value 2.79 and coords (0, 2)
 * Checking direction:
 ---> Trend is: NE
 ---> Complex Trend is: {'NE': 10, 'N': 5.0, 'E': 5.0}
 ---> Allowed dirs based on Complex Trend are: ['N', 'NE', 'E']
 ---> Direction S IS NOT ok! Last was NE [last 10: ['NE', 'NE', 'NE', 'NE', 'NE', 'NE', 'NE', 'NE', 'NE', 'NE']] -- Modifying matrix...
[LINE 4]		nan 		nan 		nan 		nan 		nan 		
[LINE 3]		nan 		nan 		nan 		nan 		2.3 		
[LINE 2]		nan 		nan 		-inf		2.59		2.47		
[LINE 1]		-inf		2.79		2.76		nan 		2.57		
[LINE 0]		nan 		nan 		nan 		nan 		nan 		
 * Ranking:
 ---> {'coords': (1, 1), 'dir': 'SW', 'score': 0}
 ---> {'coords': (1, 1), 'dir': 'SW', 'score': 0}
 ---> {'coords': (1, 2), 'dir': 'S', 'score': 0}
 ---> {'coords': (1, 2), 'dir': 'S', 'score': 0}
 * Selected, based on ranking: {'coords': (1, 1), 'dir': 'SW', 'score': 0}
 * The candidate has value 2.79 and coords (1, 1)
 * Checking direction:
 ---> Trend is: NE
 ---> Complex Trend is: {'NE': 10, 'N': 5.0, 'E': 5.0}
 ---> Allowed dirs based on Complex Trend are: ['N', 'NE', 'E']
 ---> Direction SW IS NOT ok! Last was NE [last 10: ['NE', 'NE', 'NE', 'NE', 'NE', 'NE', 'NE', 'NE', 'NE', 'NE']] -- Modifying matrix...
[LINE 4]		nan 		nan 		nan 		nan 		nan 		
[LINE 3]		nan 		nan 		nan 		nan 		2.3 		
[LINE 2]		nan 		nan 		-inf		2.59		2.47		
[LINE 1]		-inf		nan 		2.76		nan 		2.57		
[LINE 0]		nan 		nan 		nan 		nan 		nan 		
 * Ranking:
 ---> {'coords': (1, 2), 'dir': 'S', 'score': 0}
 ---> {'coords': (1, 2), 'dir': 'S', 'score': 0}
 * Selected, based on ranking: {'coords': (1, 2), 'dir': 'S', 'score': 0}
 * The candidate has value 2.76 and coords (1, 2)
 * Checking direction:
 ---> Trend is: NE
 ---> Complex Trend is: {'NE': 10, 'N': 5.0, 'E': 5.0}
 ---> Allowed dirs based on Complex Trend are: ['N', 'NE', 'E']
 ---> Direction S IS NOT ok! Last was NE [last 10: ['NE', 'NE', 'NE', 'NE', 'NE', 'NE', 'NE', 'NE', 'NE', 'NE']] -- Modifying matrix...
[LINE 4]		nan 		nan 		nan 		nan 		nan 		
[LINE 3]		nan 		nan 		nan 		nan 		2.3 		
[LINE 2]		nan 		nan 		-inf		2.59		2.47		
[LINE 1]		-inf		nan 		nan 		nan 		2.57		
[LINE 0]		nan 		nan 		nan 		nan 		nan 		
 * Ranking:
 ---> {'coords': (1, 4), 'dir': 'SE', 'score': 1}
 ---> {'coords': (1, 4), 'dir': 'SE', 'score': 1}
 ---> {'coords': (2, 3), 'dir': 'E', 'score': 15}
 ---> {'coords': (2, 3), 'dir': 'E', 'score': 15}
 * Selected, based on ranking: {'coords': (2, 3), 'dir': 'E', 'score': 15}
 * The candidate has value 2.59 and coords (2, 3)
 * Checking direction:
 ---> Trend is: NE
 ---> Complex Trend is: {'NE': 10, 'N': 5.0, 'E': 5.0}
 ---> Allowed dirs based on Complex Trend are: ['N', 'NE', 'E']
 ---> Direction E ok (last was NE)! -- [Last 10: ['NE', 'NE', 'NE', 'NE', 'NE', 'NE', 'NE', 'NE', 'NE', 'NE']]
 * Selected element is (2, 3) with value 2.59
Next element is E with direction 2.59
New matrix will be centered on 76,70 with depth 2.59
TREND IS ('NE', {'NE': 9, 'E': 5.5, 'N': 4.5}) --- (['NE', 'NE', 'NE', 'NE', 'NE', 'NE', 'NE', 'NE', 'NE', 'E'])
============================================================
Iteration 55 with LAT_IDX: 76 and LON_IDX: 70 with DEPTH 2.587996
 * Adding to the thalweg 76, 70 (depth 2.59)... Let's look at his neighborhood...
 * The extracted matrix is:
[LINE 4]		nan 		nan 		nan 		nan 		2.11		
[LINE 3]		nan 		nan 		nan 		2.3 		2.22		
[LINE 2]		nan 		-inf		-inf		2.47		2.37		
[LINE 1]		2.79		2.76		2.69		2.57		nan 		
[LINE 0]		2.8 		2.79		2.74		nan 		nan 		
 * Ranking:
 ---> {'coords': (0, 0), 'dir': 'SW', 'score': 0}
 ---> {'coords': (0, 0), 'dir': 'SW', 'score': 0}
 ---> {'coords': (0, 1), 'dir': 'SW', 'score': 0}
 ---> {'coords': (0, 1), 'dir': 'SW', 'score': 0}
 ---> {'coords': (0, 2), 'dir': 'S', 'score': 1}
 ---> {'coords': (0, 2), 'dir': 'S', 'score': 1}
 ---> {'coords': (1, 0), 'dir': 'SW', 'score': 0}
 ---> {'coords': (1, 0), 'dir': 'SW', 'score': 0}
 ---> {'coords': (1, 1), 'dir': 'SW', 'score': 0}
 ---> {'coords': (1, 1), 'dir': 'SW', 'score': 0}
 * Selected, based on ranking: {'coords': (0, 2), 'dir': 'S', 'score': 1}
 * The candidate has value 2.8 and coords (0, 2)
 * Checking direction:
 ---> Trend is: NE
 ---> Complex Trend is: {'NE': 9, 'E': 5.5, 'N': 4.5}
 ---> Allowed dirs based on Complex Trend are: ['N', 'NE', 'E']
 ---> Direction S IS NOT ok! Last was E [last 10: ['NE', 'NE', 'NE', 'NE', 'NE', 'NE', 'NE', 'NE', 'NE', 'E']] -- Modifying matrix...
[LINE 4]		nan 		nan 		nan 		nan 		2.11		
[LINE 3]		nan 		nan 		nan 		2.3 		2.22		
[LINE 2]		nan 		-inf		-inf		2.47		2.37		
[LINE 1]		2.79		2.76		2.69		2.57		nan 		
[LINE 0]		2.8 		2.79		nan 		nan 		nan 		
 * Ranking:
 ---> {'coords': (0, 0), 'dir': 'SW', 'score': 0}
 ---> {'coords': (0, 0), 'dir': 'SW', 'score': 0}
 ---> {'coords': (0, 1), 'dir': 'SW', 'score': 0}
 ---> {'coords': (0, 1), 'dir': 'SW', 'score': 0}
 ---> {'coords': (1, 0), 'dir': 'SW', 'score': 0}
 ---> {'coords': (1, 0), 'dir': 'SW', 'score': 0}
 ---> {'coords': (1, 1), 'dir': 'SW', 'score': 0}
 ---> {'coords': (1, 1), 'dir': 'SW', 'score': 0}
 * Selected, based on ranking: {'coords': (0, 0), 'dir': 'SW', 'score': 0}
 * The candidate has value 2.8 and coords (0, 0)
 * Checking direction:
 ---> Trend is: NE
 ---> Complex Trend is: {'NE': 9, 'E': 5.5, 'N': 4.5}
 ---> Allowed dirs based on Complex Trend are: ['N', 'NE', 'E']
 ---> Direction SW IS NOT ok! Last was E [last 10: ['NE', 'NE', 'NE', 'NE', 'NE', 'NE', 'NE', 'NE', 'NE', 'E']] -- Modifying matrix...
[LINE 4]		nan 		nan 		nan 		nan 		2.11		
[LINE 3]		nan 		nan 		nan 		2.3 		2.22		
[LINE 2]		nan 		-inf		-inf		2.47		2.37		
[LINE 1]		2.79		2.76		2.69		2.57		nan 		
[LINE 0]		nan 		2.79		nan 		nan 		nan 		
 * Ranking:
 ---> {'coords': (0, 1), 'dir': 'SW', 'score': 0}
 ---> {'coords': (0, 1), 'dir': 'SW', 'score': 0}
 ---> {'coords': (1, 0), 'dir': 'SW', 'score': 0}
 ---> {'coords': (1, 0), 'dir': 'SW', 'score': 0}
 ---> {'coords': (1, 1), 'dir': 'SW', 'score': 0}
 ---> {'coords': (1, 1), 'dir': 'SW', 'score': 0}
 ---> {'coords': (1, 2), 'dir': 'S', 'score': 1}
 ---> {'coords': (1, 2), 'dir': 'S', 'score': 1}
 * Selected, based on ranking: {'coords': (1, 2), 'dir': 'S', 'score': 1}
 * The candidate has value 2.79 and coords (1, 2)
 * Checking direction:
 ---> Trend is: NE
 ---> Complex Trend is: {'NE': 9, 'E': 5.5, 'N': 4.5}
 ---> Allowed dirs based on Complex Trend are: ['N', 'NE', 'E']
 ---> Direction S IS NOT ok! Last was E [last 10: ['NE', 'NE', 'NE', 'NE', 'NE', 'NE', 'NE', 'NE', 'NE', 'E']] -- Modifying matrix...
[LINE 4]		nan 		nan 		nan 		nan 		2.11		
[LINE 3]		nan 		nan 		nan 		2.3 		2.22		
[LINE 2]		nan 		-inf		-inf		2.47		2.37		
[LINE 1]		2.79		2.76		nan 		2.57		nan 		
[LINE 0]		nan 		2.79		nan 		nan 		nan 		
 * Ranking:
 ---> {'coords': (0, 1), 'dir': 'SW', 'score': 0}
 ---> {'coords': (0, 1), 'dir': 'SW', 'score': 0}
 ---> {'coords': (1, 0), 'dir': 'SW', 'score': 0}
 ---> {'coords': (1, 0), 'dir': 'SW', 'score': 0}
 ---> {'coords': (1, 1), 'dir': 'SW', 'score': 0}
 ---> {'coords': (1, 1), 'dir': 'SW', 'score': 0}
 * Selected, based on ranking: {'coords': (0, 1), 'dir': 'SW', 'score': 0}
 * The candidate has value 2.79 and coords (0, 1)
 * Checking direction:
 ---> Trend is: NE
 ---> Complex Trend is: {'NE': 9, 'E': 5.5, 'N': 4.5}
 ---> Allowed dirs based on Complex Trend are: ['N', 'NE', 'E']
 ---> Direction SW IS NOT ok! Last was E [last 10: ['NE', 'NE', 'NE', 'NE', 'NE', 'NE', 'NE', 'NE', 'NE', 'E']] -- Modifying matrix...
[LINE 4]		nan 		nan 		nan 		nan 		2.11		
[LINE 3]		nan 		nan 		nan 		2.3 		2.22		
[LINE 2]		nan 		-inf		-inf		2.47		2.37		
[LINE 1]		2.79		2.76		nan 		2.57		nan 		
[LINE 0]		nan 		nan 		nan 		nan 		nan 		
 * Ranking:
 ---> {'coords': (1, 0), 'dir': 'SW', 'score': 0}
 ---> {'coords': (1, 0), 'dir': 'SW', 'score': 0}
 ---> {'coords': (1, 1), 'dir': 'SW', 'score': 0}
 ---> {'coords': (1, 1), 'dir': 'SW', 'score': 0}
 * Selected, based on ranking: {'coords': (1, 0), 'dir': 'SW', 'score': 0}
 * The candidate has value 2.79 and coords (1, 0)
 * Checking direction:
 ---> Trend is: NE
 ---> Complex Trend is: {'NE': 9, 'E': 5.5, 'N': 4.5}
 ---> Allowed dirs based on Complex Trend are: ['N', 'NE', 'E']
 ---> Direction SW IS NOT ok! Last was E [last 10: ['NE', 'NE', 'NE', 'NE', 'NE', 'NE', 'NE', 'NE', 'NE', 'E']] -- Modifying matrix...
[LINE 4]		nan 		nan 		nan 		nan 		2.11		
[LINE 3]		nan 		nan 		nan 		2.3 		2.22		
[LINE 2]		nan 		-inf		-inf		2.47		2.37		
[LINE 1]		nan 		2.76		nan 		2.57		nan 		
[LINE 0]		nan 		nan 		nan 		nan 		nan 		
 * Ranking:
 ---> {'coords': (1, 1), 'dir': 'SW', 'score': 0}
 ---> {'coords': (1, 1), 'dir': 'SW', 'score': 0}
 * Selected, based on ranking: {'coords': (1, 1), 'dir': 'SW', 'score': 0}
 * The candidate has value 2.76 and coords (1, 1)
 * Checking direction:
 ---> Trend is: NE
 ---> Complex Trend is: {'NE': 9, 'E': 5.5, 'N': 4.5}
 ---> Allowed dirs based on Complex Trend are: ['N', 'NE', 'E']
 ---> Direction SW IS NOT ok! Last was E [last 10: ['NE', 'NE', 'NE', 'NE', 'NE', 'NE', 'NE', 'NE', 'NE', 'E']] -- Modifying matrix...
[LINE 4]		nan 		nan 		nan 		nan 		2.11		
[LINE 3]		nan 		nan 		nan 		2.3 		2.22		
[LINE 2]		nan 		-inf		-inf		2.47		2.37		
[LINE 1]		nan 		nan 		nan 		2.57		nan 		
[LINE 0]		nan 		nan 		nan 		nan 		nan 		
 * Ranking:
 ---> {'coords': (1, 3), 'dir': 'SE', 'score': 5}
 ---> {'coords': (1, 3), 'dir': 'SE', 'score': 5}
 ---> {'coords': (2, 3), 'dir': 'E', 'score': 19}
 ---> {'coords': (2, 3), 'dir': 'E', 'score': 19}
 * Selected, based on ranking: {'coords': (2, 3), 'dir': 'E', 'score': 19}
 * The candidate has value 2.57 and coords (2, 3)
 * Checking direction:
 ---> Trend is: NE
 ---> Complex Trend is: {'NE': 9, 'E': 5.5, 'N': 4.5}
 ---> Allowed dirs based on Complex Trend are: ['N', 'NE', 'E']
 ---> Direction E ok (last was E)! -- [Last 10: ['NE', 'NE', 'NE', 'NE', 'NE', 'NE', 'NE', 'NE', 'NE', 'E']]
 * Selected element is (2, 3) with value 2.57
Next element is E with direction 2.47
New matrix will be centered on 76,71 with depth 2.47
TREND IS ('NE', {'NE': 8, 'E': 6.0, 'N': 4.0}) --- (['NE', 'NE', 'NE', 'NE', 'NE', 'NE', 'NE', 'NE', 'E', 'E'])
============================================================
Iteration 56 with LAT_IDX: 76 and LON_IDX: 71 with DEPTH 2.4689002
 * Adding to the thalweg 76, 71 (depth 2.47)... Let's look at his neighborhood...
 * The extracted matrix is:
[LINE 4]		nan 		nan 		nan 		2.11		2.05		
[LINE 3]		nan 		nan 		2.3 		2.22		2.18		
[LINE 2]		-inf		-inf		-inf		2.37		2.29		
[LINE 1]		2.76		2.69		2.57		nan 		nan 		
[LINE 0]		2.79		2.74		nan 		nan 		nan 		
 * Ranking:
 ---> {'coords': (0, 0), 'dir': 'SW', 'score': 0}
 ---> {'coords': (0, 0), 'dir': 'SW', 'score': 0}
 ---> {'coords': (0, 1), 'dir': 'SW', 'score': 0}
 ---> {'coords': (0, 1), 'dir': 'SW', 'score': 0}
 ---> {'coords': (1, 0), 'dir': 'SW', 'score': 0}
 ---> {'coords': (1, 0), 'dir': 'SW', 'score': 0}
 ---> {'coords': (1, 1), 'dir': 'SW', 'score': 0}
 ---> {'coords': (1, 1), 'dir': 'SW', 'score': 0}
 * Selected, based on ranking: {'coords': (0, 0), 'dir': 'SW', 'score': 0}
 * The candidate has value 2.79 and coords (0, 0)
 * Checking direction:
 ---> Trend is: NE
 ---> Complex Trend is: {'NE': 8, 'E': 6.0, 'N': 4.0}
 ---> Allowed dirs based on Complex Trend are: ['N', 'NE', 'E']
 ---> Direction SW IS NOT ok! Last was E [last 10: ['NE', 'NE', 'NE', 'NE', 'NE', 'NE', 'NE', 'NE', 'E', 'E']] -- Modifying matrix...
[LINE 4]		nan 		nan 		nan 		2.11		2.05		
[LINE 3]		nan 		nan 		2.3 		2.22		2.18		
[LINE 2]		-inf		-inf		-inf		2.37		2.29		
[LINE 1]		2.76		2.69		2.57		nan 		nan 		
[LINE 0]		nan 		2.74		nan 		nan 		nan 		
 * Ranking:
 ---> {'coords': (0, 1), 'dir': 'SW', 'score': 0}
 ---> {'coords': (0, 1), 'dir': 'SW', 'score': 0}
 ---> {'coords': (1, 0), 'dir': 'SW', 'score': 0}
 ---> {'coords': (1, 0), 'dir': 'SW', 'score': 0}
 ---> {'coords': (1, 1), 'dir': 'SW', 'score': 0}
 ---> {'coords': (1, 1), 'dir': 'SW', 'score': 0}
 * Selected, based on ranking: {'coords': (0, 1), 'dir': 'SW', 'score': 0}
 * The candidate has value 2.76 and coords (0, 1)
 * Checking direction:
 ---> Trend is: NE
 ---> Complex Trend is: {'NE': 8, 'E': 6.0, 'N': 4.0}
 ---> Allowed dirs based on Complex Trend are: ['N', 'NE', 'E']
 ---> Direction SW IS NOT ok! Last was E [last 10: ['NE', 'NE', 'NE', 'NE', 'NE', 'NE', 'NE', 'NE', 'E', 'E']] -- Modifying matrix...
[LINE 4]		nan 		nan 		nan 		2.11		2.05		
[LINE 3]		nan 		nan 		2.3 		2.22		2.18		
[LINE 2]		-inf		-inf		-inf		2.37		2.29		
[LINE 1]		2.76		2.69		2.57		nan 		nan 		
[LINE 0]		nan 		nan 		nan 		nan 		nan 		
 * Ranking:
 ---> {'coords': (1, 0), 'dir': 'SW', 'score': 0}
 ---> {'coords': (1, 0), 'dir': 'SW', 'score': 0}
 ---> {'coords': (1, 1), 'dir': 'SW', 'score': 0}
 ---> {'coords': (1, 1), 'dir': 'SW', 'score': 0}
 * Selected, based on ranking: {'coords': (1, 0), 'dir': 'SW', 'score': 0}
 * The candidate has value 2.76 and coords (1, 0)
 * Checking direction:
 ---> Trend is: NE
 ---> Complex Trend is: {'NE': 8, 'E': 6.0, 'N': 4.0}
 ---> Allowed dirs based on Complex Trend are: ['N', 'NE', 'E']
 ---> Direction SW IS NOT ok! Last was E [last 10: ['NE', 'NE', 'NE', 'NE', 'NE', 'NE', 'NE', 'NE', 'E', 'E']] -- Modifying matrix...
[LINE 4]		nan 		nan 		nan 		2.11		2.05		
[LINE 3]		nan 		nan 		2.3 		2.22		2.18		
[LINE 2]		-inf		-inf		-inf		2.37		2.29		
[LINE 1]		nan 		2.69		2.57		nan 		nan 		
[LINE 0]		nan 		nan 		nan 		nan 		nan 		
 * Ranking:
 ---> {'coords': (1, 1), 'dir': 'SW', 'score': 0}
 ---> {'coords': (1, 1), 'dir': 'SW', 'score': 0}
 * Selected, based on ranking: {'coords': (1, 1), 'dir': 'SW', 'score': 0}
 * The candidate has value 2.69 and coords (1, 1)
 * Checking direction:
 ---> Trend is: NE
 ---> Complex Trend is: {'NE': 8, 'E': 6.0, 'N': 4.0}
 ---> Allowed dirs based on Complex Trend are: ['N', 'NE', 'E']
 ---> Direction SW IS NOT ok! Last was E [last 10: ['NE', 'NE', 'NE', 'NE', 'NE', 'NE', 'NE', 'NE', 'E', 'E']] -- Modifying matrix...
[LINE 4]		nan 		nan 		nan 		2.11		2.05		
[LINE 3]		nan 		nan 		2.3 		2.22		2.18		
[LINE 2]		-inf		-inf		-inf		2.37		2.29		
[LINE 1]		nan 		nan 		2.57		nan 		nan 		
[LINE 0]		nan 		nan 		nan 		nan 		nan 		
 * Ranking:
 ---> {'coords': (1, 2), 'dir': 'S', 'score': 1}
 ---> {'coords': (1, 2), 'dir': 'S', 'score': 1}
 * Selected, based on ranking: {'coords': (1, 2), 'dir': 'S', 'score': 1}
 * The candidate has value 2.57 and coords (1, 2)
 * Checking direction:
 ---> Trend is: NE
 ---> Complex Trend is: {'NE': 8, 'E': 6.0, 'N': 4.0}
 ---> Allowed dirs based on Complex Trend are: ['N', 'NE', 'E']
 ---> Direction S IS NOT ok! Last was E [last 10: ['NE', 'NE', 'NE', 'NE', 'NE', 'NE', 'NE', 'NE', 'E', 'E']] -- Modifying matrix...
[LINE 4]		nan 		nan 		nan 		2.11		2.05		
[LINE 3]		nan 		nan 		2.3 		2.22		2.18		
[LINE 2]		-inf		-inf		-inf		2.37		2.29		
[LINE 1]		nan 		nan 		nan 		nan 		nan 		
[LINE 0]		nan 		nan 		nan 		nan 		nan 		
 * Ranking:
 ---> {'coords': (2, 3), 'dir': 'E', 'score': 19}
 ---> {'coords': (2, 3), 'dir': 'E', 'score': 19}
 ---> {'coords': (2, 4), 'dir': 'E', 'score': 19}
 ---> {'coords': (2, 4), 'dir': 'E', 'score': 19}
 ---> {'coords': (3, 2), 'dir': 'N', 'score': 11}
 ---> {'coords': (3, 2), 'dir': 'N', 'score': 11}
 * Selected, based on ranking: {'coords': (2, 3), 'dir': 'E', 'score': 19}
 * The candidate has value 2.37 and coords (2, 3)
 * Checking direction:
 ---> Trend is: NE
 ---> Complex Trend is: {'NE': 8, 'E': 6.0, 'N': 4.0}
 ---> Allowed dirs based on Complex Trend are: ['N', 'NE', 'E']
 ---> Direction E ok (last was E)! -- [Last 10: ['NE', 'NE', 'NE', 'NE', 'NE', 'NE', 'NE', 'NE', 'E', 'E']]
 * Selected element is (2, 3) with value 2.37
Next element is E with direction 2.37
New matrix will be centered on 76,72 with depth 2.37
TREND IS ('NE', {'NE': 7, 'E': 6.5, 'N': 3.5}) --- (['NE', 'NE', 'NE', 'NE', 'NE', 'NE', 'NE', 'E', 'E', 'E'])
============================================================
Iteration 57 with LAT_IDX: 76 and LON_IDX: 72 with DEPTH 2.3707466
 * Adding to the thalweg 76, 72 (depth 2.37)... Let's look at his neighborhood...
 * The extracted matrix is:
[LINE 4]		nan 		nan 		2.11		2.05		2.08		
[LINE 3]		nan 		2.3 		2.22		2.18		2.2 		
[LINE 2]		-inf		-inf		-inf		2.29		nan 		
[LINE 1]		2.69		2.57		nan 		nan 		nan 		
[LINE 0]		2.74		nan 		nan 		nan 		nan 		
 * Ranking:
 ---> {'coords': (0, 0), 'dir': 'SW', 'score': 0}
 ---> {'coords': (0, 0), 'dir': 'SW', 'score': 0}
 ---> {'coords': (1, 0), 'dir': 'SW', 'score': 0}
 ---> {'coords': (1, 0), 'dir': 'SW', 'score': 0}
 * Selected, based on ranking: {'coords': (0, 0), 'dir': 'SW', 'score': 0}
 * The candidate has value 2.74 and coords (0, 0)
 * Checking direction:
 ---> Trend is: NE
 ---> Complex Trend is: {'NE': 7, 'E': 6.5, 'N': 3.5}
 ---> Allowed dirs based on Complex Trend are: ['N', 'NE', 'E', 'NE', 'E', 'SE']
 ---> Direction SW IS NOT ok! Last was E [last 10: ['NE', 'NE', 'NE', 'NE', 'NE', 'NE', 'NE', 'E', 'E', 'E']] -- Modifying matrix...
[LINE 4]		nan 		nan 		2.11		2.05		2.08		
[LINE 3]		nan 		2.3 		2.22		2.18		2.2 		
[LINE 2]		-inf		-inf		-inf		2.29		nan 		
[LINE 1]		2.69		2.57		nan 		nan 		nan 		
[LINE 0]		nan 		nan 		nan 		nan 		nan 		
 * Ranking:
 ---> {'coords': (1, 0), 'dir': 'SW', 'score': 0}
 ---> {'coords': (1, 0), 'dir': 'SW', 'score': 0}
 * Selected, based on ranking: {'coords': (1, 0), 'dir': 'SW', 'score': 0}
 * The candidate has value 2.69 and coords (1, 0)
 * Checking direction:
 ---> Trend is: NE
 ---> Complex Trend is: {'NE': 7, 'E': 6.5, 'N': 3.5}
 ---> Allowed dirs based on Complex Trend are: ['N', 'NE', 'E', 'NE', 'E', 'SE']
 ---> Direction SW IS NOT ok! Last was E [last 10: ['NE', 'NE', 'NE', 'NE', 'NE', 'NE', 'NE', 'E', 'E', 'E']] -- Modifying matrix...
[LINE 4]		nan 		nan 		2.11		2.05		2.08		
[LINE 3]		nan 		2.3 		2.22		2.18		2.2 		
[LINE 2]		-inf		-inf		-inf		2.29		nan 		
[LINE 1]		nan 		2.57		nan 		nan 		nan 		
[LINE 0]		nan 		nan 		nan 		nan 		nan 		
 * Ranking:
 ---> {'coords': (1, 1), 'dir': 'SW', 'score': 0}
 ---> {'coords': (1, 1), 'dir': 'SW', 'score': 0}
 * Selected, based on ranking: {'coords': (1, 1), 'dir': 'SW', 'score': 0}
 * The candidate has value 2.57 and coords (1, 1)
 * Checking direction:
 ---> Trend is: NE
 ---> Complex Trend is: {'NE': 7, 'E': 6.5, 'N': 3.5}
 ---> Allowed dirs based on Complex Trend are: ['N', 'NE', 'E', 'NE', 'E', 'SE']
 ---> Direction SW IS NOT ok! Last was E [last 10: ['NE', 'NE', 'NE', 'NE', 'NE', 'NE', 'NE', 'E', 'E', 'E']] -- Modifying matrix...
[LINE 4]		nan 		nan 		2.11		2.05		2.08		
[LINE 3]		nan 		2.3 		2.22		2.18		2.2 		
[LINE 2]		-inf		-inf		-inf		2.29		nan 		
[LINE 1]		nan 		nan 		nan 		nan 		nan 		
[LINE 0]		nan 		nan 		nan 		nan 		nan 		
 * Ranking:
 ---> {'coords': (2, 3), 'dir': 'E', 'score': 19}
 ---> {'coords': (2, 3), 'dir': 'E', 'score': 19}
 ---> {'coords': (3, 1), 'dir': 'NW', 'score': 0}
 ---> {'coords': (3, 1), 'dir': 'NW', 'score': 0}
 ---> {'coords': (3, 2), 'dir': 'N', 'score': 11}
 ---> {'coords': (3, 2), 'dir': 'N', 'score': 11}
 ---> {'coords': (3, 4), 'dir': 'NE', 'score': 15}
 ---> {'coords': (3, 4), 'dir': 'NE', 'score': 15}
 * Selected, based on ranking: {'coords': (2, 3), 'dir': 'E', 'score': 19}
 * The candidate has value 2.3 and coords (2, 3)
 * Checking direction:
 ---> Trend is: NE
 ---> Complex Trend is: {'NE': 7, 'E': 6.5, 'N': 3.5}
 ---> Allowed dirs based on Complex Trend are: ['N', 'NE', 'E', 'NE', 'E', 'SE']
 ---> Direction E ok (last was E)! -- [Last 10: ['NE', 'NE', 'NE', 'NE', 'NE', 'NE', 'NE', 'E', 'E', 'E']]
 * Selected element is (2, 3) with value 2.3
Next element is E with direction 2.29
New matrix will be centered on 76,73 with depth 2.29
TREND IS ('NE', {'NE': 6, 'E': 7.0, 'N': 3.0}) --- (['NE', 'NE', 'NE', 'NE', 'NE', 'NE', 'E', 'E', 'E', 'E'])
============================================================
Iteration 58 with LAT_IDX: 76 and LON_IDX: 73 with DEPTH 2.294986
 * Adding to the thalweg 76, 73 (depth 2.29)... Let's look at his neighborhood...
 * The extracted matrix is:
[LINE 4]		nan 		2.11		2.05		2.08		2.15		
[LINE 3]		2.3 		2.22		2.18		2.2 		2.24		
[LINE 2]		-inf		-inf		-inf		nan 		nan 		
[LINE 1]		2.57		nan 		nan 		nan 		nan 		
[LINE 0]		nan 		nan 		nan 		nan 		nan 		
 * Ranking:
 ---> {'coords': (1, 0), 'dir': 'SW', 'score': 0}
 ---> {'coords': (1, 0), 'dir': 'SW', 'score': 0}
 * Selected, based on ranking: {'coords': (1, 0), 'dir': 'SW', 'score': 0}
 * The candidate has value 2.57 and coords (1, 0)
 * Checking direction:
 ---> Trend is: NE
 ---> Complex Trend is: {'NE': 6, 'E': 7.0, 'N': 3.0}
 ---> Allowed dirs based on Complex Trend are: ['NE', 'E', 'SE']
 ---> Direction SW IS NOT ok! Last was E [last 10: ['NE', 'NE', 'NE', 'NE', 'NE', 'NE', 'E', 'E', 'E', 'E']] -- Modifying matrix...
[LINE 4]		nan 		2.11		2.05		2.08		2.15		
[LINE 3]		2.3 		2.22		2.18		2.2 		2.24		
[LINE 2]		-inf		-inf		-inf		nan 		nan 		
[LINE 1]		nan 		nan 		nan 		nan 		nan 		
[LINE 0]		nan 		nan 		nan 		nan 		nan 		
 * Ranking:
 ---> {'coords': (3, 0), 'dir': 'NW', 'score': 0}
 ---> {'coords': (3, 0), 'dir': 'NW', 'score': 0}
 ---> {'coords': (3, 1), 'dir': 'NW', 'score': 0}
 ---> {'coords': (3, 1), 'dir': 'NW', 'score': 0}
 ---> {'coords': (3, 3), 'dir': 'NE', 'score': 15}
 ---> {'coords': (3, 3), 'dir': 'NE', 'score': 15}
 ---> {'coords': (3, 4), 'dir': 'NE', 'score': 15}
 ---> {'coords': (3, 4), 'dir': 'NE', 'score': 15}
 * Selected, based on ranking: {'coords': (3, 3), 'dir': 'NE', 'score': 15}
 * The candidate has value 2.3 and coords (3, 3)
 * Checking direction:
 ---> Trend is: NE
 ---> Complex Trend is: {'NE': 6, 'E': 7.0, 'N': 3.0}
 ---> Allowed dirs based on Complex Trend are: ['NE', 'E', 'SE']
 ---> Direction NE ok (last was E)! -- [Last 10: ['NE', 'NE', 'NE', 'NE', 'NE', 'NE', 'E', 'E', 'E', 'E']]
 * Selected element is (3, 3) with value 2.3
Next element is NE with direction 2.2
New matrix will be centered on 77,74 with depth 2.2
TREND IS ('NE', {'NE': 6, 'E': 7.0, 'N': 3.0}) --- (['NE', 'NE', 'NE', 'NE', 'NE', 'E', 'E', 'E', 'E', 'NE'])
============================================================
Iteration 59 with LAT_IDX: 77 and LON_IDX: 74 with DEPTH 2.1961327
 * Adding to the thalweg 77, 74 (depth 2.2)... Let's look at his neighborhood...
 * The extracted matrix is:
[LINE 4]		nan 		nan 		1.99		2.01		2.02		
[LINE 3]		2.11		2.05		2.08		2.15		2.2 		
[LINE 2]		2.22		2.18		-inf		2.24		2.26		
[LINE 1]		-inf		-inf		nan 		nan 		nan 		
[LINE 0]		nan 		nan 		nan 		nan 		nan 		
 * Ranking:
 ---> {'coords': (2, 0), 'dir': 'W', 'score': 0}
 ---> {'coords': (2, 0), 'dir': 'W', 'score': 0}
 ---> {'coords': (2, 1), 'dir': 'W', 'score': 0}
 ---> {'coords': (2, 1), 'dir': 'W', 'score': 0}
 ---> {'coords': (2, 3), 'dir': 'E', 'score': 15}
 ---> {'coords': (2, 3), 'dir': 'E', 'score': 15}
 ---> {'coords': (2, 4), 'dir': 'E', 'score': 15}
 ---> {'coords': (2, 4), 'dir': 'E', 'score': 15}
 ---> {'coords': (3, 4), 'dir': 'NE', 'score': 19}
 ---> {'coords': (3, 4), 'dir': 'NE', 'score': 19}
 * Selected, based on ranking: {'coords': (3, 4), 'dir': 'NE', 'score': 19}
 * The candidate has value 2.26 and coords (3, 4)
 * Checking direction:
 ---> Trend is: NE
 ---> Complex Trend is: {'NE': 6, 'E': 7.0, 'N': 3.0}
 ---> Allowed dirs based on Complex Trend are: ['NE', 'E', 'SE']
 ---> Direction NE ok (last was NE)! -- [Last 10: ['NE', 'NE', 'NE', 'NE', 'NE', 'E', 'E', 'E', 'E', 'NE']]
 * Selected element is (3, 4) with value 2.26
Next element is NE with direction 2.2
New matrix will be centered on 78,76 with depth 2.2
TREND IS ('NE', {'NE': 6, 'E': 7.0, 'N': 3.0}) --- (['NE', 'NE', 'NE', 'NE', 'E', 'E', 'E', 'E', 'NE', 'NE'])
============================================================
Iteration 60 with LAT_IDX: 78 and LON_IDX: 76 with DEPTH 2.1953413
 * Adding to the thalweg 78, 76 (depth 2.2)... Let's look at his neighborhood...
 * The extracted matrix is:
[LINE 4]		nan 		nan 		1.91		1.86		1.85		
[LINE 3]		1.99		2.01		2.02		2.01		1.99		
[LINE 2]		2.08		2.15		-inf		2.18		2.1 		
[LINE 1]		-inf		2.24		2.26		nan 		nan 		
[LINE 0]		nan 		nan 		nan 		nan 		nan 		
 * Ranking:
 ---> {'coords': (1, 1), 'dir': 'SW', 'score': 0}
 ---> {'coords': (1, 1), 'dir': 'SW', 'score': 0}
 ---> {'coords': (1, 2), 'dir': 'S', 'score': 0}
 ---> {'coords': (1, 2), 'dir': 'S', 'score': 0}
 ---> {'coords': (2, 3), 'dir': 'E', 'score': 15}
 ---> {'coords': (2, 3), 'dir': 'E', 'score': 15}
 * Selected, based on ranking: {'coords': (2, 3), 'dir': 'E', 'score': 15}
 * The candidate has value 2.26 and coords (2, 3)
 * Checking direction:
 ---> Trend is: NE
 ---> Complex Trend is: {'NE': 6, 'E': 7.0, 'N': 3.0}
 ---> Allowed dirs based on Complex Trend are: ['NE', 'E', 'SE']
 ---> Direction E ok (last was NE)! -- [Last 10: ['NE', 'NE', 'NE', 'NE', 'E', 'E', 'E', 'E', 'NE', 'NE']]
 * Selected element is (2, 3) with value 2.26
Next element is E with direction 2.18
New matrix will be centered on 78,77 with depth 2.18
TREND IS ('NE', {'NE': 5, 'E': 7.5, 'N': 2.5}) --- (['NE', 'NE', 'NE', 'E', 'E', 'E', 'E', 'NE', 'NE', 'E'])
============================================================
Iteration 61 with LAT_IDX: 78 and LON_IDX: 77 with DEPTH 2.1802454
 * Adding to the thalweg 78, 77 (depth 2.18)... Let's look at his neighborhood...
 * The extracted matrix is:
[LINE 4]		nan 		1.91		1.86		1.85		1.83		
[LINE 3]		2.01		2.02		2.01		1.99		1.95		
[LINE 2]		2.15		-inf		-inf		2.1 		nan 		
[LINE 1]		2.24		2.26		nan 		nan 		nan 		
[LINE 0]		nan 		nan 		nan 		nan 		nan 		
 * Ranking:
 ---> {'coords': (1, 0), 'dir': 'SW', 'score': 0}
 ---> {'coords': (1, 0), 'dir': 'SW', 'score': 0}
 ---> {'coords': (1, 1), 'dir': 'SW', 'score': 0}
 ---> {'coords': (1, 1), 'dir': 'SW', 'score': 0}
 * Selected, based on ranking: {'coords': (1, 0), 'dir': 'SW', 'score': 0}
 * The candidate has value 2.26 and coords (1, 0)
 * Checking direction:
 ---> Trend is: NE
 ---> Complex Trend is: {'NE': 5, 'E': 7.5, 'N': 2.5}
 ---> Allowed dirs based on Complex Trend are: ['NE', 'E', 'SE']
 ---> Direction SW IS NOT ok! Last was E [last 10: ['NE', 'NE', 'NE', 'E', 'E', 'E', 'E', 'NE', 'NE', 'E']] -- Modifying matrix...
[LINE 4]		nan 		1.91		1.86		1.85		1.83		
[LINE 3]		2.01		2.02		2.01		1.99		1.95		
[LINE 2]		2.15		-inf		-inf		2.1 		nan 		
[LINE 1]		nan 		2.26		nan 		nan 		nan 		
[LINE 0]		nan 		nan 		nan 		nan 		nan 		
 * Ranking:
 ---> {'coords': (1, 1), 'dir': 'SW', 'score': 0}
 ---> {'coords': (1, 1), 'dir': 'SW', 'score': 0}
 * Selected, based on ranking: {'coords': (1, 1), 'dir': 'SW', 'score': 0}
 * The candidate has value 2.26 and coords (1, 1)
 * Checking direction:
 ---> Trend is: NE
 ---> Complex Trend is: {'NE': 5, 'E': 7.5, 'N': 2.5}
 ---> Allowed dirs based on Complex Trend are: ['NE', 'E', 'SE']
 ---> Direction SW IS NOT ok! Last was E [last 10: ['NE', 'NE', 'NE', 'E', 'E', 'E', 'E', 'NE', 'NE', 'E']] -- Modifying matrix...
[LINE 4]		nan 		1.91		1.86		1.85		1.83		
[LINE 3]		2.01		2.02		2.01		1.99		1.95		
[LINE 2]		2.15		-inf		-inf		2.1 		nan 		
[LINE 1]		nan 		nan 		nan 		nan 		nan 		
[LINE 0]		nan 		nan 		nan 		nan 		nan 		
 * Ranking:
 ---> {'coords': (2, 0), 'dir': 'W', 'score': 0}
 ---> {'coords': (2, 0), 'dir': 'W', 'score': 0}
 ---> {'coords': (2, 3), 'dir': 'E', 'score': 19}
 ---> {'coords': (2, 3), 'dir': 'E', 'score': 19}
 * Selected, based on ranking: {'coords': (2, 3), 'dir': 'E', 'score': 19}
 * The candidate has value 2.15 and coords (2, 3)
 * Checking direction:
 ---> Trend is: NE
 ---> Complex Trend is: {'NE': 5, 'E': 7.5, 'N': 2.5}
 ---> Allowed dirs based on Complex Trend are: ['NE', 'E', 'SE']
 ---> Direction E ok (last was E)! -- [Last 10: ['NE', 'NE', 'NE', 'E', 'E', 'E', 'E', 'NE', 'NE', 'E']]
 * Selected element is (2, 3) with value 2.15
Next element is E with direction 2.1
New matrix will be centered on 78,78 with depth 2.1
TREND IS ('E', {'E': 8.0, 'NE': 4, 'N': 2.0}) --- (['NE', 'NE', 'E', 'E', 'E', 'E', 'NE', 'NE', 'E', 'E'])
============================================================
Iteration 62 with LAT_IDX: 78 and LON_IDX: 78 with DEPTH 2.1000936
 * Adding to the thalweg 78, 78 (depth 2.1)... Let's look at his neighborhood...
 * The extracted matrix is:
[LINE 4]		1.91		1.86		1.85		1.83		1.83		
[LINE 3]		2.02		2.01		1.99		1.95		1.94		
[LINE 2]		-inf		-inf		-inf		nan 		nan 		
[LINE 1]		2.26		nan 		nan 		nan 		nan 		
[LINE 0]		nan 		nan 		nan 		nan 		nan 		
 * Ranking:
 ---> {'coords': (1, 0), 'dir': 'SW', 'score': 0}
 ---> {'coords': (1, 0), 'dir': 'SW', 'score': 0}
 * Selected, based on ranking: {'coords': (1, 0), 'dir': 'SW', 'score': 0}
 * The candidate has value 2.26 and coords (1, 0)
 * Checking direction:
 ---> Trend is: E
 ---> Complex Trend is: {'E': 8.0, 'NE': 4, 'N': 2.0}
 ---> Allowed dirs based on Complex Trend are: ['NE', 'E', 'SE']
 ---> Direction SW IS NOT ok! Last was E [last 10: ['NE', 'NE', 'E', 'E', 'E', 'E', 'NE', 'NE', 'E', 'E']] -- Modifying matrix...
[LINE 4]		1.91		1.86		1.85		1.83		1.83		
[LINE 3]		2.02		2.01		1.99		1.95		1.94		
[LINE 2]		-inf		-inf		-inf		nan 		nan 		
[LINE 1]		nan 		nan 		nan 		nan 		nan 		
[LINE 0]		nan 		nan 		nan 		nan 		nan 		
 * Ranking:
 ---> {'coords': (3, 0), 'dir': 'NW', 'score': 0}
 ---> {'coords': (3, 0), 'dir': 'NW', 'score': 0}
 ---> {'coords': (3, 1), 'dir': 'NW', 'score': 0}
 ---> {'coords': (3, 1), 'dir': 'NW', 'score': 0}
 ---> {'coords': (3, 2), 'dir': 'N', 'score': 1}
 ---> {'coords': (3, 2), 'dir': 'N', 'score': 1}
 ---> {'coords': (3, 3), 'dir': 'NE', 'score': 15}
 ---> {'coords': (3, 3), 'dir': 'NE', 'score': 15}
 ---> {'coords': (3, 4), 'dir': 'NE', 'score': 15}
 ---> {'coords': (3, 4), 'dir': 'NE', 'score': 15}
 * Selected, based on ranking: {'coords': (3, 3), 'dir': 'NE', 'score': 15}
 * The candidate has value 2.02 and coords (3, 3)
 * Checking direction:
 ---> Trend is: E
 ---> Complex Trend is: {'E': 8.0, 'NE': 4, 'N': 2.0}
 ---> Allowed dirs based on Complex Trend are: ['NE', 'E', 'SE']
 ---> Direction NE ok (last was E)! -- [Last 10: ['NE', 'NE', 'E', 'E', 'E', 'E', 'NE', 'NE', 'E', 'E']]
 * Selected element is (3, 3) with value 2.02
Next element is NE with direction 1.95
New matrix will be centered on 79,79 with depth 1.95
TREND IS ('E', {'E': 8.0, 'NE': 4, 'N': 2.0}) --- (['NE', 'E', 'E', 'E', 'E', 'NE', 'NE', 'E', 'E', 'NE'])
============================================================
Iteration 63 with LAT_IDX: 79 and LON_IDX: 79 with DEPTH 1.9511827
 * Adding to the thalweg 79, 79 (depth 1.95)... Let's look at his neighborhood...
 * The extracted matrix is:
[LINE 4]		nan 		1.74		1.75		1.73		1.75		
[LINE 3]		1.86		1.85		1.83		1.83		1.89		
[LINE 2]		2.01		1.99		-inf		1.94		1.96		
[LINE 1]		-inf		-inf		nan 		nan 		nan 		
[LINE 0]		nan 		nan 		nan 		nan 		nan 		
 * Ranking:
 ---> {'coords': (2, 0), 'dir': 'W', 'score': 0}
 ---> {'coords': (2, 0), 'dir': 'W', 'score': 0}
 ---> {'coords': (2, 1), 'dir': 'W', 'score': 0}
 ---> {'coords': (2, 1), 'dir': 'W', 'score': 0}
 ---> {'coords': (2, 3), 'dir': 'E', 'score': 15}
 ---> {'coords': (2, 3), 'dir': 'E', 'score': 15}
 ---> {'coords': (2, 4), 'dir': 'E', 'score': 15}
 ---> {'coords': (2, 4), 'dir': 'E', 'score': 15}
 * Selected, based on ranking: {'coords': (2, 3), 'dir': 'E', 'score': 15}
 * The candidate has value 2.01 and coords (2, 3)
 * Checking direction:
 ---> Trend is: E
 ---> Complex Trend is: {'E': 8.0, 'NE': 4, 'N': 2.0}
 ---> Allowed dirs based on Complex Trend are: ['NE', 'E', 'SE']
 ---> Direction E ok (last was NE)! -- [Last 10: ['NE', 'E', 'E', 'E', 'E', 'NE', 'NE', 'E', 'E', 'NE']]
 * Selected element is (2, 3) with value 2.01
Next element is E with direction 1.94
New matrix will be centered on 79,80 with depth 1.94
TREND IS ('E', {'E': 8.5, 'NE': 3, 'N': 1.5}) --- (['E', 'E', 'E', 'E', 'NE', 'NE', 'E', 'E', 'NE', 'E'])
============================================================
Iteration 64 with LAT_IDX: 79 and LON_IDX: 80 with DEPTH 1.9412524
 * Adding to the thalweg 79, 80 (depth 1.94)... Let's look at his neighborhood...
 * The extracted matrix is:
[LINE 4]		1.74		1.75		1.73		1.75		1.75		
[LINE 3]		1.85		1.83		1.83		1.89		1.88		
[LINE 2]		1.99		-inf		-inf		1.96		nan 		
[LINE 1]		-inf		nan 		nan 		nan 		nan 		
[LINE 0]		nan 		nan 		nan 		nan 		nan 		
 * Ranking:
 ---> {'coords': (2, 0), 'dir': 'W', 'score': 0}
 ---> {'coords': (2, 0), 'dir': 'W', 'score': 0}
 ---> {'coords': (2, 3), 'dir': 'E', 'score': 19}
 ---> {'coords': (2, 3), 'dir': 'E', 'score': 19}
 * Selected, based on ranking: {'coords': (2, 3), 'dir': 'E', 'score': 19}
 * The candidate has value 1.99 and coords (2, 3)
 * Checking direction:
 ---> Trend is: E
 ---> Complex Trend is: {'E': 8.5, 'NE': 3, 'N': 1.5}
 ---> Allowed dirs based on Complex Trend are: ['NE', 'E', 'SE']
 ---> Direction E ok (last was E)! -- [Last 10: ['E', 'E', 'E', 'E', 'NE', 'NE', 'E', 'E', 'NE', 'E']]
 * Selected element is (2, 3) with value 1.99
Next element is E with direction 1.96
New matrix will be centered on 79,81 with depth 1.96
TREND IS ('E', {'E': 8.5, 'NE': 3, 'N': 1.5}) --- (['E', 'E', 'E', 'NE', 'NE', 'E', 'E', 'NE', 'E', 'E'])
============================================================
Iteration 65 with LAT_IDX: 79 and LON_IDX: 81 with DEPTH 1.9575188
 * Adding to the thalweg 79, 81 (depth 1.96)... Let's look at his neighborhood...
 * The extracted matrix is:
[LINE 4]		1.75		1.73		1.75		1.75		1.75		
[LINE 3]		1.83		1.83		1.89		1.88		1.85		
[LINE 2]		-inf		-inf		-inf		nan 		nan 		
[LINE 1]		nan 		nan 		nan 		nan 		nan 		
[LINE 0]		nan 		nan 		nan 		nan 		nan 		
 * Ranking:
 ---> {'coords': (3, 0), 'dir': 'NW', 'score': 0}
 ---> {'coords': (3, 0), 'dir': 'NW', 'score': 0}
 ---> {'coords': (3, 1), 'dir': 'NW', 'score': 0}
 ---> {'coords': (3, 1), 'dir': 'NW', 'score': 0}
 ---> {'coords': (3, 2), 'dir': 'N', 'score': 1}
 ---> {'coords': (3, 2), 'dir': 'N', 'score': 1}
 ---> {'coords': (3, 3), 'dir': 'NE', 'score': 15}
 ---> {'coords': (3, 3), 'dir': 'NE', 'score': 15}
 ---> {'coords': (3, 4), 'dir': 'NE', 'score': 15}
 ---> {'coords': (3, 4), 'dir': 'NE', 'score': 15}
 * Selected, based on ranking: {'coords': (3, 3), 'dir': 'NE', 'score': 15}
 * The candidate has value 1.89 and coords (3, 3)
 * Checking direction:
 ---> Trend is: E
 ---> Complex Trend is: {'E': 8.5, 'NE': 3, 'N': 1.5}
 ---> Allowed dirs based on Complex Trend are: ['NE', 'E', 'SE']
 ---> Direction NE ok (last was E)! -- [Last 10: ['E', 'E', 'E', 'NE', 'NE', 'E', 'E', 'NE', 'E', 'E']]
 * Selected element is (3, 3) with value 1.89
Next element is NE with direction 1.88
New matrix will be centered on 80,82 with depth 1.88
TREND IS ('E', {'E': 8.0, 'NE': 4, 'N': 2.0}) --- (['E', 'E', 'NE', 'NE', 'E', 'E', 'NE', 'E', 'E', 'NE'])
============================================================
Iteration 66 with LAT_IDX: 80 and LON_IDX: 82 with DEPTH 1.8823731
 * Adding to the thalweg 80, 82 (depth 1.88)... Let's look at his neighborhood...
 * The extracted matrix is:
[LINE 4]		nan 		1.65		1.6 		1.57		1.62		
[LINE 3]		1.73		1.75		1.75		1.75		1.78		
[LINE 2]		1.83		1.89		-inf		1.85		1.85		
[LINE 1]		-inf		-inf		nan 		nan 		nan 		
[LINE 0]		nan 		nan 		nan 		nan 		nan 		
 * Ranking:
 ---> {'coords': (2, 0), 'dir': 'W', 'score': 0}
 ---> {'coords': (2, 0), 'dir': 'W', 'score': 0}
 ---> {'coords': (2, 1), 'dir': 'W', 'score': 0}
 ---> {'coords': (2, 1), 'dir': 'W', 'score': 0}
 ---> {'coords': (2, 3), 'dir': 'E', 'score': 15}
 ---> {'coords': (2, 3), 'dir': 'E', 'score': 15}
 ---> {'coords': (2, 4), 'dir': 'E', 'score': 15}
 ---> {'coords': (2, 4), 'dir': 'E', 'score': 15}
 * Selected, based on ranking: {'coords': (2, 3), 'dir': 'E', 'score': 15}
 * The candidate has value 1.89 and coords (2, 3)
 * Checking direction:
 ---> Trend is: E
 ---> Complex Trend is: {'E': 8.0, 'NE': 4, 'N': 2.0}
 ---> Allowed dirs based on Complex Trend are: ['NE', 'E', 'SE']
 ---> Direction E ok (last was NE)! -- [Last 10: ['E', 'E', 'NE', 'NE', 'E', 'E', 'NE', 'E', 'E', 'NE']]
 * Selected element is (2, 3) with value 1.89
Next element is E with direction 1.85
New matrix will be centered on 80,83 with depth 1.85
TREND IS ('E', {'E': 8.0, 'NE': 4, 'N': 2.0}) --- (['E', 'NE', 'NE', 'E', 'E', 'NE', 'E', 'E', 'NE', 'E'])
============================================================
Iteration 67 with LAT_IDX: 80 and LON_IDX: 83 with DEPTH 1.8471926
 * Adding to the thalweg 80, 83 (depth 1.85)... Let's look at his neighborhood...
 * The extracted matrix is:
[LINE 4]		1.65		1.6 		1.57		1.62		1.61		
[LINE 3]		1.75		1.75		1.75		1.78		1.79		
[LINE 2]		1.89		-inf		-inf		1.85		1.87		
[LINE 1]		-inf		nan 		nan 		nan 		nan 		
[LINE 0]		nan 		nan 		nan 		nan 		nan 		
 * Ranking:
 ---> {'coords': (2, 0), 'dir': 'W', 'score': 0}
 ---> {'coords': (2, 0), 'dir': 'W', 'score': 0}
 ---> {'coords': (2, 3), 'dir': 'E', 'score': 19}
 ---> {'coords': (2, 3), 'dir': 'E', 'score': 19}
 ---> {'coords': (2, 4), 'dir': 'E', 'score': 19}
 ---> {'coords': (2, 4), 'dir': 'E', 'score': 19}
 * Selected, based on ranking: {'coords': (2, 3), 'dir': 'E', 'score': 19}
 * The candidate has value 1.89 and coords (2, 3)
 * Checking direction:
 ---> Trend is: E
 ---> Complex Trend is: {'E': 8.0, 'NE': 4, 'N': 2.0}
 ---> Allowed dirs based on Complex Trend are: ['NE', 'E', 'SE']
 ---> Direction E ok (last was E)! -- [Last 10: ['E', 'NE', 'NE', 'E', 'E', 'NE', 'E', 'E', 'NE', 'E']]
 * Selected element is (2, 3) with value 1.89
Next element is E with direction 1.85
New matrix will be centered on 80,84 with depth 1.85
TREND IS ('E', {'E': 8.0, 'NE': 4, 'N': 2.0}) --- (['NE', 'NE', 'E', 'E', 'NE', 'E', 'E', 'NE', 'E', 'E'])
============================================================
Iteration 68 with LAT_IDX: 80 and LON_IDX: 84 with DEPTH 1.8536795
 * Adding to the thalweg 80, 84 (depth 1.85)... Let's look at his neighborhood...
 * The extracted matrix is:
[LINE 4]		1.6 		1.57		1.62		1.61		1.57		
[LINE 3]		1.75		1.75		1.78		1.79		1.77		
[LINE 2]		-inf		-inf		-inf		1.87		1.87		
[LINE 1]		nan 		nan 		nan 		nan 		nan 		
[LINE 0]		nan 		nan 		nan 		nan 		nan 		
 * Ranking:
 ---> {'coords': (2, 3), 'dir': 'E', 'score': 19}
 ---> {'coords': (2, 3), 'dir': 'E', 'score': 19}
 ---> {'coords': (2, 4), 'dir': 'E', 'score': 19}
 ---> {'coords': (2, 4), 'dir': 'E', 'score': 19}
 ---> {'coords': (3, 2), 'dir': 'N', 'score': 1}
 ---> {'coords': (3, 2), 'dir': 'N', 'score': 1}
 ---> {'coords': (3, 3), 'dir': 'NE', 'score': 15}
 ---> {'coords': (3, 3), 'dir': 'NE', 'score': 15}
 * Selected, based on ranking: {'coords': (2, 3), 'dir': 'E', 'score': 19}
 * The candidate has value 1.87 and coords (2, 3)
 * Checking direction:
 ---> Trend is: E
 ---> Complex Trend is: {'E': 8.0, 'NE': 4, 'N': 2.0}
 ---> Allowed dirs based on Complex Trend are: ['NE', 'E', 'SE']
 ---> Direction E ok (last was E)! -- [Last 10: ['NE', 'NE', 'E', 'E', 'NE', 'E', 'E', 'NE', 'E', 'E']]
 * Selected element is (2, 3) with value 1.87
Next element is E with direction 1.87
New matrix will be centered on 80,85 with depth 1.87
TREND IS ('E', {'E': 8.5, 'NE': 3, 'N': 1.5}) --- (['NE', 'E', 'E', 'NE', 'E', 'E', 'NE', 'E', 'E', 'E'])
============================================================
Iteration 69 with LAT_IDX: 80 and LON_IDX: 85 with DEPTH 1.8713306
 * Adding to the thalweg 80, 85 (depth 1.87)... Let's look at his neighborhood...
 * The extracted matrix is:
[LINE 4]		1.57		1.62		1.61		1.57		1.56		
[LINE 3]		1.75		1.78		1.79		1.77		1.77		
[LINE 2]		-inf		-inf		-inf		1.87		1.83		
[LINE 1]		nan 		nan 		nan 		nan 		nan 		
[LINE 0]		nan 		nan 		nan 		nan 		nan 		
 * Ranking:
 ---> {'coords': (2, 3), 'dir': 'E', 'score': 19}
 ---> {'coords': (2, 3), 'dir': 'E', 'score': 19}
 ---> {'coords': (2, 4), 'dir': 'E', 'score': 19}
 ---> {'coords': (2, 4), 'dir': 'E', 'score': 19}
 ---> {'coords': (3, 1), 'dir': 'NW', 'score': 0}
 ---> {'coords': (3, 1), 'dir': 'NW', 'score': 0}
 ---> {'coords': (3, 2), 'dir': 'N', 'score': 1}
 ---> {'coords': (3, 2), 'dir': 'N', 'score': 1}
 * Selected, based on ranking: {'coords': (2, 3), 'dir': 'E', 'score': 19}
 * The candidate has value 1.87 and coords (2, 3)
 * Checking direction:
 ---> Trend is: E
 ---> Complex Trend is: {'E': 8.5, 'NE': 3, 'N': 1.5}
 ---> Allowed dirs based on Complex Trend are: ['NE', 'E', 'SE']
 ---> Direction E ok (last was E)! -- [Last 10: ['NE', 'E', 'E', 'NE', 'E', 'E', 'NE', 'E', 'E', 'E']]
 * Selected element is (2, 3) with value 1.87
Next element is E with direction 1.87
New matrix will be centered on 80,86 with depth 1.87
TREND IS ('E', {'E': 9.0, 'NE': 2, 'N': 1.0}) --- (['E', 'E', 'NE', 'E', 'E', 'NE', 'E', 'E', 'E', 'E'])
============================================================
Iteration 70 with LAT_IDX: 80 and LON_IDX: 86 with DEPTH 1.8729435
 * Adding to the thalweg 80, 86 (depth 1.87)... Let's look at his neighborhood...
 * The extracted matrix is:
[LINE 4]		1.62		1.61		1.57		1.56		1.54		
[LINE 3]		1.78		1.79		1.77		1.77		1.72		
[LINE 2]		-inf		-inf		-inf		1.83		nan 		
[LINE 1]		nan 		nan 		nan 		nan 		nan 		
[LINE 0]		nan 		nan 		nan 		nan 		nan 		
 * Ranking:
 ---> {'coords': (2, 3), 'dir': 'E', 'score': 19}
 ---> {'coords': (2, 3), 'dir': 'E', 'score': 19}
 ---> {'coords': (3, 0), 'dir': 'NW', 'score': 0}
 ---> {'coords': (3, 0), 'dir': 'NW', 'score': 0}
 ---> {'coords': (3, 1), 'dir': 'NW', 'score': 0}
 ---> {'coords': (3, 1), 'dir': 'NW', 'score': 0}
 ---> {'coords': (3, 2), 'dir': 'N', 'score': 1}
 ---> {'coords': (3, 2), 'dir': 'N', 'score': 1}
 ---> {'coords': (3, 3), 'dir': 'NE', 'score': 15}
 ---> {'coords': (3, 3), 'dir': 'NE', 'score': 15}
 * Selected, based on ranking: {'coords': (2, 3), 'dir': 'E', 'score': 19}
 * The candidate has value 1.83 and coords (2, 3)
 * Checking direction:
 ---> Trend is: E
 ---> Complex Trend is: {'E': 9.0, 'NE': 2, 'N': 1.0}
 ---> Allowed dirs based on Complex Trend are: ['NE', 'E', 'SE']
 ---> Direction E ok (last was E)! -- [Last 10: ['E', 'E', 'NE', 'E', 'E', 'NE', 'E', 'E', 'E', 'E']]
 * Selected element is (2, 3) with value 1.83
Next element is E with direction 1.83
New matrix will be centered on 80,87 with depth 1.83
TREND IS ('E', {'E': 9.0, 'NE': 2, 'N': 1.0}) --- (['E', 'NE', 'E', 'E', 'NE', 'E', 'E', 'E', 'E', 'E'])
============================================================
Iteration 71 with LAT_IDX: 80 and LON_IDX: 87 with DEPTH 1.828359
 * Adding to the thalweg 80, 87 (depth 1.83)... Let's look at his neighborhood...
 * The extracted matrix is:
[LINE 4]		1.61		1.57		1.56		1.54		1.54		
[LINE 3]		1.79		1.77		1.77		1.72		1.68		
[LINE 2]		-inf		-inf		-inf		nan 		nan 		
[LINE 1]		nan 		nan 		nan 		nan 		nan 		
[LINE 0]		nan 		nan 		nan 		nan 		nan 		
 * Ranking:
 ---> {'coords': (3, 0), 'dir': 'NW', 'score': 0}
 ---> {'coords': (3, 0), 'dir': 'NW', 'score': 0}
 ---> {'coords': (3, 1), 'dir': 'NW', 'score': 0}
 ---> {'coords': (3, 1), 'dir': 'NW', 'score': 0}
 ---> {'coords': (3, 2), 'dir': 'N', 'score': 1}
 ---> {'coords': (3, 2), 'dir': 'N', 'score': 1}
 ---> {'coords': (3, 3), 'dir': 'NE', 'score': 15}
 ---> {'coords': (3, 3), 'dir': 'NE', 'score': 15}
 * Selected, based on ranking: {'coords': (3, 3), 'dir': 'NE', 'score': 15}
 * The candidate has value 1.79 and coords (3, 3)
 * Checking direction:
 ---> Trend is: E
 ---> Complex Trend is: {'E': 9.0, 'NE': 2, 'N': 1.0}
 ---> Allowed dirs based on Complex Trend are: ['NE', 'E', 'SE']
 ---> Direction NE ok (last was E)! -- [Last 10: ['E', 'NE', 'E', 'E', 'NE', 'E', 'E', 'E', 'E', 'E']]
 * Selected element is (3, 3) with value 1.79
Next element is NE with direction 1.72
New matrix will be centered on 81,88 with depth 1.72
TREND IS ('E', {'E': 8.5, 'NE': 3, 'N': 1.5}) --- (['NE', 'E', 'E', 'NE', 'E', 'E', 'E', 'E', 'E', 'NE'])
============================================================
Iteration 72 with LAT_IDX: 81 and LON_IDX: 88 with DEPTH 1.7225622
 * Adding to the thalweg 81, 88 (depth 1.72)... Let's look at his neighborhood...
 * The extracted matrix is:
[LINE 4]		1.39		1.35		1.35		1.38		1.39		
[LINE 3]		1.57		1.56		1.54		1.54		1.57		
[LINE 2]		1.77		1.77		-inf		1.68		1.74		
[LINE 1]		-inf		-inf		nan 		nan 		nan 		
[LINE 0]		nan 		nan 		nan 		nan 		nan 		
 * Ranking:
 ---> {'coords': (2, 0), 'dir': 'W', 'score': 0}
 ---> {'coords': (2, 0), 'dir': 'W', 'score': 0}
 ---> {'coords': (2, 1), 'dir': 'W', 'score': 0}
 ---> {'coords': (2, 1), 'dir': 'W', 'score': 0}
 ---> {'coords': (2, 3), 'dir': 'E', 'score': 15}
 ---> {'coords': (2, 3), 'dir': 'E', 'score': 15}
 ---> {'coords': (2, 4), 'dir': 'E', 'score': 15}
 ---> {'coords': (2, 4), 'dir': 'E', 'score': 15}
 * Selected, based on ranking: {'coords': (2, 3), 'dir': 'E', 'score': 15}
 * The candidate has value 1.77 and coords (2, 3)
 * Checking direction:
 ---> Trend is: E
 ---> Complex Trend is: {'E': 8.5, 'NE': 3, 'N': 1.5}
 ---> Allowed dirs based on Complex Trend are: ['NE', 'E', 'SE']
 ---> Direction E ok (last was NE)! -- [Last 10: ['NE', 'E', 'E', 'NE', 'E', 'E', 'E', 'E', 'E', 'NE']]
 * Selected element is (2, 3) with value 1.77
Next element is E with direction 1.68
New matrix will be centered on 81,89 with depth 1.68
TREND IS ('E', {'E': 9.0, 'NE': 2, 'N': 1.0}) --- (['E', 'E', 'NE', 'E', 'E', 'E', 'E', 'E', 'NE', 'E'])
============================================================
Iteration 73 with LAT_IDX: 81 and LON_IDX: 89 with DEPTH 1.6846972
 * Adding to the thalweg 81, 89 (depth 1.68)... Let's look at his neighborhood...
 * The extracted matrix is:
[LINE 4]		1.35		1.35		1.38		1.39		1.44		
[LINE 3]		1.56		1.54		1.54		1.57		1.62		
[LINE 2]		1.77		-inf		-inf		1.74		1.8 		
[LINE 1]		-inf		nan 		nan 		nan 		nan 		
[LINE 0]		nan 		nan 		nan 		nan 		nan 		
 * Ranking:
 ---> {'coords': (2, 0), 'dir': 'W', 'score': 0}
 ---> {'coords': (2, 0), 'dir': 'W', 'score': 0}
 ---> {'coords': (2, 3), 'dir': 'E', 'score': 19}
 ---> {'coords': (2, 3), 'dir': 'E', 'score': 19}
 ---> {'coords': (2, 4), 'dir': 'E', 'score': 19}
 ---> {'coords': (2, 4), 'dir': 'E', 'score': 19}
 * Selected, based on ranking: {'coords': (2, 3), 'dir': 'E', 'score': 19}
 * The candidate has value 1.8 and coords (2, 3)
 * Checking direction:
 ---> Trend is: E
 ---> Complex Trend is: {'E': 9.0, 'NE': 2, 'N': 1.0}
 ---> Allowed dirs based on Complex Trend are: ['NE', 'E', 'SE']
 ---> Direction E ok (last was E)! -- [Last 10: ['E', 'E', 'NE', 'E', 'E', 'E', 'E', 'E', 'NE', 'E']]
 * Selected element is (2, 3) with value 1.8
Next element is E with direction 1.74
New matrix will be centered on 81,90 with depth 1.74
TREND IS ('E', {'E': 9.0, 'NE': 2, 'N': 1.0}) --- (['E', 'NE', 'E', 'E', 'E', 'E', 'E', 'NE', 'E', 'E'])
============================================================
Iteration 74 with LAT_IDX: 81 and LON_IDX: 90 with DEPTH 1.7399346
 * Adding to the thalweg 81, 90 (depth 1.74)... Let's look at his neighborhood...
 * The extracted matrix is:
[LINE 4]		1.35		1.38		1.39		1.44		1.47		
[LINE 3]		1.54		1.54		1.57		1.62		1.65		
[LINE 2]		-inf		-inf		-inf		1.8 		1.86		
[LINE 1]		nan 		nan 		nan 		nan 		nan 		
[LINE 0]		nan 		nan 		nan 		nan 		nan 		
 * Ranking:
 ---> {'coords': (2, 3), 'dir': 'E', 'score': 19}
 ---> {'coords': (2, 3), 'dir': 'E', 'score': 19}
 ---> {'coords': (2, 4), 'dir': 'E', 'score': 19}
 ---> {'coords': (2, 4), 'dir': 'E', 'score': 19}
 * Selected, based on ranking: {'coords': (2, 3), 'dir': 'E', 'score': 19}
 * The candidate has value 1.86 and coords (2, 3)
 * Checking direction:
 ---> Trend is: E
 ---> Complex Trend is: {'E': 9.0, 'NE': 2, 'N': 1.0}
 ---> Allowed dirs based on Complex Trend are: ['NE', 'E', 'SE']
 ---> Direction E ok (last was E)! -- [Last 10: ['E', 'NE', 'E', 'E', 'E', 'E', 'E', 'NE', 'E', 'E']]
 * Selected element is (2, 3) with value 1.86
Next element is E with direction 1.8
New matrix will be centered on 81,91 with depth 1.8
TREND IS ('E', {'E': 9.0, 'NE': 2, 'N': 1.0}) --- (['NE', 'E', 'E', 'E', 'E', 'E', 'NE', 'E', 'E', 'E'])
============================================================
Iteration 75 with LAT_IDX: 81 and LON_IDX: 91 with DEPTH 1.7988577
 * Adding to the thalweg 81, 91 (depth 1.8)... Let's look at his neighborhood...
 * The extracted matrix is:
[LINE 4]		1.38		1.39		1.44		1.47		1.5 		
[LINE 3]		1.54		1.57		1.62		1.65		1.7 		
[LINE 2]		-inf		-inf		-inf		1.86		1.86		
[LINE 1]		nan 		nan 		nan 		nan 		nan 		
[LINE 0]		nan 		nan 		nan 		nan 		nan 		
 * Ranking:
 ---> {'coords': (2, 3), 'dir': 'E', 'score': 19}
 ---> {'coords': (2, 3), 'dir': 'E', 'score': 19}
 ---> {'coords': (2, 4), 'dir': 'E', 'score': 19}
 ---> {'coords': (2, 4), 'dir': 'E', 'score': 19}
 * Selected, based on ranking: {'coords': (2, 3), 'dir': 'E', 'score': 19}
 * The candidate has value 1.86 and coords (2, 3)
 * Checking direction:
 ---> Trend is: E
 ---> Complex Trend is: {'E': 9.0, 'NE': 2, 'N': 1.0}
 ---> Allowed dirs based on Complex Trend are: ['NE', 'E', 'SE']
 ---> Direction E ok (last was E)! -- [Last 10: ['NE', 'E', 'E', 'E', 'E', 'E', 'NE', 'E', 'E', 'E']]
 * Selected element is (2, 3) with value 1.86
Next element is E with direction 1.86
New matrix will be centered on 81,92 with depth 1.86
TREND IS ('E', {'E': 9.5, 'NE': 1, 'N': 0.5}) --- (['E', 'E', 'E', 'E', 'E', 'NE', 'E', 'E', 'E', 'E'])
============================================================
Iteration 76 with LAT_IDX: 81 and LON_IDX: 92 with DEPTH 1.8585011
 * Adding to the thalweg 81, 92 (depth 1.86)... Let's look at his neighborhood...
 * The extracted matrix is:
[LINE 4]		1.39		1.44		1.47		1.5 		1.44		
[LINE 3]		1.57		1.62		1.65		1.7 		1.64		
[LINE 2]		-inf		-inf		-inf		1.86		1.84		
[LINE 1]		nan 		nan 		nan 		nan 		nan 		
[LINE 0]		nan 		nan 		nan 		nan 		nan 		
 * Ranking:
 ---> {'coords': (2, 3), 'dir': 'E', 'score': 19}
 ---> {'coords': (2, 3), 'dir': 'E', 'score': 19}
 ---> {'coords': (2, 4), 'dir': 'E', 'score': 19}
 ---> {'coords': (2, 4), 'dir': 'E', 'score': 19}
 * Selected, based on ranking: {'coords': (2, 3), 'dir': 'E', 'score': 19}
 * The candidate has value 1.86 and coords (2, 3)
 * Checking direction:
 ---> Trend is: E
 ---> Complex Trend is: {'E': 9.5, 'NE': 1, 'N': 0.5}
 ---> Allowed dirs based on Complex Trend are: ['NE', 'E', 'SE']
 ---> Direction E ok (last was E)! -- [Last 10: ['E', 'E', 'E', 'E', 'E', 'NE', 'E', 'E', 'E', 'E']]
 * Selected element is (2, 3) with value 1.86
Next element is E with direction 1.86
New matrix will be centered on 81,93 with depth 1.86
TREND IS ('E', {'E': 9.5, 'NE': 1, 'N': 0.5}) --- (['E', 'E', 'E', 'E', 'NE', 'E', 'E', 'E', 'E', 'E'])
============================================================
Iteration 77 with LAT_IDX: 81 and LON_IDX: 93 with DEPTH 1.8647077
 * Adding to the thalweg 81, 93 (depth 1.86)... Let's look at his neighborhood...
 * The extracted matrix is:
[LINE 4]		1.44		1.47		1.5 		1.44		1.38		
[LINE 3]		1.62		1.65		1.7 		1.64		1.56		
[LINE 2]		-inf		-inf		-inf		1.84		1.72		
[LINE 1]		nan 		nan 		nan 		nan 		nan 		
[LINE 0]		nan 		nan 		nan 		nan 		nan 		
 * Ranking:
 ---> {'coords': (2, 3), 'dir': 'E', 'score': 19}
 ---> {'coords': (2, 3), 'dir': 'E', 'score': 19}
 * Selected, based on ranking: {'coords': (2, 3), 'dir': 'E', 'score': 19}
 * The candidate has value 1.84 and coords (2, 3)
 * Checking direction:
 ---> Trend is: E
 ---> Complex Trend is: {'E': 9.5, 'NE': 1, 'N': 0.5}
 ---> Allowed dirs based on Complex Trend are: ['NE', 'E', 'SE']
 ---> Direction E ok (last was E)! -- [Last 10: ['E', 'E', 'E', 'E', 'NE', 'E', 'E', 'E', 'E', 'E']]
 * Selected element is (2, 3) with value 1.84
Next element is E with direction 1.84
New matrix will be centered on 81,94 with depth 1.84
TREND IS ('E', {'E': 9.5, 'NE': 1, 'N': 0.5}) --- (['E', 'E', 'E', 'NE', 'E', 'E', 'E', 'E', 'E', 'E'])
============================================================
Iteration 78 with LAT_IDX: 81 and LON_IDX: 94 with DEPTH 1.8385282
 * Adding to the thalweg 81, 94 (depth 1.84)... Let's look at his neighborhood...
 * The extracted matrix is:
[LINE 4]		1.47		1.5 		1.44		1.38		1.28		
[LINE 3]		1.65		1.7 		1.64		1.56		1.47		
[LINE 2]		-inf		-inf		-inf		1.72		nan 		
[LINE 1]		nan 		nan 		nan 		nan 		nan 		
[LINE 0]		nan 		nan 		nan 		nan 		nan 		
 * Ranking:
 ---> {'coords': (2, 3), 'dir': 'E', 'score': 19}
 ---> {'coords': (2, 3), 'dir': 'E', 'score': 19}
 ---> {'coords': (3, 0), 'dir': 'NW', 'score': 0}
 ---> {'coords': (3, 0), 'dir': 'NW', 'score': 0}
 ---> {'coords': (3, 1), 'dir': 'NW', 'score': 0}
 ---> {'coords': (3, 1), 'dir': 'NW', 'score': 0}
 ---> {'coords': (3, 2), 'dir': 'N', 'score': 1}
 ---> {'coords': (3, 2), 'dir': 'N', 'score': 1}
 * Selected, based on ranking: {'coords': (2, 3), 'dir': 'E', 'score': 19}
 * The candidate has value 1.72 and coords (2, 3)
 * Checking direction:
 ---> Trend is: E
 ---> Complex Trend is: {'E': 9.5, 'NE': 1, 'N': 0.5}
 ---> Allowed dirs based on Complex Trend are: ['NE', 'E', 'SE']
 ---> Direction E ok (last was E)! -- [Last 10: ['E', 'E', 'E', 'NE', 'E', 'E', 'E', 'E', 'E', 'E']]
 * Selected element is (2, 3) with value 1.72
Next element is E with direction 1.72
New matrix will be centered on 81,95 with depth 1.72
TREND IS ('E', {'E': 9.5, 'NE': 1, 'N': 0.5}) --- (['E', 'E', 'NE', 'E', 'E', 'E', 'E', 'E', 'E', 'E'])
============================================================
Iteration 79 with LAT_IDX: 81 and LON_IDX: 95 with DEPTH 1.7181778
 * Adding to the thalweg 81, 95 (depth 1.72)... Let's look at his neighborhood...
 * The extracted matrix is:
[LINE 4]		1.5 		1.44		1.38		1.28		1.17		
[LINE 3]		1.7 		1.64		1.56		1.47		nan 		
[LINE 2]		-inf		-inf		-inf		nan 		nan 		
[LINE 1]		nan 		nan 		nan 		nan 		nan 		
[LINE 0]		nan 		nan 		nan 		nan 		nan 		
 * Ranking:
 ---> {'coords': (3, 0), 'dir': 'NW', 'score': 0}
 ---> {'coords': (3, 0), 'dir': 'NW', 'score': 0}
 ---> {'coords': (3, 1), 'dir': 'NW', 'score': 0}
 ---> {'coords': (3, 1), 'dir': 'NW', 'score': 0}
 * Selected, based on ranking: {'coords': (3, 0), 'dir': 'NW', 'score': 0}
 * The candidate has value 1.7 and coords (3, 0)
 * Checking direction:
 ---> Trend is: E
 ---> Complex Trend is: {'E': 9.5, 'NE': 1, 'N': 0.5}
 ---> Allowed dirs based on Complex Trend are: ['NE', 'E', 'SE']
 ---> Direction NW IS NOT ok! Last was E [last 10: ['E', 'E', 'NE', 'E', 'E', 'E', 'E', 'E', 'E', 'E']] -- Modifying matrix...
[LINE 4]		1.5 		1.44		1.38		1.28		1.17		
[LINE 3]		nan 		1.64		1.56		1.47		nan 		
[LINE 2]		-inf		-inf		-inf		nan 		nan 		
[LINE 1]		nan 		nan 		nan 		nan 		nan 		
[LINE 0]		nan 		nan 		nan 		nan 		nan 		
 * Ranking:
 ---> {'coords': (3, 1), 'dir': 'NW', 'score': 0}
 ---> {'coords': (3, 1), 'dir': 'NW', 'score': 0}
 ---> {'coords': (3, 2), 'dir': 'N', 'score': 1}
 ---> {'coords': (3, 2), 'dir': 'N', 'score': 1}
 * Selected, based on ranking: {'coords': (3, 2), 'dir': 'N', 'score': 1}
 * The candidate has value 1.64 and coords (3, 2)
 * Checking direction:
 ---> Trend is: E
 ---> Complex Trend is: {'E': 9.5, 'NE': 1, 'N': 0.5}
 ---> Allowed dirs based on Complex Trend are: ['NE', 'E', 'SE']
 ---> Direction N IS NOT ok! Last was E [last 10: ['E', 'E', 'NE', 'E', 'E', 'E', 'E', 'E', 'E', 'E']] -- Modifying matrix...
[LINE 4]		1.5 		1.44		1.38		1.28		1.17		
[LINE 3]		nan 		1.64		nan 		1.47		nan 		
[LINE 2]		-inf		-inf		-inf		nan 		nan 		
[LINE 1]		nan 		nan 		nan 		nan 		nan 		
[LINE 0]		nan 		nan 		nan 		nan 		nan 		
 * Ranking:
 ---> {'coords': (3, 1), 'dir': 'NW', 'score': 0}
 ---> {'coords': (3, 1), 'dir': 'NW', 'score': 0}
 * Selected, based on ranking: {'coords': (3, 1), 'dir': 'NW', 'score': 0}
 * The candidate has value 1.64 and coords (3, 1)
 * Checking direction:
 ---> Trend is: E
 ---> Complex Trend is: {'E': 9.5, 'NE': 1, 'N': 0.5}
 ---> Allowed dirs based on Complex Trend are: ['NE', 'E', 'SE']
 ---> Direction NW IS NOT ok! Last was E [last 10: ['E', 'E', 'NE', 'E', 'E', 'E', 'E', 'E', 'E', 'E']] -- Modifying matrix...
[LINE 4]		1.5 		1.44		1.38		1.28		1.17		
[LINE 3]		nan 		nan 		nan 		1.47		nan 		
[LINE 2]		-inf		-inf		-inf		nan 		nan 		
[LINE 1]		nan 		nan 		nan 		nan 		nan 		
[LINE 0]		nan 		nan 		nan 		nan 		nan 		
 * Ranking:
 ---> {'coords': (3, 3), 'dir': 'NE', 'score': 15}
 ---> {'coords': (3, 3), 'dir': 'NE', 'score': 15}
 ---> {'coords': (4, 0), 'dir': 'NW', 'score': 0}
 ---> {'coords': (4, 0), 'dir': 'NW', 'score': 0}
 ---> {'coords': (4, 1), 'dir': 'NW', 'score': 0}
 ---> {'coords': (4, 1), 'dir': 'NW', 'score': 0}
 * Selected, based on ranking: {'coords': (3, 3), 'dir': 'NE', 'score': 15}
 * The candidate has value 1.5 and coords (3, 3)
 * Checking direction:
 ---> Trend is: E
 ---> Complex Trend is: {'E': 9.5, 'NE': 1, 'N': 0.5}
 ---> Allowed dirs based on Complex Trend are: ['NE', 'E', 'SE']
 ---> Direction NE ok (last was E)! -- [Last 10: ['E', 'E', 'NE', 'E', 'E', 'E', 'E', 'E', 'E', 'E']]
 * Selected element is (3, 3) with value 1.5
Next element is NE with direction 1.47
New matrix will be centered on 82,96 with depth 1.47
TREND IS ('E', {'E': 9.0, 'NE': 2, 'N': 1.0}) --- (['E', 'NE', 'E', 'E', 'E', 'E', 'E', 'E', 'E', 'NE'])
============================================================
Iteration 80 with LAT_IDX: 82 and LON_IDX: 96 with DEPTH 1.4682722
 * Adding to the thalweg 82, 96 (depth 1.47)... Let's look at his neighborhood...
 * The extracted matrix is:
[LINE 4]		1.31		1.25		1.16		1.11		1.08		
[LINE 3]		1.44		1.38		1.28		1.17		1.11		
[LINE 2]		1.64		1.56		-inf		nan 		nan 		
[LINE 1]		-inf		-inf		nan 		nan 		nan 		
[LINE 0]		nan 		nan 		nan 		nan 		nan 		
 * Ranking:
 ---> {'coords': (2, 0), 'dir': 'W', 'score': 0}
 ---> {'coords': (2, 0), 'dir': 'W', 'score': 0}
 ---> {'coords': (2, 1), 'dir': 'W', 'score': 0}
 ---> {'coords': (2, 1), 'dir': 'W', 'score': 0}
 * Selected, based on ranking: {'coords': (2, 0), 'dir': 'W', 'score': 0}
 * The candidate has value 1.64 and coords (2, 0)
 * Checking direction:
 ---> Trend is: E
 ---> Complex Trend is: {'E': 9.0, 'NE': 2, 'N': 1.0}
 ---> Allowed dirs based on Complex Trend are: ['NE', 'E', 'SE']
 ---> Direction W IS NOT ok! Last was NE [last 10: ['E', 'NE', 'E', 'E', 'E', 'E', 'E', 'E', 'E', 'NE']] -- Modifying matrix...
[LINE 4]		1.31		1.25		1.16		1.11		1.08		
[LINE 3]		1.44		1.38		1.28		1.17		1.11		
[LINE 2]		nan 		1.56		-inf		nan 		nan 		
[LINE 1]		-inf		-inf		nan 		nan 		nan 		
[LINE 0]		nan 		nan 		nan 		nan 		nan 		
 * Ranking:
 ---> {'coords': (2, 1), 'dir': 'W', 'score': 0}
 ---> {'coords': (2, 1), 'dir': 'W', 'score': 0}
 * Selected, based on ranking: {'coords': (2, 1), 'dir': 'W', 'score': 0}
 * The candidate has value 1.56 and coords (2, 1)
 * Checking direction:
 ---> Trend is: E
 ---> Complex Trend is: {'E': 9.0, 'NE': 2, 'N': 1.0}
 ---> Allowed dirs based on Complex Trend are: ['NE', 'E', 'SE']
 ---> Direction W IS NOT ok! Last was NE [last 10: ['E', 'NE', 'E', 'E', 'E', 'E', 'E', 'E', 'E', 'NE']] -- Modifying matrix...
[LINE 4]		1.31		1.25		1.16		1.11		1.08		
[LINE 3]		1.44		1.38		1.28		1.17		1.11		
[LINE 2]		nan 		nan 		-inf		nan 		nan 		
[LINE 1]		-inf		-inf		nan 		nan 		nan 		
[LINE 0]		nan 		nan 		nan 		nan 		nan 		
 * Ranking:
 ---> {'coords': (3, 0), 'dir': 'NW', 'score': 1}
 ---> {'coords': (3, 0), 'dir': 'NW', 'score': 1}
 ---> {'coords': (3, 1), 'dir': 'NW', 'score': 1}
 ---> {'coords': (3, 1), 'dir': 'NW', 'score': 1}
 * Selected, based on ranking: {'coords': (3, 0), 'dir': 'NW', 'score': 1}
 * The candidate has value 1.44 and coords (3, 0)
 * Checking direction:
 ---> Trend is: E
 ---> Complex Trend is: {'E': 9.0, 'NE': 2, 'N': 1.0}
 ---> Allowed dirs based on Complex Trend are: ['NE', 'E', 'SE']
 ---> Direction NW IS NOT ok! Last was NE [last 10: ['E', 'NE', 'E', 'E', 'E', 'E', 'E', 'E', 'E', 'NE']] -- Modifying matrix...
[LINE 4]		1.31		1.25		1.16		1.11		1.08		
[LINE 3]		nan 		1.38		1.28		1.17		1.11		
[LINE 2]		nan 		nan 		-inf		nan 		nan 		
[LINE 1]		-inf		-inf		nan 		nan 		nan 		
[LINE 0]		nan 		nan 		nan 		nan 		nan 		
 * Ranking:
 ---> {'coords': (3, 1), 'dir': 'NW', 'score': 1}
 ---> {'coords': (3, 1), 'dir': 'NW', 'score': 1}
 ---> {'coords': (4, 0), 'dir': 'NW', 'score': 1}
 ---> {'coords': (4, 0), 'dir': 'NW', 'score': 1}
 * Selected, based on ranking: {'coords': (3, 1), 'dir': 'NW', 'score': 1}
 * The candidate has value 1.38 and coords (3, 1)
 * Checking direction:
 ---> Trend is: E
 ---> Complex Trend is: {'E': 9.0, 'NE': 2, 'N': 1.0}
 ---> Allowed dirs based on Complex Trend are: ['NE', 'E', 'SE']
 ---> Direction NW IS NOT ok! Last was NE [last 10: ['E', 'NE', 'E', 'E', 'E', 'E', 'E', 'E', 'E', 'NE']] -- Modifying matrix...
[LINE 4]		1.31		1.25		1.16		1.11		1.08		
[LINE 3]		nan 		nan 		1.28		1.17		1.11		
[LINE 2]		nan 		nan 		-inf		nan 		nan 		
[LINE 1]		-inf		-inf		nan 		nan 		nan 		
[LINE 0]		nan 		nan 		nan 		nan 		nan 		
 * Ranking:
 ---> {'coords': (3, 2), 'dir': 'N', 'score': 5}
 ---> {'coords': (3, 2), 'dir': 'N', 'score': 5}
 ---> {'coords': (4, 0), 'dir': 'NW', 'score': 1}
 ---> {'coords': (4, 0), 'dir': 'NW', 'score': 1}
 ---> {'coords': (4, 1), 'dir': 'NW', 'score': 1}
 ---> {'coords': (4, 1), 'dir': 'NW', 'score': 1}
 * Selected, based on ranking: {'coords': (3, 2), 'dir': 'N', 'score': 5}
 * The candidate has value 1.31 and coords (3, 2)
 * Checking direction:
 ---> Trend is: E
 ---> Complex Trend is: {'E': 9.0, 'NE': 2, 'N': 1.0}
 ---> Allowed dirs based on Complex Trend are: ['NE', 'E', 'SE']
 ---> Direction N IS NOT ok! Last was NE [last 10: ['E', 'NE', 'E', 'E', 'E', 'E', 'E', 'E', 'E', 'NE']] -- Modifying matrix...
[LINE 4]		1.31		1.25		1.16		1.11		1.08		
[LINE 3]		nan 		nan 		nan 		1.17		1.11		
[LINE 2]		nan 		nan 		-inf		nan 		nan 		
[LINE 1]		-inf		-inf		nan 		nan 		nan 		
[LINE 0]		nan 		nan 		nan 		nan 		nan 		
 * Ranking:
 ---> {'coords': (4, 0), 'dir': 'NW', 'score': 1}
 ---> {'coords': (4, 0), 'dir': 'NW', 'score': 1}
 ---> {'coords': (4, 1), 'dir': 'NW', 'score': 1}
 ---> {'coords': (4, 1), 'dir': 'NW', 'score': 1}
 * Selected, based on ranking: {'coords': (4, 0), 'dir': 'NW', 'score': 1}
 * The candidate has value 1.31 and coords (4, 0)
 * Checking direction:
 ---> Trend is: E
 ---> Complex Trend is: {'E': 9.0, 'NE': 2, 'N': 1.0}
 ---> Allowed dirs based on Complex Trend are: ['NE', 'E', 'SE']
 ---> Direction NW IS NOT ok! Last was NE [last 10: ['E', 'NE', 'E', 'E', 'E', 'E', 'E', 'E', 'E', 'NE']] -- Modifying matrix...
[LINE 4]		nan 		1.25		1.16		1.11		1.08		
[LINE 3]		nan 		nan 		nan 		1.17		1.11		
[LINE 2]		nan 		nan 		-inf		nan 		nan 		
[LINE 1]		-inf		-inf		nan 		nan 		nan 		
[LINE 0]		nan 		nan 		nan 		nan 		nan 		
 * Ranking:
 ---> {'coords': (3, 3), 'dir': 'NE', 'score': 19}
 ---> {'coords': (3, 3), 'dir': 'NE', 'score': 19}
 ---> {'coords': (4, 1), 'dir': 'NW', 'score': 1}
 ---> {'coords': (4, 1), 'dir': 'NW', 'score': 1}
 ---> {'coords': (4, 2), 'dir': 'N', 'score': 5}
 ---> {'coords': (4, 2), 'dir': 'N', 'score': 5}
 * Selected, based on ranking: {'coords': (3, 3), 'dir': 'NE', 'score': 19}
 * The candidate has value 1.25 and coords (3, 3)
 * Checking direction:
 ---> Trend is: E
 ---> Complex Trend is: {'E': 9.0, 'NE': 2, 'N': 1.0}
 ---> Allowed dirs based on Complex Trend are: ['NE', 'E', 'SE']
 ---> Direction NE ok (last was NE)! -- [Last 10: ['E', 'NE', 'E', 'E', 'E', 'E', 'E', 'E', 'E', 'NE']]
 * Selected element is (3, 3) with value 1.25
Next element is NE with direction 1.17
New matrix will be centered on 83,97 with depth 1.17
TREND IS ('E', {'E': 8.5, 'NE': 3, 'N': 1.5}) --- (['NE', 'E', 'E', 'E', 'E', 'E', 'E', 'E', 'NE', 'NE'])
============================================================
Iteration 81 with LAT_IDX: 83 and LON_IDX: 97 with DEPTH 1.1728092
 * Adding to the thalweg 83, 97 (depth 1.17)... Let's look at his neighborhood...
 * The extracted matrix is:
[LINE 4]		nan 		nan 		nan 		nan 		1.07		
[LINE 3]		1.25		1.16		1.11		1.08		1.07		
[LINE 2]		1.38		1.28		-inf		1.11		nan 		
[LINE 1]		1.56		-inf		nan 		nan 		nan 		
[LINE 0]		-inf		nan 		nan 		nan 		nan 		
 * Ranking:
 ---> {'coords': (1, 0), 'dir': 'SW', 'score': 0}
 ---> {'coords': (1, 0), 'dir': 'SW', 'score': 0}
 * Selected, based on ranking: {'coords': (1, 0), 'dir': 'SW', 'score': 0}
 * The candidate has value 1.56 and coords (1, 0)
 * Checking direction:
 ---> Trend is: E
 ---> Complex Trend is: {'E': 8.5, 'NE': 3, 'N': 1.5}
 ---> Allowed dirs based on Complex Trend are: ['NE', 'E', 'SE']
 ---> Direction SW IS NOT ok! Last was NE [last 10: ['NE', 'E', 'E', 'E', 'E', 'E', 'E', 'E', 'NE', 'NE']] -- Modifying matrix...
[LINE 4]		nan 		nan 		nan 		nan 		1.07		
[LINE 3]		1.25		1.16		1.11		1.08		1.07		
[LINE 2]		1.38		1.28		-inf		1.11		nan 		
[LINE 1]		nan 		-inf		nan 		nan 		nan 		
[LINE 0]		-inf		nan 		nan 		nan 		nan 		
 * Ranking:
 ---> {'coords': (2, 0), 'dir': 'W', 'score': 0}
 ---> {'coords': (2, 0), 'dir': 'W', 'score': 0}
 * Selected, based on ranking: {'coords': (2, 0), 'dir': 'W', 'score': 0}
 * The candidate has value 1.38 and coords (2, 0)
 * Checking direction:
 ---> Trend is: E
 ---> Complex Trend is: {'E': 8.5, 'NE': 3, 'N': 1.5}
 ---> Allowed dirs based on Complex Trend are: ['NE', 'E', 'SE']
 ---> Direction W IS NOT ok! Last was NE [last 10: ['NE', 'E', 'E', 'E', 'E', 'E', 'E', 'E', 'NE', 'NE']] -- Modifying matrix...
[LINE 4]		nan 		nan 		nan 		nan 		1.07		
[LINE 3]		1.25		1.16		1.11		1.08		1.07		
[LINE 2]		nan 		1.28		-inf		1.11		nan 		
[LINE 1]		nan 		-inf		nan 		nan 		nan 		
[LINE 0]		-inf		nan 		nan 		nan 		nan 		
 * Ranking:
 ---> {'coords': (2, 1), 'dir': 'W', 'score': 0}
 ---> {'coords': (2, 1), 'dir': 'W', 'score': 0}
 ---> {'coords': (3, 0), 'dir': 'NW', 'score': 1}
 ---> {'coords': (3, 0), 'dir': 'NW', 'score': 1}
 * Selected, based on ranking: {'coords': (3, 0), 'dir': 'NW', 'score': 1}
 * The candidate has value 1.28 and coords (3, 0)
 * Checking direction:
 ---> Trend is: E
 ---> Complex Trend is: {'E': 8.5, 'NE': 3, 'N': 1.5}
 ---> Allowed dirs based on Complex Trend are: ['NE', 'E', 'SE']
 ---> Direction NW IS NOT ok! Last was NE [last 10: ['NE', 'E', 'E', 'E', 'E', 'E', 'E', 'E', 'NE', 'NE']] -- Modifying matrix...
[LINE 4]		nan 		nan 		nan 		nan 		1.07		
[LINE 3]		nan 		1.16		1.11		1.08		1.07		
[LINE 2]		nan 		1.28		-inf		1.11		nan 		
[LINE 1]		nan 		-inf		nan 		nan 		nan 		
[LINE 0]		-inf		nan 		nan 		nan 		nan 		
 * Ranking:
 ---> {'coords': (2, 1), 'dir': 'W', 'score': 0}
 ---> {'coords': (2, 1), 'dir': 'W', 'score': 0}
 * Selected, based on ranking: {'coords': (2, 1), 'dir': 'W', 'score': 0}
 * The candidate has value 1.28 and coords (2, 1)
 * Checking direction:
 ---> Trend is: E
 ---> Complex Trend is: {'E': 8.5, 'NE': 3, 'N': 1.5}
 ---> Allowed dirs based on Complex Trend are: ['NE', 'E', 'SE']
 ---> Direction W IS NOT ok! Last was NE [last 10: ['NE', 'E', 'E', 'E', 'E', 'E', 'E', 'E', 'NE', 'NE']] -- Modifying matrix...
[LINE 4]		nan 		nan 		nan 		nan 		1.07		
[LINE 3]		nan 		1.16		1.11		1.08		1.07		
[LINE 2]		nan 		nan 		-inf		1.11		nan 		
[LINE 1]		nan 		-inf		nan 		nan 		nan 		
[LINE 0]		-inf		nan 		nan 		nan 		nan 		
 * Ranking:
 ---> {'coords': (2, 3), 'dir': 'E', 'score': 15}
 ---> {'coords': (2, 3), 'dir': 'E', 'score': 15}
 ---> {'coords': (3, 1), 'dir': 'NW', 'score': 1}
 ---> {'coords': (3, 1), 'dir': 'NW', 'score': 1}
 ---> {'coords': (3, 2), 'dir': 'N', 'score': 5}
 ---> {'coords': (3, 2), 'dir': 'N', 'score': 5}
 ---> {'coords': (3, 3), 'dir': 'NE', 'score': 19}
 ---> {'coords': (3, 3), 'dir': 'NE', 'score': 19}
 ---> {'coords': (3, 4), 'dir': 'NE', 'score': 19}
 ---> {'coords': (3, 4), 'dir': 'NE', 'score': 19}
 ---> {'coords': (4, 4), 'dir': 'NE', 'score': 19}
 ---> {'coords': (4, 4), 'dir': 'NE', 'score': 19}
 * Selected, based on ranking: {'coords': (3, 3), 'dir': 'NE', 'score': 19}
 * The candidate has value 1.16 and coords (3, 3)
 * Checking direction:
 ---> Trend is: E
 ---> Complex Trend is: {'E': 8.5, 'NE': 3, 'N': 1.5}
 ---> Allowed dirs based on Complex Trend are: ['NE', 'E', 'SE']
 ---> Direction NE ok (last was NE)! -- [Last 10: ['NE', 'E', 'E', 'E', 'E', 'E', 'E', 'E', 'NE', 'NE']]
 * Selected element is (3, 3) with value 1.16
Next element is NE with direction 1.08
New matrix will be centered on 84,98 with depth 1.08
TREND IS ('E', {'E': 8.5, 'NE': 3, 'N': 1.5}) --- (['E', 'E', 'E', 'E', 'E', 'E', 'E', 'NE', 'NE', 'NE'])
============================================================
Iteration 82 with LAT_IDX: 84 and LON_IDX: 98 with DEPTH 1.078956
 * Adding to the thalweg 84, 98 (depth 1.08)... Let's look at his neighborhood...
 * The extracted matrix is:
[LINE 4]		nan 		nan 		nan 		nan 		nan 		
[LINE 3]		nan 		nan 		nan 		1.07		1.09		
[LINE 2]		1.16		1.11		-inf		1.07		1.08		
[LINE 1]		1.28		-inf		1.11		nan 		nan 		
[LINE 0]		-inf		nan 		nan 		nan 		nan 		
 * Ranking:
 ---> {'coords': (1, 0), 'dir': 'SW', 'score': 0}
 ---> {'coords': (1, 0), 'dir': 'SW', 'score': 0}
 * Selected, based on ranking: {'coords': (1, 0), 'dir': 'SW', 'score': 0}
 * The candidate has value 1.28 and coords (1, 0)
 * Checking direction:
 ---> Trend is: E
 ---> Complex Trend is: {'E': 8.5, 'NE': 3, 'N': 1.5}
 ---> Allowed dirs based on Complex Trend are: ['NE', 'E', 'SE']
 ---> Direction SW IS NOT ok! Last was NE [last 10: ['E', 'E', 'E', 'E', 'E', 'E', 'E', 'NE', 'NE', 'NE']] -- Modifying matrix...
[LINE 4]		nan 		nan 		nan 		nan 		nan 		
[LINE 3]		nan 		nan 		nan 		1.07		1.09		
[LINE 2]		1.16		1.11		-inf		1.07		1.08		
[LINE 1]		nan 		-inf		1.11		nan 		nan 		
[LINE 0]		-inf		nan 		nan 		nan 		nan 		
 * Ranking:
 ---> {'coords': (1, 2), 'dir': 'S', 'score': 0}
 ---> {'coords': (1, 2), 'dir': 'S', 'score': 0}
 ---> {'coords': (2, 0), 'dir': 'W', 'score': 0}
 ---> {'coords': (2, 0), 'dir': 'W', 'score': 0}
 ---> {'coords': (2, 1), 'dir': 'W', 'score': 0}
 ---> {'coords': (2, 1), 'dir': 'W', 'score': 0}
 ---> {'coords': (2, 3), 'dir': 'E', 'score': 15}
 ---> {'coords': (2, 3), 'dir': 'E', 'score': 15}
 ---> {'coords': (2, 4), 'dir': 'E', 'score': 15}
 ---> {'coords': (2, 4), 'dir': 'E', 'score': 15}
 ---> {'coords': (3, 3), 'dir': 'NE', 'score': 19}
 ---> {'coords': (3, 3), 'dir': 'NE', 'score': 19}
 ---> {'coords': (3, 4), 'dir': 'NE', 'score': 19}
 ---> {'coords': (3, 4), 'dir': 'NE', 'score': 19}
 * Selected, based on ranking: {'coords': (3, 3), 'dir': 'NE', 'score': 19}
 * The candidate has value 1.16 and coords (3, 3)
 * Checking direction:
 ---> Trend is: E
 ---> Complex Trend is: {'E': 8.5, 'NE': 3, 'N': 1.5}
 ---> Allowed dirs based on Complex Trend are: ['NE', 'E', 'SE']
 ---> Direction NE ok (last was NE)! -- [Last 10: ['E', 'E', 'E', 'E', 'E', 'E', 'E', 'NE', 'NE', 'NE']]
 * Selected element is (3, 3) with value 1.16
Next element is NE with direction 1.07
New matrix will be centered on 85,99 with depth 1.07
TREND IS ('E', {'E': 8.0, 'NE': 4, 'N': 2.0}) --- (['E', 'E', 'E', 'E', 'E', 'E', 'NE', 'NE', 'NE', 'NE'])
============================================================
Iteration 83 with LAT_IDX: 85 and LON_IDX: 99 with DEPTH 1.0709955
 * Adding to the thalweg 85, 99 (depth 1.07)... Let's look at his neighborhood...
 * The extracted matrix is:
[LINE 4]		nan 		nan 		nan 		nan 		nan 		
[LINE 3]		nan 		nan 		nan 		nan 		nan 		
[LINE 2]		nan 		nan 		-inf		1.09		1.13		
[LINE 1]		1.11		-inf		1.07		1.08		1.12		
[LINE 0]		-inf		1.11		nan 		nan 		nan 		
 * Ranking:
 ---> {'coords': (0, 1), 'dir': 'SW', 'score': 0}
 ---> {'coords': (0, 1), 'dir': 'SW', 'score': 0}
 ---> {'coords': (1, 0), 'dir': 'SW', 'score': 0}
 ---> {'coords': (1, 0), 'dir': 'SW', 'score': 0}
 ---> {'coords': (1, 2), 'dir': 'S', 'score': 0}
 ---> {'coords': (1, 2), 'dir': 'S', 'score': 0}
 ---> {'coords': (1, 3), 'dir': 'SE', 'score': 11}
 ---> {'coords': (1, 3), 'dir': 'SE', 'score': 11}
 ---> {'coords': (1, 4), 'dir': 'SE', 'score': 11}
 ---> {'coords': (1, 4), 'dir': 'SE', 'score': 11}
 ---> {'coords': (2, 3), 'dir': 'E', 'score': 15}
 ---> {'coords': (2, 3), 'dir': 'E', 'score': 15}
 ---> {'coords': (2, 4), 'dir': 'E', 'score': 15}
 ---> {'coords': (2, 4), 'dir': 'E', 'score': 15}
 * Selected, based on ranking: {'coords': (2, 3), 'dir': 'E', 'score': 15}
 * The candidate has value 1.13 and coords (2, 3)
 * Checking direction:
 ---> Trend is: E
 ---> Complex Trend is: {'E': 8.0, 'NE': 4, 'N': 2.0}
 ---> Allowed dirs based on Complex Trend are: ['NE', 'E', 'SE']
 ---> Direction E ok (last was NE)! -- [Last 10: ['E', 'E', 'E', 'E', 'E', 'E', 'NE', 'NE', 'NE', 'NE']]
 * Selected element is (2, 3) with value 1.13
Next element is E with direction 1.09
New matrix will be centered on 85,100 with depth 1.09
TREND IS ('E', {'E': 8.0, 'NE': 4, 'N': 2.0}) --- (['E', 'E', 'E', 'E', 'E', 'NE', 'NE', 'NE', 'NE', 'E'])
============================================================
Iteration 84 with LAT_IDX: 85 and LON_IDX: 100 with DEPTH 1.0871236
 * Adding to the thalweg 85, 100 (depth 1.09)... Let's look at his neighborhood...
 * The extracted matrix is:
[LINE 4]		nan 		nan 		nan 		nan 		nan 		
[LINE 3]		nan 		nan 		nan 		nan 		nan 		
[LINE 2]		nan 		-inf		-inf		1.13		nan 		
[LINE 1]		-inf		1.07		1.08		1.12		1.18		
[LINE 0]		1.11		nan 		nan 		nan 		nan 		
 * Ranking:
 ---> {'coords': (0, 0), 'dir': 'SW', 'score': 0}
 ---> {'coords': (0, 0), 'dir': 'SW', 'score': 0}
 ---> {'coords': (1, 2), 'dir': 'S', 'score': 1}
 ---> {'coords': (1, 2), 'dir': 'S', 'score': 1}
 ---> {'coords': (1, 3), 'dir': 'SE', 'score': 15}
 ---> {'coords': (1, 3), 'dir': 'SE', 'score': 15}
 ---> {'coords': (1, 4), 'dir': 'SE', 'score': 15}
 ---> {'coords': (1, 4), 'dir': 'SE', 'score': 15}
 ---> {'coords': (2, 3), 'dir': 'E', 'score': 19}
 ---> {'coords': (2, 3), 'dir': 'E', 'score': 19}
 * Selected, based on ranking: {'coords': (2, 3), 'dir': 'E', 'score': 19}
 * The candidate has value 1.18 and coords (2, 3)
 * Checking direction:
 ---> Trend is: E
 ---> Complex Trend is: {'E': 8.0, 'NE': 4, 'N': 2.0}
 ---> Allowed dirs based on Complex Trend are: ['NE', 'E', 'SE']
 ---> Direction E ok (last was E)! -- [Last 10: ['E', 'E', 'E', 'E', 'E', 'NE', 'NE', 'NE', 'NE', 'E']]
 * Selected element is (2, 3) with value 1.18
Next element is E with direction 1.13
New matrix will be centered on 85,101 with depth 1.13
TREND IS ('E', {'E': 8.0, 'NE': 4, 'N': 2.0}) --- (['E', 'E', 'E', 'E', 'NE', 'NE', 'NE', 'NE', 'E', 'E'])
============================================================
Iteration 85 with LAT_IDX: 85 and LON_IDX: 101 with DEPTH 1.1342832
 * Adding to the thalweg 85, 101 (depth 1.13)... Let's look at his neighborhood...
 * The extracted matrix is:
[LINE 4]		nan 		nan 		nan 		nan 		nan 		
[LINE 3]		nan 		nan 		nan 		nan 		nan 		
[LINE 2]		-inf		-inf		-inf		nan 		1.33		
[LINE 1]		1.07		1.08		1.12		1.18		1.28		
[LINE 0]		nan 		nan 		nan 		nan 		nan 		
 * Ranking:
 ---> {'coords': (1, 4), 'dir': 'SE', 'score': 15}
 ---> {'coords': (1, 4), 'dir': 'SE', 'score': 15}
 ---> {'coords': (2, 4), 'dir': 'E', 'score': 19}
 ---> {'coords': (2, 4), 'dir': 'E', 'score': 19}
 * Selected, based on ranking: {'coords': (2, 4), 'dir': 'E', 'score': 19}
 * The candidate has value 1.33 and coords (2, 4)
 * Checking direction:
 ---> Trend is: E
 ---> Complex Trend is: {'E': 8.0, 'NE': 4, 'N': 2.0}
 ---> Allowed dirs based on Complex Trend are: ['NE', 'E', 'SE']
 ---> Direction E ok (last was E)! -- [Last 10: ['E', 'E', 'E', 'E', 'NE', 'NE', 'NE', 'NE', 'E', 'E']]
 * Selected element is (2, 4) with value 1.33
Next element is E with direction 1.33
New matrix will be centered on 85,103 with depth 1.33
TREND IS ('E', {'E': 8.0, 'NE': 4, 'N': 2.0}) --- (['E', 'E', 'E', 'NE', 'NE', 'NE', 'NE', 'E', 'E', 'E'])
============================================================
Iteration 86 with LAT_IDX: 85 and LON_IDX: 103 with DEPTH 1.3254133
 * Adding to the thalweg 85, 103 (depth 1.33)... Let's look at his neighborhood...
 * The extracted matrix is:
[LINE 4]		nan 		nan 		nan 		nan 		nan 		
[LINE 3]		nan 		nan 		nan 		nan 		nan 		
[LINE 2]		-inf		nan 		-inf		1.52		1.75		
[LINE 1]		1.12		1.18		1.28		1.45		1.64		
[LINE 0]		nan 		nan 		nan 		nan 		nan 		
 * Ranking:
 ---> {'coords': (2, 4), 'dir': 'E', 'score': 19}
 ---> {'coords': (2, 4), 'dir': 'E', 'score': 19}
 * Selected, based on ranking: {'coords': (2, 4), 'dir': 'E', 'score': 19}
 * The candidate has value 1.75 and coords (2, 4)
 * Checking direction:
 ---> Trend is: E
 ---> Complex Trend is: {'E': 8.0, 'NE': 4, 'N': 2.0}
 ---> Allowed dirs based on Complex Trend are: ['NE', 'E', 'SE']
 ---> Direction E ok (last was E)! -- [Last 10: ['E', 'E', 'E', 'NE', 'NE', 'NE', 'NE', 'E', 'E', 'E']]
 * Selected element is (2, 4) with value 1.75
Next element is E with direction 1.75
New matrix will be centered on 85,105 with depth 1.75
TREND IS ('E', {'E': 8.0, 'NE': 4, 'N': 2.0}) --- (['E', 'E', 'NE', 'NE', 'NE', 'NE', 'E', 'E', 'E', 'E'])
============================================================
Iteration 87 with LAT_IDX: 85 and LON_IDX: 105 with DEPTH 1.7451723
 * Adding to the thalweg 85, 105 (depth 1.75)... Let's look at his neighborhood...
 * The extracted matrix is:
[LINE 4]		nan 		nan 		nan 		nan 		nan 		
[LINE 3]		nan 		nan 		nan 		nan 		nan 		
[LINE 2]		-inf		1.52		-inf		1.98		2.26		
[LINE 1]		1.28		1.45		1.64		1.93		nan 		
[LINE 0]		nan 		nan 		nan 		nan 		nan 		
 * Ranking:
 ---> {'coords': (2, 4), 'dir': 'E', 'score': 19}
 ---> {'coords': (2, 4), 'dir': 'E', 'score': 19}
 * Selected, based on ranking: {'coords': (2, 4), 'dir': 'E', 'score': 19}
 * The candidate has value 2.26 and coords (2, 4)
 * Checking direction:
 ---> Trend is: E
 ---> Complex Trend is: {'E': 8.0, 'NE': 4, 'N': 2.0}
 ---> Allowed dirs based on Complex Trend are: ['NE', 'E', 'SE']
 ---> Direction E ok (last was E)! -- [Last 10: ['E', 'E', 'NE', 'NE', 'NE', 'NE', 'E', 'E', 'E', 'E']]
 * Selected element is (2, 4) with value 2.26
Next element is E with direction 2.26
New matrix will be centered on 85,107 with depth 2.26
TREND IS ('E', {'E': 8.0, 'NE': 4, 'N': 2.0}) --- (['E', 'NE', 'NE', 'NE', 'NE', 'E', 'E', 'E', 'E', 'E'])
============================================================
Iteration 88 with LAT_IDX: 85 and LON_IDX: 107 with DEPTH 2.264294
 * Adding to the thalweg 85, 107 (depth 2.26)... Let's look at his neighborhood...
 * The extracted matrix is:
[LINE 4]		nan 		nan 		nan 		nan 		nan 		
[LINE 3]		nan 		nan 		nan 		nan 		nan 		
[LINE 2]		-inf		1.98		-inf		2.56		3.01		
[LINE 1]		1.64		1.93		nan 		nan 		nan 		
[LINE 0]		nan 		nan 		nan 		nan 		nan 		
 * Ranking:
 ---> {'coords': (2, 4), 'dir': 'E', 'score': 19}
 ---> {'coords': (2, 4), 'dir': 'E', 'score': 19}
 * Selected, based on ranking: {'coords': (2, 4), 'dir': 'E', 'score': 19}
 * The candidate has value 3.01 and coords (2, 4)
 * Checking direction:
 ---> Trend is: E
 ---> Complex Trend is: {'E': 8.0, 'NE': 4, 'N': 2.0}
 ---> Allowed dirs based on Complex Trend are: ['NE', 'E', 'SE']
 ---> Direction E ok (last was E)! -- [Last 10: ['E', 'NE', 'NE', 'NE', 'NE', 'E', 'E', 'E', 'E', 'E']]
 * Selected element is (2, 4) with value 3.01
Next element is E with direction 3.01
New matrix will be centered on 85,109 with depth 3.01
TREND IS ('E', {'E': 8.0, 'NE': 4, 'N': 2.0}) --- (['NE', 'NE', 'NE', 'NE', 'E', 'E', 'E', 'E', 'E', 'E'])
============================================================
Iteration 89 with LAT_IDX: 85 and LON_IDX: 109 with DEPTH 3.0114908
 * Adding to the thalweg 85, 109 (depth 3.01)... Let's look at his neighborhood...
 * The extracted matrix is:
[LINE 4]		nan 		nan 		nan 		nan 		nan 		
[LINE 3]		nan 		nan 		nan 		3.36		3.47		
[LINE 2]		-inf		2.56		-inf		3.28		3.44		
[LINE 1]		nan 		nan 		nan 		nan 		nan 		
[LINE 0]		nan 		nan 		nan 		nan 		nan 		
 * Ranking:
 ---> {'coords': (2, 4), 'dir': 'E', 'score': 19}
 ---> {'coords': (2, 4), 'dir': 'E', 'score': 19}
 ---> {'coords': (3, 4), 'dir': 'NE', 'score': 15}
 ---> {'coords': (3, 4), 'dir': 'NE', 'score': 15}
 * Selected, based on ranking: {'coords': (2, 4), 'dir': 'E', 'score': 19}
 * The candidate has value 3.47 and coords (2, 4)
 * Checking direction:
 ---> Trend is: E
 ---> Complex Trend is: {'E': 8.0, 'NE': 4, 'N': 2.0}
 ---> Allowed dirs based on Complex Trend are: ['NE', 'E', 'SE']
 ---> Direction E ok (last was E)! -- [Last 10: ['NE', 'NE', 'NE', 'NE', 'E', 'E', 'E', 'E', 'E', 'E']]
 * Selected element is (2, 4) with value 3.47
Next element is E with direction 3.44
New matrix will be centered on 85,111 with depth 3.44
TREND IS ('E', {'E': 8.5, 'NE': 3, 'N': 1.5}) --- (['NE', 'NE', 'NE', 'E', 'E', 'E', 'E', 'E', 'E', 'E'])
============================================================
Iteration 90 with LAT_IDX: 85 and LON_IDX: 111 with DEPTH 3.4396806
 * Adding to the thalweg 85, 111 (depth 3.44)... Let's look at his neighborhood...
 * The extracted matrix is:
[LINE 4]		nan 		nan 		nan 		nan 		nan 		
[LINE 3]		nan 		3.36		3.47		3.52		3.47		
[LINE 2]		-inf		3.28		-inf		3.51		3.47		
[LINE 1]		nan 		nan 		nan 		nan 		nan 		
[LINE 0]		nan 		nan 		nan 		nan 		nan 		
 * Ranking:
 ---> {'coords': (2, 3), 'dir': 'E', 'score': 19}
 ---> {'coords': (2, 3), 'dir': 'E', 'score': 19}
 ---> {'coords': (2, 4), 'dir': 'E', 'score': 19}
 ---> {'coords': (2, 4), 'dir': 'E', 'score': 19}
 ---> {'coords': (3, 2), 'dir': 'N', 'score': 1}
 ---> {'coords': (3, 2), 'dir': 'N', 'score': 1}
 ---> {'coords': (3, 3), 'dir': 'NE', 'score': 15}
 ---> {'coords': (3, 3), 'dir': 'NE', 'score': 15}
 ---> {'coords': (3, 4), 'dir': 'NE', 'score': 15}
 ---> {'coords': (3, 4), 'dir': 'NE', 'score': 15}
 * Selected, based on ranking: {'coords': (2, 3), 'dir': 'E', 'score': 19}
 * The candidate has value 3.52 and coords (2, 3)
 * Checking direction:
 ---> Trend is: E
 ---> Complex Trend is: {'E': 8.5, 'NE': 3, 'N': 1.5}
 ---> Allowed dirs based on Complex Trend are: ['NE', 'E', 'SE']
 ---> Direction E ok (last was E)! -- [Last 10: ['NE', 'NE', 'NE', 'E', 'E', 'E', 'E', 'E', 'E', 'E']]
 * Selected element is (2, 3) with value 3.52
Next element is E with direction 3.51
New matrix will be centered on 85,112 with depth 3.51
TREND IS ('E', {'E': 9.0, 'NE': 2, 'N': 1.0}) --- (['NE', 'NE', 'E', 'E', 'E', 'E', 'E', 'E', 'E', 'E'])
============================================================
Iteration 91 with LAT_IDX: 85 and LON_IDX: 112 with DEPTH 3.511442
 * Adding to the thalweg 85, 112 (depth 3.51)... Let's look at his neighborhood...
 * The extracted matrix is:
[LINE 4]		nan 		nan 		nan 		nan 		nan 		
[LINE 3]		3.36		3.47		3.52		3.47		3.39		
[LINE 2]		3.28		-inf		-inf		3.47		3.39		
[LINE 1]		nan 		nan 		nan 		nan 		nan 		
[LINE 0]		nan 		nan 		nan 		nan 		nan 		
 * Ranking:
 ---> {'coords': (2, 3), 'dir': 'E', 'score': 19}
 ---> {'coords': (2, 3), 'dir': 'E', 'score': 19}
 ---> {'coords': (3, 1), 'dir': 'NW', 'score': 0}
 ---> {'coords': (3, 1), 'dir': 'NW', 'score': 0}
 ---> {'coords': (3, 2), 'dir': 'N', 'score': 1}
 ---> {'coords': (3, 2), 'dir': 'N', 'score': 1}
 ---> {'coords': (3, 3), 'dir': 'NE', 'score': 15}
 ---> {'coords': (3, 3), 'dir': 'NE', 'score': 15}
 * Selected, based on ranking: {'coords': (2, 3), 'dir': 'E', 'score': 19}
 * The candidate has value 3.52 and coords (2, 3)
 * Checking direction:
 ---> Trend is: E
 ---> Complex Trend is: {'E': 9.0, 'NE': 2, 'N': 1.0}
 ---> Allowed dirs based on Complex Trend are: ['NE', 'E', 'SE']
 ---> Direction E ok (last was E)! -- [Last 10: ['NE', 'NE', 'E', 'E', 'E', 'E', 'E', 'E', 'E', 'E']]
 * Selected element is (2, 3) with value 3.52
Next element is E with direction 3.47
New matrix will be centered on 85,113 with depth 3.47
TREND IS ('E', {'E': 9.5, 'NE': 1, 'N': 0.5}) --- (['NE', 'E', 'E', 'E', 'E', 'E', 'E', 'E', 'E', 'E'])
============================================================
Iteration 92 with LAT_IDX: 85 and LON_IDX: 113 with DEPTH 3.4743164
 * Adding to the thalweg 85, 113 (depth 3.47)... Let's look at his neighborhood...
 * The extracted matrix is:
[LINE 4]		nan 		nan 		nan 		nan 		3.27		
[LINE 3]		3.47		3.52		3.47		3.39		3.27		
[LINE 2]		-inf		-inf		-inf		3.39		nan 		
[LINE 1]		nan 		nan 		nan 		nan 		nan 		
[LINE 0]		nan 		nan 		nan 		nan 		nan 		
 * Ranking:
 ---> {'coords': (3, 0), 'dir': 'NW', 'score': 0}
 ---> {'coords': (3, 0), 'dir': 'NW', 'score': 0}
 ---> {'coords': (3, 1), 'dir': 'NW', 'score': 0}
 ---> {'coords': (3, 1), 'dir': 'NW', 'score': 0}
 ---> {'coords': (3, 2), 'dir': 'N', 'score': 1}
 ---> {'coords': (3, 2), 'dir': 'N', 'score': 1}
 * Selected, based on ranking: {'coords': (3, 2), 'dir': 'N', 'score': 1}
 * The candidate has value 3.52 and coords (3, 2)
 * Checking direction:
 ---> Trend is: E
 ---> Complex Trend is: {'E': 9.5, 'NE': 1, 'N': 0.5}
 ---> Allowed dirs based on Complex Trend are: ['NE', 'E', 'SE']
 ---> Direction N IS NOT ok! Last was E [last 10: ['NE', 'E', 'E', 'E', 'E', 'E', 'E', 'E', 'E', 'E']] -- Modifying matrix...
[LINE 4]		nan 		nan 		nan 		nan 		3.27		
[LINE 3]		3.47		3.52		nan 		3.39		3.27		
[LINE 2]		-inf		-inf		-inf		3.39		nan 		
[LINE 1]		nan 		nan 		nan 		nan 		nan 		
[LINE 0]		nan 		nan 		nan 		nan 		nan 		
 * Ranking:
 ---> {'coords': (3, 0), 'dir': 'NW', 'score': 0}
 ---> {'coords': (3, 0), 'dir': 'NW', 'score': 0}
 ---> {'coords': (3, 1), 'dir': 'NW', 'score': 0}
 ---> {'coords': (3, 1), 'dir': 'NW', 'score': 0}
 * Selected, based on ranking: {'coords': (3, 0), 'dir': 'NW', 'score': 0}
 * The candidate has value 3.52 and coords (3, 0)
 * Checking direction:
 ---> Trend is: E
 ---> Complex Trend is: {'E': 9.5, 'NE': 1, 'N': 0.5}
 ---> Allowed dirs based on Complex Trend are: ['NE', 'E', 'SE']
 ---> Direction NW IS NOT ok! Last was E [last 10: ['NE', 'E', 'E', 'E', 'E', 'E', 'E', 'E', 'E', 'E']] -- Modifying matrix...
[LINE 4]		nan 		nan 		nan 		nan 		3.27		
[LINE 3]		nan 		3.52		nan 		3.39		3.27		
[LINE 2]		-inf		-inf		-inf		3.39		nan 		
[LINE 1]		nan 		nan 		nan 		nan 		nan 		
[LINE 0]		nan 		nan 		nan 		nan 		nan 		
 * Ranking:
 ---> {'coords': (3, 1), 'dir': 'NW', 'score': 0}
 ---> {'coords': (3, 1), 'dir': 'NW', 'score': 0}
 * Selected, based on ranking: {'coords': (3, 1), 'dir': 'NW', 'score': 0}
 * The candidate has value 3.52 and coords (3, 1)
 * Checking direction:
 ---> Trend is: E
 ---> Complex Trend is: {'E': 9.5, 'NE': 1, 'N': 0.5}
 ---> Allowed dirs based on Complex Trend are: ['NE', 'E', 'SE']
 ---> Direction NW IS NOT ok! Last was E [last 10: ['NE', 'E', 'E', 'E', 'E', 'E', 'E', 'E', 'E', 'E']] -- Modifying matrix...
[LINE 4]		nan 		nan 		nan 		nan 		3.27		
[LINE 3]		nan 		nan 		nan 		3.39		3.27		
[LINE 2]		-inf		-inf		-inf		3.39		nan 		
[LINE 1]		nan 		nan 		nan 		nan 		nan 		
[LINE 0]		nan 		nan 		nan 		nan 		nan 		
 * Ranking:
 ---> {'coords': (2, 3), 'dir': 'E', 'score': 19}
 ---> {'coords': (2, 3), 'dir': 'E', 'score': 19}
 ---> {'coords': (3, 3), 'dir': 'NE', 'score': 15}
 ---> {'coords': (3, 3), 'dir': 'NE', 'score': 15}
 * Selected, based on ranking: {'coords': (2, 3), 'dir': 'E', 'score': 19}
 * The candidate has value 3.39 and coords (2, 3)
 * Checking direction:
 ---> Trend is: E
 ---> Complex Trend is: {'E': 9.5, 'NE': 1, 'N': 0.5}
 ---> Allowed dirs based on Complex Trend are: ['NE', 'E', 'SE']
 ---> Direction E ok (last was E)! -- [Last 10: ['NE', 'E', 'E', 'E', 'E', 'E', 'E', 'E', 'E', 'E']]
 * Selected element is (2, 3) with value 3.39
Next element is E with direction 3.39
New matrix will be centered on 85,114 with depth 3.39
TREND IS ('E', {'E': 10}) --- (['E', 'E', 'E', 'E', 'E', 'E', 'E', 'E', 'E', 'E'])
============================================================
Iteration 93 with LAT_IDX: 85 and LON_IDX: 114 with DEPTH 3.3874397
 * Adding to the thalweg 85, 114 (depth 3.39)... Let's look at his neighborhood...
 * The extracted matrix is:
[LINE 4]		nan 		nan 		nan 		3.27		3.14		
[LINE 3]		3.52		3.47		3.39		3.27		3.15		
[LINE 2]		-inf		-inf		-inf		nan 		nan 		
[LINE 1]		nan 		nan 		nan 		nan 		nan 		
[LINE 0]		nan 		nan 		nan 		nan 		nan 		
 * Ranking:
 ---> {'coords': (3, 0), 'dir': 'NW', 'score': 0}
 ---> {'coords': (3, 0), 'dir': 'NW', 'score': 0}
 ---> {'coords': (3, 1), 'dir': 'NW', 'score': 0}
 ---> {'coords': (3, 1), 'dir': 'NW', 'score': 0}
 * Selected, based on ranking: {'coords': (3, 0), 'dir': 'NW', 'score': 0}
 * The candidate has value 3.52 and coords (3, 0)
 * Checking direction:
 ---> Trend is: E
 ---> Complex Trend is: {'E': 10}
 ---> Allowed dirs based on Complex Trend are: ['NE', 'E', 'SE']
 ---> Direction NW IS NOT ok! Last was E [last 10: ['E', 'E', 'E', 'E', 'E', 'E', 'E', 'E', 'E', 'E']] -- Modifying matrix...
[LINE 4]		nan 		nan 		nan 		3.27		3.14		
[LINE 3]		nan 		3.47		3.39		3.27		3.15		
[LINE 2]		-inf		-inf		-inf		nan 		nan 		
[LINE 1]		nan 		nan 		nan 		nan 		nan 		
[LINE 0]		nan 		nan 		nan 		nan 		nan 		
 * Ranking:
 ---> {'coords': (3, 1), 'dir': 'NW', 'score': 0}
 ---> {'coords': (3, 1), 'dir': 'NW', 'score': 0}
 ---> {'coords': (3, 2), 'dir': 'N', 'score': 1}
 ---> {'coords': (3, 2), 'dir': 'N', 'score': 1}
 * Selected, based on ranking: {'coords': (3, 2), 'dir': 'N', 'score': 1}
 * The candidate has value 3.47 and coords (3, 2)
 * Checking direction:
 ---> Trend is: E
 ---> Complex Trend is: {'E': 10}
 ---> Allowed dirs based on Complex Trend are: ['NE', 'E', 'SE']
 ---> Direction N IS NOT ok! Last was E [last 10: ['E', 'E', 'E', 'E', 'E', 'E', 'E', 'E', 'E', 'E']] -- Modifying matrix...
[LINE 4]		nan 		nan 		nan 		3.27		3.14		
[LINE 3]		nan 		3.47		nan 		3.27		3.15		
[LINE 2]		-inf		-inf		-inf		nan 		nan 		
[LINE 1]		nan 		nan 		nan 		nan 		nan 		
[LINE 0]		nan 		nan 		nan 		nan 		nan 		
 * Ranking:
 ---> {'coords': (3, 1), 'dir': 'NW', 'score': 0}
 ---> {'coords': (3, 1), 'dir': 'NW', 'score': 0}
 * Selected, based on ranking: {'coords': (3, 1), 'dir': 'NW', 'score': 0}
 * The candidate has value 3.47 and coords (3, 1)
 * Checking direction:
 ---> Trend is: E
 ---> Complex Trend is: {'E': 10}
 ---> Allowed dirs based on Complex Trend are: ['NE', 'E', 'SE']
 ---> Direction NW IS NOT ok! Last was E [last 10: ['E', 'E', 'E', 'E', 'E', 'E', 'E', 'E', 'E', 'E']] -- Modifying matrix...
[LINE 4]		nan 		nan 		nan 		3.27		3.14		
[LINE 3]		nan 		nan 		nan 		3.27		3.15		
[LINE 2]		-inf		-inf		-inf		nan 		nan 		
[LINE 1]		nan 		nan 		nan 		nan 		nan 		
[LINE 0]		nan 		nan 		nan 		nan 		nan 		
 * Ranking:
 ---> {'coords': (3, 3), 'dir': 'NE', 'score': 15}
 ---> {'coords': (3, 3), 'dir': 'NE', 'score': 15}
 ---> {'coords': (4, 3), 'dir': 'NE', 'score': 15}
 ---> {'coords': (4, 3), 'dir': 'NE', 'score': 15}
 * Selected, based on ranking: {'coords': (3, 3), 'dir': 'NE', 'score': 15}
 * The candidate has value 3.27 and coords (3, 3)
 * Checking direction:
 ---> Trend is: E
 ---> Complex Trend is: {'E': 10}
 ---> Allowed dirs based on Complex Trend are: ['NE', 'E', 'SE']
 ---> Direction NE ok (last was E)! -- [Last 10: ['E', 'E', 'E', 'E', 'E', 'E', 'E', 'E', 'E', 'E']]
 * Selected element is (3, 3) with value 3.27
Next element is NE with direction 3.27
New matrix will be centered on 86,115 with depth 3.27
TREND IS ('E', {'E': 9.5, 'NE': 1, 'N': 0.5}) --- (['E', 'E', 'E', 'E', 'E', 'E', 'E', 'E', 'E', 'NE'])
============================================================
Iteration 94 with LAT_IDX: 86 and LON_IDX: 115 with DEPTH 3.2667525
 * Adding to the thalweg 86, 115 (depth 3.27)... Let's look at his neighborhood...
 * The extracted matrix is:
[LINE 4]		nan 		nan 		nan 		nan 		nan 		
[LINE 3]		nan 		nan 		3.27		3.14		2.99		
[LINE 2]		3.47		3.39		-inf		3.15		3.01		
[LINE 1]		-inf		-inf		nan 		nan 		nan 		
[LINE 0]		nan 		nan 		nan 		nan 		nan 		
 * Ranking:
 ---> {'coords': (2, 0), 'dir': 'W', 'score': 0}
 ---> {'coords': (2, 0), 'dir': 'W', 'score': 0}
 ---> {'coords': (2, 1), 'dir': 'W', 'score': 0}
 ---> {'coords': (2, 1), 'dir': 'W', 'score': 0}
 * Selected, based on ranking: {'coords': (2, 0), 'dir': 'W', 'score': 0}
 * The candidate has value 3.47 and coords (2, 0)
 * Checking direction:
 ---> Trend is: E
 ---> Complex Trend is: {'E': 9.5, 'NE': 1, 'N': 0.5}
 ---> Allowed dirs based on Complex Trend are: ['NE', 'E', 'SE']
 ---> Direction W IS NOT ok! Last was NE [last 10: ['E', 'E', 'E', 'E', 'E', 'E', 'E', 'E', 'E', 'NE']] -- Modifying matrix...
[LINE 4]		nan 		nan 		nan 		nan 		nan 		
[LINE 3]		nan 		nan 		3.27		3.14		2.99		
[LINE 2]		nan 		3.39		-inf		3.15		3.01		
[LINE 1]		-inf		-inf		nan 		nan 		nan 		
[LINE 0]		nan 		nan 		nan 		nan 		nan 		
 * Ranking:
 ---> {'coords': (2, 1), 'dir': 'W', 'score': 0}
 ---> {'coords': (2, 1), 'dir': 'W', 'score': 0}
 * Selected, based on ranking: {'coords': (2, 1), 'dir': 'W', 'score': 0}
 * The candidate has value 3.39 and coords (2, 1)
 * Checking direction:
 ---> Trend is: E
 ---> Complex Trend is: {'E': 9.5, 'NE': 1, 'N': 0.5}
 ---> Allowed dirs based on Complex Trend are: ['NE', 'E', 'SE']
 ---> Direction W IS NOT ok! Last was NE [last 10: ['E', 'E', 'E', 'E', 'E', 'E', 'E', 'E', 'E', 'NE']] -- Modifying matrix...
[LINE 4]		nan 		nan 		nan 		nan 		nan 		
[LINE 3]		nan 		nan 		3.27		3.14		2.99		
[LINE 2]		nan 		nan 		-inf		3.15		3.01		
[LINE 1]		-inf		-inf		nan 		nan 		nan 		
[LINE 0]		nan 		nan 		nan 		nan 		nan 		
 * Ranking:
 ---> {'coords': (3, 2), 'dir': 'N', 'score': 5}
 ---> {'coords': (3, 2), 'dir': 'N', 'score': 5}
 * Selected, based on ranking: {'coords': (3, 2), 'dir': 'N', 'score': 5}
 * The candidate has value 3.27 and coords (3, 2)
 * Checking direction:
 ---> Trend is: E
 ---> Complex Trend is: {'E': 9.5, 'NE': 1, 'N': 0.5}
 ---> Allowed dirs based on Complex Trend are: ['NE', 'E', 'SE']
 ---> Direction N IS NOT ok! Last was NE [last 10: ['E', 'E', 'E', 'E', 'E', 'E', 'E', 'E', 'E', 'NE']] -- Modifying matrix...
[LINE 4]		nan 		nan 		nan 		nan 		nan 		
[LINE 3]		nan 		nan 		nan 		3.14		2.99		
[LINE 2]		nan 		nan 		-inf		3.15		3.01		
[LINE 1]		-inf		-inf		nan 		nan 		nan 		
[LINE 0]		nan 		nan 		nan 		nan 		nan 		
 * Ranking:
 ---> {'coords': (2, 3), 'dir': 'E', 'score': 15}
 ---> {'coords': (2, 3), 'dir': 'E', 'score': 15}
 ---> {'coords': (3, 3), 'dir': 'NE', 'score': 19}
 ---> {'coords': (3, 3), 'dir': 'NE', 'score': 19}
 * Selected, based on ranking: {'coords': (3, 3), 'dir': 'NE', 'score': 19}
 * The candidate has value 3.15 and coords (3, 3)
 * Checking direction:
 ---> Trend is: E
 ---> Complex Trend is: {'E': 9.5, 'NE': 1, 'N': 0.5}
 ---> Allowed dirs based on Complex Trend are: ['NE', 'E', 'SE']
 ---> Direction NE ok (last was NE)! -- [Last 10: ['E', 'E', 'E', 'E', 'E', 'E', 'E', 'E', 'E', 'NE']]
 * Selected element is (3, 3) with value 3.15
Next element is NE with direction 3.14
New matrix will be centered on 87,116 with depth 3.14
TREND IS ('E', {'E': 9.0, 'NE': 2, 'N': 1.0}) --- (['E', 'E', 'E', 'E', 'E', 'E', 'E', 'E', 'NE', 'NE'])
============================================================
Iteration 95 with LAT_IDX: 87 and LON_IDX: 116 with DEPTH 3.1430466
 * Adding to the thalweg 87, 116 (depth 3.14)... Let's look at his neighborhood...
 * The extracted matrix is:
[LINE 4]		nan 		nan 		nan 		nan 		nan 		
[LINE 3]		nan 		nan 		nan 		nan 		nan 		
[LINE 2]		nan 		3.27		-inf		2.99		2.86		
[LINE 1]		3.39		-inf		3.15		3.01		2.89		
[LINE 0]		-inf		nan 		nan 		nan 		nan 		
 * Ranking:
 ---> {'coords': (1, 0), 'dir': 'SW', 'score': 0}
 ---> {'coords': (1, 0), 'dir': 'SW', 'score': 0}
 * Selected, based on ranking: {'coords': (1, 0), 'dir': 'SW', 'score': 0}
 * The candidate has value 3.39 and coords (1, 0)
 * Checking direction:
 ---> Trend is: E
 ---> Complex Trend is: {'E': 9.0, 'NE': 2, 'N': 1.0}
 ---> Allowed dirs based on Complex Trend are: ['NE', 'E', 'SE']
 ---> Direction SW IS NOT ok! Last was NE [last 10: ['E', 'E', 'E', 'E', 'E', 'E', 'E', 'E', 'NE', 'NE']] -- Modifying matrix...
[LINE 4]		nan 		nan 		nan 		nan 		nan 		
[LINE 3]		nan 		nan 		nan 		nan 		nan 		
[LINE 2]		nan 		3.27		-inf		2.99		2.86		
[LINE 1]		nan 		-inf		3.15		3.01		2.89		
[LINE 0]		-inf		nan 		nan 		nan 		nan 		
 * Ranking:
 ---> {'coords': (2, 1), 'dir': 'W', 'score': 0}
 ---> {'coords': (2, 1), 'dir': 'W', 'score': 0}
 * Selected, based on ranking: {'coords': (2, 1), 'dir': 'W', 'score': 0}
 * The candidate has value 3.27 and coords (2, 1)
 * Checking direction:
 ---> Trend is: E
 ---> Complex Trend is: {'E': 9.0, 'NE': 2, 'N': 1.0}
 ---> Allowed dirs based on Complex Trend are: ['NE', 'E', 'SE']
 ---> Direction W IS NOT ok! Last was NE [last 10: ['E', 'E', 'E', 'E', 'E', 'E', 'E', 'E', 'NE', 'NE']] -- Modifying matrix...
[LINE 4]		nan 		nan 		nan 		nan 		nan 		
[LINE 3]		nan 		nan 		nan 		nan 		nan 		
[LINE 2]		nan 		nan 		-inf		2.99		2.86		
[LINE 1]		nan 		-inf		3.15		3.01		2.89		
[LINE 0]		-inf		nan 		nan 		nan 		nan 		
 * Ranking:
 ---> {'coords': (1, 2), 'dir': 'S', 'score': 0}
 ---> {'coords': (1, 2), 'dir': 'S', 'score': 0}
 * Selected, based on ranking: {'coords': (1, 2), 'dir': 'S', 'score': 0}
 * The candidate has value 3.15 and coords (1, 2)
 * Checking direction:
 ---> Trend is: E
 ---> Complex Trend is: {'E': 9.0, 'NE': 2, 'N': 1.0}
 ---> Allowed dirs based on Complex Trend are: ['NE', 'E', 'SE']
 ---> Direction S IS NOT ok! Last was NE [last 10: ['E', 'E', 'E', 'E', 'E', 'E', 'E', 'E', 'NE', 'NE']] -- Modifying matrix...
[LINE 4]		nan 		nan 		nan 		nan 		nan 		
[LINE 3]		nan 		nan 		nan 		nan 		nan 		
[LINE 2]		nan 		nan 		-inf		2.99		2.86		
[LINE 1]		nan 		-inf		nan 		3.01		2.89		
[LINE 0]		-inf		nan 		nan 		nan 		nan 		
 * Ranking:
 ---> {'coords': (1, 3), 'dir': 'SE', 'score': 11}
 ---> {'coords': (1, 3), 'dir': 'SE', 'score': 11}
 ---> {'coords': (2, 3), 'dir': 'E', 'score': 15}
 ---> {'coords': (2, 3), 'dir': 'E', 'score': 15}
 * Selected, based on ranking: {'coords': (2, 3), 'dir': 'E', 'score': 15}
 * The candidate has value 3.01 and coords (2, 3)
 * Checking direction:
 ---> Trend is: E
 ---> Complex Trend is: {'E': 9.0, 'NE': 2, 'N': 1.0}
 ---> Allowed dirs based on Complex Trend are: ['NE', 'E', 'SE']
 ---> Direction E ok (last was NE)! -- [Last 10: ['E', 'E', 'E', 'E', 'E', 'E', 'E', 'E', 'NE', 'NE']]
 * Selected element is (2, 3) with value 3.01
Next element is E with direction 2.99
New matrix will be centered on 87,117 with depth 2.99
TREND IS ('E', {'E': 9.0, 'NE': 2, 'N': 1.0}) --- (['E', 'E', 'E', 'E', 'E', 'E', 'E', 'NE', 'NE', 'E'])
============================================================
Iteration 96 with LAT_IDX: 87 and LON_IDX: 117 with DEPTH 2.988144
 * Adding to the thalweg 87, 117 (depth 2.99)... Let's look at his neighborhood...
 * The extracted matrix is:
[LINE 4]		nan 		nan 		nan 		nan 		nan 		
[LINE 3]		nan 		nan 		nan 		nan 		2.67		
[LINE 2]		3.27		-inf		-inf		2.86		2.74		
[LINE 1]		-inf		3.15		3.01		2.89		nan 		
[LINE 0]		nan 		nan 		nan 		nan 		nan 		
 * Ranking:
 ---> {'coords': (2, 0), 'dir': 'W', 'score': 0}
 ---> {'coords': (2, 0), 'dir': 'W', 'score': 0}
 * Selected, based on ranking: {'coords': (2, 0), 'dir': 'W', 'score': 0}
 * The candidate has value 3.27 and coords (2, 0)
 * Checking direction:
 ---> Trend is: E
 ---> Complex Trend is: {'E': 9.0, 'NE': 2, 'N': 1.0}
 ---> Allowed dirs based on Complex Trend are: ['NE', 'E', 'SE']
 ---> Direction W IS NOT ok! Last was E [last 10: ['E', 'E', 'E', 'E', 'E', 'E', 'E', 'NE', 'NE', 'E']] -- Modifying matrix...
[LINE 4]		nan 		nan 		nan 		nan 		nan 		
[LINE 3]		nan 		nan 		nan 		nan 		2.67		
[LINE 2]		nan 		-inf		-inf		2.86		2.74		
[LINE 1]		-inf		3.15		3.01		2.89		nan 		
[LINE 0]		nan 		nan 		nan 		nan 		nan 		
 * Ranking:
 ---> {'coords': (1, 1), 'dir': 'SW', 'score': 0}
 ---> {'coords': (1, 1), 'dir': 'SW', 'score': 0}
 * Selected, based on ranking: {'coords': (1, 1), 'dir': 'SW', 'score': 0}
 * The candidate has value 3.15 and coords (1, 1)
 * Checking direction:
 ---> Trend is: E
 ---> Complex Trend is: {'E': 9.0, 'NE': 2, 'N': 1.0}
 ---> Allowed dirs based on Complex Trend are: ['NE', 'E', 'SE']
 ---> Direction SW IS NOT ok! Last was E [last 10: ['E', 'E', 'E', 'E', 'E', 'E', 'E', 'NE', 'NE', 'E']] -- Modifying matrix...
[LINE 4]		nan 		nan 		nan 		nan 		nan 		
[LINE 3]		nan 		nan 		nan 		nan 		2.67		
[LINE 2]		nan 		-inf		-inf		2.86		2.74		
[LINE 1]		-inf		nan 		3.01		2.89		nan 		
[LINE 0]		nan 		nan 		nan 		nan 		nan 		
 * Ranking:
 ---> {'coords': (1, 2), 'dir': 'S', 'score': 1}
 ---> {'coords': (1, 2), 'dir': 'S', 'score': 1}
 * Selected, based on ranking: {'coords': (1, 2), 'dir': 'S', 'score': 1}
 * The candidate has value 3.01 and coords (1, 2)
 * Checking direction:
 ---> Trend is: E
 ---> Complex Trend is: {'E': 9.0, 'NE': 2, 'N': 1.0}
 ---> Allowed dirs based on Complex Trend are: ['NE', 'E', 'SE']
 ---> Direction S IS NOT ok! Last was E [last 10: ['E', 'E', 'E', 'E', 'E', 'E', 'E', 'NE', 'NE', 'E']] -- Modifying matrix...
[LINE 4]		nan 		nan 		nan 		nan 		nan 		
[LINE 3]		nan 		nan 		nan 		nan 		2.67		
[LINE 2]		nan 		-inf		-inf		2.86		2.74		
[LINE 1]		-inf		nan 		nan 		2.89		nan 		
[LINE 0]		nan 		nan 		nan 		nan 		nan 		
 * Ranking:
 ---> {'coords': (1, 3), 'dir': 'SE', 'score': 15}
 ---> {'coords': (1, 3), 'dir': 'SE', 'score': 15}
 ---> {'coords': (2, 3), 'dir': 'E', 'score': 19}
 ---> {'coords': (2, 3), 'dir': 'E', 'score': 19}
 * Selected, based on ranking: {'coords': (2, 3), 'dir': 'E', 'score': 19}
 * The candidate has value 2.89 and coords (2, 3)
 * Checking direction:
 ---> Trend is: E
 ---> Complex Trend is: {'E': 9.0, 'NE': 2, 'N': 1.0}
 ---> Allowed dirs based on Complex Trend are: ['NE', 'E', 'SE']
 ---> Direction E ok (last was E)! -- [Last 10: ['E', 'E', 'E', 'E', 'E', 'E', 'E', 'NE', 'NE', 'E']]
 * Selected element is (2, 3) with value 2.89
Next element is E with direction 2.86
New matrix will be centered on 87,118 with depth 2.86
TREND IS ('E', {'E': 9.0, 'NE': 2, 'N': 1.0}) --- (['E', 'E', 'E', 'E', 'E', 'E', 'NE', 'NE', 'E', 'E'])
============================================================
Iteration 97 with LAT_IDX: 87 and LON_IDX: 118 with DEPTH 2.8554544
 * Adding to the thalweg 87, 118 (depth 2.86)... Let's look at his neighborhood...
 * The extracted matrix is:
[LINE 4]		nan 		nan 		nan 		nan 		nan 		
[LINE 3]		nan 		nan 		nan 		2.67		2.55		
[LINE 2]		-inf		-inf		-inf		2.74		2.61		
[LINE 1]		3.15		3.01		2.89		nan 		nan 		
[LINE 0]		nan 		nan 		nan 		nan 		nan 		
 * Ranking:
 ---> {'coords': (1, 0), 'dir': 'SW', 'score': 0}
 ---> {'coords': (1, 0), 'dir': 'SW', 'score': 0}
 * Selected, based on ranking: {'coords': (1, 0), 'dir': 'SW', 'score': 0}
 * The candidate has value 3.15 and coords (1, 0)
 * Checking direction:
 ---> Trend is: E
 ---> Complex Trend is: {'E': 9.0, 'NE': 2, 'N': 1.0}
 ---> Allowed dirs based on Complex Trend are: ['NE', 'E', 'SE']
 ---> Direction SW IS NOT ok! Last was E [last 10: ['E', 'E', 'E', 'E', 'E', 'E', 'NE', 'NE', 'E', 'E']] -- Modifying matrix...
[LINE 4]		nan 		nan 		nan 		nan 		nan 		
[LINE 3]		nan 		nan 		nan 		2.67		2.55		
[LINE 2]		-inf		-inf		-inf		2.74		2.61		
[LINE 1]		nan 		3.01		2.89		nan 		nan 		
[LINE 0]		nan 		nan 		nan 		nan 		nan 		
 * Ranking:
 ---> {'coords': (1, 1), 'dir': 'SW', 'score': 0}
 ---> {'coords': (1, 1), 'dir': 'SW', 'score': 0}
 * Selected, based on ranking: {'coords': (1, 1), 'dir': 'SW', 'score': 0}
 * The candidate has value 3.01 and coords (1, 1)
 * Checking direction:
 ---> Trend is: E
 ---> Complex Trend is: {'E': 9.0, 'NE': 2, 'N': 1.0}
 ---> Allowed dirs based on Complex Trend are: ['NE', 'E', 'SE']
 ---> Direction SW IS NOT ok! Last was E [last 10: ['E', 'E', 'E', 'E', 'E', 'E', 'NE', 'NE', 'E', 'E']] -- Modifying matrix...
[LINE 4]		nan 		nan 		nan 		nan 		nan 		
[LINE 3]		nan 		nan 		nan 		2.67		2.55		
[LINE 2]		-inf		-inf		-inf		2.74		2.61		
[LINE 1]		nan 		nan 		2.89		nan 		nan 		
[LINE 0]		nan 		nan 		nan 		nan 		nan 		
 * Ranking:
 ---> {'coords': (1, 2), 'dir': 'S', 'score': 1}
 ---> {'coords': (1, 2), 'dir': 'S', 'score': 1}
 * Selected, based on ranking: {'coords': (1, 2), 'dir': 'S', 'score': 1}
 * The candidate has value 2.89 and coords (1, 2)
 * Checking direction:
 ---> Trend is: E
 ---> Complex Trend is: {'E': 9.0, 'NE': 2, 'N': 1.0}
 ---> Allowed dirs based on Complex Trend are: ['NE', 'E', 'SE']
 ---> Direction S IS NOT ok! Last was E [last 10: ['E', 'E', 'E', 'E', 'E', 'E', 'NE', 'NE', 'E', 'E']] -- Modifying matrix...
[LINE 4]		nan 		nan 		nan 		nan 		nan 		
[LINE 3]		nan 		nan 		nan 		2.67		2.55		
[LINE 2]		-inf		-inf		-inf		2.74		2.61		
[LINE 1]		nan 		nan 		nan 		nan 		nan 		
[LINE 0]		nan 		nan 		nan 		nan 		nan 		
 * Ranking:
 ---> {'coords': (2, 3), 'dir': 'E', 'score': 19}
 ---> {'coords': (2, 3), 'dir': 'E', 'score': 19}
 ---> {'coords': (3, 3), 'dir': 'NE', 'score': 15}
 ---> {'coords': (3, 3), 'dir': 'NE', 'score': 15}
 * Selected, based on ranking: {'coords': (2, 3), 'dir': 'E', 'score': 19}
 * The candidate has value 2.74 and coords (2, 3)
 * Checking direction:
 ---> Trend is: E
 ---> Complex Trend is: {'E': 9.0, 'NE': 2, 'N': 1.0}
 ---> Allowed dirs based on Complex Trend are: ['NE', 'E', 'SE']
 ---> Direction E ok (last was E)! -- [Last 10: ['E', 'E', 'E', 'E', 'E', 'E', 'NE', 'NE', 'E', 'E']]
 * Selected element is (2, 3) with value 2.74
Next element is E with direction 2.74
New matrix will be centered on 87,119 with depth 2.74
TREND IS ('E', {'E': 9.0, 'NE': 2, 'N': 1.0}) --- (['E', 'E', 'E', 'E', 'E', 'NE', 'NE', 'E', 'E', 'E'])
============================================================
Iteration 98 with LAT_IDX: 87 and LON_IDX: 119 with DEPTH 2.7403338
 * Adding to the thalweg 87, 119 (depth 2.74)... Let's look at his neighborhood...
 * The extracted matrix is:
[LINE 4]		nan 		nan 		nan 		nan 		nan 		
[LINE 3]		nan 		nan 		2.67		2.55		2.44		
[LINE 2]		-inf		-inf		-inf		2.61		2.48		
[LINE 1]		3.01		2.89		nan 		nan 		nan 		
[LINE 0]		nan 		nan 		nan 		nan 		nan 		
 * Ranking:
 ---> {'coords': (1, 0), 'dir': 'SW', 'score': 0}
 ---> {'coords': (1, 0), 'dir': 'SW', 'score': 0}
 * Selected, based on ranking: {'coords': (1, 0), 'dir': 'SW', 'score': 0}
 * The candidate has value 3.01 and coords (1, 0)
 * Checking direction:
 ---> Trend is: E
 ---> Complex Trend is: {'E': 9.0, 'NE': 2, 'N': 1.0}
 ---> Allowed dirs based on Complex Trend are: ['NE', 'E', 'SE']
 ---> Direction SW IS NOT ok! Last was E [last 10: ['E', 'E', 'E', 'E', 'E', 'NE', 'NE', 'E', 'E', 'E']] -- Modifying matrix...
[LINE 4]		nan 		nan 		nan 		nan 		nan 		
[LINE 3]		nan 		nan 		2.67		2.55		2.44		
[LINE 2]		-inf		-inf		-inf		2.61		2.48		
[LINE 1]		nan 		2.89		nan 		nan 		nan 		
[LINE 0]		nan 		nan 		nan 		nan 		nan 		
 * Ranking:
 ---> {'coords': (1, 1), 'dir': 'SW', 'score': 0}
 ---> {'coords': (1, 1), 'dir': 'SW', 'score': 0}
 * Selected, based on ranking: {'coords': (1, 1), 'dir': 'SW', 'score': 0}
 * The candidate has value 2.89 and coords (1, 1)
 * Checking direction:
 ---> Trend is: E
 ---> Complex Trend is: {'E': 9.0, 'NE': 2, 'N': 1.0}
 ---> Allowed dirs based on Complex Trend are: ['NE', 'E', 'SE']
 ---> Direction SW IS NOT ok! Last was E [last 10: ['E', 'E', 'E', 'E', 'E', 'NE', 'NE', 'E', 'E', 'E']] -- Modifying matrix...
[LINE 4]		nan 		nan 		nan 		nan 		nan 		
[LINE 3]		nan 		nan 		2.67		2.55		2.44		
[LINE 2]		-inf		-inf		-inf		2.61		2.48		
[LINE 1]		nan 		nan 		nan 		nan 		nan 		
[LINE 0]		nan 		nan 		nan 		nan 		nan 		
 * Ranking:
 ---> {'coords': (2, 3), 'dir': 'E', 'score': 19}
 ---> {'coords': (2, 3), 'dir': 'E', 'score': 19}
 ---> {'coords': (3, 2), 'dir': 'N', 'score': 1}
 ---> {'coords': (3, 2), 'dir': 'N', 'score': 1}
 * Selected, based on ranking: {'coords': (2, 3), 'dir': 'E', 'score': 19}
 * The candidate has value 2.67 and coords (2, 3)
 * Checking direction:
 ---> Trend is: E
 ---> Complex Trend is: {'E': 9.0, 'NE': 2, 'N': 1.0}
 ---> Allowed dirs based on Complex Trend are: ['NE', 'E', 'SE']
 ---> Direction E ok (last was E)! -- [Last 10: ['E', 'E', 'E', 'E', 'E', 'NE', 'NE', 'E', 'E', 'E']]
 * Selected element is (2, 3) with value 2.67
Next element is E with direction 2.61
New matrix will be centered on 87,120 with depth 2.61
TREND IS ('E', {'E': 9.0, 'NE': 2, 'N': 1.0}) --- (['E', 'E', 'E', 'E', 'NE', 'NE', 'E', 'E', 'E', 'E'])
============================================================
Iteration 99 with LAT_IDX: 87 and LON_IDX: 120 with DEPTH 2.6103323
 * Adding to the thalweg 87, 120 (depth 2.61)... Let's look at his neighborhood...
 * The extracted matrix is:
[LINE 4]		nan 		nan 		nan 		nan 		2.37		
[LINE 3]		nan 		2.67		2.55		2.44		2.39		
[LINE 2]		-inf		-inf		-inf		2.48		nan 		
[LINE 1]		2.89		nan 		nan 		nan 		nan 		
[LINE 0]		nan 		nan 		nan 		nan 		nan 		
 * Ranking:
 ---> {'coords': (1, 0), 'dir': 'SW', 'score': 0}
 ---> {'coords': (1, 0), 'dir': 'SW', 'score': 0}
 * Selected, based on ranking: {'coords': (1, 0), 'dir': 'SW', 'score': 0}
 * The candidate has value 2.89 and coords (1, 0)
 * Checking direction:
 ---> Trend is: E
 ---> Complex Trend is: {'E': 9.0, 'NE': 2, 'N': 1.0}
 ---> Allowed dirs based on Complex Trend are: ['NE', 'E', 'SE']
 ---> Direction SW IS NOT ok! Last was E [last 10: ['E', 'E', 'E', 'E', 'NE', 'NE', 'E', 'E', 'E', 'E']] -- Modifying matrix...
[LINE 4]		nan 		nan 		nan 		nan 		2.37		
[LINE 3]		nan 		2.67		2.55		2.44		2.39		
[LINE 2]		-inf		-inf		-inf		2.48		nan 		
[LINE 1]		nan 		nan 		nan 		nan 		nan 		
[LINE 0]		nan 		nan 		nan 		nan 		nan 		
 * Ranking:
 ---> {'coords': (3, 1), 'dir': 'NW', 'score': 0}
 ---> {'coords': (3, 1), 'dir': 'NW', 'score': 0}
 * Selected, based on ranking: {'coords': (3, 1), 'dir': 'NW', 'score': 0}
 * The candidate has value 2.67 and coords (3, 1)
 * Checking direction:
 ---> Trend is: E
 ---> Complex Trend is: {'E': 9.0, 'NE': 2, 'N': 1.0}
 ---> Allowed dirs based on Complex Trend are: ['NE', 'E', 'SE']
 ---> Direction NW IS NOT ok! Last was E [last 10: ['E', 'E', 'E', 'E', 'NE', 'NE', 'E', 'E', 'E', 'E']] -- Modifying matrix...
[LINE 4]		nan 		nan 		nan 		nan 		2.37		
[LINE 3]		nan 		nan 		2.55		2.44		2.39		
[LINE 2]		-inf		-inf		-inf		2.48		nan 		
[LINE 1]		nan 		nan 		nan 		nan 		nan 		
[LINE 0]		nan 		nan 		nan 		nan 		nan 		
 * Ranking:
 ---> {'coords': (2, 3), 'dir': 'E', 'score': 19}
 ---> {'coords': (2, 3), 'dir': 'E', 'score': 19}
 ---> {'coords': (3, 2), 'dir': 'N', 'score': 1}
 ---> {'coords': (3, 2), 'dir': 'N', 'score': 1}
 * Selected, based on ranking: {'coords': (2, 3), 'dir': 'E', 'score': 19}
 * The candidate has value 2.55 and coords (2, 3)
 * Checking direction:
 ---> Trend is: E
 ---> Complex Trend is: {'E': 9.0, 'NE': 2, 'N': 1.0}
 ---> Allowed dirs based on Complex Trend are: ['NE', 'E', 'SE']
 ---> Direction E ok (last was E)! -- [Last 10: ['E', 'E', 'E', 'E', 'NE', 'NE', 'E', 'E', 'E', 'E']]
 * Selected element is (2, 3) with value 2.55
Next element is E with direction 2.48
New matrix will be centered on 87,121 with depth 2.48
TREND IS ('E', {'E': 9.0, 'NE': 2, 'N': 1.0}) --- (['E', 'E', 'E', 'NE', 'NE', 'E', 'E', 'E', 'E', 'E'])
============================================================
Iteration 100 with LAT_IDX: 87 and LON_IDX: 121 with DEPTH 2.4827213
 * Adding to the thalweg 87, 121 (depth 2.48)... Let's look at his neighborhood...
 * The extracted matrix is:
[LINE 4]		nan 		nan 		nan 		2.37		2.37		
[LINE 3]		2.67		2.55		2.44		2.39		2.38		
[LINE 2]		-inf		-inf		-inf		nan 		nan 		
[LINE 1]		nan 		nan 		nan 		nan 		nan 		
[LINE 0]		nan 		nan 		nan 		nan 		nan 		
 * Ranking:
 ---> {'coords': (3, 0), 'dir': 'NW', 'score': 0}
 ---> {'coords': (3, 0), 'dir': 'NW', 'score': 0}
 * Selected, based on ranking: {'coords': (3, 0), 'dir': 'NW', 'score': 0}
 * The candidate has value 2.67 and coords (3, 0)
 * Checking direction:
 ---> Trend is: E
 ---> Complex Trend is: {'E': 9.0, 'NE': 2, 'N': 1.0}
 ---> Allowed dirs based on Complex Trend are: ['NE', 'E', 'SE']
 ---> Direction NW IS NOT ok! Last was E [last 10: ['E', 'E', 'E', 'NE', 'NE', 'E', 'E', 'E', 'E', 'E']] -- Modifying matrix...
[LINE 4]		nan 		nan 		nan 		2.37		2.37		
[LINE 3]		nan 		2.55		2.44		2.39		2.38		
[LINE 2]		-inf		-inf		-inf		nan 		nan 		
[LINE 1]		nan 		nan 		nan 		nan 		nan 		
[LINE 0]		nan 		nan 		nan 		nan 		nan 		
 * Ranking:
 ---> {'coords': (3, 1), 'dir': 'NW', 'score': 0}
 ---> {'coords': (3, 1), 'dir': 'NW', 'score': 0}
 * Selected, based on ranking: {'coords': (3, 1), 'dir': 'NW', 'score': 0}
 * The candidate has value 2.55 and coords (3, 1)
 * Checking direction:
 ---> Trend is: E
 ---> Complex Trend is: {'E': 9.0, 'NE': 2, 'N': 1.0}
 ---> Allowed dirs based on Complex Trend are: ['NE', 'E', 'SE']
 ---> Direction NW IS NOT ok! Last was E [last 10: ['E', 'E', 'E', 'NE', 'NE', 'E', 'E', 'E', 'E', 'E']] -- Modifying matrix...
[LINE 4]		nan 		nan 		nan 		2.37		2.37		
[LINE 3]		nan 		nan 		2.44		2.39		2.38		
[LINE 2]		-inf		-inf		-inf		nan 		nan 		
[LINE 1]		nan 		nan 		nan 		nan 		nan 		
[LINE 0]		nan 		nan 		nan 		nan 		nan 		
 * Ranking:
 ---> {'coords': (3, 2), 'dir': 'N', 'score': 1}
 ---> {'coords': (3, 2), 'dir': 'N', 'score': 1}
 ---> {'coords': (3, 3), 'dir': 'NE', 'score': 15}
 ---> {'coords': (3, 3), 'dir': 'NE', 'score': 15}
 ---> {'coords': (3, 4), 'dir': 'NE', 'score': 15}
 ---> {'coords': (3, 4), 'dir': 'NE', 'score': 15}
 ---> {'coords': (4, 3), 'dir': 'NE', 'score': 15}
 ---> {'coords': (4, 3), 'dir': 'NE', 'score': 15}
 ---> {'coords': (4, 4), 'dir': 'NE', 'score': 15}
 ---> {'coords': (4, 4), 'dir': 'NE', 'score': 15}
 * Selected, based on ranking: {'coords': (3, 3), 'dir': 'NE', 'score': 15}
 * The candidate has value 2.44 and coords (3, 3)
 * Checking direction:
 ---> Trend is: E
 ---> Complex Trend is: {'E': 9.0, 'NE': 2, 'N': 1.0}
 ---> Allowed dirs based on Complex Trend are: ['NE', 'E', 'SE']
 ---> Direction NE ok (last was E)! -- [Last 10: ['E', 'E', 'E', 'NE', 'NE', 'E', 'E', 'E', 'E', 'E']]
 * Selected element is (3, 3) with value 2.44
Next element is NE with direction 2.39
New matrix will be centered on 88,122 with depth 2.39
TREND IS ('E', {'E': 8.5, 'NE': 3, 'N': 1.5}) --- (['E', 'E', 'NE', 'NE', 'E', 'E', 'E', 'E', 'E', 'NE'])
============================================================
Iteration 101 with LAT_IDX: 88 and LON_IDX: 122 with DEPTH 2.3939354
 * Adding to the thalweg 88, 122 (depth 2.39)... Let's look at his neighborhood...
 * The extracted matrix is:
[LINE 4]		nan 		nan 		nan 		nan 		nan 		
[LINE 3]		nan 		nan 		2.37		2.37		2.38		
[LINE 2]		2.55		2.44		-inf		2.38		2.38		
[LINE 1]		-inf		-inf		nan 		nan 		nan 		
[LINE 0]		nan 		nan 		nan 		nan 		nan 		
 * Ranking:
 ---> {'coords': (2, 0), 'dir': 'W', 'score': 0}
 ---> {'coords': (2, 0), 'dir': 'W', 'score': 0}
 * Selected, based on ranking: {'coords': (2, 0), 'dir': 'W', 'score': 0}
 * The candidate has value 2.55 and coords (2, 0)
 * Checking direction:
 ---> Trend is: E
 ---> Complex Trend is: {'E': 8.5, 'NE': 3, 'N': 1.5}
 ---> Allowed dirs based on Complex Trend are: ['NE', 'E', 'SE']
 ---> Direction W IS NOT ok! Last was NE [last 10: ['E', 'E', 'NE', 'NE', 'E', 'E', 'E', 'E', 'E', 'NE']] -- Modifying matrix...
[LINE 4]		nan 		nan 		nan 		nan 		nan 		
[LINE 3]		nan 		nan 		2.37		2.37		2.38		
[LINE 2]		nan 		2.44		-inf		2.38		2.38		
[LINE 1]		-inf		-inf		nan 		nan 		nan 		
[LINE 0]		nan 		nan 		nan 		nan 		nan 		
 * Ranking:
 ---> {'coords': (2, 1), 'dir': 'W', 'score': 0}
 ---> {'coords': (2, 1), 'dir': 'W', 'score': 0}
 ---> {'coords': (2, 3), 'dir': 'E', 'score': 15}
 ---> {'coords': (2, 3), 'dir': 'E', 'score': 15}
 ---> {'coords': (2, 4), 'dir': 'E', 'score': 15}
 ---> {'coords': (2, 4), 'dir': 'E', 'score': 15}
 ---> {'coords': (3, 2), 'dir': 'N', 'score': 5}
 ---> {'coords': (3, 2), 'dir': 'N', 'score': 5}
 ---> {'coords': (3, 3), 'dir': 'NE', 'score': 19}
 ---> {'coords': (3, 3), 'dir': 'NE', 'score': 19}
 ---> {'coords': (3, 4), 'dir': 'NE', 'score': 19}
 ---> {'coords': (3, 4), 'dir': 'NE', 'score': 19}
 * Selected, based on ranking: {'coords': (3, 3), 'dir': 'NE', 'score': 19}
 * The candidate has value 2.44 and coords (3, 3)
 * Checking direction:
 ---> Trend is: E
 ---> Complex Trend is: {'E': 8.5, 'NE': 3, 'N': 1.5}
 ---> Allowed dirs based on Complex Trend are: ['NE', 'E', 'SE']
 ---> Direction NE ok (last was NE)! -- [Last 10: ['E', 'E', 'NE', 'NE', 'E', 'E', 'E', 'E', 'E', 'NE']]
 * Selected element is (3, 3) with value 2.44
Next element is NE with direction 2.37
New matrix will be centered on 89,123 with depth 2.37
TREND IS ('E', {'E': 8.0, 'NE': 4, 'N': 2.0}) --- (['E', 'NE', 'NE', 'E', 'E', 'E', 'E', 'E', 'NE', 'NE'])
============================================================
Iteration 102 with LAT_IDX: 89 and LON_IDX: 123 with DEPTH 2.3652456
 * Adding to the thalweg 89, 123 (depth 2.37)... Let's look at his neighborhood...
 * The extracted matrix is:
[LINE 4]		nan 		nan 		nan 		nan 		nan 		
[LINE 3]		nan 		nan 		nan 		nan 		2.42		
[LINE 2]		nan 		2.37		-inf		2.38		2.41		
[LINE 1]		2.44		-inf		2.38		2.38		nan 		
[LINE 0]		-inf		nan 		nan 		nan 		nan 		
 * Ranking:
 ---> {'coords': (1, 0), 'dir': 'SW', 'score': 0}
 ---> {'coords': (1, 0), 'dir': 'SW', 'score': 0}
 ---> {'coords': (1, 2), 'dir': 'S', 'score': 0}
 ---> {'coords': (1, 2), 'dir': 'S', 'score': 0}
 ---> {'coords': (1, 3), 'dir': 'SE', 'score': 11}
 ---> {'coords': (1, 3), 'dir': 'SE', 'score': 11}
 ---> {'coords': (2, 1), 'dir': 'W', 'score': 0}
 ---> {'coords': (2, 1), 'dir': 'W', 'score': 0}
 ---> {'coords': (2, 3), 'dir': 'E', 'score': 15}
 ---> {'coords': (2, 3), 'dir': 'E', 'score': 15}
 ---> {'coords': (2, 4), 'dir': 'E', 'score': 15}
 ---> {'coords': (2, 4), 'dir': 'E', 'score': 15}
 ---> {'coords': (3, 4), 'dir': 'NE', 'score': 19}
 ---> {'coords': (3, 4), 'dir': 'NE', 'score': 19}
 * Selected, based on ranking: {'coords': (3, 4), 'dir': 'NE', 'score': 19}
 * The candidate has value 2.44 and coords (3, 4)
 * Checking direction:
 ---> Trend is: E
 ---> Complex Trend is: {'E': 8.0, 'NE': 4, 'N': 2.0}
 ---> Allowed dirs based on Complex Trend are: ['NE', 'E', 'SE']
 ---> Direction NE ok (last was NE)! -- [Last 10: ['E', 'NE', 'NE', 'E', 'E', 'E', 'E', 'E', 'NE', 'NE']]
 * Selected element is (3, 4) with value 2.44
Next element is NE with direction 2.42
New matrix will be centered on 90,125 with depth 2.42
TREND IS ('NE', {'NE': 5, 'E': 7.5, 'N': 2.5}) --- (['NE', 'NE', 'E', 'E', 'E', 'E', 'E', 'NE', 'NE', 'NE'])
============================================================
Iteration 103 with LAT_IDX: 90 and LON_IDX: 125 with DEPTH 2.4228063
 * Adding to the thalweg 90, 125 (depth 2.42)... Let's look at his neighborhood...
 * The extracted matrix is:
[LINE 4]		nan 		nan 		nan 		nan 		nan 		
[LINE 3]		nan 		nan 		nan 		nan 		nan 		
[LINE 2]		nan 		nan 		-inf		2.45		2.45		
[LINE 1]		-inf		2.38		2.41		2.44		2.45		
[LINE 0]		2.38		2.38		nan 		nan 		nan 		
 * Ranking:
 ---> {'coords': (0, 0), 'dir': 'SW', 'score': 0}
 ---> {'coords': (0, 0), 'dir': 'SW', 'score': 0}
 ---> {'coords': (0, 1), 'dir': 'SW', 'score': 0}
 ---> {'coords': (0, 1), 'dir': 'SW', 'score': 0}
 ---> {'coords': (1, 1), 'dir': 'SW', 'score': 0}
 ---> {'coords': (1, 1), 'dir': 'SW', 'score': 0}
 ---> {'coords': (1, 2), 'dir': 'S', 'score': 0}
 ---> {'coords': (1, 2), 'dir': 'S', 'score': 0}
 ---> {'coords': (1, 3), 'dir': 'SE', 'score': 11}
 ---> {'coords': (1, 3), 'dir': 'SE', 'score': 11}
 ---> {'coords': (1, 4), 'dir': 'SE', 'score': 11}
 ---> {'coords': (1, 4), 'dir': 'SE', 'score': 11}
 ---> {'coords': (2, 3), 'dir': 'E', 'score': 15}
 ---> {'coords': (2, 3), 'dir': 'E', 'score': 15}
 ---> {'coords': (2, 4), 'dir': 'E', 'score': 15}
 ---> {'coords': (2, 4), 'dir': 'E', 'score': 15}
 * Selected, based on ranking: {'coords': (2, 3), 'dir': 'E', 'score': 15}
 * The candidate has value 2.45 and coords (2, 3)
 * Checking direction:
 ---> Trend is: NE
 ---> Complex Trend is: {'NE': 5, 'E': 7.5, 'N': 2.5}
 ---> Allowed dirs based on Complex Trend are: ['NE', 'E', 'SE']
 ---> Direction E ok (last was NE)! -- [Last 10: ['NE', 'NE', 'E', 'E', 'E', 'E', 'E', 'NE', 'NE', 'NE']]
 * Selected element is (2, 3) with value 2.45
Next element is E with direction 2.45
New matrix will be centered on 90,126 with depth 2.45
TREND IS ('E', {'E': 8.0, 'NE': 4, 'N': 2.0}) --- (['NE', 'E', 'E', 'E', 'E', 'E', 'NE', 'NE', 'NE', 'E'])
============================================================
Iteration 104 with LAT_IDX: 90 and LON_IDX: 126 with DEPTH 2.4451792
 * Adding to the thalweg 90, 126 (depth 2.45)... Let's look at his neighborhood...
 * The extracted matrix is:
[LINE 4]		nan 		nan 		nan 		nan 		nan 		
[LINE 3]		nan 		nan 		nan 		nan 		2.44		
[LINE 2]		nan 		-inf		-inf		2.45		2.45		
[LINE 1]		2.38		2.41		2.44		2.45		nan 		
[LINE 0]		2.38		nan 		nan 		nan 		nan 		
 * Ranking:
 ---> {'coords': (0, 0), 'dir': 'SW', 'score': 0}
 ---> {'coords': (0, 0), 'dir': 'SW', 'score': 0}
 ---> {'coords': (1, 0), 'dir': 'SW', 'score': 0}
 ---> {'coords': (1, 0), 'dir': 'SW', 'score': 0}
 ---> {'coords': (1, 1), 'dir': 'SW', 'score': 0}
 ---> {'coords': (1, 1), 'dir': 'SW', 'score': 0}
 ---> {'coords': (1, 2), 'dir': 'S', 'score': 1}
 ---> {'coords': (1, 2), 'dir': 'S', 'score': 1}
 ---> {'coords': (1, 3), 'dir': 'SE', 'score': 15}
 ---> {'coords': (1, 3), 'dir': 'SE', 'score': 15}
 ---> {'coords': (2, 3), 'dir': 'E', 'score': 19}
 ---> {'coords': (2, 3), 'dir': 'E', 'score': 19}
 ---> {'coords': (2, 4), 'dir': 'E', 'score': 19}
 ---> {'coords': (2, 4), 'dir': 'E', 'score': 19}
 ---> {'coords': (3, 4), 'dir': 'NE', 'score': 15}
 ---> {'coords': (3, 4), 'dir': 'NE', 'score': 15}
 * Selected, based on ranking: {'coords': (2, 3), 'dir': 'E', 'score': 19}
 * The candidate has value 2.45 and coords (2, 3)
 * Checking direction:
 ---> Trend is: E
 ---> Complex Trend is: {'E': 8.0, 'NE': 4, 'N': 2.0}
 ---> Allowed dirs based on Complex Trend are: ['NE', 'E', 'SE']
 ---> Direction E ok (last was E)! -- [Last 10: ['NE', 'E', 'E', 'E', 'E', 'E', 'NE', 'NE', 'NE', 'E']]
 * Selected element is (2, 3) with value 2.45
Next element is E with direction 2.45
New matrix will be centered on 90,127 with depth 2.45
TREND IS ('E', {'E': 8.5, 'NE': 3, 'N': 1.5}) --- (['E', 'E', 'E', 'E', 'E', 'NE', 'NE', 'NE', 'E', 'E'])
============================================================
Iteration 105 with LAT_IDX: 90 and LON_IDX: 127 with DEPTH 2.4505138
 * Adding to the thalweg 90, 127 (depth 2.45)... Let's look at his neighborhood...
 * The extracted matrix is:
[LINE 4]		nan 		nan 		nan 		nan 		nan 		
[LINE 3]		nan 		nan 		nan 		2.44		2.42		
[LINE 2]		-inf		-inf		-inf		2.45		2.44		
[LINE 1]		2.41		2.44		2.45		nan 		nan 		
[LINE 0]		nan 		nan 		nan 		nan 		nan 		
 * Ranking:
 ---> {'coords': (1, 0), 'dir': 'SW', 'score': 0}
 ---> {'coords': (1, 0), 'dir': 'SW', 'score': 0}
 ---> {'coords': (1, 1), 'dir': 'SW', 'score': 0}
 ---> {'coords': (1, 1), 'dir': 'SW', 'score': 0}
 ---> {'coords': (1, 2), 'dir': 'S', 'score': 1}
 ---> {'coords': (1, 2), 'dir': 'S', 'score': 1}
 ---> {'coords': (2, 3), 'dir': 'E', 'score': 19}
 ---> {'coords': (2, 3), 'dir': 'E', 'score': 19}
 ---> {'coords': (2, 4), 'dir': 'E', 'score': 19}
 ---> {'coords': (2, 4), 'dir': 'E', 'score': 19}
 ---> {'coords': (3, 3), 'dir': 'NE', 'score': 15}
 ---> {'coords': (3, 3), 'dir': 'NE', 'score': 15}
 ---> {'coords': (3, 4), 'dir': 'NE', 'score': 15}
 ---> {'coords': (3, 4), 'dir': 'NE', 'score': 15}
 * Selected, based on ranking: {'coords': (2, 3), 'dir': 'E', 'score': 19}
 * The candidate has value 2.45 and coords (2, 3)
 * Checking direction:
 ---> Trend is: E
 ---> Complex Trend is: {'E': 8.5, 'NE': 3, 'N': 1.5}
 ---> Allowed dirs based on Complex Trend are: ['NE', 'E', 'SE']
 ---> Direction E ok (last was E)! -- [Last 10: ['E', 'E', 'E', 'E', 'E', 'NE', 'NE', 'NE', 'E', 'E']]
 * Selected element is (2, 3) with value 2.45
Next element is E with direction 2.45
New matrix will be centered on 90,128 with depth 2.45
TREND IS ('E', {'E': 8.5, 'NE': 3, 'N': 1.5}) --- (['E', 'E', 'E', 'E', 'NE', 'NE', 'NE', 'E', 'E', 'E'])
============================================================
Iteration 106 with LAT_IDX: 90 and LON_IDX: 128 with DEPTH 2.447257
 * Adding to the thalweg 90, 128 (depth 2.45)... Let's look at his neighborhood...
 * The extracted matrix is:
[LINE 4]		nan 		nan 		nan 		nan 		2.4 		
[LINE 3]		nan 		nan 		2.44		2.42		2.42		
[LINE 2]		-inf		-inf		-inf		2.44		2.43		
[LINE 1]		2.44		2.45		nan 		nan 		nan 		
[LINE 0]		nan 		nan 		nan 		nan 		nan 		
 * Ranking:
 ---> {'coords': (1, 0), 'dir': 'SW', 'score': 0}
 ---> {'coords': (1, 0), 'dir': 'SW', 'score': 0}
 ---> {'coords': (1, 1), 'dir': 'SW', 'score': 0}
 ---> {'coords': (1, 1), 'dir': 'SW', 'score': 0}
 ---> {'coords': (2, 3), 'dir': 'E', 'score': 19}
 ---> {'coords': (2, 3), 'dir': 'E', 'score': 19}
 ---> {'coords': (2, 4), 'dir': 'E', 'score': 19}
 ---> {'coords': (2, 4), 'dir': 'E', 'score': 19}
 ---> {'coords': (3, 2), 'dir': 'N', 'score': 1}
 ---> {'coords': (3, 2), 'dir': 'N', 'score': 1}
 ---> {'coords': (3, 3), 'dir': 'NE', 'score': 15}
 ---> {'coords': (3, 3), 'dir': 'NE', 'score': 15}
 ---> {'coords': (3, 4), 'dir': 'NE', 'score': 15}
 ---> {'coords': (3, 4), 'dir': 'NE', 'score': 15}
 ---> {'coords': (4, 4), 'dir': 'NE', 'score': 15}
 ---> {'coords': (4, 4), 'dir': 'NE', 'score': 15}
 * Selected, based on ranking: {'coords': (2, 3), 'dir': 'E', 'score': 19}
 * The candidate has value 2.45 and coords (2, 3)
 * Checking direction:
 ---> Trend is: E
 ---> Complex Trend is: {'E': 8.5, 'NE': 3, 'N': 1.5}
 ---> Allowed dirs based on Complex Trend are: ['NE', 'E', 'SE']
 ---> Direction E ok (last was E)! -- [Last 10: ['E', 'E', 'E', 'E', 'NE', 'NE', 'NE', 'E', 'E', 'E']]
 * Selected element is (2, 3) with value 2.45
Next element is E with direction 2.44
New matrix will be centered on 90,129 with depth 2.44
TREND IS ('E', {'E': 8.5, 'NE': 3, 'N': 1.5}) --- (['E', 'E', 'E', 'NE', 'NE', 'NE', 'E', 'E', 'E', 'E'])
============================================================
Iteration 107 with LAT_IDX: 90 and LON_IDX: 129 with DEPTH 2.4390378
 * Adding to the thalweg 90, 129 (depth 2.44)... Let's look at his neighborhood...
 * The extracted matrix is:
[LINE 4]		nan 		nan 		nan 		2.4 		2.38		
[LINE 3]		nan 		2.44		2.42		2.42		2.42		
[LINE 2]		-inf		-inf		-inf		2.43		nan 		
[LINE 1]		2.45		nan 		nan 		nan 		nan 		
[LINE 0]		nan 		nan 		nan 		nan 		nan 		
 * Ranking:
 ---> {'coords': (1, 0), 'dir': 'SW', 'score': 0}
 ---> {'coords': (1, 0), 'dir': 'SW', 'score': 0}
 ---> {'coords': (2, 3), 'dir': 'E', 'score': 19}
 ---> {'coords': (2, 3), 'dir': 'E', 'score': 19}
 ---> {'coords': (3, 1), 'dir': 'NW', 'score': 0}
 ---> {'coords': (3, 1), 'dir': 'NW', 'score': 0}
 ---> {'coords': (3, 2), 'dir': 'N', 'score': 1}
 ---> {'coords': (3, 2), 'dir': 'N', 'score': 1}
 ---> {'coords': (3, 3), 'dir': 'NE', 'score': 15}
 ---> {'coords': (3, 3), 'dir': 'NE', 'score': 15}
 ---> {'coords': (3, 4), 'dir': 'NE', 'score': 15}
 ---> {'coords': (3, 4), 'dir': 'NE', 'score': 15}
 ---> {'coords': (4, 3), 'dir': 'NE', 'score': 15}
 ---> {'coords': (4, 3), 'dir': 'NE', 'score': 15}
 ---> {'coords': (4, 4), 'dir': 'NE', 'score': 15}
 ---> {'coords': (4, 4), 'dir': 'NE', 'score': 15}
 * Selected, based on ranking: {'coords': (2, 3), 'dir': 'E', 'score': 19}
 * The candidate has value 2.45 and coords (2, 3)
 * Checking direction:
 ---> Trend is: E
 ---> Complex Trend is: {'E': 8.5, 'NE': 3, 'N': 1.5}
 ---> Allowed dirs based on Complex Trend are: ['NE', 'E', 'SE']
 ---> Direction E ok (last was E)! -- [Last 10: ['E', 'E', 'E', 'NE', 'NE', 'NE', 'E', 'E', 'E', 'E']]
 * Selected element is (2, 3) with value 2.45
Next element is E with direction 2.43
New matrix will be centered on 90,130 with depth 2.43
TREND IS ('E', {'E': 8.5, 'NE': 3, 'N': 1.5}) --- (['E', 'E', 'NE', 'NE', 'NE', 'E', 'E', 'E', 'E', 'E'])
============================================================
Iteration 108 with LAT_IDX: 90 and LON_IDX: 130 with DEPTH 2.4319437
 * Adding to the thalweg 90, 130 (depth 2.43)... Let's look at his neighborhood...
 * The extracted matrix is:
[LINE 4]		nan 		nan 		2.4 		2.38		2.36		
[LINE 3]		2.44		2.42		2.42		2.42		2.4 		
[LINE 2]		-inf		-inf		-inf		nan 		nan 		
[LINE 1]		nan 		nan 		nan 		nan 		nan 		
[LINE 0]		nan 		nan 		nan 		nan 		nan 		
 * Ranking:
 ---> {'coords': (3, 0), 'dir': 'NW', 'score': 0}
 ---> {'coords': (3, 0), 'dir': 'NW', 'score': 0}
 ---> {'coords': (3, 1), 'dir': 'NW', 'score': 0}
 ---> {'coords': (3, 1), 'dir': 'NW', 'score': 0}
 ---> {'coords': (3, 2), 'dir': 'N', 'score': 1}
 ---> {'coords': (3, 2), 'dir': 'N', 'score': 1}
 ---> {'coords': (3, 3), 'dir': 'NE', 'score': 15}
 ---> {'coords': (3, 3), 'dir': 'NE', 'score': 15}
 ---> {'coords': (3, 4), 'dir': 'NE', 'score': 15}
 ---> {'coords': (3, 4), 'dir': 'NE', 'score': 15}
 ---> {'coords': (4, 2), 'dir': 'N', 'score': 1}
 ---> {'coords': (4, 2), 'dir': 'N', 'score': 1}
 ---> {'coords': (4, 3), 'dir': 'NE', 'score': 15}
 ---> {'coords': (4, 3), 'dir': 'NE', 'score': 15}
 ---> {'coords': (4, 4), 'dir': 'NE', 'score': 15}
 ---> {'coords': (4, 4), 'dir': 'NE', 'score': 15}
 * Selected, based on ranking: {'coords': (3, 3), 'dir': 'NE', 'score': 15}
 * The candidate has value 2.44 and coords (3, 3)
 * Checking direction:
 ---> Trend is: E
 ---> Complex Trend is: {'E': 8.5, 'NE': 3, 'N': 1.5}
 ---> Allowed dirs based on Complex Trend are: ['NE', 'E', 'SE']
 ---> Direction NE ok (last was E)! -- [Last 10: ['E', 'E', 'NE', 'NE', 'NE', 'E', 'E', 'E', 'E', 'E']]
 * Selected element is (3, 3) with value 2.44
Next element is NE with direction 2.42
New matrix will be centered on 91,131 with depth 2.42
TREND IS ('E', {'E': 8.0, 'NE': 4, 'N': 2.0}) --- (['E', 'NE', 'NE', 'NE', 'E', 'E', 'E', 'E', 'E', 'NE'])
============================================================
Iteration 109 with LAT_IDX: 91 and LON_IDX: 131 with DEPTH 2.4167852
 * Adding to the thalweg 91, 131 (depth 2.42)... Let's look at his neighborhood...
 * The extracted matrix is:
[LINE 4]		nan 		nan 		nan 		nan 		2.28		
[LINE 3]		nan 		2.4 		2.38		2.36		2.33		
[LINE 2]		2.42		2.42		-inf		2.4 		nan 		
[LINE 1]		-inf		-inf		nan 		nan 		nan 		
[LINE 0]		nan 		nan 		nan 		nan 		nan 		
 * Ranking:
 ---> {'coords': (2, 0), 'dir': 'W', 'score': 0}
 ---> {'coords': (2, 0), 'dir': 'W', 'score': 0}
 ---> {'coords': (2, 1), 'dir': 'W', 'score': 0}
 ---> {'coords': (2, 1), 'dir': 'W', 'score': 0}
 ---> {'coords': (2, 3), 'dir': 'E', 'score': 15}
 ---> {'coords': (2, 3), 'dir': 'E', 'score': 15}
 ---> {'coords': (3, 1), 'dir': 'NW', 'score': 1}
 ---> {'coords': (3, 1), 'dir': 'NW', 'score': 1}
 ---> {'coords': (3, 2), 'dir': 'N', 'score': 5}
 ---> {'coords': (3, 2), 'dir': 'N', 'score': 5}
 ---> {'coords': (3, 3), 'dir': 'NE', 'score': 19}
 ---> {'coords': (3, 3), 'dir': 'NE', 'score': 19}
 ---> {'coords': (3, 4), 'dir': 'NE', 'score': 19}
 ---> {'coords': (3, 4), 'dir': 'NE', 'score': 19}
 * Selected, based on ranking: {'coords': (3, 3), 'dir': 'NE', 'score': 19}
 * The candidate has value 2.42 and coords (3, 3)
 * Checking direction:
 ---> Trend is: E
 ---> Complex Trend is: {'E': 8.0, 'NE': 4, 'N': 2.0}
 ---> Allowed dirs based on Complex Trend are: ['NE', 'E', 'SE']
 ---> Direction NE ok (last was NE)! -- [Last 10: ['E', 'NE', 'NE', 'NE', 'E', 'E', 'E', 'E', 'E', 'NE']]
 * Selected element is (3, 3) with value 2.42
Next element is NE with direction 2.36
New matrix will be centered on 92,132 with depth 2.36
TREND IS ('NE', {'NE': 5, 'E': 7.5, 'N': 2.5}) --- (['NE', 'NE', 'NE', 'E', 'E', 'E', 'E', 'E', 'NE', 'NE'])
============================================================
Iteration 110 with LAT_IDX: 92 and LON_IDX: 132 with DEPTH 2.3592892
 * Adding to the thalweg 92, 132 (depth 2.36)... Let's look at his neighborhood...
 * The extracted matrix is:
[LINE 4]		nan 		nan 		nan 		nan 		nan 		
[LINE 3]		nan 		nan 		nan 		2.28		2.23		
[LINE 2]		2.4 		2.38		-inf		2.33		2.28		
[LINE 1]		2.42		-inf		2.4 		nan 		nan 		
[LINE 0]		-inf		nan 		nan 		nan 		nan 		
 * Ranking:
 ---> {'coords': (1, 0), 'dir': 'SW', 'score': 0}
 ---> {'coords': (1, 0), 'dir': 'SW', 'score': 0}
 ---> {'coords': (1, 2), 'dir': 'S', 'score': 0}
 ---> {'coords': (1, 2), 'dir': 'S', 'score': 0}
 ---> {'coords': (2, 0), 'dir': 'W', 'score': 0}
 ---> {'coords': (2, 0), 'dir': 'W', 'score': 0}
 ---> {'coords': (2, 1), 'dir': 'W', 'score': 0}
 ---> {'coords': (2, 1), 'dir': 'W', 'score': 0}
 ---> {'coords': (2, 3), 'dir': 'E', 'score': 15}
 ---> {'coords': (2, 3), 'dir': 'E', 'score': 15}
 * Selected, based on ranking: {'coords': (2, 3), 'dir': 'E', 'score': 15}
 * The candidate has value 2.42 and coords (2, 3)
 * Checking direction:
 ---> Trend is: NE
 ---> Complex Trend is: {'NE': 5, 'E': 7.5, 'N': 2.5}
 ---> Allowed dirs based on Complex Trend are: ['NE', 'E', 'SE']
 ---> Direction E ok (last was NE)! -- [Last 10: ['NE', 'NE', 'NE', 'E', 'E', 'E', 'E', 'E', 'NE', 'NE']]
 * Selected element is (2, 3) with value 2.42
Next element is E with direction 2.33
New matrix will be centered on 92,133 with depth 2.33
TREND IS ('E', {'E': 8.0, 'NE': 4, 'N': 2.0}) --- (['NE', 'NE', 'E', 'E', 'E', 'E', 'E', 'NE', 'NE', 'E'])
============================================================
Iteration 111 with LAT_IDX: 92 and LON_IDX: 133 with DEPTH 2.3260777
 * Adding to the thalweg 92, 133 (depth 2.33)... Let's look at his neighborhood...
 * The extracted matrix is:
[LINE 4]		nan 		nan 		nan 		nan 		2.15		
[LINE 3]		nan 		nan 		2.28		2.23		2.19		
[LINE 2]		2.38		-inf		-inf		2.28		2.22		
[LINE 1]		-inf		2.4 		nan 		nan 		nan 		
[LINE 0]		nan 		nan 		nan 		nan 		nan 		
 * Ranking:
 ---> {'coords': (1, 1), 'dir': 'SW', 'score': 0}
 ---> {'coords': (1, 1), 'dir': 'SW', 'score': 0}
 ---> {'coords': (2, 0), 'dir': 'W', 'score': 0}
 ---> {'coords': (2, 0), 'dir': 'W', 'score': 0}
 * Selected, based on ranking: {'coords': (1, 1), 'dir': 'SW', 'score': 0}
 * The candidate has value 2.4 and coords (1, 1)
 * Checking direction:
 ---> Trend is: E
 ---> Complex Trend is: {'E': 8.0, 'NE': 4, 'N': 2.0}
 ---> Allowed dirs based on Complex Trend are: ['NE', 'E', 'SE']
 ---> Direction SW IS NOT ok! Last was E [last 10: ['NE', 'NE', 'E', 'E', 'E', 'E', 'E', 'NE', 'NE', 'E']] -- Modifying matrix...
[LINE 4]		nan 		nan 		nan 		nan 		2.15		
[LINE 3]		nan 		nan 		2.28		2.23		2.19		
[LINE 2]		2.38		-inf		-inf		2.28		2.22		
[LINE 1]		-inf		nan 		nan 		nan 		nan 		
[LINE 0]		nan 		nan 		nan 		nan 		nan 		
 * Ranking:
 ---> {'coords': (2, 0), 'dir': 'W', 'score': 0}
 ---> {'coords': (2, 0), 'dir': 'W', 'score': 0}
 * Selected, based on ranking: {'coords': (2, 0), 'dir': 'W', 'score': 0}
 * The candidate has value 2.38 and coords (2, 0)
 * Checking direction:
 ---> Trend is: E
 ---> Complex Trend is: {'E': 8.0, 'NE': 4, 'N': 2.0}
 ---> Allowed dirs based on Complex Trend are: ['NE', 'E', 'SE']
 ---> Direction W IS NOT ok! Last was E [last 10: ['NE', 'NE', 'E', 'E', 'E', 'E', 'E', 'NE', 'NE', 'E']] -- Modifying matrix...
[LINE 4]		nan 		nan 		nan 		nan 		2.15		
[LINE 3]		nan 		nan 		2.28		2.23		2.19		
[LINE 2]		nan 		-inf		-inf		2.28		2.22		
[LINE 1]		-inf		nan 		nan 		nan 		nan 		
[LINE 0]		nan 		nan 		nan 		nan 		nan 		
 * Ranking:
 ---> {'coords': (2, 3), 'dir': 'E', 'score': 19}
 ---> {'coords': (2, 3), 'dir': 'E', 'score': 19}
 ---> {'coords': (2, 4), 'dir': 'E', 'score': 19}
 ---> {'coords': (2, 4), 'dir': 'E', 'score': 19}
 ---> {'coords': (3, 2), 'dir': 'N', 'score': 1}
 ---> {'coords': (3, 2), 'dir': 'N', 'score': 1}
 ---> {'coords': (3, 3), 'dir': 'NE', 'score': 15}
 ---> {'coords': (3, 3), 'dir': 'NE', 'score': 15}
 ---> {'coords': (3, 4), 'dir': 'NE', 'score': 15}
 ---> {'coords': (3, 4), 'dir': 'NE', 'score': 15}
 * Selected, based on ranking: {'coords': (2, 3), 'dir': 'E', 'score': 19}
 * The candidate has value 2.28 and coords (2, 3)
 * Checking direction:
 ---> Trend is: E
 ---> Complex Trend is: {'E': 8.0, 'NE': 4, 'N': 2.0}
 ---> Allowed dirs based on Complex Trend are: ['NE', 'E', 'SE']
 ---> Direction E ok (last was E)! -- [Last 10: ['NE', 'NE', 'E', 'E', 'E', 'E', 'E', 'NE', 'NE', 'E']]
 * Selected element is (2, 3) with value 2.28
Next element is E with direction 2.28
New matrix will be centered on 92,134 with depth 2.28
TREND IS ('E', {'E': 8.5, 'NE': 3, 'N': 1.5}) --- (['NE', 'E', 'E', 'E', 'E', 'E', 'NE', 'NE', 'E', 'E'])
============================================================
Iteration 112 with LAT_IDX: 92 and LON_IDX: 134 with DEPTH 2.28062
 * Adding to the thalweg 92, 134 (depth 2.28)... Let's look at his neighborhood...
 * The extracted matrix is:
[LINE 4]		nan 		nan 		nan 		2.15		2.12		
[LINE 3]		nan 		2.28		2.23		2.19		2.16		
[LINE 2]		-inf		-inf		-inf		2.22		nan 		
[LINE 1]		2.4 		nan 		nan 		nan 		nan 		
[LINE 0]		nan 		nan 		nan 		nan 		nan 		
 * Ranking:
 ---> {'coords': (1, 0), 'dir': 'SW', 'score': 0}
 ---> {'coords': (1, 0), 'dir': 'SW', 'score': 0}
 * Selected, based on ranking: {'coords': (1, 0), 'dir': 'SW', 'score': 0}
 * The candidate has value 2.4 and coords (1, 0)
 * Checking direction:
 ---> Trend is: E
 ---> Complex Trend is: {'E': 8.5, 'NE': 3, 'N': 1.5}
 ---> Allowed dirs based on Complex Trend are: ['NE', 'E', 'SE']
 ---> Direction SW IS NOT ok! Last was E [last 10: ['NE', 'E', 'E', 'E', 'E', 'E', 'NE', 'NE', 'E', 'E']] -- Modifying matrix...
[LINE 4]		nan 		nan 		nan 		2.15		2.12		
[LINE 3]		nan 		2.28		2.23		2.19		2.16		
[LINE 2]		-inf		-inf		-inf		2.22		nan 		
[LINE 1]		nan 		nan 		nan 		nan 		nan 		
[LINE 0]		nan 		nan 		nan 		nan 		nan 		
 * Ranking:
 ---> {'coords': (2, 3), 'dir': 'E', 'score': 19}
 ---> {'coords': (2, 3), 'dir': 'E', 'score': 19}
 ---> {'coords': (3, 1), 'dir': 'NW', 'score': 0}
 ---> {'coords': (3, 1), 'dir': 'NW', 'score': 0}
 ---> {'coords': (3, 2), 'dir': 'N', 'score': 1}
 ---> {'coords': (3, 2), 'dir': 'N', 'score': 1}
 ---> {'coords': (3, 3), 'dir': 'NE', 'score': 15}
 ---> {'coords': (3, 3), 'dir': 'NE', 'score': 15}
 * Selected, based on ranking: {'coords': (2, 3), 'dir': 'E', 'score': 19}
 * The candidate has value 2.28 and coords (2, 3)
 * Checking direction:
 ---> Trend is: E
 ---> Complex Trend is: {'E': 8.5, 'NE': 3, 'N': 1.5}
 ---> Allowed dirs based on Complex Trend are: ['NE', 'E', 'SE']
 ---> Direction E ok (last was E)! -- [Last 10: ['NE', 'E', 'E', 'E', 'E', 'E', 'NE', 'NE', 'E', 'E']]
 * Selected element is (2, 3) with value 2.28
Next element is E with direction 2.22
New matrix will be centered on 92,135 with depth 2.22
TREND IS ('E', {'E': 9.0, 'NE': 2, 'N': 1.0}) --- (['E', 'E', 'E', 'E', 'E', 'NE', 'NE', 'E', 'E', 'E'])
============================================================
Iteration 113 with LAT_IDX: 92 and LON_IDX: 135 with DEPTH 2.217182
 * Adding to the thalweg 92, 135 (depth 2.22)... Let's look at his neighborhood...
 * The extracted matrix is:
[LINE 4]		nan 		nan 		2.15		2.12		2.11		
[LINE 3]		2.28		2.23		2.19		2.16		2.14		
[LINE 2]		-inf		-inf		-inf		nan 		nan 		
[LINE 1]		nan 		nan 		nan 		nan 		nan 		
[LINE 0]		nan 		nan 		nan 		nan 		nan 		
 * Ranking:
 ---> {'coords': (3, 0), 'dir': 'NW', 'score': 0}
 ---> {'coords': (3, 0), 'dir': 'NW', 'score': 0}
 ---> {'coords': (3, 1), 'dir': 'NW', 'score': 0}
 ---> {'coords': (3, 1), 'dir': 'NW', 'score': 0}
 ---> {'coords': (3, 2), 'dir': 'N', 'score': 1}
 ---> {'coords': (3, 2), 'dir': 'N', 'score': 1}
 * Selected, based on ranking: {'coords': (3, 2), 'dir': 'N', 'score': 1}
 * The candidate has value 2.28 and coords (3, 2)
 * Checking direction:
 ---> Trend is: E
 ---> Complex Trend is: {'E': 9.0, 'NE': 2, 'N': 1.0}
 ---> Allowed dirs based on Complex Trend are: ['NE', 'E', 'SE']
 ---> Direction N IS NOT ok! Last was E [last 10: ['E', 'E', 'E', 'E', 'E', 'NE', 'NE', 'E', 'E', 'E']] -- Modifying matrix...
[LINE 4]		nan 		nan 		2.15		2.12		2.11		
[LINE 3]		2.28		2.23		nan 		2.16		2.14		
[LINE 2]		-inf		-inf		-inf		nan 		nan 		
[LINE 1]		nan 		nan 		nan 		nan 		nan 		
[LINE 0]		nan 		nan 		nan 		nan 		nan 		
 * Ranking:
 ---> {'coords': (3, 0), 'dir': 'NW', 'score': 0}
 ---> {'coords': (3, 0), 'dir': 'NW', 'score': 0}
 ---> {'coords': (3, 1), 'dir': 'NW', 'score': 0}
 ---> {'coords': (3, 1), 'dir': 'NW', 'score': 0}
 * Selected, based on ranking: {'coords': (3, 0), 'dir': 'NW', 'score': 0}
 * The candidate has value 2.28 and coords (3, 0)
 * Checking direction:
 ---> Trend is: E
 ---> Complex Trend is: {'E': 9.0, 'NE': 2, 'N': 1.0}
 ---> Allowed dirs based on Complex Trend are: ['NE', 'E', 'SE']
 ---> Direction NW IS NOT ok! Last was E [last 10: ['E', 'E', 'E', 'E', 'E', 'NE', 'NE', 'E', 'E', 'E']] -- Modifying matrix...
[LINE 4]		nan 		nan 		2.15		2.12		2.11		
[LINE 3]		nan 		2.23		nan 		2.16		2.14		
[LINE 2]		-inf		-inf		-inf		nan 		nan 		
[LINE 1]		nan 		nan 		nan 		nan 		nan 		
[LINE 0]		nan 		nan 		nan 		nan 		nan 		
 * Ranking:
 ---> {'coords': (3, 1), 'dir': 'NW', 'score': 0}
 ---> {'coords': (3, 1), 'dir': 'NW', 'score': 0}
 ---> {'coords': (3, 3), 'dir': 'NE', 'score': 15}
 ---> {'coords': (3, 3), 'dir': 'NE', 'score': 15}
 ---> {'coords': (3, 4), 'dir': 'NE', 'score': 15}
 ---> {'coords': (3, 4), 'dir': 'NE', 'score': 15}
 ---> {'coords': (4, 2), 'dir': 'N', 'score': 1}
 ---> {'coords': (4, 2), 'dir': 'N', 'score': 1}
 * Selected, based on ranking: {'coords': (3, 3), 'dir': 'NE', 'score': 15}
 * The candidate has value 2.23 and coords (3, 3)
 * Checking direction:
 ---> Trend is: E
 ---> Complex Trend is: {'E': 9.0, 'NE': 2, 'N': 1.0}
 ---> Allowed dirs based on Complex Trend are: ['NE', 'E', 'SE']
 ---> Direction NE ok (last was E)! -- [Last 10: ['E', 'E', 'E', 'E', 'E', 'NE', 'NE', 'E', 'E', 'E']]
 * Selected element is (3, 3) with value 2.23
Next element is NE with direction 2.16
New matrix will be centered on 93,136 with depth 2.16
TREND IS ('E', {'E': 8.5, 'NE': 3, 'N': 1.5}) --- (['E', 'E', 'E', 'E', 'NE', 'NE', 'E', 'E', 'E', 'NE'])
============================================================
Iteration 114 with LAT_IDX: 93 and LON_IDX: 136 with DEPTH 2.157291
 * Adding to the thalweg 93, 136 (depth 2.16)... Let's look at his neighborhood...
 * The extracted matrix is:
[LINE 4]		nan 		nan 		nan 		2.06		2.04		
[LINE 3]		nan 		2.15		2.12		2.11		2.12		
[LINE 2]		2.23		2.19		-inf		2.14		nan 		
[LINE 1]		-inf		-inf		nan 		nan 		nan 		
[LINE 0]		nan 		nan 		nan 		nan 		nan 		
 * Ranking:
 ---> {'coords': (2, 0), 'dir': 'W', 'score': 0}
 ---> {'coords': (2, 0), 'dir': 'W', 'score': 0}
 ---> {'coords': (2, 1), 'dir': 'W', 'score': 0}
 ---> {'coords': (2, 1), 'dir': 'W', 'score': 0}
 ---> {'coords': (2, 3), 'dir': 'E', 'score': 15}
 ---> {'coords': (2, 3), 'dir': 'E', 'score': 15}
 ---> {'coords': (3, 1), 'dir': 'NW', 'score': 1}
 ---> {'coords': (3, 1), 'dir': 'NW', 'score': 1}
 * Selected, based on ranking: {'coords': (2, 3), 'dir': 'E', 'score': 15}
 * The candidate has value 2.23 and coords (2, 3)
 * Checking direction:
 ---> Trend is: E
 ---> Complex Trend is: {'E': 8.5, 'NE': 3, 'N': 1.5}
 ---> Allowed dirs based on Complex Trend are: ['NE', 'E', 'SE']
 ---> Direction E ok (last was NE)! -- [Last 10: ['E', 'E', 'E', 'E', 'NE', 'NE', 'E', 'E', 'E', 'NE']]
 * Selected element is (2, 3) with value 2.23
Next element is E with direction 2.14
New matrix will be centered on 93,137 with depth 2.14
TREND IS ('E', {'E': 8.5, 'NE': 3, 'N': 1.5}) --- (['E', 'E', 'E', 'NE', 'NE', 'E', 'E', 'E', 'NE', 'E'])
============================================================
Iteration 115 with LAT_IDX: 93 and LON_IDX: 137 with DEPTH 2.1393979
 * Adding to the thalweg 93, 137 (depth 2.14)... Let's look at his neighborhood...
 * The extracted matrix is:
[LINE 4]		nan 		nan 		2.06		2.04		2.07		
[LINE 3]		2.15		2.12		2.11		2.12		2.15		
[LINE 2]		2.19		-inf		-inf		nan 		nan 		
[LINE 1]		-inf		nan 		nan 		nan 		nan 		
[LINE 0]		nan 		nan 		nan 		nan 		nan 		
 * Ranking:
 ---> {'coords': (2, 0), 'dir': 'W', 'score': 0}
 ---> {'coords': (2, 0), 'dir': 'W', 'score': 0}
 ---> {'coords': (3, 0), 'dir': 'NW', 'score': 0}
 ---> {'coords': (3, 0), 'dir': 'NW', 'score': 0}
 ---> {'coords': (3, 1), 'dir': 'NW', 'score': 0}
 ---> {'coords': (3, 1), 'dir': 'NW', 'score': 0}
 ---> {'coords': (3, 2), 'dir': 'N', 'score': 1}
 ---> {'coords': (3, 2), 'dir': 'N', 'score': 1}
 ---> {'coords': (3, 3), 'dir': 'NE', 'score': 15}
 ---> {'coords': (3, 3), 'dir': 'NE', 'score': 15}
 ---> {'coords': (3, 4), 'dir': 'NE', 'score': 15}
 ---> {'coords': (3, 4), 'dir': 'NE', 'score': 15}
 * Selected, based on ranking: {'coords': (3, 3), 'dir': 'NE', 'score': 15}
 * The candidate has value 2.19 and coords (3, 3)
 * Checking direction:
 ---> Trend is: E
 ---> Complex Trend is: {'E': 8.5, 'NE': 3, 'N': 1.5}
 ---> Allowed dirs based on Complex Trend are: ['NE', 'E', 'SE']
 ---> Direction NE ok (last was E)! -- [Last 10: ['E', 'E', 'E', 'NE', 'NE', 'E', 'E', 'E', 'NE', 'E']]
 * Selected element is (3, 3) with value 2.19
Next element is NE with direction 2.12
New matrix will be centered on 94,138 with depth 2.12
TREND IS ('E', {'E': 8.0, 'NE': 4, 'N': 2.0}) --- (['E', 'E', 'NE', 'NE', 'E', 'E', 'E', 'NE', 'E', 'NE'])
============================================================
Iteration 116 with LAT_IDX: 94 and LON_IDX: 138 with DEPTH 2.1209054
 * Adding to the thalweg 94, 138 (depth 2.12)... Let's look at his neighborhood...
 * The extracted matrix is:
[LINE 4]		nan 		nan 		1.98		1.94		1.97		
[LINE 3]		nan 		2.06		2.04		2.07		2.16		
[LINE 2]		2.12		2.11		-inf		2.15		nan 		
[LINE 1]		-inf		-inf		nan 		nan 		nan 		
[LINE 0]		nan 		nan 		nan 		nan 		nan 		
 * Ranking:
 ---> {'coords': (2, 0), 'dir': 'W', 'score': 0}
 ---> {'coords': (2, 0), 'dir': 'W', 'score': 0}
 ---> {'coords': (2, 1), 'dir': 'W', 'score': 0}
 ---> {'coords': (2, 1), 'dir': 'W', 'score': 0}
 ---> {'coords': (2, 3), 'dir': 'E', 'score': 15}
 ---> {'coords': (2, 3), 'dir': 'E', 'score': 15}
 ---> {'coords': (3, 3), 'dir': 'NE', 'score': 19}
 ---> {'coords': (3, 3), 'dir': 'NE', 'score': 19}
 ---> {'coords': (3, 4), 'dir': 'NE', 'score': 19}
 ---> {'coords': (3, 4), 'dir': 'NE', 'score': 19}
 * Selected, based on ranking: {'coords': (3, 3), 'dir': 'NE', 'score': 19}
 * The candidate has value 2.16 and coords (3, 3)
 * Checking direction:
 ---> Trend is: E
 ---> Complex Trend is: {'E': 8.0, 'NE': 4, 'N': 2.0}
 ---> Allowed dirs based on Complex Trend are: ['NE', 'E', 'SE']
 ---> Direction NE ok (last was NE)! -- [Last 10: ['E', 'E', 'NE', 'NE', 'E', 'E', 'E', 'NE', 'E', 'NE']]
 * Selected element is (3, 3) with value 2.16
Next element is NE with direction 2.07
New matrix will be centered on 95,139 with depth 2.07
TREND IS ('E', {'E': 7.5, 'NE': 5, 'N': 2.5}) --- (['E', 'NE', 'NE', 'E', 'E', 'E', 'NE', 'E', 'NE', 'NE'])
============================================================
Iteration 117 with LAT_IDX: 95 and LON_IDX: 139 with DEPTH 2.0735178
 * Adding to the thalweg 95, 139 (depth 2.07)... Let's look at his neighborhood...
 * The extracted matrix is:
[LINE 4]		nan 		nan 		1.83		1.82		nan 		
[LINE 3]		nan 		1.98		1.94		1.97		2.08		
[LINE 2]		2.06		2.04		-inf		2.16		2.19		
[LINE 1]		2.11		-inf		2.15		nan 		nan 		
[LINE 0]		-inf		nan 		nan 		nan 		nan 		
 * Ranking:
 ---> {'coords': (1, 0), 'dir': 'SW', 'score': 0}
 ---> {'coords': (1, 0), 'dir': 'SW', 'score': 0}
 ---> {'coords': (1, 2), 'dir': 'S', 'score': 0}
 ---> {'coords': (1, 2), 'dir': 'S', 'score': 0}
 ---> {'coords': (2, 3), 'dir': 'E', 'score': 15}
 ---> {'coords': (2, 3), 'dir': 'E', 'score': 15}
 ---> {'coords': (2, 4), 'dir': 'E', 'score': 15}
 ---> {'coords': (2, 4), 'dir': 'E', 'score': 15}
 * Selected, based on ranking: {'coords': (2, 3), 'dir': 'E', 'score': 15}
 * The candidate has value 2.19 and coords (2, 3)
 * Checking direction:
 ---> Trend is: E
 ---> Complex Trend is: {'E': 7.5, 'NE': 5, 'N': 2.5}
 ---> Allowed dirs based on Complex Trend are: ['NE', 'E', 'SE']
 ---> Direction E ok (last was NE)! -- [Last 10: ['E', 'NE', 'NE', 'E', 'E', 'E', 'NE', 'E', 'NE', 'NE']]
 * Selected element is (2, 3) with value 2.19
Next element is E with direction 2.16
New matrix will be centered on 95,140 with depth 2.16
TREND IS ('NE', {'NE': 5, 'E': 7.5, 'N': 2.5}) --- (['NE', 'NE', 'E', 'E', 'E', 'NE', 'E', 'NE', 'NE', 'E'])
============================================================
Iteration 118 with LAT_IDX: 95 and LON_IDX: 140 with DEPTH 2.1567655
 * Adding to the thalweg 95, 140 (depth 2.16)... Let's look at his neighborhood...
 * The extracted matrix is:
[LINE 4]		nan 		1.83		1.82		nan 		2.27		
[LINE 3]		1.98		1.94		1.97		2.08		2.3 		
[LINE 2]		2.04		-inf		-inf		2.19		nan 		
[LINE 1]		-inf		2.15		nan 		nan 		nan 		
[LINE 0]		nan 		nan 		nan 		nan 		nan 		
 * Ranking:
 ---> {'coords': (3, 4), 'dir': 'NE', 'score': 15}
 ---> {'coords': (3, 4), 'dir': 'NE', 'score': 15}
 ---> {'coords': (4, 4), 'dir': 'NE', 'score': 15}
 ---> {'coords': (4, 4), 'dir': 'NE', 'score': 15}
 * Selected, based on ranking: {'coords': (3, 4), 'dir': 'NE', 'score': 15}
 * The candidate has value 2.3 and coords (3, 4)
 * Checking direction:
 ---> Trend is: NE
 ---> Complex Trend is: {'NE': 5, 'E': 7.5, 'N': 2.5}
 ---> Allowed dirs based on Complex Trend are: ['NE', 'E', 'SE']
 ---> Direction NE ok (last was E)! -- [Last 10: ['NE', 'NE', 'E', 'E', 'E', 'NE', 'E', 'NE', 'NE', 'E']]
 * Selected element is (3, 4) with value 2.3
Next element is NE with direction 2.3
New matrix will be centered on 96,142 with depth 2.3
TREND IS ('NE', {'NE': 5, 'E': 7.5, 'N': 2.5}) --- (['NE', 'E', 'E', 'E', 'NE', 'E', 'NE', 'NE', 'E', 'NE'])
============================================================
Iteration 119 with LAT_IDX: 96 and LON_IDX: 142 with DEPTH 2.304292
 * Adding to the thalweg 96, 142 (depth 2.3)... Let's look at his neighborhood...
 * The extracted matrix is:
[LINE 4]		nan 		nan 		nan 		nan 		nan 		
[LINE 3]		1.82		nan 		2.27		2.53		2.78		
[LINE 2]		1.97		2.08		-inf		2.53		2.75		
[LINE 1]		-inf		2.19		nan 		nan 		nan 		
[LINE 0]		nan 		nan 		nan 		nan 		nan 		
 * Ranking:
 ---> {'coords': (2, 4), 'dir': 'E', 'score': 15}
 ---> {'coords': (2, 4), 'dir': 'E', 'score': 15}
 ---> {'coords': (3, 4), 'dir': 'NE', 'score': 19}
 ---> {'coords': (3, 4), 'dir': 'NE', 'score': 19}
 * Selected, based on ranking: {'coords': (3, 4), 'dir': 'NE', 'score': 19}
 * The candidate has value 2.78 and coords (3, 4)
 * Checking direction:
 ---> Trend is: NE
 ---> Complex Trend is: {'NE': 5, 'E': 7.5, 'N': 2.5}
 ---> Allowed dirs based on Complex Trend are: ['NE', 'E', 'SE']
 ---> Direction NE ok (last was NE)! -- [Last 10: ['NE', 'E', 'E', 'E', 'NE', 'E', 'NE', 'NE', 'E', 'NE']]
 * Selected element is (3, 4) with value 2.78
Next element is NE with direction 2.78
New matrix will be centered on 97,144 with depth 2.78
TREND IS ('E', {'E': 7.5, 'NE': 5, 'N': 2.5}) --- (['E', 'E', 'E', 'NE', 'E', 'NE', 'NE', 'E', 'NE', 'NE'])
============================================================
Iteration 120 with LAT_IDX: 97 and LON_IDX: 144 with DEPTH 2.779259
 * Adding to the thalweg 97, 144 (depth 2.78)... Let's look at his neighborhood...
 * The extracted matrix is:
[LINE 4]		nan 		nan 		nan 		nan 		nan 		
[LINE 3]		nan 		nan 		nan 		nan 		nan 		
[LINE 2]		2.27		2.53		-inf		2.78		2.64		
[LINE 1]		-inf		2.53		2.75		nan 		2.47		
[LINE 0]		nan 		nan 		nan 		nan 		nan 		
 * Ranking:
 ---> {'coords': (1, 2), 'dir': 'S', 'score': 0}
 ---> {'coords': (1, 2), 'dir': 'S', 'score': 0}
 ---> {'coords': (2, 3), 'dir': 'E', 'score': 15}
 ---> {'coords': (2, 3), 'dir': 'E', 'score': 15}
 * Selected, based on ranking: {'coords': (2, 3), 'dir': 'E', 'score': 15}
 * The candidate has value 2.78 and coords (2, 3)
 * Checking direction:
 ---> Trend is: E
 ---> Complex Trend is: {'E': 7.5, 'NE': 5, 'N': 2.5}
 ---> Allowed dirs based on Complex Trend are: ['NE', 'E', 'SE']
 ---> Direction E ok (last was NE)! -- [Last 10: ['E', 'E', 'E', 'NE', 'E', 'NE', 'NE', 'E', 'NE', 'NE']]
 * Selected element is (2, 3) with value 2.78
Next element is E with direction 2.78
New matrix will be centered on 97,145 with depth 2.78
TREND IS ('E', {'E': 7.5, 'NE': 5, 'N': 2.5}) --- (['E', 'E', 'NE', 'E', 'NE', 'NE', 'E', 'NE', 'NE', 'E'])
============================================================
Iteration 121 with LAT_IDX: 97 and LON_IDX: 145 with DEPTH 2.7818332
 * Adding to the thalweg 97, 145 (depth 2.78)... Let's look at his neighborhood...
 * The extracted matrix is:
[LINE 4]		nan 		nan 		nan 		nan 		nan 		
[LINE 3]		nan 		nan 		nan 		nan 		nan 		
[LINE 2]		2.53		-inf		-inf		2.64		2.4 		
[LINE 1]		2.53		2.75		nan 		2.47		2.29		
[LINE 0]		nan 		nan 		nan 		nan 		nan 		
 * Ranking:
 ---> {'coords': (1, 1), 'dir': 'SW', 'score': 0}
 ---> {'coords': (1, 1), 'dir': 'SW', 'score': 0}
 * Selected, based on ranking: {'coords': (1, 1), 'dir': 'SW', 'score': 0}
 * The candidate has value 2.75 and coords (1, 1)
 * Checking direction:
 ---> Trend is: E
 ---> Complex Trend is: {'E': 7.5, 'NE': 5, 'N': 2.5}
 ---> Allowed dirs based on Complex Trend are: ['NE', 'E', 'SE']
 ---> Direction SW IS NOT ok! Last was E [last 10: ['E', 'E', 'NE', 'E', 'NE', 'NE', 'E', 'NE', 'NE', 'E']] -- Modifying matrix...
[LINE 4]		nan 		nan 		nan 		nan 		nan 		
[LINE 3]		nan 		nan 		nan 		nan 		nan 		
[LINE 2]		2.53		-inf		-inf		2.64		2.4 		
[LINE 1]		2.53		nan 		nan 		2.47		2.29		
[LINE 0]		nan 		nan 		nan 		nan 		nan 		
 * Ranking:
 ---> {'coords': (2, 3), 'dir': 'E', 'score': 19}
 ---> {'coords': (2, 3), 'dir': 'E', 'score': 19}
 * Selected, based on ranking: {'coords': (2, 3), 'dir': 'E', 'score': 19}
 * The candidate has value 2.64 and coords (2, 3)
 * Checking direction:
 ---> Trend is: E
 ---> Complex Trend is: {'E': 7.5, 'NE': 5, 'N': 2.5}
 ---> Allowed dirs based on Complex Trend are: ['NE', 'E', 'SE']
 ---> Direction E ok (last was E)! -- [Last 10: ['E', 'E', 'NE', 'E', 'NE', 'NE', 'E', 'NE', 'NE', 'E']]
 * Selected element is (2, 3) with value 2.64
Next element is E with direction 2.64
New matrix will be centered on 97,146 with depth 2.64
TREND IS ('E', {'E': 7.5, 'NE': 5, 'N': 2.5}) --- (['E', 'NE', 'E', 'NE', 'NE', 'E', 'NE', 'NE', 'E', 'E'])
============================================================
Iteration 122 with LAT_IDX: 97 and LON_IDX: 146 with DEPTH 2.6449904
 * Adding to the thalweg 97, 146 (depth 2.64)... Let's look at his neighborhood...
 * The extracted matrix is:
[LINE 4]		nan 		nan 		nan 		nan 		nan 		
[LINE 3]		nan 		nan 		nan 		nan 		nan 		
[LINE 2]		-inf		-inf		-inf		2.4 		nan 		
[LINE 1]		2.75		nan 		2.47		2.29		2.21		
[LINE 0]		nan 		nan 		nan 		nan 		nan 		
 * Ranking:
 ---> {'coords': (1, 0), 'dir': 'SW', 'score': 0}
 ---> {'coords': (1, 0), 'dir': 'SW', 'score': 0}
 * Selected, based on ranking: {'coords': (1, 0), 'dir': 'SW', 'score': 0}
 * The candidate has value 2.75 and coords (1, 0)
 * Checking direction:
 ---> Trend is: E
 ---> Complex Trend is: {'E': 7.5, 'NE': 5, 'N': 2.5}
 ---> Allowed dirs based on Complex Trend are: ['NE', 'E', 'SE']
 ---> Direction SW IS NOT ok! Last was E [last 10: ['E', 'NE', 'E', 'NE', 'NE', 'E', 'NE', 'NE', 'E', 'E']] -- Modifying matrix...
[LINE 4]		nan 		nan 		nan 		nan 		nan 		
[LINE 3]		nan 		nan 		nan 		nan 		nan 		
[LINE 2]		-inf		-inf		-inf		2.4 		nan 		
[LINE 1]		nan 		nan 		2.47		2.29		2.21		
[LINE 0]		nan 		nan 		nan 		nan 		nan 		
 * Ranking:
 ---> {'coords': (1, 2), 'dir': 'S', 'score': 1}
 ---> {'coords': (1, 2), 'dir': 'S', 'score': 1}
 ---> {'coords': (2, 3), 'dir': 'E', 'score': 19}
 ---> {'coords': (2, 3), 'dir': 'E', 'score': 19}
 * Selected, based on ranking: {'coords': (2, 3), 'dir': 'E', 'score': 19}
 * The candidate has value 2.47 and coords (2, 3)
 * Checking direction:
 ---> Trend is: E
 ---> Complex Trend is: {'E': 7.5, 'NE': 5, 'N': 2.5}
 ---> Allowed dirs based on Complex Trend are: ['NE', 'E', 'SE']
 ---> Direction E ok (last was E)! -- [Last 10: ['E', 'NE', 'E', 'NE', 'NE', 'E', 'NE', 'NE', 'E', 'E']]
 * Selected element is (2, 3) with value 2.47
Next element is E with direction 2.4
New matrix will be centered on 97,147 with depth 2.4
TREND IS ('NE', {'NE': 5, 'E': 7.5, 'N': 2.5}) --- (['NE', 'E', 'NE', 'NE', 'E', 'NE', 'NE', 'E', 'E', 'E'])
============================================================
Iteration 123 with LAT_IDX: 97 and LON_IDX: 147 with DEPTH 2.4031055
 * Adding to the thalweg 97, 147 (depth 2.4)... Let's look at his neighborhood...
 * The extracted matrix is:
[LINE 4]		nan 		nan 		nan 		nan 		nan 		
[LINE 3]		nan 		nan 		nan 		nan 		nan 		
[LINE 2]		-inf		-inf		-inf		nan 		nan 		
[LINE 1]		nan 		2.47		2.29		2.21		2.21		
[LINE 0]		nan 		nan 		nan 		nan 		nan 		
 * Ranking:
 ---> {'coords': (1, 1), 'dir': 'SW', 'score': 0}
 ---> {'coords': (1, 1), 'dir': 'SW', 'score': 0}
 * Selected, based on ranking: {'coords': (1, 1), 'dir': 'SW', 'score': 0}
 * The candidate has value 2.47 and coords (1, 1)
 * Checking direction:
 ---> Trend is: NE
 ---> Complex Trend is: {'NE': 5, 'E': 7.5, 'N': 2.5}
 ---> Allowed dirs based on Complex Trend are: ['NE', 'E', 'SE']
 ---> Direction SW IS NOT ok! Last was E [last 10: ['NE', 'E', 'NE', 'NE', 'E', 'NE', 'NE', 'E', 'E', 'E']] -- Modifying matrix...
[LINE 4]		nan 		nan 		nan 		nan 		nan 		
[LINE 3]		nan 		nan 		nan 		nan 		nan 		
[LINE 2]		-inf		-inf		-inf		nan 		nan 		
[LINE 1]		nan 		nan 		2.29		2.21		2.21		
[LINE 0]		nan 		nan 		nan 		nan 		nan 		
 * Ranking:
 ---> {'coords': (1, 2), 'dir': 'S', 'score': 1}
 ---> {'coords': (1, 2), 'dir': 'S', 'score': 1}
 ---> {'coords': (1, 3), 'dir': 'SE', 'score': 15}
 ---> {'coords': (1, 3), 'dir': 'SE', 'score': 15}
 ---> {'coords': (1, 4), 'dir': 'SE', 'score': 15}
 ---> {'coords': (1, 4), 'dir': 'SE', 'score': 15}
 * Selected, based on ranking: {'coords': (1, 3), 'dir': 'SE', 'score': 15}
 * The candidate has value 2.29 and coords (1, 3)
 * Checking direction:
 ---> Trend is: NE
 ---> Complex Trend is: {'NE': 5, 'E': 7.5, 'N': 2.5}
 ---> Allowed dirs based on Complex Trend are: ['NE', 'E', 'SE']
 ---> Direction SE ok (last was E)! -- [Last 10: ['NE', 'E', 'NE', 'NE', 'E', 'NE', 'NE', 'E', 'E', 'E']]
 * Selected element is (1, 3) with value 2.29
Next element is SE with direction 2.21
New matrix will be centered on 96,148 with depth 2.21
TREND IS ('E', {'E': 7.5, 'NE': 4, 'SE': 1, 'N': 2.0, 'S': 0.5}) --- (['E', 'NE', 'NE', 'E', 'NE', 'NE', 'E', 'E', 'E', 'SE'])
============================================================
Iteration 124 with LAT_IDX: 96 and LON_IDX: 148 with DEPTH 2.2135663
 * Adding to the thalweg 96, 148 (depth 2.21)... Let's look at his neighborhood...
 * The extracted matrix is:
[LINE 4]		nan 		nan 		nan 		nan 		nan 		
[LINE 3]		-inf		-inf		nan 		nan 		nan 		
[LINE 2]		2.47		2.29		-inf		2.21		2.31		
[LINE 1]		nan 		nan 		nan 		nan 		2.37		
[LINE 0]		nan 		nan 		nan 		nan 		nan 		
 * Ranking:
 ---> {'coords': (2, 0), 'dir': 'W', 'score': 0}
 ---> {'coords': (2, 0), 'dir': 'W', 'score': 0}
 * Selected, based on ranking: {'coords': (2, 0), 'dir': 'W', 'score': 0}
 * The candidate has value 2.47 and coords (2, 0)
 * Checking direction:
 ---> Trend is: E
 ---> Complex Trend is: {'E': 7.5, 'NE': 4, 'SE': 1, 'N': 2.0, 'S': 0.5}
 ---> Allowed dirs based on Complex Trend are: ['NE', 'E', 'SE']
 ---> Direction W IS NOT ok! Last was SE [last 10: ['E', 'NE', 'NE', 'E', 'NE', 'NE', 'E', 'E', 'E', 'SE']] -- Modifying matrix...
[LINE 4]		nan 		nan 		nan 		nan 		nan 		
[LINE 3]		-inf		-inf		nan 		nan 		nan 		
[LINE 2]		nan 		2.29		-inf		2.21		2.31		
[LINE 1]		nan 		nan 		nan 		nan 		2.37		
[LINE 0]		nan 		nan 		nan 		nan 		nan 		
 * Ranking:
 ---> {'coords': (1, 4), 'dir': 'SE', 'score': 19}
 ---> {'coords': (1, 4), 'dir': 'SE', 'score': 19}
 ---> {'coords': (2, 1), 'dir': 'W', 'score': 0}
 ---> {'coords': (2, 1), 'dir': 'W', 'score': 0}
 ---> {'coords': (2, 4), 'dir': 'E', 'score': 15}
 ---> {'coords': (2, 4), 'dir': 'E', 'score': 15}
 * Selected, based on ranking: {'coords': (1, 4), 'dir': 'SE', 'score': 19}
 * The candidate has value 2.37 and coords (1, 4)
 * Checking direction:
 ---> Trend is: E
 ---> Complex Trend is: {'E': 7.5, 'NE': 4, 'SE': 1, 'N': 2.0, 'S': 0.5}
 ---> Allowed dirs based on Complex Trend are: ['NE', 'E', 'SE']
 ---> Direction SE ok (last was SE)! -- [Last 10: ['E', 'NE', 'NE', 'E', 'NE', 'NE', 'E', 'E', 'E', 'SE']]
 * Selected element is (1, 4) with value 2.37
Next element is SE with direction 2.37
New matrix will be centered on 95,150 with depth 2.37
TREND IS ('NE', {'NE': 4, 'E': 7.0, 'SE': 2, 'N': 2.0, 'S': 1.0}) --- (['NE', 'NE', 'E', 'NE', 'NE', 'E', 'E', 'E', 'SE', 'SE'])
============================================================
Iteration 125 with LAT_IDX: 95 and LON_IDX: 150 with DEPTH 2.3740532
 * Adding to the thalweg 95, 150 (depth 2.37)... Let's look at his neighborhood...
 * The extracted matrix is:
[LINE 4]		nan 		nan 		nan 		nan 		nan 		
[LINE 3]		-inf		2.21		2.31		2.42		2.52		
[LINE 2]		nan 		nan 		-inf		2.47		2.54		
[LINE 1]		nan 		nan 		nan 		nan 		nan 		
[LINE 0]		nan 		nan 		nan 		nan 		nan 		
 * Ranking:
 ---> {'coords': (2, 3), 'dir': 'E', 'score': 15}
 ---> {'coords': (2, 3), 'dir': 'E', 'score': 15}
 ---> {'coords': (2, 4), 'dir': 'E', 'score': 15}
 ---> {'coords': (2, 4), 'dir': 'E', 'score': 15}
 ---> {'coords': (3, 4), 'dir': 'NE', 'score': 11}
 ---> {'coords': (3, 4), 'dir': 'NE', 'score': 11}
 * Selected, based on ranking: {'coords': (2, 3), 'dir': 'E', 'score': 15}
 * The candidate has value 2.54 and coords (2, 3)
 * Checking direction:
 ---> Trend is: NE
 ---> Complex Trend is: {'NE': 4, 'E': 7.0, 'SE': 2, 'N': 2.0, 'S': 1.0}
 ---> Allowed dirs based on Complex Trend are: ['NE', 'E', 'SE']
 ---> Direction E ok (last was SE)! -- [Last 10: ['NE', 'NE', 'E', 'NE', 'NE', 'E', 'E', 'E', 'SE', 'SE']]
 * Selected element is (2, 3) with value 2.54
Next element is E with direction 2.47
New matrix will be centered on 95,151 with depth 2.47
TREND IS ('E', {'E': 7.5, 'NE': 3, 'SE': 2, 'N': 1.5, 'S': 1.0}) --- (['NE', 'E', 'NE', 'NE', 'E', 'E', 'E', 'SE', 'SE', 'E'])
============================================================
Iteration 126 with LAT_IDX: 95 and LON_IDX: 151 with DEPTH 2.4710367
 * Adding to the thalweg 95, 151 (depth 2.47)... Let's look at his neighborhood...
 * The extracted matrix is:
[LINE 4]		nan 		nan 		nan 		nan 		nan 		
[LINE 3]		2.21		2.31		2.42		2.52		2.56		
[LINE 2]		nan 		-inf		-inf		2.54		2.57		
[LINE 1]		nan 		nan 		nan 		nan 		nan 		
[LINE 0]		nan 		nan 		nan 		nan 		nan 		
 * Ranking:
 ---> {'coords': (2, 3), 'dir': 'E', 'score': 19}
 ---> {'coords': (2, 3), 'dir': 'E', 'score': 19}
 ---> {'coords': (2, 4), 'dir': 'E', 'score': 19}
 ---> {'coords': (2, 4), 'dir': 'E', 'score': 19}
 ---> {'coords': (3, 3), 'dir': 'NE', 'score': 15}
 ---> {'coords': (3, 3), 'dir': 'NE', 'score': 15}
 ---> {'coords': (3, 4), 'dir': 'NE', 'score': 15}
 ---> {'coords': (3, 4), 'dir': 'NE', 'score': 15}
 * Selected, based on ranking: {'coords': (2, 3), 'dir': 'E', 'score': 19}
 * The candidate has value 2.57 and coords (2, 3)
 * Checking direction:
 ---> Trend is: E
 ---> Complex Trend is: {'E': 7.5, 'NE': 3, 'SE': 2, 'N': 1.5, 'S': 1.0}
 ---> Allowed dirs based on Complex Trend are: ['NE', 'E', 'SE']
 ---> Direction E ok (last was E)! -- [Last 10: ['NE', 'E', 'NE', 'NE', 'E', 'E', 'E', 'SE', 'SE', 'E']]
 * Selected element is (2, 3) with value 2.57
Next element is E with direction 2.54
New matrix will be centered on 95,152 with depth 2.54
TREND IS ('E', {'E': 8.0, 'NE': 2, 'SE': 2, 'N': 1.0, 'S': 1.0}) --- (['E', 'NE', 'NE', 'E', 'E', 'E', 'SE', 'SE', 'E', 'E'])
============================================================
Iteration 127 with LAT_IDX: 95 and LON_IDX: 152 with DEPTH 2.5399497
 * Adding to the thalweg 95, 152 (depth 2.54)... Let's look at his neighborhood...
 * The extracted matrix is:
[LINE 4]		nan 		nan 		nan 		nan 		nan 		
[LINE 3]		2.31		2.42		2.52		2.56		2.58		
[LINE 2]		-inf		-inf		-inf		2.57		2.58		
[LINE 1]		nan 		nan 		nan 		nan 		nan 		
[LINE 0]		nan 		nan 		nan 		nan 		nan 		
 * Ranking:
 ---> {'coords': (2, 3), 'dir': 'E', 'score': 19}
 ---> {'coords': (2, 3), 'dir': 'E', 'score': 19}
 ---> {'coords': (2, 4), 'dir': 'E', 'score': 19}
 ---> {'coords': (2, 4), 'dir': 'E', 'score': 19}
 ---> {'coords': (3, 2), 'dir': 'N', 'score': 1}
 ---> {'coords': (3, 2), 'dir': 'N', 'score': 1}
 ---> {'coords': (3, 3), 'dir': 'NE', 'score': 15}
 ---> {'coords': (3, 3), 'dir': 'NE', 'score': 15}
 ---> {'coords': (3, 4), 'dir': 'NE', 'score': 15}
 ---> {'coords': (3, 4), 'dir': 'NE', 'score': 15}
 * Selected, based on ranking: {'coords': (2, 3), 'dir': 'E', 'score': 19}
 * The candidate has value 2.58 and coords (2, 3)
 * Checking direction:
 ---> Trend is: E
 ---> Complex Trend is: {'E': 8.0, 'NE': 2, 'SE': 2, 'N': 1.0, 'S': 1.0}
 ---> Allowed dirs based on Complex Trend are: ['NE', 'E', 'SE']
 ---> Direction E ok (last was E)! -- [Last 10: ['E', 'NE', 'NE', 'E', 'E', 'E', 'SE', 'SE', 'E', 'E']]
 * Selected element is (2, 3) with value 2.58
Next element is E with direction 2.57
New matrix will be centered on 95,153 with depth 2.57
TREND IS ('E', {'E': 8.0, 'NE': 2, 'SE': 2, 'N': 1.0, 'S': 1.0}) --- (['NE', 'NE', 'E', 'E', 'E', 'SE', 'SE', 'E', 'E', 'E'])
============================================================
Iteration 128 with LAT_IDX: 95 and LON_IDX: 153 with DEPTH 2.5723572
 * Adding to the thalweg 95, 153 (depth 2.57)... Let's look at his neighborhood...
 * The extracted matrix is:
[LINE 4]		nan 		nan 		nan 		nan 		nan 		
[LINE 3]		2.42		2.52		2.56		2.58		2.6 		
[LINE 2]		-inf		-inf		-inf		2.58		2.59		
[LINE 1]		nan 		nan 		nan 		nan 		nan 		
[LINE 0]		nan 		nan 		nan 		nan 		nan 		
 * Ranking:
 ---> {'coords': (2, 3), 'dir': 'E', 'score': 19}
 ---> {'coords': (2, 3), 'dir': 'E', 'score': 19}
 ---> {'coords': (2, 4), 'dir': 'E', 'score': 19}
 ---> {'coords': (2, 4), 'dir': 'E', 'score': 19}
 ---> {'coords': (3, 1), 'dir': 'NW', 'score': 0}
 ---> {'coords': (3, 1), 'dir': 'NW', 'score': 0}
 ---> {'coords': (3, 2), 'dir': 'N', 'score': 1}
 ---> {'coords': (3, 2), 'dir': 'N', 'score': 1}
 ---> {'coords': (3, 3), 'dir': 'NE', 'score': 15}
 ---> {'coords': (3, 3), 'dir': 'NE', 'score': 15}
 ---> {'coords': (3, 4), 'dir': 'NE', 'score': 15}
 ---> {'coords': (3, 4), 'dir': 'NE', 'score': 15}
 * Selected, based on ranking: {'coords': (2, 3), 'dir': 'E', 'score': 19}
 * The candidate has value 2.6 and coords (2, 3)
 * Checking direction:
 ---> Trend is: E
 ---> Complex Trend is: {'E': 8.0, 'NE': 2, 'SE': 2, 'N': 1.0, 'S': 1.0}
 ---> Allowed dirs based on Complex Trend are: ['NE', 'E', 'SE']
 ---> Direction E ok (last was E)! -- [Last 10: ['NE', 'NE', 'E', 'E', 'E', 'SE', 'SE', 'E', 'E', 'E']]
 * Selected element is (2, 3) with value 2.6
Next element is E with direction 2.58
New matrix will be centered on 95,154 with depth 2.58
TREND IS ('E', {'E': 8.5, 'SE': 2, 'NE': 1, 'S': 1.0, 'N': 0.5}) --- (['NE', 'E', 'E', 'E', 'SE', 'SE', 'E', 'E', 'E', 'E'])
============================================================
Iteration 129 with LAT_IDX: 95 and LON_IDX: 154 with DEPTH 2.5832794
 * Adding to the thalweg 95, 154 (depth 2.58)... Let's look at his neighborhood...
 * The extracted matrix is:
[LINE 4]		nan 		nan 		nan 		nan 		nan 		
[LINE 3]		2.52		2.56		2.58		2.6 		2.63		
[LINE 2]		-inf		-inf		-inf		2.59		nan 		
[LINE 1]		nan 		nan 		nan 		nan 		nan 		
[LINE 0]		nan 		nan 		nan 		nan 		nan 		
 * Ranking:
 ---> {'coords': (2, 3), 'dir': 'E', 'score': 19}
 ---> {'coords': (2, 3), 'dir': 'E', 'score': 19}
 ---> {'coords': (3, 1), 'dir': 'NW', 'score': 0}
 ---> {'coords': (3, 1), 'dir': 'NW', 'score': 0}
 ---> {'coords': (3, 2), 'dir': 'N', 'score': 1}
 ---> {'coords': (3, 2), 'dir': 'N', 'score': 1}
 ---> {'coords': (3, 3), 'dir': 'NE', 'score': 15}
 ---> {'coords': (3, 3), 'dir': 'NE', 'score': 15}
 ---> {'coords': (3, 4), 'dir': 'NE', 'score': 15}
 ---> {'coords': (3, 4), 'dir': 'NE', 'score': 15}
 * Selected, based on ranking: {'coords': (2, 3), 'dir': 'E', 'score': 19}
 * The candidate has value 2.63 and coords (2, 3)
 * Checking direction:
 ---> Trend is: E
 ---> Complex Trend is: {'E': 8.5, 'SE': 2, 'NE': 1, 'S': 1.0, 'N': 0.5}
 ---> Allowed dirs based on Complex Trend are: ['NE', 'E', 'SE']
 ---> Direction E ok (last was E)! -- [Last 10: ['NE', 'E', 'E', 'E', 'SE', 'SE', 'E', 'E', 'E', 'E']]
 * Selected element is (2, 3) with value 2.63
Next element is E with direction 2.59
New matrix will be centered on 95,155 with depth 2.59
TREND IS ('E', {'E': 9.0, 'SE': 2, 'S': 1.0}) --- (['E', 'E', 'E', 'SE', 'SE', 'E', 'E', 'E', 'E', 'E'])
============================================================
Iteration 130 with LAT_IDX: 95 and LON_IDX: 155 with DEPTH 2.5919144
 * Adding to the thalweg 95, 155 (depth 2.59)... Let's look at his neighborhood...
 * The extracted matrix is:
[LINE 4]		nan 		nan 		nan 		nan 		2.67		
[LINE 3]		2.56		2.58		2.6 		2.63		nan 		
[LINE 2]		-inf		-inf		-inf		nan 		nan 		
[LINE 1]		nan 		nan 		nan 		nan 		nan 		
[LINE 0]		nan 		nan 		nan 		nan 		nan 		
 * Ranking:
 ---> {'coords': (3, 1), 'dir': 'NW', 'score': 0}
 ---> {'coords': (3, 1), 'dir': 'NW', 'score': 0}
 ---> {'coords': (3, 2), 'dir': 'N', 'score': 1}
 ---> {'coords': (3, 2), 'dir': 'N', 'score': 1}
 ---> {'coords': (3, 3), 'dir': 'NE', 'score': 15}
 ---> {'coords': (3, 3), 'dir': 'NE', 'score': 15}
 ---> {'coords': (4, 4), 'dir': 'NE', 'score': 15}
 ---> {'coords': (4, 4), 'dir': 'NE', 'score': 15}
 * Selected, based on ranking: {'coords': (3, 3), 'dir': 'NE', 'score': 15}
 * The candidate has value 2.67 and coords (3, 3)
 * Checking direction:
 ---> Trend is: E
 ---> Complex Trend is: {'E': 9.0, 'SE': 2, 'S': 1.0}
 ---> Allowed dirs based on Complex Trend are: ['NE', 'E', 'SE']
 ---> Direction NE ok (last was E)! -- [Last 10: ['E', 'E', 'E', 'SE', 'SE', 'E', 'E', 'E', 'E', 'E']]
 * Selected element is (3, 3) with value 2.67
Next element is NE with direction 2.63
New matrix will be centered on 96,156 with depth 2.63
TREND IS ('E', {'E': 8.5, 'SE': 2, 'NE': 1, 'S': 1.0, 'N': 0.5}) --- (['E', 'E', 'SE', 'SE', 'E', 'E', 'E', 'E', 'E', 'NE'])
============================================================
Iteration 131 with LAT_IDX: 96 and LON_IDX: 156 with DEPTH 2.6294541
 * Adding to the thalweg 96, 156 (depth 2.63)... Let's look at his neighborhood...
 * The extracted matrix is:
[LINE 4]		nan 		nan 		nan 		nan 		2.72		
[LINE 3]		nan 		nan 		nan 		2.67		nan 		
[LINE 2]		2.58		2.6 		-inf		nan 		nan 		
[LINE 1]		-inf		-inf		nan 		nan 		nan 		
[LINE 0]		nan 		nan 		nan 		nan 		nan 		
 * Ranking:
 ---> {'coords': (3, 3), 'dir': 'NE', 'score': 19}
 ---> {'coords': (3, 3), 'dir': 'NE', 'score': 19}
 ---> {'coords': (4, 4), 'dir': 'NE', 'score': 19}
 ---> {'coords': (4, 4), 'dir': 'NE', 'score': 19}
 * Selected, based on ranking: {'coords': (3, 3), 'dir': 'NE', 'score': 19}
 * The candidate has value 2.72 and coords (3, 3)
 * Checking direction:
 ---> Trend is: E
 ---> Complex Trend is: {'E': 8.5, 'SE': 2, 'NE': 1, 'S': 1.0, 'N': 0.5}
 ---> Allowed dirs based on Complex Trend are: ['NE', 'E', 'SE']
 ---> Direction NE ok (last was NE)! -- [Last 10: ['E', 'E', 'SE', 'SE', 'E', 'E', 'E', 'E', 'E', 'NE']]
 * Selected element is (3, 3) with value 2.72
Next element is NE with direction 2.67
New matrix will be centered on 97,157 with depth 2.67
TREND IS ('E', {'E': 8.0, 'SE': 2, 'NE': 2, 'S': 1.0, 'N': 1.0}) --- (['E', 'SE', 'SE', 'E', 'E', 'E', 'E', 'E', 'NE', 'NE'])
============================================================
Iteration 132 with LAT_IDX: 97 and LON_IDX: 157 with DEPTH 2.6739533
 * Adding to the thalweg 97, 157 (depth 2.67)... Let's look at his neighborhood...
 * The extracted matrix is:
[LINE 4]		nan 		nan 		nan 		2.79		2.85		
[LINE 3]		nan 		nan 		nan 		2.72		nan 		
[LINE 2]		nan 		nan 		-inf		nan 		nan 		
[LINE 1]		2.6 		-inf		nan 		nan 		nan 		
[LINE 0]		-inf		nan 		nan 		nan 		nan 		
 * Ranking:
 ---> {'coords': (4, 3), 'dir': 'NE', 'score': 19}
 ---> {'coords': (4, 3), 'dir': 'NE', 'score': 19}
 ---> {'coords': (4, 4), 'dir': 'NE', 'score': 19}
 ---> {'coords': (4, 4), 'dir': 'NE', 'score': 19}
 * Selected, based on ranking: {'coords': (4, 3), 'dir': 'NE', 'score': 19}
 * The candidate has value 2.85 and coords (4, 3)
 * Checking direction:
 ---> Trend is: E
 ---> Complex Trend is: {'E': 8.0, 'SE': 2, 'NE': 2, 'S': 1.0, 'N': 1.0}
 ---> Allowed dirs based on Complex Trend are: ['NE', 'E', 'SE']
 ---> Direction NE ok (last was NE)! -- [Last 10: ['E', 'SE', 'SE', 'E', 'E', 'E', 'E', 'E', 'NE', 'NE']]
 * Selected element is (4, 3) with value 2.85
Next element is NE with direction 2.79
New matrix will be centered on 99,158 with depth 2.79
TREND IS ('E', {'E': 7.5, 'NE': 3, 'SE': 2, 'N': 1.5, 'S': 1.0}) --- (['SE', 'SE', 'E', 'E', 'E', 'E', 'E', 'NE', 'NE', 'NE'])
============================================================
Iteration 133 with LAT_IDX: 99 and LON_IDX: 158 with DEPTH 2.7859483
 * Adding to the thalweg 99, 158 (depth 2.79)... Let's look at his neighborhood...
 * The extracted matrix is:
[LINE 4]		nan 		nan 		nan 		nan 		nan 		
[LINE 3]		nan 		nan 		nan 		2.92		3.04		
[LINE 2]		nan 		nan 		-inf		2.85		nan 		
[LINE 1]		nan 		nan 		2.72		nan 		nan 		
[LINE 0]		nan 		-inf		nan 		nan 		nan 		
 * Ranking:
 ---> {'coords': (3, 4), 'dir': 'NE', 'score': 19}
 ---> {'coords': (3, 4), 'dir': 'NE', 'score': 19}
 * Selected, based on ranking: {'coords': (3, 4), 'dir': 'NE', 'score': 19}
 * The candidate has value 3.04 and coords (3, 4)
 * Checking direction:
 ---> Trend is: E
 ---> Complex Trend is: {'E': 7.5, 'NE': 3, 'SE': 2, 'N': 1.5, 'S': 1.0}
 ---> Allowed dirs based on Complex Trend are: ['NE', 'E', 'SE']
 ---> Direction NE ok (last was NE)! -- [Last 10: ['SE', 'SE', 'E', 'E', 'E', 'E', 'E', 'NE', 'NE', 'NE']]
 * Selected element is (3, 4) with value 3.04
Next element is NE with direction 3.04
New matrix will be centered on 100,160 with depth 3.04
TREND IS ('E', {'E': 7.5, 'NE': 4, 'SE': 1, 'N': 2.0, 'S': 0.5}) --- (['SE', 'E', 'E', 'E', 'E', 'E', 'NE', 'NE', 'NE', 'NE'])
============================================================
Iteration 134 with LAT_IDX: 100 and LON_IDX: 160 with DEPTH 3.0407946
 * Adding to the thalweg 100, 160 (depth 3.04)... Let's look at his neighborhood...
 * The extracted matrix is:
[LINE 4]		nan 		nan 		nan 		nan 		nan 		
[LINE 3]		nan 		nan 		nan 		3.27		3.38		
[LINE 2]		nan 		2.92		-inf		nan 		nan 		
[LINE 1]		-inf		2.85		nan 		nan 		nan 		
[LINE 0]		2.72		nan 		nan 		nan 		nan 		
 * Ranking:
 ---> {'coords': (3, 4), 'dir': 'NE', 'score': 19}
 ---> {'coords': (3, 4), 'dir': 'NE', 'score': 19}
 * Selected, based on ranking: {'coords': (3, 4), 'dir': 'NE', 'score': 19}
 * The candidate has value 3.38 and coords (3, 4)
 * Checking direction:
 ---> Trend is: E
 ---> Complex Trend is: {'E': 7.5, 'NE': 4, 'SE': 1, 'N': 2.0, 'S': 0.5}
 ---> Allowed dirs based on Complex Trend are: ['NE', 'E', 'SE']
 ---> Direction NE ok (last was NE)! -- [Last 10: ['SE', 'E', 'E', 'E', 'E', 'E', 'NE', 'NE', 'NE', 'NE']]
 * Selected element is (3, 4) with value 3.38
Next element is NE with direction 3.38
New matrix will be centered on 101,162 with depth 3.38
TREND IS ('E', {'E': 7.5, 'NE': 5, 'N': 2.5}) --- (['E', 'E', 'E', 'E', 'E', 'NE', 'NE', 'NE', 'NE', 'NE'])
============================================================
Iteration 135 with LAT_IDX: 101 and LON_IDX: 162 with DEPTH 3.3779056
 * Adding to the thalweg 101, 162 (depth 3.38)... Let's look at his neighborhood...
 * The extracted matrix is:
[LINE 4]		nan 		nan 		nan 		nan 		nan 		
[LINE 3]		nan 		nan 		nan 		3.56		3.61		
[LINE 2]		nan 		3.27		-inf		3.51		nan 		
[LINE 1]		-inf		nan 		nan 		nan 		nan 		
[LINE 0]		nan 		nan 		nan 		nan 		nan 		
 * Ranking:
 ---> {'coords': (2, 3), 'dir': 'E', 'score': 15}
 ---> {'coords': (2, 3), 'dir': 'E', 'score': 15}
 ---> {'coords': (3, 3), 'dir': 'NE', 'score': 19}
 ---> {'coords': (3, 3), 'dir': 'NE', 'score': 19}
 ---> {'coords': (3, 4), 'dir': 'NE', 'score': 19}
 ---> {'coords': (3, 4), 'dir': 'NE', 'score': 19}
 * Selected, based on ranking: {'coords': (3, 3), 'dir': 'NE', 'score': 19}
 * The candidate has value 3.61 and coords (3, 3)
 * Checking direction:
 ---> Trend is: E
 ---> Complex Trend is: {'E': 7.5, 'NE': 5, 'N': 2.5}
 ---> Allowed dirs based on Complex Trend are: ['NE', 'E', 'SE']
 ---> Direction NE ok (last was NE)! -- [Last 10: ['E', 'E', 'E', 'E', 'E', 'NE', 'NE', 'NE', 'NE', 'NE']]
 * Selected element is (3, 3) with value 3.61
Next element is NE with direction 3.56
New matrix will be centered on 102,163 with depth 3.56
TREND IS ('NE', {'NE': 6, 'E': 7.0, 'N': 3.0}) --- (['E', 'E', 'E', 'E', 'NE', 'NE', 'NE', 'NE', 'NE', 'NE'])
============================================================
Iteration 136 with LAT_IDX: 102 and LON_IDX: 163 with DEPTH 3.5622783
 * Adding to the thalweg 102, 163 (depth 3.56)... Let's look at his neighborhood...
 * The extracted matrix is:
[LINE 4]		nan 		nan 		nan 		nan 		nan 		
[LINE 3]		nan 		nan 		nan 		nan 		nan 		
[LINE 2]		nan 		nan 		-inf		3.61		3.64		
[LINE 1]		3.27		-inf		3.51		nan 		nan 		
[LINE 0]		nan 		nan 		nan 		nan 		nan 		
 * Ranking:
 ---> {'coords': (2, 3), 'dir': 'E', 'score': 15}
 ---> {'coords': (2, 3), 'dir': 'E', 'score': 15}
 ---> {'coords': (2, 4), 'dir': 'E', 'score': 15}
 ---> {'coords': (2, 4), 'dir': 'E', 'score': 15}
 * Selected, based on ranking: {'coords': (2, 3), 'dir': 'E', 'score': 15}
 * The candidate has value 3.64 and coords (2, 3)
 * Checking direction:
 ---> Trend is: NE
 ---> Complex Trend is: {'NE': 6, 'E': 7.0, 'N': 3.0}
 ---> Allowed dirs based on Complex Trend are: ['NE', 'E', 'SE']
 ---> Direction E ok (last was NE)! -- [Last 10: ['E', 'E', 'E', 'E', 'NE', 'NE', 'NE', 'NE', 'NE', 'NE']]
 * Selected element is (2, 3) with value 3.64
Next element is E with direction 3.61
New matrix will be centered on 102,164 with depth 3.61
TREND IS ('NE', {'NE': 6, 'E': 7.0, 'N': 3.0}) --- (['E', 'E', 'E', 'NE', 'NE', 'NE', 'NE', 'NE', 'NE', 'E'])
============================================================
Iteration 137 with LAT_IDX: 102 and LON_IDX: 164 with DEPTH 3.610682
 * Adding to the thalweg 102, 164 (depth 3.61)... Let's look at his neighborhood...
 * The extracted matrix is:
[LINE 4]		nan 		nan 		nan 		nan 		nan 		
[LINE 3]		nan 		nan 		nan 		nan 		3.6 		
[LINE 2]		nan 		-inf		-inf		3.64		3.63		
[LINE 1]		-inf		3.51		nan 		nan 		nan 		
[LINE 0]		nan 		nan 		nan 		nan 		nan 		
 * Ranking:
 ---> {'coords': (2, 3), 'dir': 'E', 'score': 19}
 ---> {'coords': (2, 3), 'dir': 'E', 'score': 19}
 ---> {'coords': (2, 4), 'dir': 'E', 'score': 19}
 ---> {'coords': (2, 4), 'dir': 'E', 'score': 19}
 ---> {'coords': (3, 4), 'dir': 'NE', 'score': 15}
 ---> {'coords': (3, 4), 'dir': 'NE', 'score': 15}
 * Selected, based on ranking: {'coords': (2, 3), 'dir': 'E', 'score': 19}
 * The candidate has value 3.64 and coords (2, 3)
 * Checking direction:
 ---> Trend is: NE
 ---> Complex Trend is: {'NE': 6, 'E': 7.0, 'N': 3.0}
 ---> Allowed dirs based on Complex Trend are: ['NE', 'E', 'SE']
 ---> Direction E ok (last was E)! -- [Last 10: ['E', 'E', 'E', 'NE', 'NE', 'NE', 'NE', 'NE', 'NE', 'E']]
 * Selected element is (2, 3) with value 3.64
Next element is E with direction 3.64
New matrix will be centered on 102,165 with depth 3.64
TREND IS ('NE', {'NE': 6, 'E': 7.0, 'N': 3.0}) --- (['E', 'E', 'NE', 'NE', 'NE', 'NE', 'NE', 'NE', 'E', 'E'])
============================================================
Iteration 138 with LAT_IDX: 102 and LON_IDX: 165 with DEPTH 3.640227
 * Adding to the thalweg 102, 165 (depth 3.64)... Let's look at his neighborhood...
 * The extracted matrix is:
[LINE 4]		nan 		nan 		nan 		nan 		nan 		
[LINE 3]		nan 		nan 		nan 		3.6 		3.58		
[LINE 2]		-inf		-inf		-inf		3.63		nan 		
[LINE 1]		3.51		nan 		nan 		nan 		nan 		
[LINE 0]		nan 		nan 		nan 		nan 		nan 		
 * Ranking:
 ---> {'coords': (2, 3), 'dir': 'E', 'score': 19}
 ---> {'coords': (2, 3), 'dir': 'E', 'score': 19}
 ---> {'coords': (3, 3), 'dir': 'NE', 'score': 15}
 ---> {'coords': (3, 3), 'dir': 'NE', 'score': 15}
 ---> {'coords': (3, 4), 'dir': 'NE', 'score': 15}
 ---> {'coords': (3, 4), 'dir': 'NE', 'score': 15}
 * Selected, based on ranking: {'coords': (2, 3), 'dir': 'E', 'score': 19}
 * The candidate has value 3.63 and coords (2, 3)
 * Checking direction:
 ---> Trend is: NE
 ---> Complex Trend is: {'NE': 6, 'E': 7.0, 'N': 3.0}
 ---> Allowed dirs based on Complex Trend are: ['NE', 'E', 'SE']
 ---> Direction E ok (last was E)! -- [Last 10: ['E', 'E', 'NE', 'NE', 'NE', 'NE', 'NE', 'NE', 'E', 'E']]
 * Selected element is (2, 3) with value 3.63
Next element is E with direction 3.63
New matrix will be centered on 102,166 with depth 3.63
TREND IS ('NE', {'NE': 6, 'E': 7.0, 'N': 3.0}) --- (['E', 'NE', 'NE', 'NE', 'NE', 'NE', 'NE', 'E', 'E', 'E'])
============================================================
Iteration 139 with LAT_IDX: 102 and LON_IDX: 166 with DEPTH 3.6281629
 * Adding to the thalweg 102, 166 (depth 3.63)... Let's look at his neighborhood...
 * The extracted matrix is:
[LINE 4]		nan 		nan 		nan 		nan 		nan 		
[LINE 3]		nan 		nan 		3.6 		3.58		3.55		
[LINE 2]		-inf		-inf		-inf		nan 		nan 		
[LINE 1]		nan 		nan 		nan 		nan 		nan 		
[LINE 0]		nan 		nan 		nan 		nan 		nan 		
 * Ranking:
 ---> {'coords': (3, 2), 'dir': 'N', 'score': 1}
 ---> {'coords': (3, 2), 'dir': 'N', 'score': 1}
 ---> {'coords': (3, 3), 'dir': 'NE', 'score': 15}
 ---> {'coords': (3, 3), 'dir': 'NE', 'score': 15}
 ---> {'coords': (3, 4), 'dir': 'NE', 'score': 15}
 ---> {'coords': (3, 4), 'dir': 'NE', 'score': 15}
 * Selected, based on ranking: {'coords': (3, 3), 'dir': 'NE', 'score': 15}
 * The candidate has value 3.6 and coords (3, 3)
 * Checking direction:
 ---> Trend is: NE
 ---> Complex Trend is: {'NE': 6, 'E': 7.0, 'N': 3.0}
 ---> Allowed dirs based on Complex Trend are: ['NE', 'E', 'SE']
 ---> Direction NE ok (last was E)! -- [Last 10: ['E', 'NE', 'NE', 'NE', 'NE', 'NE', 'NE', 'E', 'E', 'E']]
 * Selected element is (3, 3) with value 3.6
Next element is NE with direction 3.58
New matrix will be centered on 103,167 with depth 3.58
TREND IS ('NE', {'NE': 7, 'E': 6.5, 'N': 3.5}) --- (['NE', 'NE', 'NE', 'NE', 'NE', 'NE', 'E', 'E', 'E', 'NE'])
============================================================
Iteration 140 with LAT_IDX: 103 and LON_IDX: 167 with DEPTH 3.5756323
 * Adding to the thalweg 103, 167 (depth 3.58)... Let's look at his neighborhood...
 * The extracted matrix is:
[LINE 4]		nan 		nan 		nan 		nan 		nan 		
[LINE 3]		nan 		nan 		nan 		nan 		nan 		
[LINE 2]		nan 		3.6 		-inf		3.55		3.54		
[LINE 1]		-inf		-inf		nan 		nan 		nan 		
[LINE 0]		nan 		nan 		nan 		nan 		nan 		
 * Ranking:
 ---> {'coords': (2, 1), 'dir': 'W', 'score': 0}
 ---> {'coords': (2, 1), 'dir': 'W', 'score': 0}
 ---> {'coords': (2, 3), 'dir': 'E', 'score': 15}
 ---> {'coords': (2, 3), 'dir': 'E', 'score': 15}
 ---> {'coords': (2, 4), 'dir': 'E', 'score': 15}
 ---> {'coords': (2, 4), 'dir': 'E', 'score': 15}
 * Selected, based on ranking: {'coords': (2, 3), 'dir': 'E', 'score': 15}
 * The candidate has value 3.6 and coords (2, 3)
 * Checking direction:
 ---> Trend is: NE
 ---> Complex Trend is: {'NE': 7, 'E': 6.5, 'N': 3.5}
 ---> Allowed dirs based on Complex Trend are: ['N', 'NE', 'E', 'NE', 'E', 'SE']
 ---> Direction E ok (last was NE)! -- [Last 10: ['NE', 'NE', 'NE', 'NE', 'NE', 'NE', 'E', 'E', 'E', 'NE']]
 * Selected element is (2, 3) with value 3.6
Next element is E with direction 3.55
New matrix will be centered on 103,168 with depth 3.55
TREND IS ('NE', {'NE': 6, 'E': 7.0, 'N': 3.0}) --- (['NE', 'NE', 'NE', 'NE', 'NE', 'E', 'E', 'E', 'NE', 'E'])
============================================================
Iteration 141 with LAT_IDX: 103 and LON_IDX: 168 with DEPTH 3.5546103
 * Adding to the thalweg 103, 168 (depth 3.55)... Let's look at his neighborhood...
 * The extracted matrix is:
[LINE 4]		nan 		nan 		nan 		nan 		nan 		
[LINE 3]		nan 		nan 		nan 		nan 		3.55		
[LINE 2]		3.6 		-inf		-inf		3.54		nan 		
[LINE 1]		-inf		nan 		nan 		nan 		nan 		
[LINE 0]		nan 		nan 		nan 		nan 		nan 		
 * Ranking:
 ---> {'coords': (2, 0), 'dir': 'W', 'score': 0}
 ---> {'coords': (2, 0), 'dir': 'W', 'score': 0}
 ---> {'coords': (2, 3), 'dir': 'E', 'score': 19}
 ---> {'coords': (2, 3), 'dir': 'E', 'score': 19}
 ---> {'coords': (3, 4), 'dir': 'NE', 'score': 15}
 ---> {'coords': (3, 4), 'dir': 'NE', 'score': 15}
 * Selected, based on ranking: {'coords': (2, 3), 'dir': 'E', 'score': 19}
 * The candidate has value 3.6 and coords (2, 3)
 * Checking direction:
 ---> Trend is: NE
 ---> Complex Trend is: {'NE': 6, 'E': 7.0, 'N': 3.0}
 ---> Allowed dirs based on Complex Trend are: ['NE', 'E', 'SE']
 ---> Direction E ok (last was E)! -- [Last 10: ['NE', 'NE', 'NE', 'NE', 'NE', 'E', 'E', 'E', 'NE', 'E']]
 * Selected element is (2, 3) with value 3.6
Next element is E with direction 3.54
New matrix will be centered on 103,169 with depth 3.54
TREND IS ('NE', {'NE': 5, 'E': 7.5, 'N': 2.5}) --- (['NE', 'NE', 'NE', 'NE', 'E', 'E', 'E', 'NE', 'E', 'E'])
============================================================
Iteration 142 with LAT_IDX: 103 and LON_IDX: 169 with DEPTH 3.538133
 * Adding to the thalweg 103, 169 (depth 3.54)... Let's look at his neighborhood...
 * The extracted matrix is:
[LINE 4]		nan 		nan 		nan 		nan 		nan 		
[LINE 3]		nan 		nan 		nan 		3.55		3.57		
[LINE 2]		-inf		-inf		-inf		nan 		nan 		
[LINE 1]		nan 		nan 		nan 		nan 		nan 		
[LINE 0]		nan 		nan 		nan 		nan 		nan 		
 * Ranking:
 ---> {'coords': (3, 3), 'dir': 'NE', 'score': 15}
 ---> {'coords': (3, 3), 'dir': 'NE', 'score': 15}
 ---> {'coords': (3, 4), 'dir': 'NE', 'score': 15}
 ---> {'coords': (3, 4), 'dir': 'NE', 'score': 15}
 * Selected, based on ranking: {'coords': (3, 3), 'dir': 'NE', 'score': 15}
 * The candidate has value 3.57 and coords (3, 3)
 * Checking direction:
 ---> Trend is: NE
 ---> Complex Trend is: {'NE': 5, 'E': 7.5, 'N': 2.5}
 ---> Allowed dirs based on Complex Trend are: ['NE', 'E', 'SE']
 ---> Direction NE ok (last was E)! -- [Last 10: ['NE', 'NE', 'NE', 'NE', 'E', 'E', 'E', 'NE', 'E', 'E']]
 * Selected element is (3, 3) with value 3.57
Next element is NE with direction 3.55
New matrix will be centered on 104,170 with depth 3.55
TREND IS ('NE', {'NE': 5, 'E': 7.5, 'N': 2.5}) --- (['NE', 'NE', 'NE', 'E', 'E', 'E', 'NE', 'E', 'E', 'NE'])
============================================================
Iteration 143 with LAT_IDX: 104 and LON_IDX: 170 with DEPTH 3.5487647
 * Adding to the thalweg 104, 170 (depth 3.55)... Let's look at his neighborhood...
 * The extracted matrix is:
[LINE 4]		nan 		nan 		nan 		nan 		nan 		
[LINE 3]		nan 		nan 		nan 		nan 		nan 		
[LINE 2]		nan 		nan 		-inf		3.57		3.58		
[LINE 1]		-inf		-inf		nan 		nan 		nan 		
[LINE 0]		nan 		nan 		nan 		nan 		nan 		
 * Ranking:
 ---> {'coords': (2, 3), 'dir': 'E', 'score': 15}
 ---> {'coords': (2, 3), 'dir': 'E', 'score': 15}
 ---> {'coords': (2, 4), 'dir': 'E', 'score': 15}
 ---> {'coords': (2, 4), 'dir': 'E', 'score': 15}
 * Selected, based on ranking: {'coords': (2, 3), 'dir': 'E', 'score': 15}
 * The candidate has value 3.58 and coords (2, 3)
 * Checking direction:
 ---> Trend is: NE
 ---> Complex Trend is: {'NE': 5, 'E': 7.5, 'N': 2.5}
 ---> Allowed dirs based on Complex Trend are: ['NE', 'E', 'SE']
 ---> Direction E ok (last was NE)! -- [Last 10: ['NE', 'NE', 'NE', 'E', 'E', 'E', 'NE', 'E', 'E', 'NE']]
 * Selected element is (2, 3) with value 3.58
Next element is E with direction 3.57
New matrix will be centered on 104,171 with depth 3.57
TREND IS ('E', {'E': 8.0, 'NE': 4, 'N': 2.0}) --- (['NE', 'NE', 'E', 'E', 'E', 'NE', 'E', 'E', 'NE', 'E'])
============================================================
Iteration 144 with LAT_IDX: 104 and LON_IDX: 171 with DEPTH 3.5697095
 * Adding to the thalweg 104, 171 (depth 3.57)... Let's look at his neighborhood...
 * The extracted matrix is:
[LINE 4]		nan 		nan 		nan 		nan 		nan 		
[LINE 3]		nan 		nan 		nan 		nan 		nan 		
[LINE 2]		nan 		-inf		-inf		3.58		3.6 		
[LINE 1]		-inf		nan 		nan 		nan 		nan 		
[LINE 0]		nan 		nan 		nan 		nan 		nan 		
 * Ranking:
 ---> {'coords': (2, 3), 'dir': 'E', 'score': 19}
 ---> {'coords': (2, 3), 'dir': 'E', 'score': 19}
 ---> {'coords': (2, 4), 'dir': 'E', 'score': 19}
 ---> {'coords': (2, 4), 'dir': 'E', 'score': 19}
 * Selected, based on ranking: {'coords': (2, 3), 'dir': 'E', 'score': 19}
 * The candidate has value 3.6 and coords (2, 3)
 * Checking direction:
 ---> Trend is: E
 ---> Complex Trend is: {'E': 8.0, 'NE': 4, 'N': 2.0}
 ---> Allowed dirs based on Complex Trend are: ['NE', 'E', 'SE']
 ---> Direction E ok (last was E)! -- [Last 10: ['NE', 'NE', 'E', 'E', 'E', 'NE', 'E', 'E', 'NE', 'E']]
 * Selected element is (2, 3) with value 3.6
Next element is E with direction 3.58
New matrix will be centered on 104,172 with depth 3.58
TREND IS ('E', {'E': 8.5, 'NE': 3, 'N': 1.5}) --- (['NE', 'E', 'E', 'E', 'NE', 'E', 'E', 'NE', 'E', 'E'])
============================================================
Iteration 145 with LAT_IDX: 104 and LON_IDX: 172 with DEPTH 3.584034
 * Adding to the thalweg 104, 172 (depth 3.58)... Let's look at his neighborhood...
 * The extracted matrix is:
[LINE 4]		nan 		nan 		nan 		nan 		nan 		
[LINE 3]		nan 		nan 		nan 		nan 		3.62		
[LINE 2]		-inf		-inf		-inf		3.6 		nan 		
[LINE 1]		nan 		nan 		nan 		nan 		nan 		
[LINE 0]		nan 		nan 		nan 		nan 		nan 		
 * Ranking:
 ---> {'coords': (2, 3), 'dir': 'E', 'score': 19}
 ---> {'coords': (2, 3), 'dir': 'E', 'score': 19}
 ---> {'coords': (3, 4), 'dir': 'NE', 'score': 15}
 ---> {'coords': (3, 4), 'dir': 'NE', 'score': 15}
 * Selected, based on ranking: {'coords': (2, 3), 'dir': 'E', 'score': 19}
 * The candidate has value 3.62 and coords (2, 3)
 * Checking direction:
 ---> Trend is: E
 ---> Complex Trend is: {'E': 8.5, 'NE': 3, 'N': 1.5}
 ---> Allowed dirs based on Complex Trend are: ['NE', 'E', 'SE']
 ---> Direction E ok (last was E)! -- [Last 10: ['NE', 'E', 'E', 'E', 'NE', 'E', 'E', 'NE', 'E', 'E']]
 * Selected element is (2, 3) with value 3.62
Next element is E with direction 3.6
New matrix will be centered on 104,173 with depth 3.6
TREND IS ('E', {'E': 9.0, 'NE': 2, 'N': 1.0}) --- (['E', 'E', 'E', 'NE', 'E', 'E', 'NE', 'E', 'E', 'E'])
============================================================
Iteration 146 with LAT_IDX: 104 and LON_IDX: 173 with DEPTH 3.6007638
 * Adding to the thalweg 104, 173 (depth 3.6)... Let's look at his neighborhood...
 * The extracted matrix is:
[LINE 4]		nan 		nan 		nan 		nan 		nan 		
[LINE 3]		nan 		nan 		nan 		3.62		3.63		
[LINE 2]		-inf		-inf		-inf		nan 		nan 		
[LINE 1]		nan 		nan 		nan 		nan 		nan 		
[LINE 0]		nan 		nan 		nan 		nan 		nan 		
 * Ranking:
 ---> {'coords': (3, 3), 'dir': 'NE', 'score': 15}
 ---> {'coords': (3, 3), 'dir': 'NE', 'score': 15}
 ---> {'coords': (3, 4), 'dir': 'NE', 'score': 15}
 ---> {'coords': (3, 4), 'dir': 'NE', 'score': 15}
 * Selected, based on ranking: {'coords': (3, 3), 'dir': 'NE', 'score': 15}
 * The candidate has value 3.63 and coords (3, 3)
 * Checking direction:
 ---> Trend is: E
 ---> Complex Trend is: {'E': 9.0, 'NE': 2, 'N': 1.0}
 ---> Allowed dirs based on Complex Trend are: ['NE', 'E', 'SE']
 ---> Direction NE ok (last was E)! -- [Last 10: ['E', 'E', 'E', 'NE', 'E', 'E', 'NE', 'E', 'E', 'E']]
 * Selected element is (3, 3) with value 3.63
Next element is NE with direction 3.62
New matrix will be centered on 105,174 with depth 3.62
TREND IS ('E', {'E': 8.5, 'NE': 3, 'N': 1.5}) --- (['E', 'E', 'NE', 'E', 'E', 'NE', 'E', 'E', 'E', 'NE'])
============================================================
Iteration 147 with LAT_IDX: 105 and LON_IDX: 174 with DEPTH 3.6167154
 * Adding to the thalweg 105, 174 (depth 3.62)... Let's look at his neighborhood...
 * The extracted matrix is:
[LINE 4]		nan 		nan 		nan 		nan 		nan 		
[LINE 3]		nan 		nan 		nan 		nan 		nan 		
[LINE 2]		nan 		nan 		-inf		3.63		3.64		
[LINE 1]		-inf		-inf		nan 		nan 		nan 		
[LINE 0]		nan 		nan 		nan 		nan 		nan 		
 * Ranking:
 ---> {'coords': (2, 3), 'dir': 'E', 'score': 15}
 ---> {'coords': (2, 3), 'dir': 'E', 'score': 15}
 ---> {'coords': (2, 4), 'dir': 'E', 'score': 15}
 ---> {'coords': (2, 4), 'dir': 'E', 'score': 15}
 * Selected, based on ranking: {'coords': (2, 3), 'dir': 'E', 'score': 15}
 * The candidate has value 3.64 and coords (2, 3)
 * Checking direction:
 ---> Trend is: E
 ---> Complex Trend is: {'E': 8.5, 'NE': 3, 'N': 1.5}
 ---> Allowed dirs based on Complex Trend are: ['NE', 'E', 'SE']
 ---> Direction E ok (last was NE)! -- [Last 10: ['E', 'E', 'NE', 'E', 'E', 'NE', 'E', 'E', 'E', 'NE']]
 * Selected element is (2, 3) with value 3.64
Next element is E with direction 3.63
New matrix will be centered on 105,175 with depth 3.63
TREND IS ('E', {'E': 8.5, 'NE': 3, 'N': 1.5}) --- (['E', 'NE', 'E', 'E', 'NE', 'E', 'E', 'E', 'NE', 'E'])
============================================================
Iteration 148 with LAT_IDX: 105 and LON_IDX: 175 with DEPTH 3.6285114
 * Adding to the thalweg 105, 175 (depth 3.63)... Let's look at his neighborhood...
 * The extracted matrix is:
[LINE 4]		nan 		nan 		nan 		nan 		nan 		
[LINE 3]		nan 		nan 		nan 		nan 		nan 		
[LINE 2]		nan 		-inf		-inf		3.64		3.66		
[LINE 1]		-inf		nan 		nan 		nan 		nan 		
[LINE 0]		nan 		nan 		nan 		nan 		nan 		
 * Ranking:
 ---> {'coords': (2, 3), 'dir': 'E', 'score': 19}
 ---> {'coords': (2, 3), 'dir': 'E', 'score': 19}
 ---> {'coords': (2, 4), 'dir': 'E', 'score': 19}
 ---> {'coords': (2, 4), 'dir': 'E', 'score': 19}
 * Selected, based on ranking: {'coords': (2, 3), 'dir': 'E', 'score': 19}
 * The candidate has value 3.66 and coords (2, 3)
 * Checking direction:
 ---> Trend is: E
 ---> Complex Trend is: {'E': 8.5, 'NE': 3, 'N': 1.5}
 ---> Allowed dirs based on Complex Trend are: ['NE', 'E', 'SE']
 ---> Direction E ok (last was E)! -- [Last 10: ['E', 'NE', 'E', 'E', 'NE', 'E', 'E', 'E', 'NE', 'E']]
 * Selected element is (2, 3) with value 3.66
Next element is E with direction 3.64
New matrix will be centered on 105,176 with depth 3.64
TREND IS ('E', {'E': 8.5, 'NE': 3, 'N': 1.5}) --- (['NE', 'E', 'E', 'NE', 'E', 'E', 'E', 'NE', 'E', 'E'])
============================================================
Iteration 149 with LAT_IDX: 105 and LON_IDX: 176 with DEPTH 3.641721
 * Adding to the thalweg 105, 176 (depth 3.64)... Let's look at his neighborhood...
 * The extracted matrix is:
[LINE 4]		nan 		nan 		nan 		nan 		nan 		
[LINE 3]		nan 		nan 		nan 		nan 		3.68		
[LINE 2]		-inf		-inf		-inf		3.66		nan 		
[LINE 1]		nan 		nan 		nan 		nan 		nan 		
[LINE 0]		nan 		nan 		nan 		nan 		nan 		
 * Ranking:
 ---> {'coords': (2, 3), 'dir': 'E', 'score': 19}
 ---> {'coords': (2, 3), 'dir': 'E', 'score': 19}
 ---> {'coords': (3, 4), 'dir': 'NE', 'score': 15}
 ---> {'coords': (3, 4), 'dir': 'NE', 'score': 15}
 * Selected, based on ranking: {'coords': (2, 3), 'dir': 'E', 'score': 19}
 * The candidate has value 3.68 and coords (2, 3)
 * Checking direction:
 ---> Trend is: E
 ---> Complex Trend is: {'E': 8.5, 'NE': 3, 'N': 1.5}
 ---> Allowed dirs based on Complex Trend are: ['NE', 'E', 'SE']
 ---> Direction E ok (last was E)! -- [Last 10: ['NE', 'E', 'E', 'NE', 'E', 'E', 'E', 'NE', 'E', 'E']]
 * Selected element is (2, 3) with value 3.68
Next element is E with direction 3.66
New matrix will be centered on 105,177 with depth 3.66
TREND IS ('E', {'E': 9.0, 'NE': 2, 'N': 1.0}) --- (['E', 'E', 'NE', 'E', 'E', 'E', 'NE', 'E', 'E', 'E'])
============================================================
Iteration 150 with LAT_IDX: 105 and LON_IDX: 177 with DEPTH 3.6635568
 * Adding to the thalweg 105, 177 (depth 3.66)... Let's look at his neighborhood...
 * The extracted matrix is:
[LINE 4]		nan 		nan 		nan 		nan 		nan 		
[LINE 3]		nan 		nan 		nan 		3.68		3.71		
[LINE 2]		-inf		-inf		-inf		nan 		nan 		
[LINE 1]		nan 		nan 		nan 		nan 		nan 		
[LINE 0]		nan 		nan 		nan 		nan 		nan 		
 * Ranking:
 ---> {'coords': (3, 3), 'dir': 'NE', 'score': 15}
 ---> {'coords': (3, 3), 'dir': 'NE', 'score': 15}
 ---> {'coords': (3, 4), 'dir': 'NE', 'score': 15}
 ---> {'coords': (3, 4), 'dir': 'NE', 'score': 15}
 * Selected, based on ranking: {'coords': (3, 3), 'dir': 'NE', 'score': 15}
 * The candidate has value 3.71 and coords (3, 3)
 * Checking direction:
 ---> Trend is: E
 ---> Complex Trend is: {'E': 9.0, 'NE': 2, 'N': 1.0}
 ---> Allowed dirs based on Complex Trend are: ['NE', 'E', 'SE']
 ---> Direction NE ok (last was E)! -- [Last 10: ['E', 'E', 'NE', 'E', 'E', 'E', 'NE', 'E', 'E', 'E']]
 * Selected element is (3, 3) with value 3.71
Next element is NE with direction 3.68
New matrix will be centered on 106,178 with depth 3.68
TREND IS ('E', {'E': 8.5, 'NE': 3, 'N': 1.5}) --- (['E', 'NE', 'E', 'E', 'E', 'NE', 'E', 'E', 'E', 'NE'])
============================================================
Iteration 151 with LAT_IDX: 106 and LON_IDX: 178 with DEPTH 3.680511
 * Adding to the thalweg 106, 178 (depth 3.68)... Let's look at his neighborhood...
 * The extracted matrix is:
[LINE 4]		nan 		nan 		nan 		nan 		nan 		
[LINE 3]		nan 		nan 		nan 		nan 		nan 		
[LINE 2]		nan 		nan 		-inf		3.71		3.73		
[LINE 1]		-inf		-inf		nan 		nan 		nan 		
[LINE 0]		nan 		nan 		nan 		nan 		nan 		
 * Ranking:
 ---> {'coords': (2, 3), 'dir': 'E', 'score': 15}
 ---> {'coords': (2, 3), 'dir': 'E', 'score': 15}
 ---> {'coords': (2, 4), 'dir': 'E', 'score': 15}
 ---> {'coords': (2, 4), 'dir': 'E', 'score': 15}
 * Selected, based on ranking: {'coords': (2, 3), 'dir': 'E', 'score': 15}
 * The candidate has value 3.73 and coords (2, 3)
 * Checking direction:
 ---> Trend is: E
 ---> Complex Trend is: {'E': 8.5, 'NE': 3, 'N': 1.5}
 ---> Allowed dirs based on Complex Trend are: ['NE', 'E', 'SE']
 ---> Direction E ok (last was NE)! -- [Last 10: ['E', 'NE', 'E', 'E', 'E', 'NE', 'E', 'E', 'E', 'NE']]
 * Selected element is (2, 3) with value 3.73
Next element is E with direction 3.71
New matrix will be centered on 106,179 with depth 3.71
TREND IS ('E', {'E': 8.5, 'NE': 3, 'N': 1.5}) --- (['NE', 'E', 'E', 'E', 'NE', 'E', 'E', 'E', 'NE', 'E'])
============================================================
Iteration 152 with LAT_IDX: 106 and LON_IDX: 179 with DEPTH 3.7074227
 * Adding to the thalweg 106, 179 (depth 3.71)... Let's look at his neighborhood...
 * The extracted matrix is:
[LINE 4]		nan 		nan 		nan 		nan 		nan 		
[LINE 3]		nan 		nan 		nan 		nan 		nan 		
[LINE 2]		nan 		-inf		-inf		3.73		3.76		
[LINE 1]		-inf		nan 		nan 		nan 		nan 		
[LINE 0]		nan 		nan 		nan 		nan 		nan 		
 * Ranking:
 ---> {'coords': (2, 3), 'dir': 'E', 'score': 19}
 ---> {'coords': (2, 3), 'dir': 'E', 'score': 19}
 ---> {'coords': (2, 4), 'dir': 'E', 'score': 19}
 ---> {'coords': (2, 4), 'dir': 'E', 'score': 19}
 * Selected, based on ranking: {'coords': (2, 3), 'dir': 'E', 'score': 19}
 * The candidate has value 3.76 and coords (2, 3)
 * Checking direction:
 ---> Trend is: E
 ---> Complex Trend is: {'E': 8.5, 'NE': 3, 'N': 1.5}
 ---> Allowed dirs based on Complex Trend are: ['NE', 'E', 'SE']
 ---> Direction E ok (last was E)! -- [Last 10: ['NE', 'E', 'E', 'E', 'NE', 'E', 'E', 'E', 'NE', 'E']]
 * Selected element is (2, 3) with value 3.76
Next element is E with direction 3.73
New matrix will be centered on 106,180 with depth 3.73
TREND IS ('E', {'E': 9.0, 'NE': 2, 'N': 1.0}) --- (['E', 'E', 'E', 'NE', 'E', 'E', 'E', 'NE', 'E', 'E'])
============================================================
Iteration 153 with LAT_IDX: 106 and LON_IDX: 180 with DEPTH 3.7307367
 * Adding to the thalweg 106, 180 (depth 3.73)... Let's look at his neighborhood...
 * The extracted matrix is:
[LINE 4]		nan 		nan 		nan 		nan 		nan 		
[LINE 3]		nan 		nan 		nan 		nan 		3.77		
[LINE 2]		-inf		-inf		-inf		3.76		3.78		
[LINE 1]		nan 		nan 		nan 		nan 		nan 		
[LINE 0]		nan 		nan 		nan 		nan 		nan 		
 * Ranking:
 ---> {'coords': (2, 3), 'dir': 'E', 'score': 19}
 ---> {'coords': (2, 3), 'dir': 'E', 'score': 19}
 ---> {'coords': (2, 4), 'dir': 'E', 'score': 19}
 ---> {'coords': (2, 4), 'dir': 'E', 'score': 19}
 ---> {'coords': (3, 4), 'dir': 'NE', 'score': 15}
 ---> {'coords': (3, 4), 'dir': 'NE', 'score': 15}
 * Selected, based on ranking: {'coords': (2, 3), 'dir': 'E', 'score': 19}
 * The candidate has value 3.78 and coords (2, 3)
 * Checking direction:
 ---> Trend is: E
 ---> Complex Trend is: {'E': 9.0, 'NE': 2, 'N': 1.0}
 ---> Allowed dirs based on Complex Trend are: ['NE', 'E', 'SE']
 ---> Direction E ok (last was E)! -- [Last 10: ['E', 'E', 'E', 'NE', 'E', 'E', 'E', 'NE', 'E', 'E']]
 * Selected element is (2, 3) with value 3.78
Next element is E with direction 3.76
New matrix will be centered on 106,181 with depth 3.76
TREND IS ('E', {'E': 9.0, 'NE': 2, 'N': 1.0}) --- (['E', 'E', 'NE', 'E', 'E', 'E', 'NE', 'E', 'E', 'E'])
============================================================
Iteration 154 with LAT_IDX: 106 and LON_IDX: 181 with DEPTH 3.756459
 * Adding to the thalweg 106, 181 (depth 3.76)... Let's look at his neighborhood...
 * The extracted matrix is:
[LINE 4]		nan 		nan 		nan 		nan 		nan 		
[LINE 3]		nan 		nan 		nan 		3.77		3.79		
[LINE 2]		-inf		-inf		-inf		3.78		3.79		
[LINE 1]		nan 		nan 		nan 		nan 		nan 		
[LINE 0]		nan 		nan 		nan 		nan 		nan 		
 * Ranking:
 ---> {'coords': (2, 3), 'dir': 'E', 'score': 19}
 ---> {'coords': (2, 3), 'dir': 'E', 'score': 19}
 ---> {'coords': (2, 4), 'dir': 'E', 'score': 19}
 ---> {'coords': (2, 4), 'dir': 'E', 'score': 19}
 ---> {'coords': (3, 3), 'dir': 'NE', 'score': 15}
 ---> {'coords': (3, 3), 'dir': 'NE', 'score': 15}
 ---> {'coords': (3, 4), 'dir': 'NE', 'score': 15}
 ---> {'coords': (3, 4), 'dir': 'NE', 'score': 15}
 * Selected, based on ranking: {'coords': (2, 3), 'dir': 'E', 'score': 19}
 * The candidate has value 3.79 and coords (2, 3)
 * Checking direction:
 ---> Trend is: E
 ---> Complex Trend is: {'E': 9.0, 'NE': 2, 'N': 1.0}
 ---> Allowed dirs based on Complex Trend are: ['NE', 'E', 'SE']
 ---> Direction E ok (last was E)! -- [Last 10: ['E', 'E', 'NE', 'E', 'E', 'E', 'NE', 'E', 'E', 'E']]
 * Selected element is (2, 3) with value 3.79
Next element is E with direction 3.78
New matrix will be centered on 106,182 with depth 3.78
TREND IS ('E', {'E': 9.0, 'NE': 2, 'N': 1.0}) --- (['E', 'NE', 'E', 'E', 'E', 'NE', 'E', 'E', 'E', 'E'])
============================================================
Iteration 155 with LAT_IDX: 106 and LON_IDX: 182 with DEPTH 3.7759342
 * Adding to the thalweg 106, 182 (depth 3.78)... Let's look at his neighborhood...
 * The extracted matrix is:
[LINE 4]		nan 		nan 		nan 		nan 		nan 		
[LINE 3]		nan 		nan 		3.77		3.79		3.79		
[LINE 2]		-inf		-inf		-inf		3.79		3.8 		
[LINE 1]		nan 		nan 		nan 		nan 		nan 		
[LINE 0]		nan 		nan 		nan 		nan 		nan 		
 * Ranking:
 ---> {'coords': (2, 3), 'dir': 'E', 'score': 19}
 ---> {'coords': (2, 3), 'dir': 'E', 'score': 19}
 ---> {'coords': (2, 4), 'dir': 'E', 'score': 19}
 ---> {'coords': (2, 4), 'dir': 'E', 'score': 19}
 ---> {'coords': (3, 2), 'dir': 'N', 'score': 1}
 ---> {'coords': (3, 2), 'dir': 'N', 'score': 1}
 ---> {'coords': (3, 3), 'dir': 'NE', 'score': 15}
 ---> {'coords': (3, 3), 'dir': 'NE', 'score': 15}
 ---> {'coords': (3, 4), 'dir': 'NE', 'score': 15}
 ---> {'coords': (3, 4), 'dir': 'NE', 'score': 15}
 * Selected, based on ranking: {'coords': (2, 3), 'dir': 'E', 'score': 19}
 * The candidate has value 3.8 and coords (2, 3)
 * Checking direction:
 ---> Trend is: E
 ---> Complex Trend is: {'E': 9.0, 'NE': 2, 'N': 1.0}
 ---> Allowed dirs based on Complex Trend are: ['NE', 'E', 'SE']
 ---> Direction E ok (last was E)! -- [Last 10: ['E', 'NE', 'E', 'E', 'E', 'NE', 'E', 'E', 'E', 'E']]
 * Selected element is (2, 3) with value 3.8
Next element is E with direction 3.79
New matrix will be centered on 106,183 with depth 3.79
TREND IS ('E', {'E': 9.0, 'NE': 2, 'N': 1.0}) --- (['NE', 'E', 'E', 'E', 'NE', 'E', 'E', 'E', 'E', 'E'])
============================================================
Iteration 156 with LAT_IDX: 106 and LON_IDX: 183 with DEPTH 3.7885947
 * Adding to the thalweg 106, 183 (depth 3.79)... Let's look at his neighborhood...
 * The extracted matrix is:
[LINE 4]		nan 		nan 		nan 		nan 		3.76		
[LINE 3]		nan 		3.77		3.79		3.79		3.78		
[LINE 2]		-inf		-inf		-inf		3.8 		nan 		
[LINE 1]		nan 		nan 		nan 		nan 		nan 		
[LINE 0]		nan 		nan 		nan 		nan 		nan 		
 * Ranking:
 ---> {'coords': (2, 3), 'dir': 'E', 'score': 19}
 ---> {'coords': (2, 3), 'dir': 'E', 'score': 19}
 ---> {'coords': (3, 1), 'dir': 'NW', 'score': 0}
 ---> {'coords': (3, 1), 'dir': 'NW', 'score': 0}
 ---> {'coords': (3, 2), 'dir': 'N', 'score': 1}
 ---> {'coords': (3, 2), 'dir': 'N', 'score': 1}
 ---> {'coords': (3, 3), 'dir': 'NE', 'score': 15}
 ---> {'coords': (3, 3), 'dir': 'NE', 'score': 15}
 ---> {'coords': (3, 4), 'dir': 'NE', 'score': 15}
 ---> {'coords': (3, 4), 'dir': 'NE', 'score': 15}
 ---> {'coords': (4, 4), 'dir': 'NE', 'score': 15}
 ---> {'coords': (4, 4), 'dir': 'NE', 'score': 15}
 * Selected, based on ranking: {'coords': (2, 3), 'dir': 'E', 'score': 19}
 * The candidate has value 3.8 and coords (2, 3)
 * Checking direction:
 ---> Trend is: E
 ---> Complex Trend is: {'E': 9.0, 'NE': 2, 'N': 1.0}
 ---> Allowed dirs based on Complex Trend are: ['NE', 'E', 'SE']
 ---> Direction E ok (last was E)! -- [Last 10: ['NE', 'E', 'E', 'E', 'NE', 'E', 'E', 'E', 'E', 'E']]
 * Selected element is (2, 3) with value 3.8
Next element is E with direction 3.8
New matrix will be centered on 106,184 with depth 3.8
TREND IS ('E', {'E': 9.5, 'NE': 1, 'N': 0.5}) --- (['E', 'E', 'E', 'NE', 'E', 'E', 'E', 'E', 'E', 'E'])
============================================================
Iteration 157 with LAT_IDX: 106 and LON_IDX: 184 with DEPTH 3.7986767
 * Adding to the thalweg 106, 184 (depth 3.8)... Let's look at his neighborhood...
 * The extracted matrix is:
[LINE 4]		nan 		nan 		nan 		3.76		3.72		
[LINE 3]		3.77		3.79		3.79		3.78		3.75		
[LINE 2]		-inf		-inf		-inf		nan 		nan 		
[LINE 1]		nan 		nan 		nan 		nan 		nan 		
[LINE 0]		nan 		nan 		nan 		nan 		nan 		
 * Ranking:
 ---> {'coords': (3, 0), 'dir': 'NW', 'score': 0}
 ---> {'coords': (3, 0), 'dir': 'NW', 'score': 0}
 ---> {'coords': (3, 1), 'dir': 'NW', 'score': 0}
 ---> {'coords': (3, 1), 'dir': 'NW', 'score': 0}
 ---> {'coords': (3, 2), 'dir': 'N', 'score': 1}
 ---> {'coords': (3, 2), 'dir': 'N', 'score': 1}
 ---> {'coords': (3, 3), 'dir': 'NE', 'score': 15}
 ---> {'coords': (3, 3), 'dir': 'NE', 'score': 15}
 ---> {'coords': (3, 4), 'dir': 'NE', 'score': 15}
 ---> {'coords': (3, 4), 'dir': 'NE', 'score': 15}
 ---> {'coords': (4, 3), 'dir': 'NE', 'score': 15}
 ---> {'coords': (4, 3), 'dir': 'NE', 'score': 15}
 ---> {'coords': (4, 4), 'dir': 'NE', 'score': 15}
 ---> {'coords': (4, 4), 'dir': 'NE', 'score': 15}
 * Selected, based on ranking: {'coords': (3, 3), 'dir': 'NE', 'score': 15}
 * The candidate has value 3.79 and coords (3, 3)
 * Checking direction:
 ---> Trend is: E
 ---> Complex Trend is: {'E': 9.5, 'NE': 1, 'N': 0.5}
 ---> Allowed dirs based on Complex Trend are: ['NE', 'E', 'SE']
 ---> Direction NE ok (last was E)! -- [Last 10: ['E', 'E', 'E', 'NE', 'E', 'E', 'E', 'E', 'E', 'E']]
 * Selected element is (3, 3) with value 3.79
Next element is NE with direction 3.78
New matrix will be centered on 107,185 with depth 3.78
TREND IS ('E', {'E': 9.0, 'NE': 2, 'N': 1.0}) --- (['E', 'E', 'NE', 'E', 'E', 'E', 'E', 'E', 'E', 'NE'])
============================================================
Iteration 158 with LAT_IDX: 107 and LON_IDX: 185 with DEPTH 3.784507
 * Adding to the thalweg 107, 185 (depth 3.78)... Let's look at his neighborhood...
 * The extracted matrix is:
[LINE 4]		nan 		nan 		nan 		nan 		nan 		
[LINE 3]		nan 		nan 		3.76		3.72		3.62		
[LINE 2]		3.79		3.79		-inf		3.75		3.69		
[LINE 1]		-inf		-inf		nan 		nan 		nan 		
[LINE 0]		nan 		nan 		nan 		nan 		nan 		
 * Ranking:
 ---> {'coords': (2, 0), 'dir': 'W', 'score': 0}
 ---> {'coords': (2, 0), 'dir': 'W', 'score': 0}
 ---> {'coords': (2, 1), 'dir': 'W', 'score': 0}
 ---> {'coords': (2, 1), 'dir': 'W', 'score': 0}
 ---> {'coords': (2, 3), 'dir': 'E', 'score': 15}
 ---> {'coords': (2, 3), 'dir': 'E', 'score': 15}
 ---> {'coords': (2, 4), 'dir': 'E', 'score': 15}
 ---> {'coords': (2, 4), 'dir': 'E', 'score': 15}
 ---> {'coords': (3, 2), 'dir': 'N', 'score': 5}
 ---> {'coords': (3, 2), 'dir': 'N', 'score': 5}
 ---> {'coords': (3, 3), 'dir': 'NE', 'score': 19}
 ---> {'coords': (3, 3), 'dir': 'NE', 'score': 19}
 * Selected, based on ranking: {'coords': (3, 3), 'dir': 'NE', 'score': 19}
 * The candidate has value 3.79 and coords (3, 3)
 * Checking direction:
 ---> Trend is: E
 ---> Complex Trend is: {'E': 9.0, 'NE': 2, 'N': 1.0}
 ---> Allowed dirs based on Complex Trend are: ['NE', 'E', 'SE']
 ---> Direction NE ok (last was NE)! -- [Last 10: ['E', 'E', 'NE', 'E', 'E', 'E', 'E', 'E', 'E', 'NE']]
 * Selected element is (3, 3) with value 3.79
Next element is NE with direction 3.72
New matrix will be centered on 108,186 with depth 3.72
TREND IS ('E', {'E': 8.5, 'NE': 3, 'N': 1.5}) --- (['E', 'NE', 'E', 'E', 'E', 'E', 'E', 'E', 'NE', 'NE'])
============================================================
Iteration 159 with LAT_IDX: 108 and LON_IDX: 186 with DEPTH 3.717713
 * Adding to the thalweg 108, 186 (depth 3.72)... Let's look at his neighborhood...
 * The extracted matrix is:
[LINE 4]		nan 		nan 		nan 		nan 		nan 		
[LINE 3]		nan 		nan 		nan 		nan 		nan 		
[LINE 2]		nan 		3.76		-inf		3.62		3.49		
[LINE 1]		3.79		-inf		3.75		3.69		3.55		
[LINE 0]		-inf		nan 		nan 		nan 		nan 		
 * Ranking:
 ---> {'coords': (1, 0), 'dir': 'SW', 'score': 0}
 ---> {'coords': (1, 0), 'dir': 'SW', 'score': 0}
 ---> {'coords': (1, 2), 'dir': 'S', 'score': 0}
 ---> {'coords': (1, 2), 'dir': 'S', 'score': 0}
 ---> {'coords': (1, 3), 'dir': 'SE', 'score': 11}
 ---> {'coords': (1, 3), 'dir': 'SE', 'score': 11}
 ---> {'coords': (2, 1), 'dir': 'W', 'score': 0}
 ---> {'coords': (2, 1), 'dir': 'W', 'score': 0}
 * Selected, based on ranking: {'coords': (1, 3), 'dir': 'SE', 'score': 11}
 * The candidate has value 3.79 and coords (1, 3)
 * Checking direction:
 ---> Trend is: E
 ---> Complex Trend is: {'E': 8.5, 'NE': 3, 'N': 1.5}
 ---> Allowed dirs based on Complex Trend are: ['NE', 'E', 'SE']
 ---> Direction SE ok (last was NE)! -- [Last 10: ['E', 'NE', 'E', 'E', 'E', 'E', 'E', 'E', 'NE', 'NE']]
 * Selected element is (1, 3) with value 3.79
Next element is SE with direction 3.69
New matrix will be centered on 107,187 with depth 3.69
TREND IS ('E', {'E': 8.0, 'NE': 3, 'SE': 1, 'N': 1.5, 'S': 0.5}) --- (['NE', 'E', 'E', 'E', 'E', 'E', 'E', 'NE', 'NE', 'SE'])
============================================================
Iteration 160 with LAT_IDX: 107 and LON_IDX: 187 with DEPTH 3.6884713
 * Adding to the thalweg 107, 187 (depth 3.69)... Let's look at his neighborhood...
 * The extracted matrix is:
[LINE 4]		nan 		nan 		nan 		nan 		3.22		
[LINE 3]		3.76		-inf		3.62		3.49		3.32		
[LINE 2]		-inf		3.75		-inf		3.55		3.4 		
[LINE 1]		nan 		nan 		nan 		nan 		nan 		
[LINE 0]		nan 		nan 		nan 		nan 		nan 		
 * Ranking:
 ---> {'coords': (2, 1), 'dir': 'W', 'score': 0}
 ---> {'coords': (2, 1), 'dir': 'W', 'score': 0}
 ---> {'coords': (3, 0), 'dir': 'NW', 'score': 0}
 ---> {'coords': (3, 0), 'dir': 'NW', 'score': 0}
 * Selected, based on ranking: {'coords': (2, 1), 'dir': 'W', 'score': 0}
 * The candidate has value 3.76 and coords (2, 1)
 * Checking direction:
 ---> Trend is: E
 ---> Complex Trend is: {'E': 8.0, 'NE': 3, 'SE': 1, 'N': 1.5, 'S': 0.5}
 ---> Allowed dirs based on Complex Trend are: ['NE', 'E', 'SE']
 ---> Direction W IS NOT ok! Last was SE [last 10: ['NE', 'E', 'E', 'E', 'E', 'E', 'E', 'NE', 'NE', 'SE']] -- Modifying matrix...
[LINE 4]		nan 		nan 		nan 		nan 		3.22		
[LINE 3]		3.76		-inf		3.62		3.49		3.32		
[LINE 2]		-inf		nan 		-inf		3.55		3.4 		
[LINE 1]		nan 		nan 		nan 		nan 		nan 		
[LINE 0]		nan 		nan 		nan 		nan 		nan 		
 * Ranking:
 ---> {'coords': (3, 0), 'dir': 'NW', 'score': 0}
 ---> {'coords': (3, 0), 'dir': 'NW', 'score': 0}
 * Selected, based on ranking: {'coords': (3, 0), 'dir': 'NW', 'score': 0}
 * The candidate has value 3.76 and coords (3, 0)
 * Checking direction:
 ---> Trend is: E
 ---> Complex Trend is: {'E': 8.0, 'NE': 3, 'SE': 1, 'N': 1.5, 'S': 0.5}
 ---> Allowed dirs based on Complex Trend are: ['NE', 'E', 'SE']
 ---> Direction NW IS NOT ok! Last was SE [last 10: ['NE', 'E', 'E', 'E', 'E', 'E', 'E', 'NE', 'NE', 'SE']] -- Modifying matrix...
[LINE 4]		nan 		nan 		nan 		nan 		3.22		
[LINE 3]		nan 		-inf		3.62		3.49		3.32		
[LINE 2]		-inf		nan 		-inf		3.55		3.4 		
[LINE 1]		nan 		nan 		nan 		nan 		nan 		
[LINE 0]		nan 		nan 		nan 		nan 		nan 		
 * Ranking:
 ---> {'coords': (2, 3), 'dir': 'E', 'score': 15}
 ---> {'coords': (2, 3), 'dir': 'E', 'score': 15}
 ---> {'coords': (3, 2), 'dir': 'N', 'score': 0}
 ---> {'coords': (3, 2), 'dir': 'N', 'score': 0}
 * Selected, based on ranking: {'coords': (2, 3), 'dir': 'E', 'score': 15}
 * The candidate has value 3.62 and coords (2, 3)
 * Checking direction:
 ---> Trend is: E
 ---> Complex Trend is: {'E': 8.0, 'NE': 3, 'SE': 1, 'N': 1.5, 'S': 0.5}
 ---> Allowed dirs based on Complex Trend are: ['NE', 'E', 'SE']
 ---> Direction E ok (last was SE)! -- [Last 10: ['NE', 'E', 'E', 'E', 'E', 'E', 'E', 'NE', 'NE', 'SE']]
 * Selected element is (2, 3) with value 3.62
Next element is E with direction 3.55
New matrix will be centered on 107,188 with depth 3.55
TREND IS ('E', {'E': 8.5, 'NE': 2, 'SE': 1, 'N': 1.0, 'S': 0.5}) --- (['E', 'E', 'E', 'E', 'E', 'E', 'NE', 'NE', 'SE', 'E'])
============================================================
Iteration 161 with LAT_IDX: 107 and LON_IDX: 188 with DEPTH 3.552049
 * Adding to the thalweg 107, 188 (depth 3.55)... Let's look at his neighborhood...
 * The extracted matrix is:
[LINE 4]		nan 		nan 		nan 		3.22		3.11		
[LINE 3]		-inf		3.62		3.49		3.32		3.17		
[LINE 2]		3.75		-inf		-inf		3.4 		3.27		
[LINE 1]		nan 		nan 		nan 		nan 		nan 		
[LINE 0]		nan 		nan 		nan 		nan 		nan 		
 * Ranking:
 ---> {'coords': (2, 0), 'dir': 'W', 'score': 0}
 ---> {'coords': (2, 0), 'dir': 'W', 'score': 0}
 * Selected, based on ranking: {'coords': (2, 0), 'dir': 'W', 'score': 0}
 * The candidate has value 3.75 and coords (2, 0)
 * Checking direction:
 ---> Trend is: E
 ---> Complex Trend is: {'E': 8.5, 'NE': 2, 'SE': 1, 'N': 1.0, 'S': 0.5}
 ---> Allowed dirs based on Complex Trend are: ['NE', 'E', 'SE']
 ---> Direction W IS NOT ok! Last was E [last 10: ['E', 'E', 'E', 'E', 'E', 'E', 'NE', 'NE', 'SE', 'E']] -- Modifying matrix...
[LINE 4]		nan 		nan 		nan 		3.22		3.11		
[LINE 3]		-inf		3.62		3.49		3.32		3.17		
[LINE 2]		nan 		-inf		-inf		3.4 		3.27		
[LINE 1]		nan 		nan 		nan 		nan 		nan 		
[LINE 0]		nan 		nan 		nan 		nan 		nan 		
 * Ranking:
 ---> {'coords': (3, 1), 'dir': 'NW', 'score': 0}
 ---> {'coords': (3, 1), 'dir': 'NW', 'score': 0}
 * Selected, based on ranking: {'coords': (3, 1), 'dir': 'NW', 'score': 0}
 * The candidate has value 3.62 and coords (3, 1)
 * Checking direction:
 ---> Trend is: E
 ---> Complex Trend is: {'E': 8.5, 'NE': 2, 'SE': 1, 'N': 1.0, 'S': 0.5}
 ---> Allowed dirs based on Complex Trend are: ['NE', 'E', 'SE']
 ---> Direction NW IS NOT ok! Last was E [last 10: ['E', 'E', 'E', 'E', 'E', 'E', 'NE', 'NE', 'SE', 'E']] -- Modifying matrix...
[LINE 4]		nan 		nan 		nan 		3.22		3.11		
[LINE 3]		-inf		nan 		3.49		3.32		3.17		
[LINE 2]		nan 		-inf		-inf		3.4 		3.27		
[LINE 1]		nan 		nan 		nan 		nan 		nan 		
[LINE 0]		nan 		nan 		nan 		nan 		nan 		
 * Ranking:
 ---> {'coords': (2, 3), 'dir': 'E', 'score': 19}
 ---> {'coords': (2, 3), 'dir': 'E', 'score': 19}
 ---> {'coords': (3, 2), 'dir': 'N', 'score': 1}
 ---> {'coords': (3, 2), 'dir': 'N', 'score': 1}
 * Selected, based on ranking: {'coords': (2, 3), 'dir': 'E', 'score': 19}
 * The candidate has value 3.49 and coords (2, 3)
 * Checking direction:
 ---> Trend is: E
 ---> Complex Trend is: {'E': 8.5, 'NE': 2, 'SE': 1, 'N': 1.0, 'S': 0.5}
 ---> Allowed dirs based on Complex Trend are: ['NE', 'E', 'SE']
 ---> Direction E ok (last was E)! -- [Last 10: ['E', 'E', 'E', 'E', 'E', 'E', 'NE', 'NE', 'SE', 'E']]
 * Selected element is (2, 3) with value 3.49
Next element is E with direction 3.4
New matrix will be centered on 107,189 with depth 3.4
TREND IS ('E', {'E': 8.5, 'NE': 2, 'SE': 1, 'N': 1.0, 'S': 0.5}) --- (['E', 'E', 'E', 'E', 'E', 'NE', 'NE', 'SE', 'E', 'E'])
============================================================
Iteration 162 with LAT_IDX: 107 and LON_IDX: 189 with DEPTH 3.401356
 * Adding to the thalweg 107, 189 (depth 3.4)... Let's look at his neighborhood...
 * The extracted matrix is:
[LINE 4]		nan 		nan 		3.22		3.11		3.05		
[LINE 3]		3.62		3.49		3.32		3.17		3.08		
[LINE 2]		-inf		-inf		-inf		3.27		nan 		
[LINE 1]		nan 		nan 		nan 		nan 		nan 		
[LINE 0]		nan 		nan 		nan 		nan 		nan 		
 * Ranking:
 ---> {'coords': (3, 0), 'dir': 'NW', 'score': 0}
 ---> {'coords': (3, 0), 'dir': 'NW', 'score': 0}
 * Selected, based on ranking: {'coords': (3, 0), 'dir': 'NW', 'score': 0}
 * The candidate has value 3.62 and coords (3, 0)
 * Checking direction:
 ---> Trend is: E
 ---> Complex Trend is: {'E': 8.5, 'NE': 2, 'SE': 1, 'N': 1.0, 'S': 0.5}
 ---> Allowed dirs based on Complex Trend are: ['NE', 'E', 'SE']
 ---> Direction NW IS NOT ok! Last was E [last 10: ['E', 'E', 'E', 'E', 'E', 'NE', 'NE', 'SE', 'E', 'E']] -- Modifying matrix...
[LINE 4]		nan 		nan 		3.22		3.11		3.05		
[LINE 3]		nan 		3.49		3.32		3.17		3.08		
[LINE 2]		-inf		-inf		-inf		3.27		nan 		
[LINE 1]		nan 		nan 		nan 		nan 		nan 		
[LINE 0]		nan 		nan 		nan 		nan 		nan 		
 * Ranking:
 ---> {'coords': (3, 1), 'dir': 'NW', 'score': 0}
 ---> {'coords': (3, 1), 'dir': 'NW', 'score': 0}
 * Selected, based on ranking: {'coords': (3, 1), 'dir': 'NW', 'score': 0}
 * The candidate has value 3.49 and coords (3, 1)
 * Checking direction:
 ---> Trend is: E
 ---> Complex Trend is: {'E': 8.5, 'NE': 2, 'SE': 1, 'N': 1.0, 'S': 0.5}
 ---> Allowed dirs based on Complex Trend are: ['NE', 'E', 'SE']
 ---> Direction NW IS NOT ok! Last was E [last 10: ['E', 'E', 'E', 'E', 'E', 'NE', 'NE', 'SE', 'E', 'E']] -- Modifying matrix...
[LINE 4]		nan 		nan 		3.22		3.11		3.05		
[LINE 3]		nan 		nan 		3.32		3.17		3.08		
[LINE 2]		-inf		-inf		-inf		3.27		nan 		
[LINE 1]		nan 		nan 		nan 		nan 		nan 		
[LINE 0]		nan 		nan 		nan 		nan 		nan 		
 * Ranking:
 ---> {'coords': (2, 3), 'dir': 'E', 'score': 19}
 ---> {'coords': (2, 3), 'dir': 'E', 'score': 19}
 ---> {'coords': (3, 2), 'dir': 'N', 'score': 1}
 ---> {'coords': (3, 2), 'dir': 'N', 'score': 1}
 ---> {'coords': (4, 2), 'dir': 'N', 'score': 1}
 ---> {'coords': (4, 2), 'dir': 'N', 'score': 1}
 * Selected, based on ranking: {'coords': (2, 3), 'dir': 'E', 'score': 19}
 * The candidate has value 3.32 and coords (2, 3)
 * Checking direction:
 ---> Trend is: E
 ---> Complex Trend is: {'E': 8.5, 'NE': 2, 'SE': 1, 'N': 1.0, 'S': 0.5}
 ---> Allowed dirs based on Complex Trend are: ['NE', 'E', 'SE']
 ---> Direction E ok (last was E)! -- [Last 10: ['E', 'E', 'E', 'E', 'E', 'NE', 'NE', 'SE', 'E', 'E']]
 * Selected element is (2, 3) with value 3.32
Next element is E with direction 3.27
New matrix will be centered on 107,190 with depth 3.27
TREND IS ('E', {'E': 8.5, 'NE': 2, 'SE': 1, 'N': 1.0, 'S': 0.5}) --- (['E', 'E', 'E', 'E', 'NE', 'NE', 'SE', 'E', 'E', 'E'])
============================================================
Iteration 163 with LAT_IDX: 107 and LON_IDX: 190 with DEPTH 3.266175
 * Adding to the thalweg 107, 190 (depth 3.27)... Let's look at his neighborhood...
 * The extracted matrix is:
[LINE 4]		nan 		3.22		3.11		3.05		3.0 		
[LINE 3]		3.49		3.32		3.17		3.08		3.03		
[LINE 2]		-inf		-inf		-inf		nan 		nan 		
[LINE 1]		nan 		nan 		nan 		nan 		nan 		
[LINE 0]		nan 		nan 		nan 		nan 		nan 		
 * Ranking:
 ---> {'coords': (3, 0), 'dir': 'NW', 'score': 0}
 ---> {'coords': (3, 0), 'dir': 'NW', 'score': 0}
 * Selected, based on ranking: {'coords': (3, 0), 'dir': 'NW', 'score': 0}
 * The candidate has value 3.49 and coords (3, 0)
 * Checking direction:
 ---> Trend is: E
 ---> Complex Trend is: {'E': 8.5, 'NE': 2, 'SE': 1, 'N': 1.0, 'S': 0.5}
 ---> Allowed dirs based on Complex Trend are: ['NE', 'E', 'SE']
 ---> Direction NW IS NOT ok! Last was E [last 10: ['E', 'E', 'E', 'E', 'NE', 'NE', 'SE', 'E', 'E', 'E']] -- Modifying matrix...
[LINE 4]		nan 		3.22		3.11		3.05		3.0 		
[LINE 3]		nan 		3.32		3.17		3.08		3.03		
[LINE 2]		-inf		-inf		-inf		nan 		nan 		
[LINE 1]		nan 		nan 		nan 		nan 		nan 		
[LINE 0]		nan 		nan 		nan 		nan 		nan 		
 * Ranking:
 ---> {'coords': (3, 1), 'dir': 'NW', 'score': 0}
 ---> {'coords': (3, 1), 'dir': 'NW', 'score': 0}
 ---> {'coords': (4, 1), 'dir': 'NW', 'score': 0}
 ---> {'coords': (4, 1), 'dir': 'NW', 'score': 0}
 * Selected, based on ranking: {'coords': (3, 1), 'dir': 'NW', 'score': 0}
 * The candidate has value 3.32 and coords (3, 1)
 * Checking direction:
 ---> Trend is: E
 ---> Complex Trend is: {'E': 8.5, 'NE': 2, 'SE': 1, 'N': 1.0, 'S': 0.5}
 ---> Allowed dirs based on Complex Trend are: ['NE', 'E', 'SE']
 ---> Direction NW IS NOT ok! Last was E [last 10: ['E', 'E', 'E', 'E', 'NE', 'NE', 'SE', 'E', 'E', 'E']] -- Modifying matrix...
[LINE 4]		nan 		3.22		3.11		3.05		3.0 		
[LINE 3]		nan 		nan 		3.17		3.08		3.03		
[LINE 2]		-inf		-inf		-inf		nan 		nan 		
[LINE 1]		nan 		nan 		nan 		nan 		nan 		
[LINE 0]		nan 		nan 		nan 		nan 		nan 		
 * Ranking:
 ---> {'coords': (3, 2), 'dir': 'N', 'score': 1}
 ---> {'coords': (3, 2), 'dir': 'N', 'score': 1}
 ---> {'coords': (4, 1), 'dir': 'NW', 'score': 0}
 ---> {'coords': (4, 1), 'dir': 'NW', 'score': 0}
 * Selected, based on ranking: {'coords': (3, 2), 'dir': 'N', 'score': 1}
 * The candidate has value 3.22 and coords (3, 2)
 * Checking direction:
 ---> Trend is: E
 ---> Complex Trend is: {'E': 8.5, 'NE': 2, 'SE': 1, 'N': 1.0, 'S': 0.5}
 ---> Allowed dirs based on Complex Trend are: ['NE', 'E', 'SE']
 ---> Direction N IS NOT ok! Last was E [last 10: ['E', 'E', 'E', 'E', 'NE', 'NE', 'SE', 'E', 'E', 'E']] -- Modifying matrix...
[LINE 4]		nan 		3.22		3.11		3.05		3.0 		
[LINE 3]		nan 		nan 		nan 		3.08		3.03		
[LINE 2]		-inf		-inf		-inf		nan 		nan 		
[LINE 1]		nan 		nan 		nan 		nan 		nan 		
[LINE 0]		nan 		nan 		nan 		nan 		nan 		
 * Ranking:
 ---> {'coords': (4, 1), 'dir': 'NW', 'score': 0}
 ---> {'coords': (4, 1), 'dir': 'NW', 'score': 0}
 * Selected, based on ranking: {'coords': (4, 1), 'dir': 'NW', 'score': 0}
 * The candidate has value 3.22 and coords (4, 1)
 * Checking direction:
 ---> Trend is: E
 ---> Complex Trend is: {'E': 8.5, 'NE': 2, 'SE': 1, 'N': 1.0, 'S': 0.5}
 ---> Allowed dirs based on Complex Trend are: ['NE', 'E', 'SE']
 ---> Direction NW IS NOT ok! Last was E [last 10: ['E', 'E', 'E', 'E', 'NE', 'NE', 'SE', 'E', 'E', 'E']] -- Modifying matrix...
[LINE 4]		nan 		nan 		3.11		3.05		3.0 		
[LINE 3]		nan 		nan 		nan 		3.08		3.03		
[LINE 2]		-inf		-inf		-inf		nan 		nan 		
[LINE 1]		nan 		nan 		nan 		nan 		nan 		
[LINE 0]		nan 		nan 		nan 		nan 		nan 		
 * Ranking:
 ---> {'coords': (3, 3), 'dir': 'NE', 'score': 15}
 ---> {'coords': (3, 3), 'dir': 'NE', 'score': 15}
 ---> {'coords': (3, 4), 'dir': 'NE', 'score': 15}
 ---> {'coords': (3, 4), 'dir': 'NE', 'score': 15}
 ---> {'coords': (4, 2), 'dir': 'N', 'score': 1}
 ---> {'coords': (4, 2), 'dir': 'N', 'score': 1}
 ---> {'coords': (4, 3), 'dir': 'NE', 'score': 15}
 ---> {'coords': (4, 3), 'dir': 'NE', 'score': 15}
 * Selected, based on ranking: {'coords': (3, 3), 'dir': 'NE', 'score': 15}
 * The candidate has value 3.11 and coords (3, 3)
 * Checking direction:
 ---> Trend is: E
 ---> Complex Trend is: {'E': 8.5, 'NE': 2, 'SE': 1, 'N': 1.0, 'S': 0.5}
 ---> Allowed dirs based on Complex Trend are: ['NE', 'E', 'SE']
 ---> Direction NE ok (last was E)! -- [Last 10: ['E', 'E', 'E', 'E', 'NE', 'NE', 'SE', 'E', 'E', 'E']]
 * Selected element is (3, 3) with value 3.11
Next element is NE with direction 3.08
New matrix will be centered on 108,191 with depth 3.08
TREND IS ('E', {'E': 8.0, 'NE': 3, 'SE': 1, 'N': 1.5, 'S': 0.5}) --- (['E', 'E', 'E', 'NE', 'NE', 'SE', 'E', 'E', 'E', 'NE'])
============================================================
Iteration 164 with LAT_IDX: 108 and LON_IDX: 191 with DEPTH 3.0791125
 * Adding to the thalweg 108, 191 (depth 3.08)... Let's look at his neighborhood...
 * The extracted matrix is:
[LINE 4]		nan 		nan 		nan 		2.97		2.95		
[LINE 3]		3.22		3.11		3.05		3.0 		2.97		
[LINE 2]		3.32		3.17		-inf		3.03		3.0 		
[LINE 1]		-inf		-inf		nan 		nan 		nan 		
[LINE 0]		nan 		nan 		nan 		nan 		nan 		
 * Ranking:
 ---> {'coords': (2, 0), 'dir': 'W', 'score': 0}
 ---> {'coords': (2, 0), 'dir': 'W', 'score': 0}
 ---> {'coords': (3, 0), 'dir': 'NW', 'score': 1}
 ---> {'coords': (3, 0), 'dir': 'NW', 'score': 1}
 * Selected, based on ranking: {'coords': (3, 0), 'dir': 'NW', 'score': 1}
 * The candidate has value 3.32 and coords (3, 0)
 * Checking direction:
 ---> Trend is: E
 ---> Complex Trend is: {'E': 8.0, 'NE': 3, 'SE': 1, 'N': 1.5, 'S': 0.5}
 ---> Allowed dirs based on Complex Trend are: ['NE', 'E', 'SE']
 ---> Direction NW IS NOT ok! Last was NE [last 10: ['E', 'E', 'E', 'NE', 'NE', 'SE', 'E', 'E', 'E', 'NE']] -- Modifying matrix...
[LINE 4]		nan 		nan 		nan 		2.97		2.95		
[LINE 3]		nan 		3.11		3.05		3.0 		2.97		
[LINE 2]		3.32		3.17		-inf		3.03		3.0 		
[LINE 1]		-inf		-inf		nan 		nan 		nan 		
[LINE 0]		nan 		nan 		nan 		nan 		nan 		
 * Ranking:
 ---> {'coords': (2, 0), 'dir': 'W', 'score': 0}
 ---> {'coords': (2, 0), 'dir': 'W', 'score': 0}
 * Selected, based on ranking: {'coords': (2, 0), 'dir': 'W', 'score': 0}
 * The candidate has value 3.32 and coords (2, 0)
 * Checking direction:
 ---> Trend is: E
 ---> Complex Trend is: {'E': 8.0, 'NE': 3, 'SE': 1, 'N': 1.5, 'S': 0.5}
 ---> Allowed dirs based on Complex Trend are: ['NE', 'E', 'SE']
 ---> Direction W IS NOT ok! Last was NE [last 10: ['E', 'E', 'E', 'NE', 'NE', 'SE', 'E', 'E', 'E', 'NE']] -- Modifying matrix...
[LINE 4]		nan 		nan 		nan 		2.97		2.95		
[LINE 3]		nan 		3.11		3.05		3.0 		2.97		
[LINE 2]		nan 		3.17		-inf		3.03		3.0 		
[LINE 1]		-inf		-inf		nan 		nan 		nan 		
[LINE 0]		nan 		nan 		nan 		nan 		nan 		
 * Ranking:
 ---> {'coords': (2, 1), 'dir': 'W', 'score': 0}
 ---> {'coords': (2, 1), 'dir': 'W', 'score': 0}
 ---> {'coords': (3, 1), 'dir': 'NW', 'score': 1}
 ---> {'coords': (3, 1), 'dir': 'NW', 'score': 1}
 * Selected, based on ranking: {'coords': (3, 1), 'dir': 'NW', 'score': 1}
 * The candidate has value 3.17 and coords (3, 1)
 * Checking direction:
 ---> Trend is: E
 ---> Complex Trend is: {'E': 8.0, 'NE': 3, 'SE': 1, 'N': 1.5, 'S': 0.5}
 ---> Allowed dirs based on Complex Trend are: ['NE', 'E', 'SE']
 ---> Direction NW IS NOT ok! Last was NE [last 10: ['E', 'E', 'E', 'NE', 'NE', 'SE', 'E', 'E', 'E', 'NE']] -- Modifying matrix...
[LINE 4]		nan 		nan 		nan 		2.97		2.95		
[LINE 3]		nan 		nan 		3.05		3.0 		2.97		
[LINE 2]		nan 		3.17		-inf		3.03		3.0 		
[LINE 1]		-inf		-inf		nan 		nan 		nan 		
[LINE 0]		nan 		nan 		nan 		nan 		nan 		
 * Ranking:
 ---> {'coords': (2, 1), 'dir': 'W', 'score': 0}
 ---> {'coords': (2, 1), 'dir': 'W', 'score': 0}
 * Selected, based on ranking: {'coords': (2, 1), 'dir': 'W', 'score': 0}
 * The candidate has value 3.17 and coords (2, 1)
 * Checking direction:
 ---> Trend is: E
 ---> Complex Trend is: {'E': 8.0, 'NE': 3, 'SE': 1, 'N': 1.5, 'S': 0.5}
 ---> Allowed dirs based on Complex Trend are: ['NE', 'E', 'SE']
 ---> Direction W IS NOT ok! Last was NE [last 10: ['E', 'E', 'E', 'NE', 'NE', 'SE', 'E', 'E', 'E', 'NE']] -- Modifying matrix...
[LINE 4]		nan 		nan 		nan 		2.97		2.95		
[LINE 3]		nan 		nan 		3.05		3.0 		2.97		
[LINE 2]		nan 		nan 		-inf		3.03		3.0 		
[LINE 1]		-inf		-inf		nan 		nan 		nan 		
[LINE 0]		nan 		nan 		nan 		nan 		nan 		
 * Ranking:
 ---> {'coords': (2, 3), 'dir': 'E', 'score': 15}
 ---> {'coords': (2, 3), 'dir': 'E', 'score': 15}
 ---> {'coords': (2, 4), 'dir': 'E', 'score': 15}
 ---> {'coords': (2, 4), 'dir': 'E', 'score': 15}
 ---> {'coords': (3, 2), 'dir': 'N', 'score': 5}
 ---> {'coords': (3, 2), 'dir': 'N', 'score': 5}
 ---> {'coords': (3, 3), 'dir': 'NE', 'score': 19}
 ---> {'coords': (3, 3), 'dir': 'NE', 'score': 19}
 ---> {'coords': (3, 4), 'dir': 'NE', 'score': 19}
 ---> {'coords': (3, 4), 'dir': 'NE', 'score': 19}
 ---> {'coords': (4, 3), 'dir': 'NE', 'score': 19}
 ---> {'coords': (4, 3), 'dir': 'NE', 'score': 19}
 ---> {'coords': (4, 4), 'dir': 'NE', 'score': 19}
 ---> {'coords': (4, 4), 'dir': 'NE', 'score': 19}
 * Selected, based on ranking: {'coords': (3, 3), 'dir': 'NE', 'score': 19}
 * The candidate has value 3.05 and coords (3, 3)
 * Checking direction:
 ---> Trend is: E
 ---> Complex Trend is: {'E': 8.0, 'NE': 3, 'SE': 1, 'N': 1.5, 'S': 0.5}
 ---> Allowed dirs based on Complex Trend are: ['NE', 'E', 'SE']
 ---> Direction NE ok (last was NE)! -- [Last 10: ['E', 'E', 'E', 'NE', 'NE', 'SE', 'E', 'E', 'E', 'NE']]
 * Selected element is (3, 3) with value 3.05
Next element is NE with direction 3.0
New matrix will be centered on 109,192 with depth 3.0
TREND IS ('E', {'E': 7.5, 'NE': 4, 'SE': 1, 'N': 2.0, 'S': 0.5}) --- (['E', 'E', 'NE', 'NE', 'SE', 'E', 'E', 'E', 'NE', 'NE'])
============================================================
Iteration 165 with LAT_IDX: 109 and LON_IDX: 192 with DEPTH 3.001312
 * Adding to the thalweg 109, 192 (depth 3.0)... Let's look at his neighborhood...
 * The extracted matrix is:
[LINE 4]		nan 		nan 		nan 		nan 		nan 		
[LINE 3]		nan 		nan 		2.97		2.95		2.93		
[LINE 2]		3.11		3.05		-inf		2.97		2.96		
[LINE 1]		3.17		-inf		3.03		3.0 		2.98		
[LINE 0]		-inf		nan 		nan 		nan 		nan 		
 * Ranking:
 ---> {'coords': (1, 0), 'dir': 'SW', 'score': 0}
 ---> {'coords': (1, 0), 'dir': 'SW', 'score': 0}
 ---> {'coords': (2, 0), 'dir': 'W', 'score': 0}
 ---> {'coords': (2, 0), 'dir': 'W', 'score': 0}
 * Selected, based on ranking: {'coords': (1, 0), 'dir': 'SW', 'score': 0}
 * The candidate has value 3.17 and coords (1, 0)
 * Checking direction:
 ---> Trend is: E
 ---> Complex Trend is: {'E': 7.5, 'NE': 4, 'SE': 1, 'N': 2.0, 'S': 0.5}
 ---> Allowed dirs based on Complex Trend are: ['NE', 'E', 'SE']
 ---> Direction SW IS NOT ok! Last was NE [last 10: ['E', 'E', 'NE', 'NE', 'SE', 'E', 'E', 'E', 'NE', 'NE']] -- Modifying matrix...
[LINE 4]		nan 		nan 		nan 		nan 		nan 		
[LINE 3]		nan 		nan 		2.97		2.95		2.93		
[LINE 2]		3.11		3.05		-inf		2.97		2.96		
[LINE 1]		nan 		-inf		3.03		3.0 		2.98		
[LINE 0]		-inf		nan 		nan 		nan 		nan 		
 * Ranking:
 ---> {'coords': (1, 2), 'dir': 'S', 'score': 0}
 ---> {'coords': (1, 2), 'dir': 'S', 'score': 0}
 ---> {'coords': (2, 0), 'dir': 'W', 'score': 0}
 ---> {'coords': (2, 0), 'dir': 'W', 'score': 0}
 ---> {'coords': (2, 1), 'dir': 'W', 'score': 0}
 ---> {'coords': (2, 1), 'dir': 'W', 'score': 0}
 * Selected, based on ranking: {'coords': (1, 2), 'dir': 'S', 'score': 0}
 * The candidate has value 3.11 and coords (1, 2)
 * Checking direction:
 ---> Trend is: E
 ---> Complex Trend is: {'E': 7.5, 'NE': 4, 'SE': 1, 'N': 2.0, 'S': 0.5}
 ---> Allowed dirs based on Complex Trend are: ['NE', 'E', 'SE']
 ---> Direction S IS NOT ok! Last was NE [last 10: ['E', 'E', 'NE', 'NE', 'SE', 'E', 'E', 'E', 'NE', 'NE']] -- Modifying matrix...
[LINE 4]		nan 		nan 		nan 		nan 		nan 		
[LINE 3]		nan 		nan 		2.97		2.95		2.93		
[LINE 2]		3.11		3.05		-inf		2.97		2.96		
[LINE 1]		nan 		-inf		nan 		3.0 		2.98		
[LINE 0]		-inf		nan 		nan 		nan 		nan 		
 * Ranking:
 ---> {'coords': (2, 0), 'dir': 'W', 'score': 0}
 ---> {'coords': (2, 0), 'dir': 'W', 'score': 0}
 ---> {'coords': (2, 1), 'dir': 'W', 'score': 0}
 ---> {'coords': (2, 1), 'dir': 'W', 'score': 0}
 * Selected, based on ranking: {'coords': (2, 0), 'dir': 'W', 'score': 0}
 * The candidate has value 3.11 and coords (2, 0)
 * Checking direction:
 ---> Trend is: E
 ---> Complex Trend is: {'E': 7.5, 'NE': 4, 'SE': 1, 'N': 2.0, 'S': 0.5}
 ---> Allowed dirs based on Complex Trend are: ['NE', 'E', 'SE']
 ---> Direction W IS NOT ok! Last was NE [last 10: ['E', 'E', 'NE', 'NE', 'SE', 'E', 'E', 'E', 'NE', 'NE']] -- Modifying matrix...
[LINE 4]		nan 		nan 		nan 		nan 		nan 		
[LINE 3]		nan 		nan 		2.97		2.95		2.93		
[LINE 2]		nan 		3.05		-inf		2.97		2.96		
[LINE 1]		nan 		-inf		nan 		3.0 		2.98		
[LINE 0]		-inf		nan 		nan 		nan 		nan 		
 * Ranking:
 ---> {'coords': (1, 3), 'dir': 'SE', 'score': 11}
 ---> {'coords': (1, 3), 'dir': 'SE', 'score': 11}
 ---> {'coords': (1, 4), 'dir': 'SE', 'score': 11}
 ---> {'coords': (1, 4), 'dir': 'SE', 'score': 11}
 ---> {'coords': (2, 1), 'dir': 'W', 'score': 0}
 ---> {'coords': (2, 1), 'dir': 'W', 'score': 0}
 ---> {'coords': (2, 3), 'dir': 'E', 'score': 15}
 ---> {'coords': (2, 3), 'dir': 'E', 'score': 15}
 ---> {'coords': (2, 4), 'dir': 'E', 'score': 15}
 ---> {'coords': (2, 4), 'dir': 'E', 'score': 15}
 ---> {'coords': (3, 2), 'dir': 'N', 'score': 5}
 ---> {'coords': (3, 2), 'dir': 'N', 'score': 5}
 ---> {'coords': (3, 3), 'dir': 'NE', 'score': 19}
 ---> {'coords': (3, 3), 'dir': 'NE', 'score': 19}
 * Selected, based on ranking: {'coords': (3, 3), 'dir': 'NE', 'score': 19}
 * The candidate has value 3.05 and coords (3, 3)
 * Checking direction:
 ---> Trend is: E
 ---> Complex Trend is: {'E': 7.5, 'NE': 4, 'SE': 1, 'N': 2.0, 'S': 0.5}
 ---> Allowed dirs based on Complex Trend are: ['NE', 'E', 'SE']
 ---> Direction NE ok (last was NE)! -- [Last 10: ['E', 'E', 'NE', 'NE', 'SE', 'E', 'E', 'E', 'NE', 'NE']]
 * Selected element is (3, 3) with value 3.05
Next element is NE with direction 2.95
New matrix will be centered on 110,193 with depth 2.95
TREND IS ('NE', {'NE': 5, 'E': 7.0, 'SE': 1, 'N': 2.5, 'S': 0.5}) --- (['E', 'NE', 'NE', 'SE', 'E', 'E', 'E', 'NE', 'NE', 'NE'])
============================================================
Iteration 166 with LAT_IDX: 110 and LON_IDX: 193 with DEPTH 2.949192
 * Adding to the thalweg 110, 193 (depth 2.95)... Let's look at his neighborhood...
 * The extracted matrix is:
[LINE 4]		nan 		nan 		nan 		nan 		nan 		
[LINE 3]		nan 		nan 		nan 		nan 		nan 		
[LINE 2]		nan 		2.97		-inf		2.93		2.91		
[LINE 1]		3.05		-inf		2.97		2.96		2.94		
[LINE 0]		-inf		3.03		3.0 		2.98		nan 		
 * Ranking:
 ---> {'coords': (0, 1), 'dir': 'SW', 'score': 0}
 ---> {'coords': (0, 1), 'dir': 'SW', 'score': 0}
 ---> {'coords': (0, 2), 'dir': 'S', 'score': 0}
 ---> {'coords': (0, 2), 'dir': 'S', 'score': 0}
 ---> {'coords': (0, 3), 'dir': 'SE', 'score': 11}
 ---> {'coords': (0, 3), 'dir': 'SE', 'score': 11}
 ---> {'coords': (1, 0), 'dir': 'SW', 'score': 0}
 ---> {'coords': (1, 0), 'dir': 'SW', 'score': 0}
 ---> {'coords': (1, 2), 'dir': 'S', 'score': 0}
 ---> {'coords': (1, 2), 'dir': 'S', 'score': 0}
 ---> {'coords': (1, 3), 'dir': 'SE', 'score': 11}
 ---> {'coords': (1, 3), 'dir': 'SE', 'score': 11}
 ---> {'coords': (2, 1), 'dir': 'W', 'score': 0}
 ---> {'coords': (2, 1), 'dir': 'W', 'score': 0}
 * Selected, based on ranking: {'coords': (0, 3), 'dir': 'SE', 'score': 11}
 * The candidate has value 3.05 and coords (0, 3)
 * Checking direction:
 ---> Trend is: NE
 ---> Complex Trend is: {'NE': 5, 'E': 7.0, 'SE': 1, 'N': 2.5, 'S': 0.5}
 ---> Allowed dirs based on Complex Trend are: ['NE', 'E', 'SE']
 ---> Direction SE ok (last was NE)! -- [Last 10: ['E', 'NE', 'NE', 'SE', 'E', 'E', 'E', 'NE', 'NE', 'NE']]
 * Selected element is (0, 3) with value 3.05
Next element is SE with direction 2.98
New matrix will be centered on 108,194 with depth 2.98
TREND IS ('NE', {'NE': 5, 'E': 6.5, 'SE': 2, 'N': 2.5, 'S': 1.0}) --- (['NE', 'NE', 'SE', 'E', 'E', 'E', 'NE', 'NE', 'NE', 'SE'])
============================================================
Iteration 167 with LAT_IDX: 108 and LON_IDX: 194 with DEPTH 2.9834278
 * Adding to the thalweg 108, 194 (depth 2.98)... Let's look at his neighborhood...
 * The extracted matrix is:
[LINE 4]		2.97		-inf		2.93		2.91		2.85		
[LINE 3]		-inf		2.97		2.96		2.94		2.89		
[LINE 2]		3.03		3.0 		-inf		nan 		nan 		
[LINE 1]		nan 		nan 		nan 		nan 		nan 		
[LINE 0]		nan 		nan 		nan 		nan 		nan 		
 * Ranking:
 ---> {'coords': (2, 0), 'dir': 'W', 'score': 0}
 ---> {'coords': (2, 0), 'dir': 'W', 'score': 0}
 ---> {'coords': (2, 1), 'dir': 'W', 'score': 0}
 ---> {'coords': (2, 1), 'dir': 'W', 'score': 0}
 ---> {'coords': (3, 1), 'dir': 'NW', 'score': 0}
 ---> {'coords': (3, 1), 'dir': 'NW', 'score': 0}
 ---> {'coords': (3, 2), 'dir': 'N', 'score': 0}
 ---> {'coords': (3, 2), 'dir': 'N', 'score': 0}
 ---> {'coords': (3, 3), 'dir': 'NE', 'score': 11}
 ---> {'coords': (3, 3), 'dir': 'NE', 'score': 11}
 ---> {'coords': (4, 0), 'dir': 'NW', 'score': 0}
 ---> {'coords': (4, 0), 'dir': 'NW', 'score': 0}
 ---> {'coords': (4, 2), 'dir': 'N', 'score': 0}
 ---> {'coords': (4, 2), 'dir': 'N', 'score': 0}
 * Selected, based on ranking: {'coords': (3, 3), 'dir': 'NE', 'score': 11}
 * The candidate has value 3.03 and coords (3, 3)
 * Checking direction:
 ---> Trend is: NE
 ---> Complex Trend is: {'NE': 5, 'E': 6.5, 'SE': 2, 'N': 2.5, 'S': 1.0}
 ---> Allowed dirs based on Complex Trend are: ['NE', 'E', 'SE']
 ---> Direction NE ok (last was SE)! -- [Last 10: ['NE', 'NE', 'SE', 'E', 'E', 'E', 'NE', 'NE', 'NE', 'SE']]
 * Selected element is (3, 3) with value 3.03
Next element is NE with direction 2.94
New matrix will be centered on 109,195 with depth 2.94
TREND IS ('NE', {'NE': 5, 'E': 6.5, 'SE': 2, 'N': 2.5, 'S': 1.0}) --- (['NE', 'SE', 'E', 'E', 'E', 'NE', 'NE', 'NE', 'SE', 'NE'])
============================================================
Iteration 168 with LAT_IDX: 109 and LON_IDX: 195 with DEPTH 2.936496
 * Adding to the thalweg 109, 195 (depth 2.94)... Let's look at his neighborhood...
 * The extracted matrix is:
[LINE 4]		nan 		nan 		nan 		2.72		2.52		
[LINE 3]		-inf		2.93		2.91		2.85		2.67		
[LINE 2]		2.97		2.96		-inf		2.89		nan 		
[LINE 1]		3.0 		-inf		nan 		nan 		nan 		
[LINE 0]		nan 		nan 		nan 		nan 		nan 		
 * Ranking:
 ---> {'coords': (1, 0), 'dir': 'SW', 'score': 0}
 ---> {'coords': (1, 0), 'dir': 'SW', 'score': 0}
 ---> {'coords': (2, 0), 'dir': 'W', 'score': 0}
 ---> {'coords': (2, 0), 'dir': 'W', 'score': 0}
 ---> {'coords': (2, 1), 'dir': 'W', 'score': 0}
 ---> {'coords': (2, 1), 'dir': 'W', 'score': 0}
 ---> {'coords': (3, 1), 'dir': 'NW', 'score': 1}
 ---> {'coords': (3, 1), 'dir': 'NW', 'score': 1}
 ---> {'coords': (3, 2), 'dir': 'N', 'score': 5}
 ---> {'coords': (3, 2), 'dir': 'N', 'score': 5}
 * Selected, based on ranking: {'coords': (3, 2), 'dir': 'N', 'score': 5}
 * The candidate has value 3.0 and coords (3, 2)
 * Checking direction:
 ---> Trend is: NE
 ---> Complex Trend is: {'NE': 5, 'E': 6.5, 'SE': 2, 'N': 2.5, 'S': 1.0}
 ---> Allowed dirs based on Complex Trend are: ['NE', 'E', 'SE']
 ---> Direction N IS NOT ok! Last was NE [last 10: ['NE', 'SE', 'E', 'E', 'E', 'NE', 'NE', 'NE', 'SE', 'NE']] -- Modifying matrix...
[LINE 4]		nan 		nan 		nan 		2.72		2.52		
[LINE 3]		-inf		2.93		nan 		2.85		2.67		
[LINE 2]		2.97		2.96		-inf		2.89		nan 		
[LINE 1]		3.0 		-inf		nan 		nan 		nan 		
[LINE 0]		nan 		nan 		nan 		nan 		nan 		
 * Ranking:
 ---> {'coords': (1, 0), 'dir': 'SW', 'score': 0}
 ---> {'coords': (1, 0), 'dir': 'SW', 'score': 0}
 ---> {'coords': (2, 0), 'dir': 'W', 'score': 0}
 ---> {'coords': (2, 0), 'dir': 'W', 'score': 0}
 ---> {'coords': (2, 1), 'dir': 'W', 'score': 0}
 ---> {'coords': (2, 1), 'dir': 'W', 'score': 0}
 ---> {'coords': (3, 1), 'dir': 'NW', 'score': 1}
 ---> {'coords': (3, 1), 'dir': 'NW', 'score': 1}
 * Selected, based on ranking: {'coords': (3, 1), 'dir': 'NW', 'score': 1}
 * The candidate has value 3.0 and coords (3, 1)
 * Checking direction:
 ---> Trend is: NE
 ---> Complex Trend is: {'NE': 5, 'E': 6.5, 'SE': 2, 'N': 2.5, 'S': 1.0}
 ---> Allowed dirs based on Complex Trend are: ['NE', 'E', 'SE']
 ---> Direction NW IS NOT ok! Last was NE [last 10: ['NE', 'SE', 'E', 'E', 'E', 'NE', 'NE', 'NE', 'SE', 'NE']] -- Modifying matrix...
[LINE 4]		nan 		nan 		nan 		2.72		2.52		
[LINE 3]		-inf		nan 		nan 		2.85		2.67		
[LINE 2]		2.97		2.96		-inf		2.89		nan 		
[LINE 1]		3.0 		-inf		nan 		nan 		nan 		
[LINE 0]		nan 		nan 		nan 		nan 		nan 		
 * Ranking:
 ---> {'coords': (1, 0), 'dir': 'SW', 'score': 0}
 ---> {'coords': (1, 0), 'dir': 'SW', 'score': 0}
 ---> {'coords': (2, 0), 'dir': 'W', 'score': 0}
 ---> {'coords': (2, 0), 'dir': 'W', 'score': 0}
 ---> {'coords': (2, 1), 'dir': 'W', 'score': 0}
 ---> {'coords': (2, 1), 'dir': 'W', 'score': 0}
 * Selected, based on ranking: {'coords': (1, 0), 'dir': 'SW', 'score': 0}
 * The candidate has value 3.0 and coords (1, 0)
 * Checking direction:
 ---> Trend is: NE
 ---> Complex Trend is: {'NE': 5, 'E': 6.5, 'SE': 2, 'N': 2.5, 'S': 1.0}
 ---> Allowed dirs based on Complex Trend are: ['NE', 'E', 'SE']
 ---> Direction SW IS NOT ok! Last was NE [last 10: ['NE', 'SE', 'E', 'E', 'E', 'NE', 'NE', 'NE', 'SE', 'NE']] -- Modifying matrix...
[LINE 4]		nan 		nan 		nan 		2.72		2.52		
[LINE 3]		-inf		nan 		nan 		2.85		2.67		
[LINE 2]		2.97		2.96		-inf		2.89		nan 		
[LINE 1]		nan 		-inf		nan 		nan 		nan 		
[LINE 0]		nan 		nan 		nan 		nan 		nan 		
 * Ranking:
 ---> {'coords': (2, 0), 'dir': 'W', 'score': 0}
 ---> {'coords': (2, 0), 'dir': 'W', 'score': 0}
 ---> {'coords': (2, 1), 'dir': 'W', 'score': 0}
 ---> {'coords': (2, 1), 'dir': 'W', 'score': 0}
 ---> {'coords': (2, 3), 'dir': 'E', 'score': 15}
 ---> {'coords': (2, 3), 'dir': 'E', 'score': 15}
 * Selected, based on ranking: {'coords': (2, 3), 'dir': 'E', 'score': 15}
 * The candidate has value 2.97 and coords (2, 3)
 * Checking direction:
 ---> Trend is: NE
 ---> Complex Trend is: {'NE': 5, 'E': 6.5, 'SE': 2, 'N': 2.5, 'S': 1.0}
 ---> Allowed dirs based on Complex Trend are: ['NE', 'E', 'SE']
 ---> Direction E ok (last was NE)! -- [Last 10: ['NE', 'SE', 'E', 'E', 'E', 'NE', 'NE', 'NE', 'SE', 'NE']]
 * Selected element is (2, 3) with value 2.97
Next element is E with direction 2.89
New matrix will be centered on 109,196 with depth 2.89
TREND IS ('E', {'E': 7.0, 'NE': 4, 'SE': 2, 'N': 2.0, 'S': 1.0}) --- (['SE', 'E', 'E', 'E', 'NE', 'NE', 'NE', 'SE', 'NE', 'E'])
============================================================
Iteration 169 with LAT_IDX: 109 and LON_IDX: 196 with DEPTH 2.893382
 * Adding to the thalweg 109, 196 (depth 2.89)... Let's look at his neighborhood...
 * The extracted matrix is:
[LINE 4]		nan 		nan 		2.72		2.52		2.22		
[LINE 3]		2.93		2.91		2.85		2.67		2.32		
[LINE 2]		2.96		-inf		-inf		nan 		nan 		
[LINE 1]		-inf		nan 		nan 		nan 		nan 		
[LINE 0]		nan 		nan 		nan 		nan 		nan 		
 * Ranking:
 ---> {'coords': (2, 0), 'dir': 'W', 'score': 0}
 ---> {'coords': (2, 0), 'dir': 'W', 'score': 0}
 ---> {'coords': (3, 0), 'dir': 'NW', 'score': 0}
 ---> {'coords': (3, 0), 'dir': 'NW', 'score': 0}
 ---> {'coords': (3, 1), 'dir': 'NW', 'score': 0}
 ---> {'coords': (3, 1), 'dir': 'NW', 'score': 0}
 * Selected, based on ranking: {'coords': (2, 0), 'dir': 'W', 'score': 0}
 * The candidate has value 2.96 and coords (2, 0)
 * Checking direction:
 ---> Trend is: E
 ---> Complex Trend is: {'E': 7.0, 'NE': 4, 'SE': 2, 'N': 2.0, 'S': 1.0}
 ---> Allowed dirs based on Complex Trend are: ['NE', 'E', 'SE']
 ---> Direction W IS NOT ok! Last was E [last 10: ['SE', 'E', 'E', 'E', 'NE', 'NE', 'NE', 'SE', 'NE', 'E']] -- Modifying matrix...
[LINE 4]		nan 		nan 		2.72		2.52		2.22		
[LINE 3]		2.93		2.91		2.85		2.67		2.32		
[LINE 2]		nan 		-inf		-inf		nan 		nan 		
[LINE 1]		-inf		nan 		nan 		nan 		nan 		
[LINE 0]		nan 		nan 		nan 		nan 		nan 		
 * Ranking:
 ---> {'coords': (3, 0), 'dir': 'NW', 'score': 0}
 ---> {'coords': (3, 0), 'dir': 'NW', 'score': 0}
 ---> {'coords': (3, 1), 'dir': 'NW', 'score': 0}
 ---> {'coords': (3, 1), 'dir': 'NW', 'score': 0}
 ---> {'coords': (3, 2), 'dir': 'N', 'score': 1}
 ---> {'coords': (3, 2), 'dir': 'N', 'score': 1}
 * Selected, based on ranking: {'coords': (3, 2), 'dir': 'N', 'score': 1}
 * The candidate has value 2.93 and coords (3, 2)
 * Checking direction:
 ---> Trend is: E
 ---> Complex Trend is: {'E': 7.0, 'NE': 4, 'SE': 2, 'N': 2.0, 'S': 1.0}
 ---> Allowed dirs based on Complex Trend are: ['NE', 'E', 'SE']
 ---> Direction N IS NOT ok! Last was E [last 10: ['SE', 'E', 'E', 'E', 'NE', 'NE', 'NE', 'SE', 'NE', 'E']] -- Modifying matrix...
[LINE 4]		nan 		nan 		2.72		2.52		2.22		
[LINE 3]		2.93		2.91		nan 		2.67		2.32		
[LINE 2]		nan 		-inf		-inf		nan 		nan 		
[LINE 1]		-inf		nan 		nan 		nan 		nan 		
[LINE 0]		nan 		nan 		nan 		nan 		nan 		
 * Ranking:
 ---> {'coords': (3, 0), 'dir': 'NW', 'score': 0}
 ---> {'coords': (3, 0), 'dir': 'NW', 'score': 0}
 ---> {'coords': (3, 1), 'dir': 'NW', 'score': 0}
 ---> {'coords': (3, 1), 'dir': 'NW', 'score': 0}
 * Selected, based on ranking: {'coords': (3, 0), 'dir': 'NW', 'score': 0}
 * The candidate has value 2.93 and coords (3, 0)
 * Checking direction:
 ---> Trend is: E
 ---> Complex Trend is: {'E': 7.0, 'NE': 4, 'SE': 2, 'N': 2.0, 'S': 1.0}
 ---> Allowed dirs based on Complex Trend are: ['NE', 'E', 'SE']
 ---> Direction NW IS NOT ok! Last was E [last 10: ['SE', 'E', 'E', 'E', 'NE', 'NE', 'NE', 'SE', 'NE', 'E']] -- Modifying matrix...
[LINE 4]		nan 		nan 		2.72		2.52		2.22		
[LINE 3]		nan 		2.91		nan 		2.67		2.32		
[LINE 2]		nan 		-inf		-inf		nan 		nan 		
[LINE 1]		-inf		nan 		nan 		nan 		nan 		
[LINE 0]		nan 		nan 		nan 		nan 		nan 		
 * Ranking:
 ---> {'coords': (3, 1), 'dir': 'NW', 'score': 0}
 ---> {'coords': (3, 1), 'dir': 'NW', 'score': 0}
 * Selected, based on ranking: {'coords': (3, 1), 'dir': 'NW', 'score': 0}
 * The candidate has value 2.91 and coords (3, 1)
 * Checking direction:
 ---> Trend is: E
 ---> Complex Trend is: {'E': 7.0, 'NE': 4, 'SE': 2, 'N': 2.0, 'S': 1.0}
 ---> Allowed dirs based on Complex Trend are: ['NE', 'E', 'SE']
 ---> Direction NW IS NOT ok! Last was E [last 10: ['SE', 'E', 'E', 'E', 'NE', 'NE', 'NE', 'SE', 'NE', 'E']] -- Modifying matrix...
[LINE 4]		nan 		nan 		2.72		2.52		2.22		
[LINE 3]		nan 		nan 		nan 		2.67		2.32		
[LINE 2]		nan 		-inf		-inf		nan 		nan 		
[LINE 1]		-inf		nan 		nan 		nan 		nan 		
[LINE 0]		nan 		nan 		nan 		nan 		nan 		
 * Ranking:
 ---> {'coords': (3, 3), 'dir': 'NE', 'score': 15}
 ---> {'coords': (3, 3), 'dir': 'NE', 'score': 15}
 ---> {'coords': (4, 2), 'dir': 'N', 'score': 1}
 ---> {'coords': (4, 2), 'dir': 'N', 'score': 1}
 * Selected, based on ranking: {'coords': (3, 3), 'dir': 'NE', 'score': 15}
 * The candidate has value 2.72 and coords (3, 3)
 * Checking direction:
 ---> Trend is: E
 ---> Complex Trend is: {'E': 7.0, 'NE': 4, 'SE': 2, 'N': 2.0, 'S': 1.0}
 ---> Allowed dirs based on Complex Trend are: ['NE', 'E', 'SE']
 ---> Direction NE ok (last was E)! -- [Last 10: ['SE', 'E', 'E', 'E', 'NE', 'NE', 'NE', 'SE', 'NE', 'E']]
 * Selected element is (3, 3) with value 2.72
Next element is NE with direction 2.67
New matrix will be centered on 110,197 with depth 2.67
TREND IS ('NE', {'NE': 5, 'E': 7.0, 'SE': 1, 'N': 2.5, 'S': 0.5}) --- (['E', 'E', 'E', 'NE', 'NE', 'NE', 'SE', 'NE', 'E', 'NE'])
============================================================
Iteration 170 with LAT_IDX: 110 and LON_IDX: 197 with DEPTH 2.6736445
 * Adding to the thalweg 110, 197 (depth 2.67)... Let's look at his neighborhood...
 * The extracted matrix is:
[LINE 4]		nan 		nan 		nan 		2.0 		1.74		
[LINE 3]		nan 		2.72		2.52		2.22		1.91		
[LINE 2]		2.91		2.85		-inf		2.32		1.96		
[LINE 1]		-inf		-inf		nan 		nan 		nan 		
[LINE 0]		nan 		nan 		nan 		nan 		nan 		
 * Ranking:
 ---> {'coords': (2, 0), 'dir': 'W', 'score': 0}
 ---> {'coords': (2, 0), 'dir': 'W', 'score': 0}
 ---> {'coords': (2, 1), 'dir': 'W', 'score': 0}
 ---> {'coords': (2, 1), 'dir': 'W', 'score': 0}
 * Selected, based on ranking: {'coords': (2, 0), 'dir': 'W', 'score': 0}
 * The candidate has value 2.91 and coords (2, 0)
 * Checking direction:
 ---> Trend is: NE
 ---> Complex Trend is: {'NE': 5, 'E': 7.0, 'SE': 1, 'N': 2.5, 'S': 0.5}
 ---> Allowed dirs based on Complex Trend are: ['NE', 'E', 'SE']
 ---> Direction W IS NOT ok! Last was NE [last 10: ['E', 'E', 'E', 'NE', 'NE', 'NE', 'SE', 'NE', 'E', 'NE']] -- Modifying matrix...
[LINE 4]		nan 		nan 		nan 		2.0 		1.74		
[LINE 3]		nan 		2.72		2.52		2.22		1.91		
[LINE 2]		nan 		2.85		-inf		2.32		1.96		
[LINE 1]		-inf		-inf		nan 		nan 		nan 		
[LINE 0]		nan 		nan 		nan 		nan 		nan 		
 * Ranking:
 ---> {'coords': (2, 1), 'dir': 'W', 'score': 0}
 ---> {'coords': (2, 1), 'dir': 'W', 'score': 0}
 * Selected, based on ranking: {'coords': (2, 1), 'dir': 'W', 'score': 0}
 * The candidate has value 2.85 and coords (2, 1)
 * Checking direction:
 ---> Trend is: NE
 ---> Complex Trend is: {'NE': 5, 'E': 7.0, 'SE': 1, 'N': 2.5, 'S': 0.5}
 ---> Allowed dirs based on Complex Trend are: ['NE', 'E', 'SE']
 ---> Direction W IS NOT ok! Last was NE [last 10: ['E', 'E', 'E', 'NE', 'NE', 'NE', 'SE', 'NE', 'E', 'NE']] -- Modifying matrix...
[LINE 4]		nan 		nan 		nan 		2.0 		1.74		
[LINE 3]		nan 		2.72		2.52		2.22		1.91		
[LINE 2]		nan 		nan 		-inf		2.32		1.96		
[LINE 1]		-inf		-inf		nan 		nan 		nan 		
[LINE 0]		nan 		nan 		nan 		nan 		nan 		
 * Ranking:
 ---> {'coords': (3, 1), 'dir': 'NW', 'score': 1}
 ---> {'coords': (3, 1), 'dir': 'NW', 'score': 1}
 * Selected, based on ranking: {'coords': (3, 1), 'dir': 'NW', 'score': 1}
 * The candidate has value 2.72 and coords (3, 1)
 * Checking direction:
 ---> Trend is: NE
 ---> Complex Trend is: {'NE': 5, 'E': 7.0, 'SE': 1, 'N': 2.5, 'S': 0.5}
 ---> Allowed dirs based on Complex Trend are: ['NE', 'E', 'SE']
 ---> Direction NW IS NOT ok! Last was NE [last 10: ['E', 'E', 'E', 'NE', 'NE', 'NE', 'SE', 'NE', 'E', 'NE']] -- Modifying matrix...
[LINE 4]		nan 		nan 		nan 		2.0 		1.74		
[LINE 3]		nan 		nan 		2.52		2.22		1.91		
[LINE 2]		nan 		nan 		-inf		2.32		1.96		
[LINE 1]		-inf		-inf		nan 		nan 		nan 		
[LINE 0]		nan 		nan 		nan 		nan 		nan 		
 * Ranking:
 ---> {'coords': (3, 2), 'dir': 'N', 'score': 5}
 ---> {'coords': (3, 2), 'dir': 'N', 'score': 5}
 * Selected, based on ranking: {'coords': (3, 2), 'dir': 'N', 'score': 5}
 * The candidate has value 2.52 and coords (3, 2)
 * Checking direction:
 ---> Trend is: NE
 ---> Complex Trend is: {'NE': 5, 'E': 7.0, 'SE': 1, 'N': 2.5, 'S': 0.5}
 ---> Allowed dirs based on Complex Trend are: ['NE', 'E', 'SE']
 ---> Direction N IS NOT ok! Last was NE [last 10: ['E', 'E', 'E', 'NE', 'NE', 'NE', 'SE', 'NE', 'E', 'NE']] -- Modifying matrix...
[LINE 4]		nan 		nan 		nan 		2.0 		1.74		
[LINE 3]		nan 		nan 		nan 		2.22		1.91		
[LINE 2]		nan 		nan 		-inf		2.32		1.96		
[LINE 1]		-inf		-inf		nan 		nan 		nan 		
[LINE 0]		nan 		nan 		nan 		nan 		nan 		
 * Ranking:
 ---> {'coords': (2, 3), 'dir': 'E', 'score': 15}
 ---> {'coords': (2, 3), 'dir': 'E', 'score': 15}
 ---> {'coords': (3, 3), 'dir': 'NE', 'score': 19}
 ---> {'coords': (3, 3), 'dir': 'NE', 'score': 19}
 * Selected, based on ranking: {'coords': (3, 3), 'dir': 'NE', 'score': 19}
 * The candidate has value 2.32 and coords (3, 3)
 * Checking direction:
 ---> Trend is: NE
 ---> Complex Trend is: {'NE': 5, 'E': 7.0, 'SE': 1, 'N': 2.5, 'S': 0.5}
 ---> Allowed dirs based on Complex Trend are: ['NE', 'E', 'SE']
 ---> Direction NE ok (last was NE)! -- [Last 10: ['E', 'E', 'E', 'NE', 'NE', 'NE', 'SE', 'NE', 'E', 'NE']]
 * Selected element is (3, 3) with value 2.32
Next element is NE with direction 2.22
New matrix will be centered on 111,198 with depth 2.22
TREND IS ('NE', {'NE': 6, 'E': 6.5, 'SE': 1, 'N': 3.0, 'S': 0.5}) --- (['E', 'E', 'NE', 'NE', 'NE', 'SE', 'NE', 'E', 'NE', 'NE'])
============================================================
Iteration 171 with LAT_IDX: 111 and LON_IDX: 198 with DEPTH 2.2179744
 * Adding to the thalweg 111, 198 (depth 2.22)... Let's look at his neighborhood...
 * The extracted matrix is:
[LINE 4]		nan 		nan 		nan 		1.51		1.3 		
[LINE 3]		nan 		nan 		2.0 		1.74		1.47		
[LINE 2]		2.72		2.52		-inf		1.91		1.64		
[LINE 1]		2.85		-inf		2.32		1.96		1.68		
[LINE 0]		-inf		nan 		nan 		nan 		nan 		
 * Ranking:
 ---> {'coords': (1, 0), 'dir': 'SW', 'score': 0}
 ---> {'coords': (1, 0), 'dir': 'SW', 'score': 0}
 * Selected, based on ranking: {'coords': (1, 0), 'dir': 'SW', 'score': 0}
 * The candidate has value 2.85 and coords (1, 0)
 * Checking direction:
 ---> Trend is: NE
 ---> Complex Trend is: {'NE': 6, 'E': 6.5, 'SE': 1, 'N': 3.0, 'S': 0.5}
 ---> Allowed dirs based on Complex Trend are: ['NE', 'E', 'SE', 'N', 'NE', 'E']
 ---> Direction SW IS NOT ok! Last was NE [last 10: ['E', 'E', 'NE', 'NE', 'NE', 'SE', 'NE', 'E', 'NE', 'NE']] -- Modifying matrix...
[LINE 4]		nan 		nan 		nan 		1.51		1.3 		
[LINE 3]		nan 		nan 		2.0 		1.74		1.47		
[LINE 2]		2.72		2.52		-inf		1.91		1.64		
[LINE 1]		nan 		-inf		2.32		1.96		1.68		
[LINE 0]		-inf		nan 		nan 		nan 		nan 		
 * Ranking:
 ---> {'coords': (2, 0), 'dir': 'W', 'score': 0}
 ---> {'coords': (2, 0), 'dir': 'W', 'score': 0}
 * Selected, based on ranking: {'coords': (2, 0), 'dir': 'W', 'score': 0}
 * The candidate has value 2.72 and coords (2, 0)
 * Checking direction:
 ---> Trend is: NE
 ---> Complex Trend is: {'NE': 6, 'E': 6.5, 'SE': 1, 'N': 3.0, 'S': 0.5}
 ---> Allowed dirs based on Complex Trend are: ['NE', 'E', 'SE', 'N', 'NE', 'E']
 ---> Direction W IS NOT ok! Last was NE [last 10: ['E', 'E', 'NE', 'NE', 'NE', 'SE', 'NE', 'E', 'NE', 'NE']] -- Modifying matrix...
[LINE 4]		nan 		nan 		nan 		1.51		1.3 		
[LINE 3]		nan 		nan 		2.0 		1.74		1.47		
[LINE 2]		nan 		2.52		-inf		1.91		1.64		
[LINE 1]		nan 		-inf		2.32		1.96		1.68		
[LINE 0]		-inf		nan 		nan 		nan 		nan 		
 * Ranking:
 ---> {'coords': (2, 1), 'dir': 'W', 'score': 0}
 ---> {'coords': (2, 1), 'dir': 'W', 'score': 0}
 * Selected, based on ranking: {'coords': (2, 1), 'dir': 'W', 'score': 0}
 * The candidate has value 2.52 and coords (2, 1)
 * Checking direction:
 ---> Trend is: NE
 ---> Complex Trend is: {'NE': 6, 'E': 6.5, 'SE': 1, 'N': 3.0, 'S': 0.5}
 ---> Allowed dirs based on Complex Trend are: ['NE', 'E', 'SE', 'N', 'NE', 'E']
 ---> Direction W IS NOT ok! Last was NE [last 10: ['E', 'E', 'NE', 'NE', 'NE', 'SE', 'NE', 'E', 'NE', 'NE']] -- Modifying matrix...
[LINE 4]		nan 		nan 		nan 		1.51		1.3 		
[LINE 3]		nan 		nan 		2.0 		1.74		1.47		
[LINE 2]		nan 		nan 		-inf		1.91		1.64		
[LINE 1]		nan 		-inf		2.32		1.96		1.68		
[LINE 0]		-inf		nan 		nan 		nan 		nan 		
 * Ranking:
 ---> {'coords': (1, 2), 'dir': 'S', 'score': 0}
 ---> {'coords': (1, 2), 'dir': 'S', 'score': 0}
 * Selected, based on ranking: {'coords': (1, 2), 'dir': 'S', 'score': 0}
 * The candidate has value 2.32 and coords (1, 2)
 * Checking direction:
 ---> Trend is: NE
 ---> Complex Trend is: {'NE': 6, 'E': 6.5, 'SE': 1, 'N': 3.0, 'S': 0.5}
 ---> Allowed dirs based on Complex Trend are: ['NE', 'E', 'SE', 'N', 'NE', 'E']
 ---> Direction S IS NOT ok! Last was NE [last 10: ['E', 'E', 'NE', 'NE', 'NE', 'SE', 'NE', 'E', 'NE', 'NE']] -- Modifying matrix...
[LINE 4]		nan 		nan 		nan 		1.51		1.3 		
[LINE 3]		nan 		nan 		2.0 		1.74		1.47		
[LINE 2]		nan 		nan 		-inf		1.91		1.64		
[LINE 1]		nan 		-inf		nan 		1.96		1.68		
[LINE 0]		-inf		nan 		nan 		nan 		nan 		
 * Ranking:
 ---> {'coords': (1, 3), 'dir': 'SE', 'score': 11}
 ---> {'coords': (1, 3), 'dir': 'SE', 'score': 11}
 ---> {'coords': (2, 3), 'dir': 'E', 'score': 15}
 ---> {'coords': (2, 3), 'dir': 'E', 'score': 15}
 ---> {'coords': (3, 2), 'dir': 'N', 'score': 15}
 ---> {'coords': (3, 2), 'dir': 'N', 'score': 15}
 * Selected, based on ranking: {'coords': (2, 3), 'dir': 'E', 'score': 15}
 * The candidate has value 2.0 and coords (2, 3)
 * Checking direction:
 ---> Trend is: NE
 ---> Complex Trend is: {'NE': 6, 'E': 6.5, 'SE': 1, 'N': 3.0, 'S': 0.5}
 ---> Allowed dirs based on Complex Trend are: ['NE', 'E', 'SE', 'N', 'NE', 'E']
 ---> Direction E ok (last was NE)! -- [Last 10: ['E', 'E', 'NE', 'NE', 'NE', 'SE', 'NE', 'E', 'NE', 'NE']]
 * Selected element is (2, 3) with value 2.0
Next element is E with direction 1.91
New matrix will be centered on 111,199 with depth 1.91
TREND IS ('NE', {'NE': 6, 'E': 6.5, 'SE': 1, 'N': 3.0, 'S': 0.5}) --- (['E', 'NE', 'NE', 'NE', 'SE', 'NE', 'E', 'NE', 'NE', 'E'])
============================================================
Iteration 172 with LAT_IDX: 111 and LON_IDX: 199 with DEPTH 1.9052068
 * Adding to the thalweg 111, 199 (depth 1.91)... Let's look at his neighborhood...
 * The extracted matrix is:
[LINE 4]		nan 		nan 		1.51		1.3 		1.17		
[LINE 3]		nan 		2.0 		1.74		1.47		1.23		
[LINE 2]		2.52		-inf		-inf		1.64		1.33		
[LINE 1]		-inf		2.32		1.96		1.68		1.36		
[LINE 0]		nan 		nan 		nan 		nan 		1.27		
 * Ranking:
 ---> {'coords': (2, 0), 'dir': 'W', 'score': 0}
 ---> {'coords': (2, 0), 'dir': 'W', 'score': 0}
 * Selected, based on ranking: {'coords': (2, 0), 'dir': 'W', 'score': 0}
 * The candidate has value 2.52 and coords (2, 0)
 * Checking direction:
 ---> Trend is: NE
 ---> Complex Trend is: {'NE': 6, 'E': 6.5, 'SE': 1, 'N': 3.0, 'S': 0.5}
 ---> Allowed dirs based on Complex Trend are: ['NE', 'E', 'SE', 'N', 'NE', 'E']
 ---> Direction W IS NOT ok! Last was E [last 10: ['E', 'NE', 'NE', 'NE', 'SE', 'NE', 'E', 'NE', 'NE', 'E']] -- Modifying matrix...
[LINE 4]		nan 		nan 		1.51		1.3 		1.17		
[LINE 3]		nan 		2.0 		1.74		1.47		1.23		
[LINE 2]		nan 		-inf		-inf		1.64		1.33		
[LINE 1]		-inf		2.32		1.96		1.68		1.36		
[LINE 0]		nan 		nan 		nan 		nan 		1.27		
 * Ranking:
 ---> {'coords': (1, 1), 'dir': 'SW', 'score': 0}
 ---> {'coords': (1, 1), 'dir': 'SW', 'score': 0}
 * Selected, based on ranking: {'coords': (1, 1), 'dir': 'SW', 'score': 0}
 * The candidate has value 2.32 and coords (1, 1)
 * Checking direction:
 ---> Trend is: NE
 ---> Complex Trend is: {'NE': 6, 'E': 6.5, 'SE': 1, 'N': 3.0, 'S': 0.5}
 ---> Allowed dirs based on Complex Trend are: ['NE', 'E', 'SE', 'N', 'NE', 'E']
 ---> Direction SW IS NOT ok! Last was E [last 10: ['E', 'NE', 'NE', 'NE', 'SE', 'NE', 'E', 'NE', 'NE', 'E']] -- Modifying matrix...
[LINE 4]		nan 		nan 		1.51		1.3 		1.17		
[LINE 3]		nan 		2.0 		1.74		1.47		1.23		
[LINE 2]		nan 		-inf		-inf		1.64		1.33		
[LINE 1]		-inf		nan 		1.96		1.68		1.36		
[LINE 0]		nan 		nan 		nan 		nan 		1.27		
 * Ranking:
 ---> {'coords': (1, 2), 'dir': 'S', 'score': 1}
 ---> {'coords': (1, 2), 'dir': 'S', 'score': 1}
 ---> {'coords': (3, 1), 'dir': 'NW', 'score': 0}
 ---> {'coords': (3, 1), 'dir': 'NW', 'score': 0}
 * Selected, based on ranking: {'coords': (1, 2), 'dir': 'S', 'score': 1}
 * The candidate has value 2.0 and coords (1, 2)
 * Checking direction:
 ---> Trend is: NE
 ---> Complex Trend is: {'NE': 6, 'E': 6.5, 'SE': 1, 'N': 3.0, 'S': 0.5}
 ---> Allowed dirs based on Complex Trend are: ['NE', 'E', 'SE', 'N', 'NE', 'E']
 ---> Direction S IS NOT ok! Last was E [last 10: ['E', 'NE', 'NE', 'NE', 'SE', 'NE', 'E', 'NE', 'NE', 'E']] -- Modifying matrix...
[LINE 4]		nan 		nan 		1.51		1.3 		1.17		
[LINE 3]		nan 		2.0 		1.74		1.47		1.23		
[LINE 2]		nan 		-inf		-inf		1.64		1.33		
[LINE 1]		-inf		nan 		nan 		1.68		1.36		
[LINE 0]		nan 		nan 		nan 		nan 		1.27		
 * Ranking:
 ---> {'coords': (3, 1), 'dir': 'NW', 'score': 0}
 ---> {'coords': (3, 1), 'dir': 'NW', 'score': 0}
 * Selected, based on ranking: {'coords': (3, 1), 'dir': 'NW', 'score': 0}
 * The candidate has value 2.0 and coords (3, 1)
 * Checking direction:
 ---> Trend is: NE
 ---> Complex Trend is: {'NE': 6, 'E': 6.5, 'SE': 1, 'N': 3.0, 'S': 0.5}
 ---> Allowed dirs based on Complex Trend are: ['NE', 'E', 'SE', 'N', 'NE', 'E']
 ---> Direction NW IS NOT ok! Last was E [last 10: ['E', 'NE', 'NE', 'NE', 'SE', 'NE', 'E', 'NE', 'NE', 'E']] -- Modifying matrix...
[LINE 4]		nan 		nan 		1.51		1.3 		1.17		
[LINE 3]		nan 		nan 		1.74		1.47		1.23		
[LINE 2]		nan 		-inf		-inf		1.64		1.33		
[LINE 1]		-inf		nan 		nan 		1.68		1.36		
[LINE 0]		nan 		nan 		nan 		nan 		1.27		
 * Ranking:
 ---> {'coords': (1, 3), 'dir': 'SE', 'score': 15}
 ---> {'coords': (1, 3), 'dir': 'SE', 'score': 15}
 ---> {'coords': (3, 2), 'dir': 'N', 'score': 11}
 ---> {'coords': (3, 2), 'dir': 'N', 'score': 11}
 * Selected, based on ranking: {'coords': (1, 3), 'dir': 'SE', 'score': 15}
 * The candidate has value 1.74 and coords (1, 3)
 * Checking direction:
 ---> Trend is: NE
 ---> Complex Trend is: {'NE': 6, 'E': 6.5, 'SE': 1, 'N': 3.0, 'S': 0.5}
 ---> Allowed dirs based on Complex Trend are: ['NE', 'E', 'SE', 'N', 'NE', 'E']
 ---> Direction SE ok (last was E)! -- [Last 10: ['E', 'NE', 'NE', 'NE', 'SE', 'NE', 'E', 'NE', 'NE', 'E']]
 * Selected element is (1, 3) with value 1.74
Next element is SE with direction 1.68
New matrix will be centered on 110,200 with depth 1.68
TREND IS ('NE', {'NE': 6, 'SE': 2, 'E': 6.0, 'N': 3.0, 'S': 1.0}) --- (['NE', 'NE', 'NE', 'SE', 'NE', 'E', 'NE', 'NE', 'E', 'SE'])
============================================================
Iteration 173 with LAT_IDX: 110 and LON_IDX: 200 with DEPTH 1.6831577
 * Adding to the thalweg 110, 200 (depth 1.68)... Let's look at his neighborhood...
 * The extracted matrix is:
[LINE 4]		2.0 		1.74		1.47		1.23		1.14		
[LINE 3]		-inf		-inf		1.64		1.33		1.17		
[LINE 2]		2.32		1.96		-inf		1.36		1.2 		
[LINE 1]		nan 		nan 		nan 		1.27		1.18		
[LINE 0]		nan 		nan 		nan 		1.18		1.14		
 * Ranking:
 ---> {'coords': (2, 0), 'dir': 'W', 'score': 0}
 ---> {'coords': (2, 0), 'dir': 'W', 'score': 0}
 * Selected, based on ranking: {'coords': (2, 0), 'dir': 'W', 'score': 0}
 * The candidate has value 2.32 and coords (2, 0)
 * Checking direction:
 ---> Trend is: NE
 ---> Complex Trend is: {'NE': 6, 'SE': 2, 'E': 6.0, 'N': 3.0, 'S': 1.0}
 ---> Allowed dirs based on Complex Trend are: ['N', 'NE', 'E', 'NE', 'E', 'SE']
 ---> Direction W IS NOT ok! Last was SE [last 10: ['NE', 'NE', 'NE', 'SE', 'NE', 'E', 'NE', 'NE', 'E', 'SE']] -- Modifying matrix...
[LINE 4]		2.0 		1.74		1.47		1.23		1.14		
[LINE 3]		-inf		-inf		1.64		1.33		1.17		
[LINE 2]		nan 		1.96		-inf		1.36		1.2 		
[LINE 1]		nan 		nan 		nan 		1.27		1.18		
[LINE 0]		nan 		nan 		nan 		1.18		1.14		
 * Ranking:
 ---> {'coords': (2, 1), 'dir': 'W', 'score': 0}
 ---> {'coords': (2, 1), 'dir': 'W', 'score': 0}
 ---> {'coords': (4, 0), 'dir': 'NW', 'score': 0}
 ---> {'coords': (4, 0), 'dir': 'NW', 'score': 0}
 * Selected, based on ranking: {'coords': (2, 1), 'dir': 'W', 'score': 0}
 * The candidate has value 2.0 and coords (2, 1)
 * Checking direction:
 ---> Trend is: NE
 ---> Complex Trend is: {'NE': 6, 'SE': 2, 'E': 6.0, 'N': 3.0, 'S': 1.0}
 ---> Allowed dirs based on Complex Trend are: ['N', 'NE', 'E', 'NE', 'E', 'SE']
 ---> Direction W IS NOT ok! Last was SE [last 10: ['NE', 'NE', 'NE', 'SE', 'NE', 'E', 'NE', 'NE', 'E', 'SE']] -- Modifying matrix...
[LINE 4]		2.0 		1.74		1.47		1.23		1.14		
[LINE 3]		-inf		-inf		1.64		1.33		1.17		
[LINE 2]		nan 		nan 		-inf		1.36		1.2 		
[LINE 1]		nan 		nan 		nan 		1.27		1.18		
[LINE 0]		nan 		nan 		nan 		1.18		1.14		
 * Ranking:
 ---> {'coords': (4, 0), 'dir': 'NW', 'score': 0}
 ---> {'coords': (4, 0), 'dir': 'NW', 'score': 0}
 * Selected, based on ranking: {'coords': (4, 0), 'dir': 'NW', 'score': 0}
 * The candidate has value 2.0 and coords (4, 0)
 * Checking direction:
 ---> Trend is: NE
 ---> Complex Trend is: {'NE': 6, 'SE': 2, 'E': 6.0, 'N': 3.0, 'S': 1.0}
 ---> Allowed dirs based on Complex Trend are: ['N', 'NE', 'E', 'NE', 'E', 'SE']
 ---> Direction NW IS NOT ok! Last was SE [last 10: ['NE', 'NE', 'NE', 'SE', 'NE', 'E', 'NE', 'NE', 'E', 'SE']] -- Modifying matrix...
[LINE 4]		nan 		1.74		1.47		1.23		1.14		
[LINE 3]		-inf		-inf		1.64		1.33		1.17		
[LINE 2]		nan 		nan 		-inf		1.36		1.2 		
[LINE 1]		nan 		nan 		nan 		1.27		1.18		
[LINE 0]		nan 		nan 		nan 		1.18		1.14		
 * Ranking:
 ---> {'coords': (4, 1), 'dir': 'NW', 'score': 0}
 ---> {'coords': (4, 1), 'dir': 'NW', 'score': 0}
 * Selected, based on ranking: {'coords': (4, 1), 'dir': 'NW', 'score': 0}
 * The candidate has value 1.74 and coords (4, 1)
 * Checking direction:
 ---> Trend is: NE
 ---> Complex Trend is: {'NE': 6, 'SE': 2, 'E': 6.0, 'N': 3.0, 'S': 1.0}
 ---> Allowed dirs based on Complex Trend are: ['N', 'NE', 'E', 'NE', 'E', 'SE']
 ---> Direction NW IS NOT ok! Last was SE [last 10: ['NE', 'NE', 'NE', 'SE', 'NE', 'E', 'NE', 'NE', 'E', 'SE']] -- Modifying matrix...
[LINE 4]		nan 		nan 		1.47		1.23		1.14		
[LINE 3]		-inf		-inf		1.64		1.33		1.17		
[LINE 2]		nan 		nan 		-inf		1.36		1.2 		
[LINE 1]		nan 		nan 		nan 		1.27		1.18		
[LINE 0]		nan 		nan 		nan 		1.18		1.14		
 * Ranking:
 ---> {'coords': (3, 2), 'dir': 'N', 'score': 10}
 ---> {'coords': (3, 2), 'dir': 'N', 'score': 10}
 * Selected, based on ranking: {'coords': (3, 2), 'dir': 'N', 'score': 10}
 * The candidate has value 1.64 and coords (3, 2)
 * Checking direction:
 ---> Trend is: NE
 ---> Complex Trend is: {'NE': 6, 'SE': 2, 'E': 6.0, 'N': 3.0, 'S': 1.0}
 ---> Allowed dirs based on Complex Trend are: ['N', 'NE', 'E', 'NE', 'E', 'SE']
 ---> Direction N ok (last was SE)! -- [Last 10: ['NE', 'NE', 'NE', 'SE', 'NE', 'E', 'NE', 'NE', 'E', 'SE']]
 * Selected element is (3, 2) with value 1.64
Next element is N with direction 1.64
New matrix will be centered on 111,200 with depth 1.64
TREND IS ('NE', {'NE': 5, 'SE': 2, 'E': 5.5, 'N': 3.5, 'S': 1.0}) --- (['NE', 'NE', 'SE', 'NE', 'E', 'NE', 'NE', 'E', 'SE', 'N'])
============================================================
Iteration 174 with LAT_IDX: 111 and LON_IDX: 200 with DEPTH 1.6382977
 * Adding to the thalweg 111, 200 (depth 1.64)... Let's look at his neighborhood...
 * The extracted matrix is:
[LINE 4]		nan 		1.51		1.3 		1.17		1.12		
[LINE 3]		2.0 		1.74		1.47		1.23		1.14		
[LINE 2]		-inf		-inf		-inf		1.33		1.17		
[LINE 1]		2.32		1.96		-inf		1.36		1.2 		
[LINE 0]		nan 		nan 		nan 		1.27		1.18		
 * Ranking:
 ---> {'coords': (1, 0), 'dir': 'SW', 'score': 0}
 ---> {'coords': (1, 0), 'dir': 'SW', 'score': 0}
 * Selected, based on ranking: {'coords': (1, 0), 'dir': 'SW', 'score': 0}
 * The candidate has value 2.32 and coords (1, 0)
 * Checking direction:
 ---> Trend is: NE
 ---> Complex Trend is: {'NE': 5, 'SE': 2, 'E': 5.5, 'N': 3.5, 'S': 1.0}
 ---> Allowed dirs based on Complex Trend are: ['NE', 'E', 'SE', 'N', 'NE', 'E']
 ---> Direction SW IS NOT ok! Last was N [last 10: ['NE', 'NE', 'SE', 'NE', 'E', 'NE', 'NE', 'E', 'SE', 'N']] -- Modifying matrix...
[LINE 4]		nan 		1.51		1.3 		1.17		1.12		
[LINE 3]		2.0 		1.74		1.47		1.23		1.14		
[LINE 2]		-inf		-inf		-inf		1.33		1.17		
[LINE 1]		nan 		1.96		-inf		1.36		1.2 		
[LINE 0]		nan 		nan 		nan 		1.27		1.18		
 * Ranking:
 ---> {'coords': (1, 1), 'dir': 'SW', 'score': 0}
 ---> {'coords': (1, 1), 'dir': 'SW', 'score': 0}
 ---> {'coords': (3, 0), 'dir': 'NW', 'score': 5}
 ---> {'coords': (3, 0), 'dir': 'NW', 'score': 5}
 * Selected, based on ranking: {'coords': (3, 0), 'dir': 'NW', 'score': 5}
 * The candidate has value 2.0 and coords (3, 0)
 * Checking direction:
 ---> Trend is: NE
 ---> Complex Trend is: {'NE': 5, 'SE': 2, 'E': 5.5, 'N': 3.5, 'S': 1.0}
 ---> Allowed dirs based on Complex Trend are: ['NE', 'E', 'SE', 'N', 'NE', 'E']
 ---> Direction NW IS NOT ok! Last was N [last 10: ['NE', 'NE', 'SE', 'NE', 'E', 'NE', 'NE', 'E', 'SE', 'N']] -- Modifying matrix...
[LINE 4]		nan 		1.51		1.3 		1.17		1.12		
[LINE 3]		nan 		1.74		1.47		1.23		1.14		
[LINE 2]		-inf		-inf		-inf		1.33		1.17		
[LINE 1]		nan 		1.96		-inf		1.36		1.2 		
[LINE 0]		nan 		nan 		nan 		1.27		1.18		
 * Ranking:
 ---> {'coords': (1, 1), 'dir': 'SW', 'score': 0}
 ---> {'coords': (1, 1), 'dir': 'SW', 'score': 0}
 * Selected, based on ranking: {'coords': (1, 1), 'dir': 'SW', 'score': 0}
 * The candidate has value 1.96 and coords (1, 1)
 * Checking direction:
 ---> Trend is: NE
 ---> Complex Trend is: {'NE': 5, 'SE': 2, 'E': 5.5, 'N': 3.5, 'S': 1.0}
 ---> Allowed dirs based on Complex Trend are: ['NE', 'E', 'SE', 'N', 'NE', 'E']
 ---> Direction SW IS NOT ok! Last was N [last 10: ['NE', 'NE', 'SE', 'NE', 'E', 'NE', 'NE', 'E', 'SE', 'N']] -- Modifying matrix...
[LINE 4]		nan 		1.51		1.3 		1.17		1.12		
[LINE 3]		nan 		1.74		1.47		1.23		1.14		
[LINE 2]		-inf		-inf		-inf		1.33		1.17		
[LINE 1]		nan 		nan 		-inf		1.36		1.2 		
[LINE 0]		nan 		nan 		nan 		1.27		1.18		
 * Ranking:
 ---> {'coords': (3, 1), 'dir': 'NW', 'score': 5}
 ---> {'coords': (3, 1), 'dir': 'NW', 'score': 5}
 * Selected, based on ranking: {'coords': (3, 1), 'dir': 'NW', 'score': 5}
 * The candidate has value 1.74 and coords (3, 1)
 * Checking direction:
 ---> Trend is: NE
 ---> Complex Trend is: {'NE': 5, 'SE': 2, 'E': 5.5, 'N': 3.5, 'S': 1.0}
 ---> Allowed dirs based on Complex Trend are: ['NE', 'E', 'SE', 'N', 'NE', 'E']
 ---> Direction NW IS NOT ok! Last was N [last 10: ['NE', 'NE', 'SE', 'NE', 'E', 'NE', 'NE', 'E', 'SE', 'N']] -- Modifying matrix...
[LINE 4]		nan 		1.51		1.3 		1.17		1.12		
[LINE 3]		nan 		nan 		1.47		1.23		1.14		
[LINE 2]		-inf		-inf		-inf		1.33		1.17		
[LINE 1]		nan 		nan 		-inf		1.36		1.2 		
[LINE 0]		nan 		nan 		nan 		1.27		1.18		
 * Ranking:
 ---> {'coords': (3, 2), 'dir': 'N', 'score': 19}
 ---> {'coords': (3, 2), 'dir': 'N', 'score': 19}
 ---> {'coords': (4, 1), 'dir': 'NW', 'score': 5}
 ---> {'coords': (4, 1), 'dir': 'NW', 'score': 5}
 * Selected, based on ranking: {'coords': (3, 2), 'dir': 'N', 'score': 19}
 * The candidate has value 1.51 and coords (3, 2)
 * Checking direction:
 ---> Trend is: NE
 ---> Complex Trend is: {'NE': 5, 'SE': 2, 'E': 5.5, 'N': 3.5, 'S': 1.0}
 ---> Allowed dirs based on Complex Trend are: ['NE', 'E', 'SE', 'N', 'NE', 'E']
 ---> Direction N ok (last was N)! -- [Last 10: ['NE', 'NE', 'SE', 'NE', 'E', 'NE', 'NE', 'E', 'SE', 'N']]
 * Selected element is (3, 2) with value 1.51
Next element is N with direction 1.47
New matrix will be centered on 112,200 with depth 1.47
TREND IS ('NE', {'NE': 4, 'SE': 2, 'E': 5.0, 'N': 4.0, 'S': 1.0}) --- (['NE', 'SE', 'NE', 'E', 'NE', 'NE', 'E', 'SE', 'N', 'N'])
============================================================
Iteration 175 with LAT_IDX: 112 and LON_IDX: 200 with DEPTH 1.471363
 * Adding to the thalweg 112, 200 (depth 1.47)... Let's look at his neighborhood...
 * The extracted matrix is:
[LINE 4]		nan 		nan 		1.16		1.09		1.08		
[LINE 3]		nan 		1.51		1.3 		1.17		1.12		
[LINE 2]		2.0 		1.74		-inf		1.23		1.14		
[LINE 1]		-inf		-inf		-inf		1.33		1.17		
[LINE 0]		2.32		1.96		-inf		1.36		1.2 		
 * Ranking:
 ---> {'coords': (0, 0), 'dir': 'SW', 'score': 0}
 ---> {'coords': (0, 0), 'dir': 'SW', 'score': 0}
 * Selected, based on ranking: {'coords': (0, 0), 'dir': 'SW', 'score': 0}
 * The candidate has value 2.32 and coords (0, 0)
 * Checking direction:
 ---> Trend is: NE
 ---> Complex Trend is: {'NE': 4, 'SE': 2, 'E': 5.0, 'N': 4.0, 'S': 1.0}
 ---> Allowed dirs based on Complex Trend are: ['NE', 'E', 'SE']
 ---> Direction SW IS NOT ok! Last was N [last 10: ['NE', 'SE', 'NE', 'E', 'NE', 'NE', 'E', 'SE', 'N', 'N']] -- Modifying matrix...
[LINE 4]		nan 		nan 		1.16		1.09		1.08		
[LINE 3]		nan 		1.51		1.3 		1.17		1.12		
[LINE 2]		2.0 		1.74		-inf		1.23		1.14		
[LINE 1]		-inf		-inf		-inf		1.33		1.17		
[LINE 0]		nan 		1.96		-inf		1.36		1.2 		
 * Ranking:
 ---> {'coords': (0, 1), 'dir': 'SW', 'score': 0}
 ---> {'coords': (0, 1), 'dir': 'SW', 'score': 0}
 ---> {'coords': (2, 0), 'dir': 'W', 'score': 1}
 ---> {'coords': (2, 0), 'dir': 'W', 'score': 1}
 * Selected, based on ranking: {'coords': (2, 0), 'dir': 'W', 'score': 1}
 * The candidate has value 2.0 and coords (2, 0)
 * Checking direction:
 ---> Trend is: NE
 ---> Complex Trend is: {'NE': 4, 'SE': 2, 'E': 5.0, 'N': 4.0, 'S': 1.0}
 ---> Allowed dirs based on Complex Trend are: ['NE', 'E', 'SE']
 ---> Direction W IS NOT ok! Last was N [last 10: ['NE', 'SE', 'NE', 'E', 'NE', 'NE', 'E', 'SE', 'N', 'N']] -- Modifying matrix...
[LINE 4]		nan 		nan 		1.16		1.09		1.08		
[LINE 3]		nan 		1.51		1.3 		1.17		1.12		
[LINE 2]		nan 		1.74		-inf		1.23		1.14		
[LINE 1]		-inf		-inf		-inf		1.33		1.17		
[LINE 0]		nan 		1.96		-inf		1.36		1.2 		
 * Ranking:
 ---> {'coords': (0, 1), 'dir': 'SW', 'score': 0}
 ---> {'coords': (0, 1), 'dir': 'SW', 'score': 0}
 * Selected, based on ranking: {'coords': (0, 1), 'dir': 'SW', 'score': 0}
 * The candidate has value 1.96 and coords (0, 1)
 * Checking direction:
 ---> Trend is: NE
 ---> Complex Trend is: {'NE': 4, 'SE': 2, 'E': 5.0, 'N': 4.0, 'S': 1.0}
 ---> Allowed dirs based on Complex Trend are: ['NE', 'E', 'SE']
 ---> Direction SW IS NOT ok! Last was N [last 10: ['NE', 'SE', 'NE', 'E', 'NE', 'NE', 'E', 'SE', 'N', 'N']] -- Modifying matrix...
[LINE 4]		nan 		nan 		1.16		1.09		1.08		
[LINE 3]		nan 		1.51		1.3 		1.17		1.12		
[LINE 2]		nan 		1.74		-inf		1.23		1.14		
[LINE 1]		-inf		-inf		-inf		1.33		1.17		
[LINE 0]		nan 		nan 		-inf		1.36		1.2 		
 * Ranking:
 ---> {'coords': (2, 1), 'dir': 'W', 'score': 1}
 ---> {'coords': (2, 1), 'dir': 'W', 'score': 1}
 * Selected, based on ranking: {'coords': (2, 1), 'dir': 'W', 'score': 1}
 * The candidate has value 1.74 and coords (2, 1)
 * Checking direction:
 ---> Trend is: NE
 ---> Complex Trend is: {'NE': 4, 'SE': 2, 'E': 5.0, 'N': 4.0, 'S': 1.0}
 ---> Allowed dirs based on Complex Trend are: ['NE', 'E', 'SE']
 ---> Direction W IS NOT ok! Last was N [last 10: ['NE', 'SE', 'NE', 'E', 'NE', 'NE', 'E', 'SE', 'N', 'N']] -- Modifying matrix...
[LINE 4]		nan 		nan 		1.16		1.09		1.08		
[LINE 3]		nan 		1.51		1.3 		1.17		1.12		
[LINE 2]		nan 		nan 		-inf		1.23		1.14		
[LINE 1]		-inf		-inf		-inf		1.33		1.17		
[LINE 0]		nan 		nan 		-inf		1.36		1.2 		
 * Ranking:
 ---> {'coords': (3, 1), 'dir': 'NW', 'score': 5}
 ---> {'coords': (3, 1), 'dir': 'NW', 'score': 5}
 * Selected, based on ranking: {'coords': (3, 1), 'dir': 'NW', 'score': 5}
 * The candidate has value 1.51 and coords (3, 1)
 * Checking direction:
 ---> Trend is: NE
 ---> Complex Trend is: {'NE': 4, 'SE': 2, 'E': 5.0, 'N': 4.0, 'S': 1.0}
 ---> Allowed dirs based on Complex Trend are: ['NE', 'E', 'SE']
 ---> Direction NW IS NOT ok! Last was N [last 10: ['NE', 'SE', 'NE', 'E', 'NE', 'NE', 'E', 'SE', 'N', 'N']] -- Modifying matrix...
[LINE 4]		nan 		nan 		1.16		1.09		1.08		
[LINE 3]		nan 		nan 		1.3 		1.17		1.12		
[LINE 2]		nan 		nan 		-inf		1.23		1.14		
[LINE 1]		-inf		-inf		-inf		1.33		1.17		
[LINE 0]		nan 		nan 		-inf		1.36		1.2 		
 * Ranking:
 ---> {'coords': (0, 3), 'dir': 'SE', 'score': 10}
 ---> {'coords': (0, 3), 'dir': 'SE', 'score': 10}
 ---> {'coords': (1, 3), 'dir': 'SE', 'score': 10}
 ---> {'coords': (1, 3), 'dir': 'SE', 'score': 10}
 ---> {'coords': (3, 2), 'dir': 'N', 'score': 9}
 ---> {'coords': (3, 2), 'dir': 'N', 'score': 9}
 * Selected, based on ranking: {'coords': (0, 3), 'dir': 'SE', 'score': 10}
 * The candidate has value 1.36 and coords (0, 3)
 * Checking direction:
 ---> Trend is: NE
 ---> Complex Trend is: {'NE': 4, 'SE': 2, 'E': 5.0, 'N': 4.0, 'S': 1.0}
 ---> Allowed dirs based on Complex Trend are: ['NE', 'E', 'SE']
 ---> Direction SE ok (last was N)! -- [Last 10: ['NE', 'SE', 'NE', 'E', 'NE', 'NE', 'E', 'SE', 'N', 'N']]
 * Selected element is (0, 3) with value 1.36
Next element is SE with direction 1.36
New matrix will be centered on 110,201 with depth 1.36
TREND IS ('SE', {'SE': 3, 'NE': 3, 'E': 5.0, 'N': 3.5, 'S': 1.5}) --- (['SE', 'NE', 'E', 'NE', 'NE', 'E', 'SE', 'N', 'N', 'SE'])
============================================================
Iteration 176 with LAT_IDX: 110 and LON_IDX: 201 with DEPTH 1.36397
 * Adding to the thalweg 110, 201 (depth 1.36)... Let's look at his neighborhood...
 * The extracted matrix is:
[LINE 4]		1.74		-inf		1.23		1.14		1.11		
[LINE 3]		-inf		-inf		1.33		1.17		1.12		
[LINE 2]		1.96		-inf		-inf		1.2 		nan 		
[LINE 1]		nan 		nan 		1.27		1.18		1.15		
[LINE 0]		nan 		nan 		1.18		1.14		nan 		
 * Ranking:
 ---> {'coords': (2, 0), 'dir': 'W', 'score': 0}
 ---> {'coords': (2, 0), 'dir': 'W', 'score': 0}
 * Selected, based on ranking: {'coords': (2, 0), 'dir': 'W', 'score': 0}
 * The candidate has value 1.96 and coords (2, 0)
 * Checking direction:
 ---> Trend is: SE
 ---> Complex Trend is: {'SE': 3, 'NE': 3, 'E': 5.0, 'N': 3.5, 'S': 1.5}
 ---> Allowed dirs based on Complex Trend are: ['NE', 'E', 'SE']
 ---> Direction W IS NOT ok! Last was SE [last 10: ['SE', 'NE', 'E', 'NE', 'NE', 'E', 'SE', 'N', 'N', 'SE']] -- Modifying matrix...
[LINE 4]		1.74		-inf		1.23		1.14		1.11		
[LINE 3]		-inf		-inf		1.33		1.17		1.12		
[LINE 2]		nan 		-inf		-inf		1.2 		nan 		
[LINE 1]		nan 		nan 		1.27		1.18		1.15		
[LINE 0]		nan 		nan 		1.18		1.14		nan 		
 * Ranking:
 ---> {'coords': (4, 0), 'dir': 'NW', 'score': 0}
 ---> {'coords': (4, 0), 'dir': 'NW', 'score': 0}
 * Selected, based on ranking: {'coords': (4, 0), 'dir': 'NW', 'score': 0}
 * The candidate has value 1.74 and coords (4, 0)
 * Checking direction:
 ---> Trend is: SE
 ---> Complex Trend is: {'SE': 3, 'NE': 3, 'E': 5.0, 'N': 3.5, 'S': 1.5}
 ---> Allowed dirs based on Complex Trend are: ['NE', 'E', 'SE']
 ---> Direction NW IS NOT ok! Last was SE [last 10: ['SE', 'NE', 'E', 'NE', 'NE', 'E', 'SE', 'N', 'N', 'SE']] -- Modifying matrix...
[LINE 4]		nan 		-inf		1.23		1.14		1.11		
[LINE 3]		-inf		-inf		1.33		1.17		1.12		
[LINE 2]		nan 		-inf		-inf		1.2 		nan 		
[LINE 1]		nan 		nan 		1.27		1.18		1.15		
[LINE 0]		nan 		nan 		1.18		1.14		nan 		
 * Ranking:
 ---> {'coords': (1, 2), 'dir': 'S', 'score': 5}
 ---> {'coords': (1, 2), 'dir': 'S', 'score': 5}
 ---> {'coords': (3, 2), 'dir': 'N', 'score': 0}
 ---> {'coords': (3, 2), 'dir': 'N', 'score': 0}
 * Selected, based on ranking: {'coords': (1, 2), 'dir': 'S', 'score': 5}
 * The candidate has value 1.33 and coords (1, 2)
 * Checking direction:
 ---> Trend is: SE
 ---> Complex Trend is: {'SE': 3, 'NE': 3, 'E': 5.0, 'N': 3.5, 'S': 1.5}
 ---> Allowed dirs based on Complex Trend are: ['NE', 'E', 'SE']
 ---> Direction S IS NOT ok! Last was SE [last 10: ['SE', 'NE', 'E', 'NE', 'NE', 'E', 'SE', 'N', 'N', 'SE']] -- Modifying matrix...
[LINE 4]		nan 		-inf		1.23		1.14		1.11		
[LINE 3]		-inf		-inf		1.33		1.17		1.12		
[LINE 2]		nan 		-inf		-inf		1.2 		nan 		
[LINE 1]		nan 		nan 		nan 		1.18		1.15		
[LINE 0]		nan 		nan 		1.18		1.14		nan 		
 * Ranking:
 ---> {'coords': (3, 2), 'dir': 'N', 'score': 0}
 ---> {'coords': (3, 2), 'dir': 'N', 'score': 0}
 * Selected, based on ranking: {'coords': (3, 2), 'dir': 'N', 'score': 0}
 * The candidate has value 1.33 and coords (3, 2)
 * Checking direction:
 ---> Trend is: SE
 ---> Complex Trend is: {'SE': 3, 'NE': 3, 'E': 5.0, 'N': 3.5, 'S': 1.5}
 ---> Allowed dirs based on Complex Trend are: ['NE', 'E', 'SE']
 ---> Direction N IS NOT ok! Last was SE [last 10: ['SE', 'NE', 'E', 'NE', 'NE', 'E', 'SE', 'N', 'N', 'SE']] -- Modifying matrix...
[LINE 4]		nan 		-inf		1.23		1.14		1.11		
[LINE 3]		-inf		-inf		nan 		1.17		1.12		
[LINE 2]		nan 		-inf		-inf		1.2 		nan 		
[LINE 1]		nan 		nan 		nan 		1.18		1.15		
[LINE 0]		nan 		nan 		1.18		1.14		nan 		
 * Ranking:
 ---> {'coords': (0, 2), 'dir': 'S', 'score': 5}
 ---> {'coords': (0, 2), 'dir': 'S', 'score': 5}
 ---> {'coords': (0, 3), 'dir': 'SE', 'score': 19}
 ---> {'coords': (0, 3), 'dir': 'SE', 'score': 19}
 ---> {'coords': (1, 3), 'dir': 'SE', 'score': 19}
 ---> {'coords': (1, 3), 'dir': 'SE', 'score': 19}
 ---> {'coords': (1, 4), 'dir': 'SE', 'score': 19}
 ---> {'coords': (1, 4), 'dir': 'SE', 'score': 19}
 ---> {'coords': (2, 3), 'dir': 'E', 'score': 15}
 ---> {'coords': (2, 3), 'dir': 'E', 'score': 15}
 ---> {'coords': (3, 3), 'dir': 'NE', 'score': 11}
 ---> {'coords': (3, 3), 'dir': 'NE', 'score': 11}
 ---> {'coords': (4, 2), 'dir': 'N', 'score': 0}
 ---> {'coords': (4, 2), 'dir': 'N', 'score': 0}
 ---> {'coords': (4, 3), 'dir': 'NE', 'score': 11}
 ---> {'coords': (4, 3), 'dir': 'NE', 'score': 11}
 * Selected, based on ranking: {'coords': (0, 3), 'dir': 'SE', 'score': 19}
 * The candidate has value 1.23 and coords (0, 3)
 * Checking direction:
 ---> Trend is: SE
 ---> Complex Trend is: {'SE': 3, 'NE': 3, 'E': 5.0, 'N': 3.5, 'S': 1.5}
 ---> Allowed dirs based on Complex Trend are: ['NE', 'E', 'SE']
 ---> Direction SE ok (last was SE)! -- [Last 10: ['SE', 'NE', 'E', 'NE', 'NE', 'E', 'SE', 'N', 'N', 'SE']]
 * Selected element is (0, 3) with value 1.23
Next element is SE with direction 1.14
New matrix will be centered on 108,202 with depth 1.14
TREND IS ('NE', {'NE': 3, 'SE': 3, 'E': 5.0, 'N': 3.5, 'S': 1.5}) --- (['NE', 'E', 'NE', 'NE', 'E', 'SE', 'N', 'N', 'SE', 'SE'])
============================================================
Iteration 177 with LAT_IDX: 108 and LON_IDX: 202 with DEPTH 1.143433
 * Adding to the thalweg 108, 202 (depth 1.14)... Let's look at his neighborhood...
 * The extracted matrix is:
[LINE 4]		-inf		-inf		1.2 		nan 		nan 		
[LINE 3]		nan 		1.27		1.18		1.15		nan 		
[LINE 2]		nan 		1.18		-inf		nan 		nan 		
[LINE 1]		nan 		nan 		nan 		nan 		nan 		
[LINE 0]		nan 		nan 		nan 		nan 		nan 		
 * Ranking:
 ---> {'coords': (2, 1), 'dir': 'W', 'score': 0}
 ---> {'coords': (2, 1), 'dir': 'W', 'score': 0}
 ---> {'coords': (3, 1), 'dir': 'NW', 'score': 0}
 ---> {'coords': (3, 1), 'dir': 'NW', 'score': 0}
 ---> {'coords': (3, 2), 'dir': 'N', 'score': 0}
 ---> {'coords': (3, 2), 'dir': 'N', 'score': 0}
 ---> {'coords': (4, 2), 'dir': 'N', 'score': 0}
 ---> {'coords': (4, 2), 'dir': 'N', 'score': 0}
 * Selected, based on ranking: {'coords': (2, 1), 'dir': 'W', 'score': 0}
 * The candidate has value 1.27 and coords (2, 1)
 * Checking direction:
 ---> Trend is: NE
 ---> Complex Trend is: {'NE': 3, 'SE': 3, 'E': 5.0, 'N': 3.5, 'S': 1.5}
 ---> Allowed dirs based on Complex Trend are: ['NE', 'E', 'SE']
 ---> Direction W IS NOT ok! Last was SE [last 10: ['NE', 'E', 'NE', 'NE', 'E', 'SE', 'N', 'N', 'SE', 'SE']] -- Modifying matrix...
[LINE 4]		-inf		-inf		1.2 		nan 		nan 		
[LINE 3]		nan 		1.27		1.18		1.15		nan 		
[LINE 2]		nan 		nan 		-inf		nan 		nan 		
[LINE 1]		nan 		nan 		nan 		nan 		nan 		
[LINE 0]		nan 		nan 		nan 		nan 		nan 		
 * Ranking:
 ---> {'coords': (3, 1), 'dir': 'NW', 'score': 0}
 ---> {'coords': (3, 1), 'dir': 'NW', 'score': 0}
 ---> {'coords': (3, 2), 'dir': 'N', 'score': 0}
 ---> {'coords': (3, 2), 'dir': 'N', 'score': 0}
 ---> {'coords': (4, 2), 'dir': 'N', 'score': 0}
 ---> {'coords': (4, 2), 'dir': 'N', 'score': 0}
 * Selected, based on ranking: {'coords': (3, 1), 'dir': 'NW', 'score': 0}
 * The candidate has value 1.27 and coords (3, 1)
 * Checking direction:
 ---> Trend is: NE
 ---> Complex Trend is: {'NE': 3, 'SE': 3, 'E': 5.0, 'N': 3.5, 'S': 1.5}
 ---> Allowed dirs based on Complex Trend are: ['NE', 'E', 'SE']
 ---> Direction NW IS NOT ok! Last was SE [last 10: ['NE', 'E', 'NE', 'NE', 'E', 'SE', 'N', 'N', 'SE', 'SE']] -- Modifying matrix...
[LINE 4]		-inf		-inf		1.2 		nan 		nan 		
[LINE 3]		nan 		nan 		1.18		1.15		nan 		
[LINE 2]		nan 		nan 		-inf		nan 		nan 		
[LINE 1]		nan 		nan 		nan 		nan 		nan 		
[LINE 0]		nan 		nan 		nan 		nan 		nan 		
 * Ranking:
 ---> {'coords': (3, 2), 'dir': 'N', 'score': 0}
 ---> {'coords': (3, 2), 'dir': 'N', 'score': 0}
 ---> {'coords': (3, 3), 'dir': 'NE', 'score': 11}
 ---> {'coords': (3, 3), 'dir': 'NE', 'score': 11}
 ---> {'coords': (4, 2), 'dir': 'N', 'score': 0}
 ---> {'coords': (4, 2), 'dir': 'N', 'score': 0}
 * Selected, based on ranking: {'coords': (3, 3), 'dir': 'NE', 'score': 11}
 * The candidate has value 1.2 and coords (3, 3)
 * Checking direction:
 ---> Trend is: NE
 ---> Complex Trend is: {'NE': 3, 'SE': 3, 'E': 5.0, 'N': 3.5, 'S': 1.5}
 ---> Allowed dirs based on Complex Trend are: ['NE', 'E', 'SE']
 ---> Direction NE ok (last was SE)! -- [Last 10: ['NE', 'E', 'NE', 'NE', 'E', 'SE', 'N', 'N', 'SE', 'SE']]
 * Selected element is (3, 3) with value 1.2
Next element is NE with direction 1.15
The log of directions is:
0) - (41, 15) [2.31] -- DIRECTION E
1) - (41, 16) [2.51] -- DIRECTION E
2) - (41, 18) [2.71] -- DIRECTION E
3) - (41, 19) [2.74] -- DIRECTION SE
4) - (40, 20) [2.52] -- DIRECTION E
5) - (40, 21) [2.61] -- DIRECTION E
6) - (40, 22) [2.65] -- DIRECTION SE
7) - (38, 24) [2.73] -- DIRECTION E
8) - (38, 25) [2.88] -- DIRECTION E
9) - (38, 26) [2.96] -- DIRECTION NE
10) - (39, 27) [2.84] -- DIRECTION NW
11) - (40, 25) [2.88] -- DIRECTION SE
12) - (39, 26) [2.93] -- DIRECTION E
13) - (39, 28) [2.76] -- DIRECTION E
14) - (39, 29) [2.61] -- DIRECTION E
15) - (39, 30) [2.5] -- DIRECTION NE
16) - (40, 31) [2.33] -- DIRECTION NE
17) - (41, 32) [2.02] -- DIRECTION NE
18) - (42, 33) [1.7] -- DIRECTION NE
19) - (43, 34) [1.5] -- DIRECTION NE
20) - (44, 35) [1.43] -- DIRECTION NE
21) - (45, 36) [1.38] -- DIRECTION N
22) - (46, 36) [1.37] -- DIRECTION N
23) - (47, 36) [1.38] -- DIRECTION N
24) - (48, 36) [1.39] -- DIRECTION N
25) - (49, 36) [1.4] -- DIRECTION NE
26) - (50, 37) [1.41] -- DIRECTION NE
27) - (52, 39) [1.86] -- DIRECTION NE
28) - (54, 41) [3.18] -- DIRECTION NE
29) - (56, 42) [4.0] -- DIRECTION NE
30) - (57, 43) [3.95] -- DIRECTION NW
31) - (58, 41) [4.02] -- DIRECTION NE
32) - (59, 42) [3.85] -- DIRECTION NE
33) - (60, 44) [3.64] -- DIRECTION NE
34) - (62, 46) [4.47] -- DIRECTION NE
35) - (63, 48) [5.17] -- DIRECTION NE
36) - (64, 49) [5.31] -- DIRECTION E
37) - (64, 50) [5.18] -- DIRECTION N
38) - (65, 50) [5.11] -- DIRECTION E
39) - (65, 51) [4.63] -- DIRECTION E
40) - (65, 52) [4.21] -- DIRECTION N
41) - (66, 52) [3.74] -- DIRECTION SE
42) - (65, 53) [3.53] -- DIRECTION E
43) - (65, 54) [3.01] -- DIRECTION NE
44) - (66, 55) [2.3] -- DIRECTION NE
45) - (67, 56) [1.8] -- DIRECTION NE
46) - (68, 58) [1.8] -- DIRECTION NE
47) - (69, 60) [2.23] -- DIRECTION NE
48) - (70, 61) [2.42] -- DIRECTION NE
49) - (71, 62) [2.49] -- DIRECTION NE
50) - (72, 63) [2.56] -- DIRECTION NE
51) - (73, 64) [2.63] -- DIRECTION NE
52) - (74, 66) [2.77] -- DIRECTION NE
53) - (75, 67) [2.8] -- DIRECTION NE
54) - (76, 69) [2.7] -- DIRECTION E
55) - (76, 70) [2.59] -- DIRECTION E
56) - (76, 71) [2.47] -- DIRECTION E
57) - (76, 72) [2.37] -- DIRECTION E
58) - (76, 73) [2.29] -- DIRECTION NE
59) - (77, 74) [2.2] -- DIRECTION NE
60) - (78, 76) [2.2] -- DIRECTION E
61) - (78, 77) [2.18] -- DIRECTION E
62) - (78, 78) [2.1] -- DIRECTION NE
63) - (79, 79) [1.95] -- DIRECTION E
64) - (79, 80) [1.94] -- DIRECTION E
65) - (79, 81) [1.96] -- DIRECTION NE
66) - (80, 82) [1.88] -- DIRECTION E
67) - (80, 83) [1.85] -- DIRECTION E
68) - (80, 84) [1.85] -- DIRECTION E
69) - (80, 85) [1.87] -- DIRECTION E
70) - (80, 86) [1.87] -- DIRECTION E
71) - (80, 87) [1.83] -- DIRECTION NE
72) - (81, 88) [1.72] -- DIRECTION E
73) - (81, 89) [1.68] -- DIRECTION E
74) - (81, 90) [1.74] -- DIRECTION E
75) - (81, 91) [1.8] -- DIRECTION E
76) - (81, 92) [1.86] -- DIRECTION E
77) - (81, 93) [1.86] -- DIRECTION E
78) - (81, 94) [1.84] -- DIRECTION E
79) - (81, 95) [1.72] -- DIRECTION NE
80) - (82, 96) [1.47] -- DIRECTION NE
81) - (83, 97) [1.17] -- DIRECTION NE
82) - (84, 98) [1.08] -- DIRECTION NE
83) - (85, 99) [1.07] -- DIRECTION E
84) - (85, 100) [1.09] -- DIRECTION E
85) - (85, 101) [1.13] -- DIRECTION E
86) - (85, 103) [1.33] -- DIRECTION E
87) - (85, 105) [1.75] -- DIRECTION E
88) - (85, 107) [2.26] -- DIRECTION E
89) - (85, 109) [3.01] -- DIRECTION E
90) - (85, 111) [3.44] -- DIRECTION E
91) - (85, 112) [3.51] -- DIRECTION E
92) - (85, 113) [3.47] -- DIRECTION E
93) - (85, 114) [3.39] -- DIRECTION NE
94) - (86, 115) [3.27] -- DIRECTION NE
95) - (87, 116) [3.14] -- DIRECTION E
96) - (87, 117) [2.99] -- DIRECTION E
97) - (87, 118) [2.86] -- DIRECTION E
98) - (87, 119) [2.74] -- DIRECTION E
99) - (87, 120) [2.61] -- DIRECTION E
100) - (87, 121) [2.48] -- DIRECTION NE
101) - (88, 122) [2.39] -- DIRECTION NE
102) - (89, 123) [2.37] -- DIRECTION NE
103) - (90, 125) [2.42] -- DIRECTION E
104) - (90, 126) [2.45] -- DIRECTION E
105) - (90, 127) [2.45] -- DIRECTION E
106) - (90, 128) [2.45] -- DIRECTION E
107) - (90, 129) [2.44] -- DIRECTION E
108) - (90, 130) [2.43] -- DIRECTION NE
109) - (91, 131) [2.42] -- DIRECTION NE
110) - (92, 132) [2.36] -- DIRECTION E
111) - (92, 133) [2.33] -- DIRECTION E
112) - (92, 134) [2.28] -- DIRECTION E
113) - (92, 135) [2.22] -- DIRECTION NE
114) - (93, 136) [2.16] -- DIRECTION E
115) - (93, 137) [2.14] -- DIRECTION NE
116) - (94, 138) [2.12] -- DIRECTION NE
117) - (95, 139) [2.07] -- DIRECTION E
118) - (95, 140) [2.16] -- DIRECTION NE
119) - (96, 142) [2.3] -- DIRECTION NE
120) - (97, 144) [2.78] -- DIRECTION E
121) - (97, 145) [2.78] -- DIRECTION E
122) - (97, 146) [2.64] -- DIRECTION E
123) - (97, 147) [2.4] -- DIRECTION SE
124) - (96, 148) [2.21] -- DIRECTION SE
125) - (95, 150) [2.37] -- DIRECTION E
126) - (95, 151) [2.47] -- DIRECTION E
127) - (95, 152) [2.54] -- DIRECTION E
128) - (95, 153) [2.57] -- DIRECTION E
129) - (95, 154) [2.58] -- DIRECTION E
130) - (95, 155) [2.59] -- DIRECTION NE
131) - (96, 156) [2.63] -- DIRECTION NE
132) - (97, 157) [2.67] -- DIRECTION NE
133) - (99, 158) [2.79] -- DIRECTION NE
134) - (100, 160) [3.04] -- DIRECTION NE
135) - (101, 162) [3.38] -- DIRECTION NE
136) - (102, 163) [3.56] -- DIRECTION E
137) - (102, 164) [3.61] -- DIRECTION E
138) - (102, 165) [3.64] -- DIRECTION E
139) - (102, 166) [3.63] -- DIRECTION NE
140) - (103, 167) [3.58] -- DIRECTION E
141) - (103, 168) [3.55] -- DIRECTION E
142) - (103, 169) [3.54] -- DIRECTION NE
143) - (104, 170) [3.55] -- DIRECTION E
144) - (104, 171) [3.57] -- DIRECTION E
145) - (104, 172) [3.58] -- DIRECTION E
146) - (104, 173) [3.6] -- DIRECTION NE
147) - (105, 174) [3.62] -- DIRECTION E
148) - (105, 175) [3.63] -- DIRECTION E
149) - (105, 176) [3.64] -- DIRECTION E
150) - (105, 177) [3.66] -- DIRECTION NE
151) - (106, 178) [3.68] -- DIRECTION E
152) - (106, 179) [3.71] -- DIRECTION E
153) - (106, 180) [3.73] -- DIRECTION E
154) - (106, 181) [3.76] -- DIRECTION E
155) - (106, 182) [3.78] -- DIRECTION E
156) - (106, 183) [3.79] -- DIRECTION E
157) - (106, 184) [3.8] -- DIRECTION NE
158) - (107, 185) [3.78] -- DIRECTION NE
159) - (108, 186) [3.72] -- DIRECTION SE
160) - (107, 187) [3.69] -- DIRECTION E
161) - (107, 188) [3.55] -- DIRECTION E
162) - (107, 189) [3.4] -- DIRECTION E
163) - (107, 190) [3.27] -- DIRECTION NE
164) - (108, 191) [3.08] -- DIRECTION NE
165) - (109, 192) [3.0] -- DIRECTION NE
166) - (110, 193) [2.95] -- DIRECTION SE
167) - (108, 194) [2.98] -- DIRECTION NE
168) - (109, 195) [2.94] -- DIRECTION E
169) - (109, 196) [2.89] -- DIRECTION NE
170) - (110, 197) [2.67] -- DIRECTION NE
171) - (111, 198) [2.22] -- DIRECTION E
172) - (111, 199) [1.91] -- DIRECTION SE
173) - (110, 200) [1.68] -- DIRECTION N
174) - (111, 200) [1.64] -- DIRECTION N
175) - (112, 200) [1.47] -- DIRECTION SE
176) - (110, 201) [1.36] -- DIRECTION SE
177) - (108, 202) [1.14] -- DIRECTION NE
Length of the thalweg: 21158.01 m
Generation of plot complete.
