============================================================
Iteration 0 with LAT_IDX: 28 and LON_IDX: 117 with DEPTH 1.5024332
 * Adding to the thalweg 28, 117 (depth 1.5)... Let's look at his neighborhood...
 * The extracted matrix is:
[LINE 4]		1.48		1.43		1.33		1.24		1.15		
[LINE 3]		1.52		1.51		1.41		1.31		1.22		
[LINE 2]		1.53		1.56		-inf		1.39		1.3 		
[LINE 1]		1.53		1.56		1.56		1.48		1.39		
[LINE 0]		1.48		1.56		1.59		1.55		1.47		
 * Ranking:
 ---> {'coords': (0, 1), 'dir': 'SW', 'score': 1}
 ---> {'coords': (0, 2), 'dir': 'S', 'score': 0}
 ---> {'coords': (0, 3), 'dir': 'SE', 'score': 0}
 ---> {'coords': (1, 0), 'dir': 'SW', 'score': 1}
 ---> {'coords': (1, 1), 'dir': 'SW', 'score': 1}
 ---> {'coords': (1, 2), 'dir': 'S', 'score': 0}
 ---> {'coords': (2, 0), 'dir': 'W', 'score': 5}
 ---> {'coords': (2, 1), 'dir': 'W', 'score': 5}
 ---> {'coords': (3, 0), 'dir': 'NW', 'score': 9}
 ---> {'coords': (3, 1), 'dir': 'NW', 'score': 9}
 * Selected, based on ranking: {'coords': (3, 0), 'dir': 'NW', 'score': 9}
 * The candidate has value 1.59 and coords (3, 0)
 * Checking direction:
 ---> Direction NW ok (last was None)!
 * Selected element is (3, 0) with value 1.59
Next element is NW with direction 1.52
New matrix will be centered on 29,115 with depth 1.52
============================================================
Iteration 1 with LAT_IDX: 29 and LON_IDX: 115 with DEPTH 1.5241488
 * Adding to the thalweg 29, 115 (depth 1.52)... Let's look at his neighborhood...
 * The extracted matrix is:
[LINE 4]		1.51		1.42		1.38		1.32		1.23		
[LINE 3]		1.44		1.46		1.48		1.43		1.33		
[LINE 2]		1.37		1.46		-inf		1.51		1.41		
[LINE 1]		1.31		1.44		1.53		1.56		-inf		
[LINE 0]		1.26		1.4 		1.53		1.56		1.56		
 * Ranking:
 ---> {'coords': (0, 2), 'dir': 'S', 'score': 0}
 ---> {'coords': (0, 3), 'dir': 'SE', 'score': 0}
 ---> {'coords': (0, 4), 'dir': 'SE', 'score': 0}
 ---> {'coords': (1, 2), 'dir': 'S', 'score': 0}
 ---> {'coords': (1, 3), 'dir': 'SE', 'score': 0}
 ---> {'coords': (2, 1), 'dir': 'W', 'score': 5}
 ---> {'coords': (2, 3), 'dir': 'E', 'score': 0}
 ---> {'coords': (3, 1), 'dir': 'NW', 'score': 9}
 ---> {'coords': (3, 2), 'dir': 'N', 'score': 5}
 ---> {'coords': (4, 0), 'dir': 'NW', 'score': 9}
 * Selected, based on ranking: {'coords': (3, 1), 'dir': 'NW', 'score': 9}
 * The candidate has value 1.56 and coords (3, 1)
 * Checking direction:
 ---> Direction NW ok (last was NW)! -- [Last 10: ['NW']]
 * Selected element is (3, 1) with value 1.56
Next element is NW with direction 1.46
New matrix will be centered on 30,114 with depth 1.46
============================================================
Iteration 2 with LAT_IDX: 30 and LON_IDX: 114 with DEPTH 1.4616907
 * Adding to the thalweg 30, 114 (depth 1.46)... Let's look at his neighborhood...
 * The extracted matrix is:
[LINE 4]		2.01		1.54		1.37		1.29		1.23		
[LINE 3]		1.82		1.51		1.42		1.38		1.32		
[LINE 2]		1.49		1.44		-inf		1.48		1.43		
[LINE 1]		1.3 		1.37		1.46		-inf		1.51		
[LINE 0]		1.22		1.31		1.44		1.53		1.56		
 * Ranking:
 ---> {'coords': (4, 0), 'dir': 'NW', 'score': 9}
 * Selected, based on ranking: {'coords': (4, 0), 'dir': 'NW', 'score': 9}
 * The candidate has value 2.01 and coords (4, 0)
 * Checking direction:
 ---> Direction NW ok (last was NW)! -- [Last 10: ['NW', 'NW']]
 * Selected element is (4, 0) with value 2.01
Next element is NW with direction 2.01
New matrix will be centered on 32,112 with depth 2.01
============================================================
Iteration 3 with LAT_IDX: 32 and LON_IDX: 112 with DEPTH 2.0053265
 * Adding to the thalweg 32, 112 (depth 2.01)... Let's look at his neighborhood...
 * The extracted matrix is:
[LINE 4]		4.42		3.47		2.41		1.87		1.57		
[LINE 3]		4.28		3.2 		2.25		1.72		1.45		
[LINE 2]		3.53		2.69		-inf		1.54		1.37		
[LINE 1]		2.6 		2.13		1.82		1.51		1.42		
[LINE 0]		1.9 		1.64		1.49		1.44		-inf		
 * Ranking:
 ---> {'coords': (4, 0), 'dir': 'NW', 'score': 9}
 * Selected, based on ranking: {'coords': (4, 0), 'dir': 'NW', 'score': 9}
 * The candidate has value 4.42 and coords (4, 0)
 * Checking direction:
 ---> Direction NW ok (last was NW)! -- [Last 10: ['NW', 'NW', 'NW']]
 * Selected element is (4, 0) with value 4.42
Next element is NW with direction 4.42
New matrix will be centered on 34,110 with depth 4.42
============================================================
Iteration 4 with LAT_IDX: 34 and LON_IDX: 110 with DEPTH 4.419902
 * Adding to the thalweg 34, 110 (depth 4.42)... Let's look at his neighborhood...
 * The extracted matrix is:
[LINE 4]		5.01		4.66		4.12		3.72		3.11		
[LINE 3]		5.17		4.78		4.28		3.65		2.68		
[LINE 2]		5.22		4.81		-inf		3.47		2.41		
[LINE 1]		5.16		4.71		4.28		3.2 		2.25		
[LINE 0]		nan 		4.17		3.53		2.69		-inf		
 * Ranking:
 ---> {'coords': (1, 0), 'dir': 'SW', 'score': 1}
 ---> {'coords': (2, 0), 'dir': 'W', 'score': 5}
 ---> {'coords': (3, 0), 'dir': 'NW', 'score': 9}
 * Selected, based on ranking: {'coords': (3, 0), 'dir': 'NW', 'score': 9}
 * The candidate has value 5.22 and coords (3, 0)
 * Checking direction:
 ---> Direction NW ok (last was NW)! -- [Last 10: ['NW', 'NW', 'NW', 'NW']]
 * Selected element is (3, 0) with value 5.22
Next element is NW with direction 5.17
New matrix will be centered on 35,108 with depth 5.17
============================================================
Iteration 5 with LAT_IDX: 35 and LON_IDX: 108 with DEPTH 5.165189
 * Adding to the thalweg 35, 108 (depth 5.17)... Let's look at his neighborhood...
 * The extracted matrix is:
[LINE 4]		5.29		5.08		4.85		4.55		4.13		
[LINE 3]		5.42		5.25		5.01		4.66		4.12		
[LINE 2]		5.48		5.41		-inf		4.78		4.28		
[LINE 1]		nan 		5.45		5.22		4.81		-inf		
[LINE 0]		nan 		nan 		5.16		4.71		4.28		
 * Ranking:
 ---> {'coords': (1, 1), 'dir': 'SW', 'score': 1}
 ---> {'coords': (2, 0), 'dir': 'W', 'score': 5}
 ---> {'coords': (2, 1), 'dir': 'W', 'score': 5}
 ---> {'coords': (3, 0), 'dir': 'NW', 'score': 9}
 * Selected, based on ranking: {'coords': (3, 0), 'dir': 'NW', 'score': 9}
 * The candidate has value 5.48 and coords (3, 0)
 * Checking direction:
 ---> Direction NW ok (last was NW)! -- [Last 10: ['NW', 'NW', 'NW', 'NW', 'NW']]
 * Selected element is (3, 0) with value 5.48
Next element is NW with direction 5.42
New matrix will be centered on 36,106 with depth 5.42
============================================================
Iteration 6 with LAT_IDX: 36 and LON_IDX: 106 with DEPTH 5.4242277
 * Adding to the thalweg 36, 106 (depth 5.42)... Let's look at his neighborhood...
 * The extracted matrix is:
[LINE 4]		5.34		5.27		5.18		4.97		4.76		
[LINE 3]		5.48		5.4 		5.29		5.08		4.85		
[LINE 2]		nan 		5.49		-inf		5.25		5.01		
[LINE 1]		nan 		nan 		5.48		5.41		-inf		
[LINE 0]		nan 		nan 		nan 		5.45		5.22		
 * Ranking:
 ---> {'coords': (0, 3), 'dir': 'SE', 'score': 0}
 ---> {'coords': (1, 2), 'dir': 'S', 'score': 0}
 ---> {'coords': (1, 3), 'dir': 'SE', 'score': 0}
 ---> {'coords': (2, 1), 'dir': 'W', 'score': 5}
 ---> {'coords': (3, 0), 'dir': 'NW', 'score': 9}
 ---> {'coords': (3, 1), 'dir': 'NW', 'score': 9}
 * Selected, based on ranking: {'coords': (3, 0), 'dir': 'NW', 'score': 9}
 * The candidate has value 5.49 and coords (3, 0)
 * Checking direction:
 ---> Direction NW ok (last was NW)! -- [Last 10: ['NW', 'NW', 'NW', 'NW', 'NW', 'NW']]
 * Selected element is (3, 0) with value 5.49
Next element is NW with direction 5.48
New matrix will be centered on 37,104 with depth 5.48
============================================================
Iteration 7 with LAT_IDX: 37 and LON_IDX: 104 with DEPTH 5.478693
 * Adding to the thalweg 37, 104 (depth 5.48)... Let's look at his neighborhood...
 * The extracted matrix is:
[LINE 4]		5.14		5.21		5.17		5.12		5.01		
[LINE 3]		5.28		5.36		5.34		5.27		5.18		
[LINE 2]		nan 		5.48		-inf		5.4 		5.29		
[LINE 1]		nan 		nan 		nan 		5.49		-inf		
[LINE 0]		nan 		nan 		nan 		nan 		5.48		
 * Ranking:
 ---> {'coords': (0, 4), 'dir': 'SE', 'score': 0}
 ---> {'coords': (1, 3), 'dir': 'SE', 'score': 0}
 ---> {'coords': (2, 1), 'dir': 'W', 'score': 5}
 ---> {'coords': (2, 3), 'dir': 'E', 'score': 0}
 * Selected, based on ranking: {'coords': (2, 1), 'dir': 'W', 'score': 5}
 * The candidate has value 5.49 and coords (2, 1)
 * Checking direction:
 ---> Direction W ok (last was NW)! -- [Last 10: ['NW', 'NW', 'NW', 'NW', 'NW', 'NW', 'NW']]
 * Selected element is (2, 1) with value 5.49
Next element is W with direction 5.48
New matrix will be centered on 37,103 with depth 5.48
============================================================
Iteration 8 with LAT_IDX: 37 and LON_IDX: 103 with DEPTH 5.4799333
 * Adding to the thalweg 37, 103 (depth 5.48)... Let's look at his neighborhood...
 * The extracted matrix is:
[LINE 4]		4.91		5.14		5.21		5.17		5.12		
[LINE 3]		nan 		5.28		5.36		5.34		5.27		
[LINE 2]		nan 		nan 		-inf		-inf		5.4 		
[LINE 1]		nan 		nan 		nan 		nan 		5.49		
[LINE 0]		nan 		nan 		nan 		nan 		nan 		
 * Ranking:
 ---> {'coords': (1, 4), 'dir': 'SE', 'score': 0}
 ---> {'coords': (2, 4), 'dir': 'E', 'score': 0}
 * Selected, based on ranking: {'coords': (1, 4), 'dir': 'SE', 'score': 0}
 * The candidate has value 5.49 and coords (1, 4)
 * Checking direction:
 ---> Direction SE IS NOT ok! Last was W [last 10: ['NW', 'NW', 'NW', 'NW', 'NW', 'NW', 'NW', 'W']] -- Modifying matrix...
[LINE 4]		4.91		5.14		5.21		5.17		5.12		
[LINE 3]		nan 		5.28		5.36		5.34		5.27		
[LINE 2]		nan 		nan 		-inf		-inf		5.4 		
[LINE 1]		nan 		nan 		nan 		nan 		nan 		
[LINE 0]		nan 		nan 		nan 		nan 		nan 		
 * Ranking:
 ---> {'coords': (2, 4), 'dir': 'E', 'score': 0}
 ---> {'coords': (3, 2), 'dir': 'N', 'score': 5}
 ---> {'coords': (3, 3), 'dir': 'NE', 'score': 1}
 * Selected, based on ranking: {'coords': (3, 2), 'dir': 'N', 'score': 5}
 * The candidate has value 5.4 and coords (3, 2)
 * Checking direction:
 ---> Direction N ok (last was W)! -- [Last 10: ['NW', 'NW', 'NW', 'NW', 'NW', 'NW', 'NW', 'W']]
 * Selected element is (3, 2) with value 5.4
Next element is N with direction 5.36
New matrix will be centered on 38,103 with depth 5.36
============================================================
Iteration 9 with LAT_IDX: 38 and LON_IDX: 103 with DEPTH 5.355225
 * Adding to the thalweg 38, 103 (depth 5.36)... Let's look at his neighborhood...
 * The extracted matrix is:
[LINE 4]		4.66		4.88		4.98		4.98		4.96		
[LINE 3]		4.91		5.14		5.21		5.17		5.12		
[LINE 2]		nan 		5.28		-inf		5.34		5.27		
[LINE 1]		nan 		nan 		-inf		-inf		5.4 		
[LINE 0]		nan 		nan 		nan 		nan 		5.49		
 * Ranking:
 ---> {'coords': (0, 4), 'dir': 'SE', 'score': 0}
 ---> {'coords': (1, 4), 'dir': 'SE', 'score': 0}
 * Selected, based on ranking: {'coords': (0, 4), 'dir': 'SE', 'score': 0}
 * The candidate has value 5.49 and coords (0, 4)
 * Checking direction:
 ---> Direction SE IS NOT ok! Last was N [last 10: ['NW', 'NW', 'NW', 'NW', 'NW', 'NW', 'NW', 'W', 'N']] -- Modifying matrix...
[LINE 4]		4.66		4.88		4.98		4.98		4.96		
[LINE 3]		4.91		5.14		5.21		5.17		5.12		
[LINE 2]		nan 		5.28		-inf		5.34		5.27		
[LINE 1]		nan 		nan 		-inf		-inf		5.4 		
[LINE 0]		nan 		nan 		nan 		nan 		nan 		
 * Ranking:
 ---> {'coords': (1, 4), 'dir': 'SE', 'score': 0}
 ---> {'coords': (2, 3), 'dir': 'E', 'score': 0}
 * Selected, based on ranking: {'coords': (1, 4), 'dir': 'SE', 'score': 0}
 * The candidate has value 5.4 and coords (1, 4)
 * Checking direction:
 ---> Direction SE IS NOT ok! Last was N [last 10: ['NW', 'NW', 'NW', 'NW', 'NW', 'NW', 'NW', 'W', 'N']] -- Modifying matrix...
[LINE 4]		4.66		4.88		4.98		4.98		4.96		
[LINE 3]		4.91		5.14		5.21		5.17		5.12		
[LINE 2]		nan 		5.28		-inf		5.34		5.27		
[LINE 1]		nan 		nan 		-inf		-inf		nan 		
[LINE 0]		nan 		nan 		nan 		nan 		nan 		
 * Ranking:
 ---> {'coords': (2, 1), 'dir': 'W', 'score': 5}
 ---> {'coords': (2, 3), 'dir': 'E', 'score': 0}
 ---> {'coords': (2, 4), 'dir': 'E', 'score': 0}
 * Selected, based on ranking: {'coords': (2, 1), 'dir': 'W', 'score': 5}
 * The candidate has value 5.34 and coords (2, 1)
 * Checking direction:
 ---> Direction W ok (last was N)! -- [Last 10: ['NW', 'NW', 'NW', 'NW', 'NW', 'NW', 'NW', 'W', 'N']]
 * Selected element is (2, 1) with value 5.34
Next element is W with direction 5.28
New matrix will be centered on 38,102 with depth 5.28
============================================================
Iteration 10 with LAT_IDX: 38 and LON_IDX: 102 with DEPTH 5.279544
 * Adding to the thalweg 38, 102 (depth 5.28)... Let's look at his neighborhood...
 * The extracted matrix is:
[LINE 4]		4.5 		4.66		4.88		4.98		4.98		
[LINE 3]		4.71		4.91		5.14		5.21		5.17		
[LINE 2]		nan 		nan 		-inf		-inf		5.34		
[LINE 1]		nan 		nan 		nan 		-inf		-inf		
[LINE 0]		nan 		nan 		nan 		nan 		nan 		
 * Ranking:
 ---> {'coords': (2, 4), 'dir': 'E', 'score': 0}
 * Selected, based on ranking: {'coords': (2, 4), 'dir': 'E', 'score': 0}
 * The candidate has value 5.34 and coords (2, 4)
 * Checking direction:
 ---> Direction E IS NOT ok! Last was W [last 10: ['NW', 'NW', 'NW', 'NW', 'NW', 'NW', 'NW', 'W', 'N', 'W']] -- Modifying matrix...
[LINE 4]		4.5 		4.66		4.88		4.98		4.98		
[LINE 3]		4.71		4.91		5.14		5.21		5.17		
[LINE 2]		nan 		nan 		-inf		-inf		nan 		
[LINE 1]		nan 		nan 		nan 		-inf		-inf		
[LINE 0]		nan 		nan 		nan 		nan 		nan 		
 * Ranking:
 ---> {'coords': (3, 2), 'dir': 'N', 'score': 1}
 ---> {'coords': (3, 3), 'dir': 'NE', 'score': 0}
 ---> {'coords': (3, 4), 'dir': 'NE', 'score': 0}
 * Selected, based on ranking: {'coords': (3, 2), 'dir': 'N', 'score': 1}
 * The candidate has value 5.21 and coords (3, 2)
 * Checking direction:
 ---> Direction N ok (last was W)! -- [Last 10: ['NW', 'NW', 'NW', 'NW', 'NW', 'NW', 'NW', 'W', 'N', 'W']]
 * Selected element is (3, 2) with value 5.21
Next element is N with direction 5.14
New matrix will be centered on 39,102 with depth 5.14
TREND IS ('NW', {'NW': 6, 'W': 5.0, 'N': 5.0}) --- (['NW', 'NW', 'NW', 'NW', 'NW', 'NW', 'W', 'N', 'W', 'N'])
============================================================
Iteration 11 with LAT_IDX: 39 and LON_IDX: 102 with DEPTH 5.1422606
 * Adding to the thalweg 39, 102 (depth 5.14)... Let's look at his neighborhood...
 * The extracted matrix is:
[LINE 4]		4.16		4.36		4.56		4.7 		4.81		
[LINE 3]		4.5 		4.66		4.88		4.98		4.98		
[LINE 2]		4.71		4.91		-inf		5.21		5.17		
[LINE 1]		nan 		nan 		-inf		-inf		5.34		
[LINE 0]		nan 		nan 		nan 		-inf		-inf		
 * Ranking:
 ---> {'coords': (1, 4), 'dir': 'SE', 'score': 0}
 ---> {'coords': (1, 4), 'dir': 'SE', 'score': 0}
 * Selected, based on ranking: {'coords': (1, 4), 'dir': 'SE', 'score': 0}
 * The candidate has value 5.34 and coords (1, 4)
 * Checking direction:
 ---> Trend is: NW
 ---> Complex Trend is: {'NW': 6, 'W': 5.0, 'N': 5.0}
 ---> Allowed dirs based on Complex Trend are: ['W', 'NW', 'N']
 ---> Direction SE IS NOT ok! Last was N [last 10: ['NW', 'NW', 'NW', 'NW', 'NW', 'NW', 'W', 'N', 'W', 'N']] -- Modifying matrix...
[LINE 4]		4.16		4.36		4.56		4.7 		4.81		
[LINE 3]		4.5 		4.66		4.88		4.98		4.98		
[LINE 2]		4.71		4.91		-inf		5.21		5.17		
[LINE 1]		nan 		nan 		-inf		-inf		nan 		
[LINE 0]		nan 		nan 		nan 		-inf		-inf		
 * Ranking:
 ---> {'coords': (2, 3), 'dir': 'E', 'score': 1}
 ---> {'coords': (2, 3), 'dir': 'E', 'score': 1}
 ---> {'coords': (2, 4), 'dir': 'E', 'score': 1}
 ---> {'coords': (2, 4), 'dir': 'E', 'score': 1}
 * Selected, based on ranking: {'coords': (2, 3), 'dir': 'E', 'score': 1}
 * The candidate has value 5.21 and coords (2, 3)
 * Checking direction:
 ---> Trend is: NW
 ---> Complex Trend is: {'NW': 6, 'W': 5.0, 'N': 5.0}
 ---> Allowed dirs based on Complex Trend are: ['W', 'NW', 'N']
 ---> Direction E IS NOT ok! Last was N [last 10: ['NW', 'NW', 'NW', 'NW', 'NW', 'NW', 'W', 'N', 'W', 'N']] -- Modifying matrix...
[LINE 4]		4.16		4.36		4.56		4.7 		4.81		
[LINE 3]		4.5 		4.66		4.88		4.98		4.98		
[LINE 2]		4.71		4.91		-inf		nan 		5.17		
[LINE 1]		nan 		nan 		-inf		-inf		nan 		
[LINE 0]		nan 		nan 		nan 		-inf		-inf		
 * Ranking:
 ---> {'coords': (2, 4), 'dir': 'E', 'score': 1}
 ---> {'coords': (2, 4), 'dir': 'E', 'score': 1}
 * Selected, based on ranking: {'coords': (2, 4), 'dir': 'E', 'score': 1}
 * The candidate has value 5.17 and coords (2, 4)
 * Checking direction:
 ---> Trend is: NW
 ---> Complex Trend is: {'NW': 6, 'W': 5.0, 'N': 5.0}
 ---> Allowed dirs based on Complex Trend are: ['W', 'NW', 'N']
 ---> Direction E IS NOT ok! Last was N [last 10: ['NW', 'NW', 'NW', 'NW', 'NW', 'NW', 'W', 'N', 'W', 'N']] -- Modifying matrix...
[LINE 4]		4.16		4.36		4.56		4.7 		4.81		
[LINE 3]		4.5 		4.66		4.88		4.98		4.98		
[LINE 2]		4.71		4.91		-inf		nan 		nan 		
[LINE 1]		nan 		nan 		-inf		-inf		nan 		
[LINE 0]		nan 		nan 		nan 		-inf		-inf		
 * Ranking:
 ---> {'coords': (2, 1), 'dir': 'W', 'score': 11}
 ---> {'coords': (2, 1), 'dir': 'W', 'score': 11}
 ---> {'coords': (3, 2), 'dir': 'N', 'score': 19}
 ---> {'coords': (3, 2), 'dir': 'N', 'score': 19}
 ---> {'coords': (3, 3), 'dir': 'NE', 'score': 5}
 ---> {'coords': (3, 3), 'dir': 'NE', 'score': 5}
 ---> {'coords': (3, 4), 'dir': 'NE', 'score': 5}
 ---> {'coords': (3, 4), 'dir': 'NE', 'score': 5}
 * Selected, based on ranking: {'coords': (3, 2), 'dir': 'N', 'score': 19}
 * The candidate has value 4.98 and coords (3, 2)
 * Checking direction:
 ---> Trend is: NW
 ---> Complex Trend is: {'NW': 6, 'W': 5.0, 'N': 5.0}
 ---> Allowed dirs based on Complex Trend are: ['W', 'NW', 'N']
 ---> Direction N ok (last was N)! -- [Last 10: ['NW', 'NW', 'NW', 'NW', 'NW', 'NW', 'W', 'N', 'W', 'N']]
 * Selected element is (3, 2) with value 4.98
Next element is N with direction 4.88
New matrix will be centered on 40,102 with depth 4.88
TREND IS ('NW', {'NW': 5, 'N': 5.5, 'W': 4.5}) --- (['NW', 'NW', 'NW', 'NW', 'NW', 'W', 'N', 'W', 'N', 'N'])
============================================================
Iteration 12 with LAT_IDX: 40 and LON_IDX: 102 with DEPTH 4.8779974
 * Adding to the thalweg 40, 102 (depth 4.88)... Let's look at his neighborhood...
 * The extracted matrix is:
[LINE 4]		3.88		4.11		4.34		4.53		4.69		
[LINE 3]		4.16		4.36		4.56		4.7 		4.81		
[LINE 2]		4.5 		4.66		-inf		4.98		4.98		
[LINE 1]		4.71		4.91		-inf		5.21		5.17		
[LINE 0]		nan 		nan 		-inf		-inf		5.34		
 * Ranking:
 ---> {'coords': (0, 4), 'dir': 'SE', 'score': 0}
 ---> {'coords': (0, 4), 'dir': 'SE', 'score': 0}
 * Selected, based on ranking: {'coords': (0, 4), 'dir': 'SE', 'score': 0}
 * The candidate has value 5.34 and coords (0, 4)
 * Checking direction:
 ---> Trend is: NW
 ---> Complex Trend is: {'NW': 5, 'N': 5.5, 'W': 4.5}
 ---> Allowed dirs based on Complex Trend are: ['NW', 'N', 'NE', 'W', 'NW', 'N']
 ---> Direction SE IS NOT ok! Last was N [last 10: ['NW', 'NW', 'NW', 'NW', 'NW', 'W', 'N', 'W', 'N', 'N']] -- Modifying matrix...
[LINE 4]		3.88		4.11		4.34		4.53		4.69		
[LINE 3]		4.16		4.36		4.56		4.7 		4.81		
[LINE 2]		4.5 		4.66		-inf		4.98		4.98		
[LINE 1]		4.71		4.91		-inf		5.21		5.17		
[LINE 0]		nan 		nan 		-inf		-inf		nan 		
 * Ranking:
 ---> {'coords': (1, 3), 'dir': 'SE', 'score': 0}
 ---> {'coords': (1, 3), 'dir': 'SE', 'score': 0}
 ---> {'coords': (1, 4), 'dir': 'SE', 'score': 0}
 ---> {'coords': (1, 4), 'dir': 'SE', 'score': 0}
 * Selected, based on ranking: {'coords': (1, 3), 'dir': 'SE', 'score': 0}
 * The candidate has value 5.21 and coords (1, 3)
 * Checking direction:
 ---> Trend is: NW
 ---> Complex Trend is: {'NW': 5, 'N': 5.5, 'W': 4.5}
 ---> Allowed dirs based on Complex Trend are: ['NW', 'N', 'NE', 'W', 'NW', 'N']
 ---> Direction SE IS NOT ok! Last was N [last 10: ['NW', 'NW', 'NW', 'NW', 'NW', 'W', 'N', 'W', 'N', 'N']] -- Modifying matrix...
[LINE 4]		3.88		4.11		4.34		4.53		4.69		
[LINE 3]		4.16		4.36		4.56		4.7 		4.81		
[LINE 2]		4.5 		4.66		-inf		4.98		4.98		
[LINE 1]		4.71		4.91		-inf		nan 		5.17		
[LINE 0]		nan 		nan 		-inf		-inf		nan 		
 * Ranking:
 ---> {'coords': (1, 4), 'dir': 'SE', 'score': 0}
 ---> {'coords': (1, 4), 'dir': 'SE', 'score': 0}
 * Selected, based on ranking: {'coords': (1, 4), 'dir': 'SE', 'score': 0}
 * The candidate has value 5.17 and coords (1, 4)
 * Checking direction:
 ---> Trend is: NW
 ---> Complex Trend is: {'NW': 5, 'N': 5.5, 'W': 4.5}
 ---> Allowed dirs based on Complex Trend are: ['NW', 'N', 'NE', 'W', 'NW', 'N']
 ---> Direction SE IS NOT ok! Last was N [last 10: ['NW', 'NW', 'NW', 'NW', 'NW', 'W', 'N', 'W', 'N', 'N']] -- Modifying matrix...
[LINE 4]		3.88		4.11		4.34		4.53		4.69		
[LINE 3]		4.16		4.36		4.56		4.7 		4.81		
[LINE 2]		4.5 		4.66		-inf		4.98		4.98		
[LINE 1]		4.71		4.91		-inf		nan 		nan 		
[LINE 0]		nan 		nan 		-inf		-inf		nan 		
 * Ranking:
 ---> {'coords': (1, 1), 'dir': 'SW', 'score': 0}
 ---> {'coords': (1, 1), 'dir': 'SW', 'score': 0}
 ---> {'coords': (2, 3), 'dir': 'E', 'score': 1}
 ---> {'coords': (2, 3), 'dir': 'E', 'score': 1}
 ---> {'coords': (2, 4), 'dir': 'E', 'score': 1}
 ---> {'coords': (2, 4), 'dir': 'E', 'score': 1}
 * Selected, based on ranking: {'coords': (2, 3), 'dir': 'E', 'score': 1}
 * The candidate has value 4.98 and coords (2, 3)
 * Checking direction:
 ---> Trend is: NW
 ---> Complex Trend is: {'NW': 5, 'N': 5.5, 'W': 4.5}
 ---> Allowed dirs based on Complex Trend are: ['NW', 'N', 'NE', 'W', 'NW', 'N']
 ---> Direction E IS NOT ok! Last was N [last 10: ['NW', 'NW', 'NW', 'NW', 'NW', 'W', 'N', 'W', 'N', 'N']] -- Modifying matrix...
[LINE 4]		3.88		4.11		4.34		4.53		4.69		
[LINE 3]		4.16		4.36		4.56		4.7 		4.81		
[LINE 2]		4.5 		4.66		-inf		nan 		4.98		
[LINE 1]		4.71		4.91		-inf		nan 		nan 		
[LINE 0]		nan 		nan 		-inf		-inf		nan 		
 * Ranking:
 ---> {'coords': (1, 1), 'dir': 'SW', 'score': 0}
 ---> {'coords': (1, 1), 'dir': 'SW', 'score': 0}
 ---> {'coords': (2, 4), 'dir': 'E', 'score': 1}
 ---> {'coords': (2, 4), 'dir': 'E', 'score': 1}
 * Selected, based on ranking: {'coords': (2, 4), 'dir': 'E', 'score': 1}
 * The candidate has value 4.98 and coords (2, 4)
 * Checking direction:
 ---> Trend is: NW
 ---> Complex Trend is: {'NW': 5, 'N': 5.5, 'W': 4.5}
 ---> Allowed dirs based on Complex Trend are: ['NW', 'N', 'NE', 'W', 'NW', 'N']
 ---> Direction E IS NOT ok! Last was N [last 10: ['NW', 'NW', 'NW', 'NW', 'NW', 'W', 'N', 'W', 'N', 'N']] -- Modifying matrix...
[LINE 4]		3.88		4.11		4.34		4.53		4.69		
[LINE 3]		4.16		4.36		4.56		4.7 		4.81		
[LINE 2]		4.5 		4.66		-inf		nan 		nan 		
[LINE 1]		4.71		4.91		-inf		nan 		nan 		
[LINE 0]		nan 		nan 		-inf		-inf		nan 		
 * Ranking:
 ---> {'coords': (1, 1), 'dir': 'SW', 'score': 0}
 ---> {'coords': (1, 1), 'dir': 'SW', 'score': 0}
 ---> {'coords': (3, 4), 'dir': 'NE', 'score': 15}
 ---> {'coords': (3, 4), 'dir': 'NE', 'score': 15}
 * Selected, based on ranking: {'coords': (3, 4), 'dir': 'NE', 'score': 15}
 * The candidate has value 4.91 and coords (3, 4)
 * Checking direction:
 ---> Trend is: NW
 ---> Complex Trend is: {'NW': 5, 'N': 5.5, 'W': 4.5}
 ---> Allowed dirs based on Complex Trend are: ['NW', 'N', 'NE', 'W', 'NW', 'N']
 ---> Direction NE ok (last was N)! -- [Last 10: ['NW', 'NW', 'NW', 'NW', 'NW', 'W', 'N', 'W', 'N', 'N']]
 * Selected element is (3, 4) with value 4.91
Next element is NE with direction 4.81
New matrix will be centered on 41,104 with depth 4.81
TREND IS ('NW', {'NW': 4, 'N': 5.5, 'W': 4.0, 'NE': 1, 'E': 0.5}) --- (['NW', 'NW', 'NW', 'NW', 'W', 'N', 'W', 'N', 'N', 'NE'])
============================================================
Iteration 13 with LAT_IDX: 41 and LON_IDX: 104 with DEPTH 4.813268
 * Adding to the thalweg 41, 104 (depth 4.81)... Let's look at his neighborhood...
 * The extracted matrix is:
[LINE 4]		4.14		nan 		nan 		nan 		nan 		
[LINE 3]		4.34		4.53		4.69		nan 		nan 		
[LINE 2]		4.56		4.7 		-inf		4.87		nan 		
[LINE 1]		-inf		4.98		4.98		4.96		4.88		
[LINE 0]		-inf		5.21		5.17		5.12		5.01		
 * Ranking:
 ---> {'coords': (0, 1), 'dir': 'SW', 'score': 0}
 ---> {'coords': (0, 1), 'dir': 'SW', 'score': 0}
 ---> {'coords': (0, 2), 'dir': 'S', 'score': 0}
 ---> {'coords': (0, 2), 'dir': 'S', 'score': 0}
 ---> {'coords': (0, 3), 'dir': 'SE', 'score': 1}
 ---> {'coords': (0, 3), 'dir': 'SE', 'score': 1}
 * Selected, based on ranking: {'coords': (0, 3), 'dir': 'SE', 'score': 1}
 * The candidate has value 5.21 and coords (0, 3)
 * Checking direction:
 ---> Trend is: NW
 ---> Complex Trend is: {'NW': 4, 'N': 5.5, 'W': 4.0, 'NE': 1, 'E': 0.5}
 ---> Allowed dirs based on Complex Trend are: ['NW', 'N', 'NE']
 ---> Direction SE IS NOT ok! Last was NE [last 10: ['NW', 'NW', 'NW', 'NW', 'W', 'N', 'W', 'N', 'N', 'NE']] -- Modifying matrix...
[LINE 4]		4.14		nan 		nan 		nan 		nan 		
[LINE 3]		4.34		4.53		4.69		nan 		nan 		
[LINE 2]		4.56		4.7 		-inf		4.87		nan 		
[LINE 1]		-inf		4.98		4.98		4.96		4.88		
[LINE 0]		-inf		5.21		5.17		nan 		5.01		
 * Ranking:
 ---> {'coords': (0, 1), 'dir': 'SW', 'score': 0}
 ---> {'coords': (0, 1), 'dir': 'SW', 'score': 0}
 ---> {'coords': (0, 2), 'dir': 'S', 'score': 0}
 ---> {'coords': (0, 2), 'dir': 'S', 'score': 0}
 * Selected, based on ranking: {'coords': (0, 1), 'dir': 'SW', 'score': 0}
 * The candidate has value 5.21 and coords (0, 1)
 * Checking direction:
 ---> Trend is: NW
 ---> Complex Trend is: {'NW': 4, 'N': 5.5, 'W': 4.0, 'NE': 1, 'E': 0.5}
 ---> Allowed dirs based on Complex Trend are: ['NW', 'N', 'NE']
 ---> Direction SW IS NOT ok! Last was NE [last 10: ['NW', 'NW', 'NW', 'NW', 'W', 'N', 'W', 'N', 'N', 'NE']] -- Modifying matrix...
[LINE 4]		4.14		nan 		nan 		nan 		nan 		
[LINE 3]		4.34		4.53		4.69		nan 		nan 		
[LINE 2]		4.56		4.7 		-inf		4.87		nan 		
[LINE 1]		-inf		4.98		4.98		4.96		4.88		
[LINE 0]		-inf		nan 		5.17		nan 		5.01		
 * Ranking:
 ---> {'coords': (0, 2), 'dir': 'S', 'score': 0}
 ---> {'coords': (0, 2), 'dir': 'S', 'score': 0}
 * Selected, based on ranking: {'coords': (0, 2), 'dir': 'S', 'score': 0}
 * The candidate has value 5.17 and coords (0, 2)
 * Checking direction:
 ---> Trend is: NW
 ---> Complex Trend is: {'NW': 4, 'N': 5.5, 'W': 4.0, 'NE': 1, 'E': 0.5}
 ---> Allowed dirs based on Complex Trend are: ['NW', 'N', 'NE']
 ---> Direction S IS NOT ok! Last was NE [last 10: ['NW', 'NW', 'NW', 'NW', 'W', 'N', 'W', 'N', 'N', 'NE']] -- Modifying matrix...
[LINE 4]		4.14		nan 		nan 		nan 		nan 		
[LINE 3]		4.34		4.53		4.69		nan 		nan 		
[LINE 2]		4.56		4.7 		-inf		4.87		nan 		
[LINE 1]		-inf		4.98		4.98		4.96		4.88		
[LINE 0]		-inf		nan 		nan 		nan 		5.01		
 * Ranking:
 ---> {'coords': (0, 4), 'dir': 'SE', 'score': 1}
 ---> {'coords': (0, 4), 'dir': 'SE', 'score': 1}
 ---> {'coords': (1, 1), 'dir': 'SW', 'score': 0}
 ---> {'coords': (1, 1), 'dir': 'SW', 'score': 0}
 ---> {'coords': (1, 2), 'dir': 'S', 'score': 0}
 ---> {'coords': (1, 2), 'dir': 'S', 'score': 0}
 ---> {'coords': (1, 3), 'dir': 'SE', 'score': 1}
 ---> {'coords': (1, 3), 'dir': 'SE', 'score': 1}
 * Selected, based on ranking: {'coords': (0, 4), 'dir': 'SE', 'score': 1}
 * The candidate has value 5.01 and coords (0, 4)
 * Checking direction:
 ---> Trend is: NW
 ---> Complex Trend is: {'NW': 4, 'N': 5.5, 'W': 4.0, 'NE': 1, 'E': 0.5}
 ---> Allowed dirs based on Complex Trend are: ['NW', 'N', 'NE']
 ---> Direction SE IS NOT ok! Last was NE [last 10: ['NW', 'NW', 'NW', 'NW', 'W', 'N', 'W', 'N', 'N', 'NE']] -- Modifying matrix...
[LINE 4]		4.14		nan 		nan 		nan 		nan 		
[LINE 3]		4.34		4.53		4.69		nan 		nan 		
[LINE 2]		4.56		4.7 		-inf		4.87		nan 		
[LINE 1]		-inf		4.98		4.98		4.96		4.88		
[LINE 0]		-inf		nan 		nan 		nan 		nan 		
 * Ranking:
 ---> {'coords': (1, 1), 'dir': 'SW', 'score': 0}
 ---> {'coords': (1, 1), 'dir': 'SW', 'score': 0}
 ---> {'coords': (1, 2), 'dir': 'S', 'score': 0}
 ---> {'coords': (1, 2), 'dir': 'S', 'score': 0}
 ---> {'coords': (1, 3), 'dir': 'SE', 'score': 1}
 ---> {'coords': (1, 3), 'dir': 'SE', 'score': 1}
 ---> {'coords': (1, 4), 'dir': 'SE', 'score': 1}
 ---> {'coords': (1, 4), 'dir': 'SE', 'score': 1}
 * Selected, based on ranking: {'coords': (1, 3), 'dir': 'SE', 'score': 1}
 * The candidate has value 4.98 and coords (1, 3)
 * Checking direction:
 ---> Trend is: NW
 ---> Complex Trend is: {'NW': 4, 'N': 5.5, 'W': 4.0, 'NE': 1, 'E': 0.5}
 ---> Allowed dirs based on Complex Trend are: ['NW', 'N', 'NE']
 ---> Direction SE IS NOT ok! Last was NE [last 10: ['NW', 'NW', 'NW', 'NW', 'W', 'N', 'W', 'N', 'N', 'NE']] -- Modifying matrix...
[LINE 4]		4.14		nan 		nan 		nan 		nan 		
[LINE 3]		4.34		4.53		4.69		nan 		nan 		
[LINE 2]		4.56		4.7 		-inf		4.87		nan 		
[LINE 1]		-inf		4.98		4.98		nan 		4.88		
[LINE 0]		-inf		nan 		nan 		nan 		nan 		
 * Ranking:
 ---> {'coords': (1, 1), 'dir': 'SW', 'score': 0}
 ---> {'coords': (1, 1), 'dir': 'SW', 'score': 0}
 ---> {'coords': (1, 2), 'dir': 'S', 'score': 0}
 ---> {'coords': (1, 2), 'dir': 'S', 'score': 0}
 ---> {'coords': (1, 4), 'dir': 'SE', 'score': 1}
 ---> {'coords': (1, 4), 'dir': 'SE', 'score': 1}
 * Selected, based on ranking: {'coords': (1, 4), 'dir': 'SE', 'score': 1}
 * The candidate has value 4.98 and coords (1, 4)
 * Checking direction:
 ---> Trend is: NW
 ---> Complex Trend is: {'NW': 4, 'N': 5.5, 'W': 4.0, 'NE': 1, 'E': 0.5}
 ---> Allowed dirs based on Complex Trend are: ['NW', 'N', 'NE']
 ---> Direction SE IS NOT ok! Last was NE [last 10: ['NW', 'NW', 'NW', 'NW', 'W', 'N', 'W', 'N', 'N', 'NE']] -- Modifying matrix...
[LINE 4]		4.14		nan 		nan 		nan 		nan 		
[LINE 3]		4.34		4.53		4.69		nan 		nan 		
[LINE 2]		4.56		4.7 		-inf		4.87		nan 		
[LINE 1]		-inf		4.98		4.98		nan 		nan 		
[LINE 0]		-inf		nan 		nan 		nan 		nan 		
 * Ranking:
 ---> {'coords': (1, 1), 'dir': 'SW', 'score': 0}
 ---> {'coords': (1, 1), 'dir': 'SW', 'score': 0}
 ---> {'coords': (1, 2), 'dir': 'S', 'score': 0}
 ---> {'coords': (1, 2), 'dir': 'S', 'score': 0}
 * Selected, based on ranking: {'coords': (1, 1), 'dir': 'SW', 'score': 0}
 * The candidate has value 4.98 and coords (1, 1)
 * Checking direction:
 ---> Trend is: NW
 ---> Complex Trend is: {'NW': 4, 'N': 5.5, 'W': 4.0, 'NE': 1, 'E': 0.5}
 ---> Allowed dirs based on Complex Trend are: ['NW', 'N', 'NE']
 ---> Direction SW IS NOT ok! Last was NE [last 10: ['NW', 'NW', 'NW', 'NW', 'W', 'N', 'W', 'N', 'N', 'NE']] -- Modifying matrix...
[LINE 4]		4.14		nan 		nan 		nan 		nan 		
[LINE 3]		4.34		4.53		4.69		nan 		nan 		
[LINE 2]		4.56		4.7 		-inf		4.87		nan 		
[LINE 1]		-inf		nan 		4.98		nan 		nan 		
[LINE 0]		-inf		nan 		nan 		nan 		nan 		
 * Ranking:
 ---> {'coords': (1, 2), 'dir': 'S', 'score': 0}
 ---> {'coords': (1, 2), 'dir': 'S', 'score': 0}
 * Selected, based on ranking: {'coords': (1, 2), 'dir': 'S', 'score': 0}
 * The candidate has value 4.98 and coords (1, 2)
 * Checking direction:
 ---> Trend is: NW
 ---> Complex Trend is: {'NW': 4, 'N': 5.5, 'W': 4.0, 'NE': 1, 'E': 0.5}
 ---> Allowed dirs based on Complex Trend are: ['NW', 'N', 'NE']
 ---> Direction S IS NOT ok! Last was NE [last 10: ['NW', 'NW', 'NW', 'NW', 'W', 'N', 'W', 'N', 'N', 'NE']] -- Modifying matrix...
[LINE 4]		4.14		nan 		nan 		nan 		nan 		
[LINE 3]		4.34		4.53		4.69		nan 		nan 		
[LINE 2]		4.56		4.7 		-inf		4.87		nan 		
[LINE 1]		-inf		nan 		nan 		nan 		nan 		
[LINE 0]		-inf		nan 		nan 		nan 		nan 		
 * Ranking:
 ---> {'coords': (2, 3), 'dir': 'E', 'score': 5}
 ---> {'coords': (2, 3), 'dir': 'E', 'score': 5}
 * Selected, based on ranking: {'coords': (2, 3), 'dir': 'E', 'score': 5}
 * The candidate has value 4.87 and coords (2, 3)
 * Checking direction:
 ---> Trend is: NW
 ---> Complex Trend is: {'NW': 4, 'N': 5.5, 'W': 4.0, 'NE': 1, 'E': 0.5}
 ---> Allowed dirs based on Complex Trend are: ['NW', 'N', 'NE']
 ---> Direction E IS NOT ok! Last was NE [last 10: ['NW', 'NW', 'NW', 'NW', 'W', 'N', 'W', 'N', 'N', 'NE']] -- Modifying matrix...
[LINE 4]		4.14		nan 		nan 		nan 		nan 		
[LINE 3]		4.34		4.53		4.69		nan 		nan 		
[LINE 2]		4.56		4.7 		-inf		nan 		nan 		
[LINE 1]		-inf		nan 		nan 		nan 		nan 		
[LINE 0]		-inf		nan 		nan 		nan 		nan 		
 * Ranking:
 ---> {'coords': (2, 1), 'dir': 'W', 'score': 0}
 ---> {'coords': (2, 1), 'dir': 'W', 'score': 0}
 ---> {'coords': (3, 2), 'dir': 'N', 'score': 15}
 ---> {'coords': (3, 2), 'dir': 'N', 'score': 15}
 * Selected, based on ranking: {'coords': (3, 2), 'dir': 'N', 'score': 15}
 * The candidate has value 4.7 and coords (3, 2)
 * Checking direction:
 ---> Trend is: NW
 ---> Complex Trend is: {'NW': 4, 'N': 5.5, 'W': 4.0, 'NE': 1, 'E': 0.5}
 ---> Allowed dirs based on Complex Trend are: ['NW', 'N', 'NE']
 ---> Direction N ok (last was NE)! -- [Last 10: ['NW', 'NW', 'NW', 'NW', 'W', 'N', 'W', 'N', 'N', 'NE']]
 * Selected element is (3, 2) with value 4.7
Next element is N with direction 4.69
New matrix will be centered on 42,104 with depth 4.69
TREND IS ('N', {'N': 6.0, 'NW': 3, 'W': 3.5, 'NE': 1, 'E': 0.5}) --- (['NW', 'NW', 'NW', 'W', 'N', 'W', 'N', 'N', 'NE', 'N'])
============================================================
Iteration 14 with LAT_IDX: 42 and LON_IDX: 104 with DEPTH 4.685232
 * Adding to the thalweg 42, 104 (depth 4.69)... Let's look at his neighborhood...
 * The extracted matrix is:
[LINE 4]		nan 		nan 		nan 		nan 		nan 		
[LINE 3]		4.14		nan 		nan 		nan 		nan 		
[LINE 2]		4.34		4.53		-inf		nan 		nan 		
[LINE 1]		4.56		4.7 		-inf		4.87		nan 		
[LINE 0]		-inf		4.98		4.98		4.96		4.88		
 * Ranking:
 ---> {'coords': (0, 1), 'dir': 'SW', 'score': 0}
 ---> {'coords': (0, 1), 'dir': 'SW', 'score': 0}
 ---> {'coords': (0, 2), 'dir': 'S', 'score': 0}
 ---> {'coords': (0, 2), 'dir': 'S', 'score': 0}
 ---> {'coords': (0, 3), 'dir': 'SE', 'score': 0}
 ---> {'coords': (0, 3), 'dir': 'SE', 'score': 0}
 ---> {'coords': (0, 4), 'dir': 'SE', 'score': 0}
 ---> {'coords': (0, 4), 'dir': 'SE', 'score': 0}
 * Selected, based on ranking: {'coords': (0, 1), 'dir': 'SW', 'score': 0}
 * The candidate has value 4.98 and coords (0, 1)
 * Checking direction:
 ---> Trend is: N
 ---> Complex Trend is: {'N': 6.0, 'NW': 3, 'W': 3.5, 'NE': 1, 'E': 0.5}
 ---> Allowed dirs based on Complex Trend are: ['NW', 'N', 'NE']
 ---> Direction SW IS NOT ok! Last was N [last 10: ['NW', 'NW', 'NW', 'W', 'N', 'W', 'N', 'N', 'NE', 'N']] -- Modifying matrix...
[LINE 4]		nan 		nan 		nan 		nan 		nan 		
[LINE 3]		4.14		nan 		nan 		nan 		nan 		
[LINE 2]		4.34		4.53		-inf		nan 		nan 		
[LINE 1]		4.56		4.7 		-inf		4.87		nan 		
[LINE 0]		-inf		nan 		4.98		4.96		4.88		
 * Ranking:
 ---> {'coords': (0, 2), 'dir': 'S', 'score': 0}
 ---> {'coords': (0, 2), 'dir': 'S', 'score': 0}
 ---> {'coords': (0, 3), 'dir': 'SE', 'score': 0}
 ---> {'coords': (0, 3), 'dir': 'SE', 'score': 0}
 ---> {'coords': (0, 4), 'dir': 'SE', 'score': 0}
 ---> {'coords': (0, 4), 'dir': 'SE', 'score': 0}
 * Selected, based on ranking: {'coords': (0, 2), 'dir': 'S', 'score': 0}
 * The candidate has value 4.98 and coords (0, 2)
 * Checking direction:
 ---> Trend is: N
 ---> Complex Trend is: {'N': 6.0, 'NW': 3, 'W': 3.5, 'NE': 1, 'E': 0.5}
 ---> Allowed dirs based on Complex Trend are: ['NW', 'N', 'NE']
 ---> Direction S IS NOT ok! Last was N [last 10: ['NW', 'NW', 'NW', 'W', 'N', 'W', 'N', 'N', 'NE', 'N']] -- Modifying matrix...
[LINE 4]		nan 		nan 		nan 		nan 		nan 		
[LINE 3]		4.14		nan 		nan 		nan 		nan 		
[LINE 2]		4.34		4.53		-inf		nan 		nan 		
[LINE 1]		4.56		4.7 		-inf		4.87		nan 		
[LINE 0]		-inf		nan 		nan 		4.96		4.88		
 * Ranking:
 ---> {'coords': (0, 3), 'dir': 'SE', 'score': 0}
 ---> {'coords': (0, 3), 'dir': 'SE', 'score': 0}
 ---> {'coords': (0, 4), 'dir': 'SE', 'score': 0}
 ---> {'coords': (0, 4), 'dir': 'SE', 'score': 0}
 ---> {'coords': (1, 3), 'dir': 'SE', 'score': 0}
 ---> {'coords': (1, 3), 'dir': 'SE', 'score': 0}
 * Selected, based on ranking: {'coords': (0, 3), 'dir': 'SE', 'score': 0}
 * The candidate has value 4.96 and coords (0, 3)
 * Checking direction:
 ---> Trend is: N
 ---> Complex Trend is: {'N': 6.0, 'NW': 3, 'W': 3.5, 'NE': 1, 'E': 0.5}
 ---> Allowed dirs based on Complex Trend are: ['NW', 'N', 'NE']
 ---> Direction SE IS NOT ok! Last was N [last 10: ['NW', 'NW', 'NW', 'W', 'N', 'W', 'N', 'N', 'NE', 'N']] -- Modifying matrix...
[LINE 4]		nan 		nan 		nan 		nan 		nan 		
[LINE 3]		4.14		nan 		nan 		nan 		nan 		
[LINE 2]		4.34		4.53		-inf		nan 		nan 		
[LINE 1]		4.56		4.7 		-inf		4.87		nan 		
[LINE 0]		-inf		nan 		nan 		nan 		4.88		
 * Ranking:
 ---> {'coords': (0, 4), 'dir': 'SE', 'score': 0}
 ---> {'coords': (0, 4), 'dir': 'SE', 'score': 0}
 ---> {'coords': (1, 3), 'dir': 'SE', 'score': 0}
 ---> {'coords': (1, 3), 'dir': 'SE', 'score': 0}
 * Selected, based on ranking: {'coords': (0, 4), 'dir': 'SE', 'score': 0}
 * The candidate has value 4.88 and coords (0, 4)
 * Checking direction:
 ---> Trend is: N
 ---> Complex Trend is: {'N': 6.0, 'NW': 3, 'W': 3.5, 'NE': 1, 'E': 0.5}
 ---> Allowed dirs based on Complex Trend are: ['NW', 'N', 'NE']
 ---> Direction SE IS NOT ok! Last was N [last 10: ['NW', 'NW', 'NW', 'W', 'N', 'W', 'N', 'N', 'NE', 'N']] -- Modifying matrix...
[LINE 4]		nan 		nan 		nan 		nan 		nan 		
[LINE 3]		4.14		nan 		nan 		nan 		nan 		
[LINE 2]		4.34		4.53		-inf		nan 		nan 		
[LINE 1]		4.56		4.7 		-inf		4.87		nan 		
[LINE 0]		-inf		nan 		nan 		nan 		nan 		
 * Ranking:
 ---> {'coords': (1, 3), 'dir': 'SE', 'score': 0}
 ---> {'coords': (1, 3), 'dir': 'SE', 'score': 0}
 * Selected, based on ranking: {'coords': (1, 3), 'dir': 'SE', 'score': 0}
 * The candidate has value 4.87 and coords (1, 3)
 * Checking direction:
 ---> Trend is: N
 ---> Complex Trend is: {'N': 6.0, 'NW': 3, 'W': 3.5, 'NE': 1, 'E': 0.5}
 ---> Allowed dirs based on Complex Trend are: ['NW', 'N', 'NE']
 ---> Direction SE IS NOT ok! Last was N [last 10: ['NW', 'NW', 'NW', 'W', 'N', 'W', 'N', 'N', 'NE', 'N']] -- Modifying matrix...
[LINE 4]		nan 		nan 		nan 		nan 		nan 		
[LINE 3]		4.14		nan 		nan 		nan 		nan 		
[LINE 2]		4.34		4.53		-inf		nan 		nan 		
[LINE 1]		4.56		4.7 		-inf		nan 		nan 		
[LINE 0]		-inf		nan 		nan 		nan 		nan 		
 * Ranking:
 ---> {'coords': (1, 1), 'dir': 'SW', 'score': 0}
 ---> {'coords': (1, 1), 'dir': 'SW', 'score': 0}
 * Selected, based on ranking: {'coords': (1, 1), 'dir': 'SW', 'score': 0}
 * The candidate has value 4.7 and coords (1, 1)
 * Checking direction:
 ---> Trend is: N
 ---> Complex Trend is: {'N': 6.0, 'NW': 3, 'W': 3.5, 'NE': 1, 'E': 0.5}
 ---> Allowed dirs based on Complex Trend are: ['NW', 'N', 'NE']
 ---> Direction SW IS NOT ok! Last was N [last 10: ['NW', 'NW', 'NW', 'W', 'N', 'W', 'N', 'N', 'NE', 'N']] -- Modifying matrix...
[LINE 4]		nan 		nan 		nan 		nan 		nan 		
[LINE 3]		4.14		nan 		nan 		nan 		nan 		
[LINE 2]		4.34		4.53		-inf		nan 		nan 		
[LINE 1]		4.56		nan 		-inf		nan 		nan 		
[LINE 0]		-inf		nan 		nan 		nan 		nan 		
 * Ranking:
 ---> {'coords': (1, 0), 'dir': 'SW', 'score': 0}
 ---> {'coords': (1, 0), 'dir': 'SW', 'score': 0}
 ---> {'coords': (2, 1), 'dir': 'W', 'score': 1}
 ---> {'coords': (2, 1), 'dir': 'W', 'score': 1}
 * Selected, based on ranking: {'coords': (2, 1), 'dir': 'W', 'score': 1}
 * The candidate has value 4.56 and coords (2, 1)
 * Checking direction:
 ---> Trend is: N
 ---> Complex Trend is: {'N': 6.0, 'NW': 3, 'W': 3.5, 'NE': 1, 'E': 0.5}
 ---> Allowed dirs based on Complex Trend are: ['NW', 'N', 'NE']
 ---> Direction W IS NOT ok! Last was N [last 10: ['NW', 'NW', 'NW', 'W', 'N', 'W', 'N', 'N', 'NE', 'N']] -- Modifying matrix...
[LINE 4]		nan 		nan 		nan 		nan 		nan 		
[LINE 3]		4.14		nan 		nan 		nan 		nan 		
[LINE 2]		4.34		nan 		-inf		nan 		nan 		
[LINE 1]		4.56		nan 		-inf		nan 		nan 		
[LINE 0]		-inf		nan 		nan 		nan 		nan 		
 * Ranking:
 ---> {'coords': (1, 0), 'dir': 'SW', 'score': 0}
 ---> {'coords': (1, 0), 'dir': 'SW', 'score': 0}
 * Selected, based on ranking: {'coords': (1, 0), 'dir': 'SW', 'score': 0}
 * The candidate has value 4.56 and coords (1, 0)
 * Checking direction:
 ---> Trend is: N
 ---> Complex Trend is: {'N': 6.0, 'NW': 3, 'W': 3.5, 'NE': 1, 'E': 0.5}
 ---> Allowed dirs based on Complex Trend are: ['NW', 'N', 'NE']
 ---> Direction SW IS NOT ok! Last was N [last 10: ['NW', 'NW', 'NW', 'W', 'N', 'W', 'N', 'N', 'NE', 'N']] -- Modifying matrix...
[LINE 4]		nan 		nan 		nan 		nan 		nan 		
[LINE 3]		4.14		nan 		nan 		nan 		nan 		
[LINE 2]		4.34		nan 		-inf		nan 		nan 		
[LINE 1]		nan 		nan 		-inf		nan 		nan 		
[LINE 0]		-inf		nan 		nan 		nan 		nan 		
 * Ranking:
 ---> {'coords': (2, 0), 'dir': 'W', 'score': 1}
 ---> {'coords': (2, 0), 'dir': 'W', 'score': 1}
 * Selected, based on ranking: {'coords': (2, 0), 'dir': 'W', 'score': 1}
 * The candidate has value 4.34 and coords (2, 0)
 * Checking direction:
 ---> Trend is: N
 ---> Complex Trend is: {'N': 6.0, 'NW': 3, 'W': 3.5, 'NE': 1, 'E': 0.5}
 ---> Allowed dirs based on Complex Trend are: ['NW', 'N', 'NE']
 ---> Direction W IS NOT ok! Last was N [last 10: ['NW', 'NW', 'NW', 'W', 'N', 'W', 'N', 'N', 'NE', 'N']] -- Modifying matrix...
[LINE 4]		nan 		nan 		nan 		nan 		nan 		
[LINE 3]		4.14		nan 		nan 		nan 		nan 		
[LINE 2]		nan 		nan 		-inf		nan 		nan 		
[LINE 1]		nan 		nan 		-inf		nan 		nan 		
[LINE 0]		-inf		nan 		nan 		nan 		nan 		
 * Ranking:
 ---> {'coords': (3, 0), 'dir': 'NW', 'score': 15}
 ---> {'coords': (3, 0), 'dir': 'NW', 'score': 15}
 * Selected, based on ranking: {'coords': (3, 0), 'dir': 'NW', 'score': 15}
 * The candidate has value 4.14 and coords (3, 0)
 * Checking direction:
 ---> Trend is: N
 ---> Complex Trend is: {'N': 6.0, 'NW': 3, 'W': 3.5, 'NE': 1, 'E': 0.5}
 ---> Allowed dirs based on Complex Trend are: ['NW', 'N', 'NE']
 ---> Direction NW ok (last was N)! -- [Last 10: ['NW', 'NW', 'NW', 'W', 'N', 'W', 'N', 'N', 'NE', 'N']]
 * Selected element is (3, 0) with value 4.14
Next element is NW with direction 4.14
New matrix will be centered on 43,102 with depth 4.14
TREND IS ('N', {'N': 6.0, 'NW': 3, 'W': 3.5, 'NE': 1, 'E': 0.5}) --- (['NW', 'NW', 'W', 'N', 'W', 'N', 'N', 'NE', 'N', 'NW'])
============================================================
Iteration 15 with LAT_IDX: 43 and LON_IDX: 102 with DEPTH 4.141021
 * Adding to the thalweg 43, 102 (depth 4.14)... Let's look at his neighborhood...
 * The extracted matrix is:
[LINE 4]		nan 		nan 		nan 		nan 		nan 		
[LINE 3]		3.44		nan 		nan 		nan 		nan 		
[LINE 2]		3.67		3.89		-inf		nan 		nan 		
[LINE 1]		3.88		4.11		4.34		4.53		-inf		
[LINE 0]		4.16		4.36		4.56		4.7 		-inf		
 * Ranking:
 ---> {'coords': (0, 3), 'dir': 'SE', 'score': 0}
 ---> {'coords': (0, 3), 'dir': 'SE', 'score': 0}
 * Selected, based on ranking: {'coords': (0, 3), 'dir': 'SE', 'score': 0}
 * The candidate has value 4.7 and coords (0, 3)
 * Checking direction:
 ---> Trend is: N
 ---> Complex Trend is: {'N': 6.0, 'NW': 3, 'W': 3.5, 'NE': 1, 'E': 0.5}
 ---> Allowed dirs based on Complex Trend are: ['NW', 'N', 'NE']
 ---> Direction SE IS NOT ok! Last was NW [last 10: ['NW', 'NW', 'W', 'N', 'W', 'N', 'N', 'NE', 'N', 'NW']] -- Modifying matrix...
[LINE 4]		nan 		nan 		nan 		nan 		nan 		
[LINE 3]		3.44		nan 		nan 		nan 		nan 		
[LINE 2]		3.67		3.89		-inf		nan 		nan 		
[LINE 1]		3.88		4.11		4.34		4.53		-inf		
[LINE 0]		4.16		4.36		4.56		nan 		-inf		
 * Ranking:
 ---> {'coords': (0, 2), 'dir': 'S', 'score': 0}
 ---> {'coords': (0, 2), 'dir': 'S', 'score': 0}
 ---> {'coords': (1, 3), 'dir': 'SE', 'score': 0}
 ---> {'coords': (1, 3), 'dir': 'SE', 'score': 0}
 * Selected, based on ranking: {'coords': (0, 2), 'dir': 'S', 'score': 0}
 * The candidate has value 4.56 and coords (0, 2)
 * Checking direction:
 ---> Trend is: N
 ---> Complex Trend is: {'N': 6.0, 'NW': 3, 'W': 3.5, 'NE': 1, 'E': 0.5}
 ---> Allowed dirs based on Complex Trend are: ['NW', 'N', 'NE']
 ---> Direction S IS NOT ok! Last was NW [last 10: ['NW', 'NW', 'W', 'N', 'W', 'N', 'N', 'NE', 'N', 'NW']] -- Modifying matrix...
[LINE 4]		nan 		nan 		nan 		nan 		nan 		
[LINE 3]		3.44		nan 		nan 		nan 		nan 		
[LINE 2]		3.67		3.89		-inf		nan 		nan 		
[LINE 1]		3.88		4.11		4.34		4.53		-inf		
[LINE 0]		4.16		4.36		nan 		nan 		-inf		
 * Ranking:
 ---> {'coords': (1, 3), 'dir': 'SE', 'score': 0}
 ---> {'coords': (1, 3), 'dir': 'SE', 'score': 0}
 * Selected, based on ranking: {'coords': (1, 3), 'dir': 'SE', 'score': 0}
 * The candidate has value 4.53 and coords (1, 3)
 * Checking direction:
 ---> Trend is: N
 ---> Complex Trend is: {'N': 6.0, 'NW': 3, 'W': 3.5, 'NE': 1, 'E': 0.5}
 ---> Allowed dirs based on Complex Trend are: ['NW', 'N', 'NE']
 ---> Direction SE IS NOT ok! Last was NW [last 10: ['NW', 'NW', 'W', 'N', 'W', 'N', 'N', 'NE', 'N', 'NW']] -- Modifying matrix...
[LINE 4]		nan 		nan 		nan 		nan 		nan 		
[LINE 3]		3.44		nan 		nan 		nan 		nan 		
[LINE 2]		3.67		3.89		-inf		nan 		nan 		
[LINE 1]		3.88		4.11		4.34		nan 		-inf		
[LINE 0]		4.16		4.36		nan 		nan 		-inf		
 * Ranking:
 ---> {'coords': (0, 1), 'dir': 'SW', 'score': 1}
 ---> {'coords': (0, 1), 'dir': 'SW', 'score': 1}
 ---> {'coords': (1, 2), 'dir': 'S', 'score': 0}
 ---> {'coords': (1, 2), 'dir': 'S', 'score': 0}
 * Selected, based on ranking: {'coords': (0, 1), 'dir': 'SW', 'score': 1}
 * The candidate has value 4.36 and coords (0, 1)
 * Checking direction:
 ---> Trend is: N
 ---> Complex Trend is: {'N': 6.0, 'NW': 3, 'W': 3.5, 'NE': 1, 'E': 0.5}
 ---> Allowed dirs based on Complex Trend are: ['NW', 'N', 'NE']
 ---> Direction SW IS NOT ok! Last was NW [last 10: ['NW', 'NW', 'W', 'N', 'W', 'N', 'N', 'NE', 'N', 'NW']] -- Modifying matrix...
[LINE 4]		nan 		nan 		nan 		nan 		nan 		
[LINE 3]		3.44		nan 		nan 		nan 		nan 		
[LINE 2]		3.67		3.89		-inf		nan 		nan 		
[LINE 1]		3.88		4.11		4.34		nan 		-inf		
[LINE 0]		4.16		nan 		nan 		nan 		-inf		
 * Ranking:
 ---> {'coords': (1, 2), 'dir': 'S', 'score': 0}
 ---> {'coords': (1, 2), 'dir': 'S', 'score': 0}
 * Selected, based on ranking: {'coords': (1, 2), 'dir': 'S', 'score': 0}
 * The candidate has value 4.34 and coords (1, 2)
 * Checking direction:
 ---> Trend is: N
 ---> Complex Trend is: {'N': 6.0, 'NW': 3, 'W': 3.5, 'NE': 1, 'E': 0.5}
 ---> Allowed dirs based on Complex Trend are: ['NW', 'N', 'NE']
 ---> Direction S IS NOT ok! Last was NW [last 10: ['NW', 'NW', 'W', 'N', 'W', 'N', 'N', 'NE', 'N', 'NW']] -- Modifying matrix...
[LINE 4]		nan 		nan 		nan 		nan 		nan 		
[LINE 3]		3.44		nan 		nan 		nan 		nan 		
[LINE 2]		3.67		3.89		-inf		nan 		nan 		
[LINE 1]		3.88		4.11		nan 		nan 		-inf		
[LINE 0]		4.16		nan 		nan 		nan 		-inf		
 * Ranking:
 ---> {'coords': (0, 0), 'dir': 'SW', 'score': 1}
 ---> {'coords': (0, 0), 'dir': 'SW', 'score': 1}
 ---> {'coords': (1, 1), 'dir': 'SW', 'score': 1}
 ---> {'coords': (1, 1), 'dir': 'SW', 'score': 1}
 * Selected, based on ranking: {'coords': (0, 0), 'dir': 'SW', 'score': 1}
 * The candidate has value 4.16 and coords (0, 0)
 * Checking direction:
 ---> Trend is: N
 ---> Complex Trend is: {'N': 6.0, 'NW': 3, 'W': 3.5, 'NE': 1, 'E': 0.5}
 ---> Allowed dirs based on Complex Trend are: ['NW', 'N', 'NE']
 ---> Direction SW IS NOT ok! Last was NW [last 10: ['NW', 'NW', 'W', 'N', 'W', 'N', 'N', 'NE', 'N', 'NW']] -- Modifying matrix...
[LINE 4]		nan 		nan 		nan 		nan 		nan 		
[LINE 3]		3.44		nan 		nan 		nan 		nan 		
[LINE 2]		3.67		3.89		-inf		nan 		nan 		
[LINE 1]		3.88		4.11		nan 		nan 		-inf		
[LINE 0]		nan 		nan 		nan 		nan 		-inf		
 * Ranking:
 ---> {'coords': (1, 1), 'dir': 'SW', 'score': 1}
 ---> {'coords': (1, 1), 'dir': 'SW', 'score': 1}
 * Selected, based on ranking: {'coords': (1, 1), 'dir': 'SW', 'score': 1}
 * The candidate has value 4.11 and coords (1, 1)
 * Checking direction:
 ---> Trend is: N
 ---> Complex Trend is: {'N': 6.0, 'NW': 3, 'W': 3.5, 'NE': 1, 'E': 0.5}
 ---> Allowed dirs based on Complex Trend are: ['NW', 'N', 'NE']
 ---> Direction SW IS NOT ok! Last was NW [last 10: ['NW', 'NW', 'W', 'N', 'W', 'N', 'N', 'NE', 'N', 'NW']] -- Modifying matrix...
[LINE 4]		nan 		nan 		nan 		nan 		nan 		
[LINE 3]		3.44		nan 		nan 		nan 		nan 		
[LINE 2]		3.67		3.89		-inf		nan 		nan 		
[LINE 1]		3.88		nan 		nan 		nan 		-inf		
[LINE 0]		nan 		nan 		nan 		nan 		-inf		
 * Ranking:
 ---> {'coords': (1, 0), 'dir': 'SW', 'score': 1}
 ---> {'coords': (1, 0), 'dir': 'SW', 'score': 1}
 ---> {'coords': (2, 1), 'dir': 'W', 'score': 5}
 ---> {'coords': (2, 1), 'dir': 'W', 'score': 5}
 * Selected, based on ranking: {'coords': (2, 1), 'dir': 'W', 'score': 5}
 * The candidate has value 3.89 and coords (2, 1)
 * Checking direction:
 ---> Trend is: N
 ---> Complex Trend is: {'N': 6.0, 'NW': 3, 'W': 3.5, 'NE': 1, 'E': 0.5}
 ---> Allowed dirs based on Complex Trend are: ['NW', 'N', 'NE']
 ---> Direction W IS NOT ok! Last was NW [last 10: ['NW', 'NW', 'W', 'N', 'W', 'N', 'N', 'NE', 'N', 'NW']] -- Modifying matrix...
[LINE 4]		nan 		nan 		nan 		nan 		nan 		
[LINE 3]		3.44		nan 		nan 		nan 		nan 		
[LINE 2]		3.67		nan 		-inf		nan 		nan 		
[LINE 1]		3.88		nan 		nan 		nan 		-inf		
[LINE 0]		nan 		nan 		nan 		nan 		-inf		
 * Ranking:
 ---> {'coords': (1, 0), 'dir': 'SW', 'score': 1}
 ---> {'coords': (1, 0), 'dir': 'SW', 'score': 1}
 * Selected, based on ranking: {'coords': (1, 0), 'dir': 'SW', 'score': 1}
 * The candidate has value 3.88 and coords (1, 0)
 * Checking direction:
 ---> Trend is: N
 ---> Complex Trend is: {'N': 6.0, 'NW': 3, 'W': 3.5, 'NE': 1, 'E': 0.5}
 ---> Allowed dirs based on Complex Trend are: ['NW', 'N', 'NE']
 ---> Direction SW IS NOT ok! Last was NW [last 10: ['NW', 'NW', 'W', 'N', 'W', 'N', 'N', 'NE', 'N', 'NW']] -- Modifying matrix...
[LINE 4]		nan 		nan 		nan 		nan 		nan 		
[LINE 3]		3.44		nan 		nan 		nan 		nan 		
[LINE 2]		3.67		nan 		-inf		nan 		nan 		
[LINE 1]		nan 		nan 		nan 		nan 		-inf		
[LINE 0]		nan 		nan 		nan 		nan 		-inf		
 * Ranking:
 ---> {'coords': (2, 0), 'dir': 'W', 'score': 5}
 ---> {'coords': (2, 0), 'dir': 'W', 'score': 5}
 * Selected, based on ranking: {'coords': (2, 0), 'dir': 'W', 'score': 5}
 * The candidate has value 3.67 and coords (2, 0)
 * Checking direction:
 ---> Trend is: N
 ---> Complex Trend is: {'N': 6.0, 'NW': 3, 'W': 3.5, 'NE': 1, 'E': 0.5}
 ---> Allowed dirs based on Complex Trend are: ['NW', 'N', 'NE']
 ---> Direction W IS NOT ok! Last was NW [last 10: ['NW', 'NW', 'W', 'N', 'W', 'N', 'N', 'NE', 'N', 'NW']] -- Modifying matrix...
[LINE 4]		nan 		nan 		nan 		nan 		nan 		
[LINE 3]		3.44		nan 		nan 		nan 		nan 		
[LINE 2]		nan 		nan 		-inf		nan 		nan 		
[LINE 1]		nan 		nan 		nan 		nan 		-inf		
[LINE 0]		nan 		nan 		nan 		nan 		-inf		
 * Ranking:
 ---> {'coords': (3, 0), 'dir': 'NW', 'score': 19}
 ---> {'coords': (3, 0), 'dir': 'NW', 'score': 19}
 * Selected, based on ranking: {'coords': (3, 0), 'dir': 'NW', 'score': 19}
 * The candidate has value 3.44 and coords (3, 0)
 * Checking direction:
 ---> Trend is: N
 ---> Complex Trend is: {'N': 6.0, 'NW': 3, 'W': 3.5, 'NE': 1, 'E': 0.5}
 ---> Allowed dirs based on Complex Trend are: ['NW', 'N', 'NE']
 ---> Direction NW ok (last was NW)! -- [Last 10: ['NW', 'NW', 'W', 'N', 'W', 'N', 'N', 'NE', 'N', 'NW']]
 * Selected element is (3, 0) with value 3.44
Next element is NW with direction 3.44
New matrix will be centered on 44,100 with depth 3.44
TREND IS ('N', {'N': 6.0, 'NW': 3, 'W': 3.5, 'NE': 1, 'E': 0.5}) --- (['NW', 'W', 'N', 'W', 'N', 'N', 'NE', 'N', 'NW', 'NW'])
============================================================
Iteration 16 with LAT_IDX: 44 and LON_IDX: 100 with DEPTH 3.4445333
 * Adding to the thalweg 44, 100 (depth 3.44)... Let's look at his neighborhood...
 * The extracted matrix is:
[LINE 4]		nan 		nan 		nan 		nan 		nan 		
[LINE 3]		2.49		2.82		nan 		nan 		nan 		
[LINE 2]		2.7 		3.05		-inf		nan 		nan 		
[LINE 1]		3.01		3.35		3.67		3.89		-inf		
[LINE 0]		3.38		3.68		3.88		4.11		4.34		
 * Ranking:
 ---> {'coords': (0, 4), 'dir': 'SE', 'score': 0}
 ---> {'coords': (0, 4), 'dir': 'SE', 'score': 0}
 * Selected, based on ranking: {'coords': (0, 4), 'dir': 'SE', 'score': 0}
 * The candidate has value 4.34 and coords (0, 4)
 * Checking direction:
 ---> Trend is: N
 ---> Complex Trend is: {'N': 6.0, 'NW': 3, 'W': 3.5, 'NE': 1, 'E': 0.5}
 ---> Allowed dirs based on Complex Trend are: ['NW', 'N', 'NE']
 ---> Direction SE IS NOT ok! Last was NW [last 10: ['NW', 'W', 'N', 'W', 'N', 'N', 'NE', 'N', 'NW', 'NW']] -- Modifying matrix...
[LINE 4]		nan 		nan 		nan 		nan 		nan 		
[LINE 3]		2.49		2.82		nan 		nan 		nan 		
[LINE 2]		2.7 		3.05		-inf		nan 		nan 		
[LINE 1]		3.01		3.35		3.67		3.89		-inf		
[LINE 0]		3.38		3.68		3.88		4.11		nan 		
 * Ranking:
 ---> {'coords': (0, 3), 'dir': 'SE', 'score': 0}
 ---> {'coords': (0, 3), 'dir': 'SE', 'score': 0}
 * Selected, based on ranking: {'coords': (0, 3), 'dir': 'SE', 'score': 0}
 * The candidate has value 4.11 and coords (0, 3)
 * Checking direction:
 ---> Trend is: N
 ---> Complex Trend is: {'N': 6.0, 'NW': 3, 'W': 3.5, 'NE': 1, 'E': 0.5}
 ---> Allowed dirs based on Complex Trend are: ['NW', 'N', 'NE']
 ---> Direction SE IS NOT ok! Last was NW [last 10: ['NW', 'W', 'N', 'W', 'N', 'N', 'NE', 'N', 'NW', 'NW']] -- Modifying matrix...
[LINE 4]		nan 		nan 		nan 		nan 		nan 		
[LINE 3]		2.49		2.82		nan 		nan 		nan 		
[LINE 2]		2.7 		3.05		-inf		nan 		nan 		
[LINE 1]		3.01		3.35		3.67		3.89		-inf		
[LINE 0]		3.38		3.68		3.88		nan 		nan 		
 * Ranking:
 ---> {'coords': (0, 2), 'dir': 'S', 'score': 0}
 ---> {'coords': (0, 2), 'dir': 'S', 'score': 0}
 ---> {'coords': (1, 3), 'dir': 'SE', 'score': 0}
 ---> {'coords': (1, 3), 'dir': 'SE', 'score': 0}
 * Selected, based on ranking: {'coords': (0, 2), 'dir': 'S', 'score': 0}
 * The candidate has value 3.89 and coords (0, 2)
 * Checking direction:
 ---> Trend is: N
 ---> Complex Trend is: {'N': 6.0, 'NW': 3, 'W': 3.5, 'NE': 1, 'E': 0.5}
 ---> Allowed dirs based on Complex Trend are: ['NW', 'N', 'NE']
 ---> Direction S IS NOT ok! Last was NW [last 10: ['NW', 'W', 'N', 'W', 'N', 'N', 'NE', 'N', 'NW', 'NW']] -- Modifying matrix...
[LINE 4]		nan 		nan 		nan 		nan 		nan 		
[LINE 3]		2.49		2.82		nan 		nan 		nan 		
[LINE 2]		2.7 		3.05		-inf		nan 		nan 		
[LINE 1]		3.01		3.35		3.67		3.89		-inf		
[LINE 0]		3.38		3.68		nan 		nan 		nan 		
 * Ranking:
 ---> {'coords': (1, 3), 'dir': 'SE', 'score': 0}
 ---> {'coords': (1, 3), 'dir': 'SE', 'score': 0}
 * Selected, based on ranking: {'coords': (1, 3), 'dir': 'SE', 'score': 0}
 * The candidate has value 3.89 and coords (1, 3)
 * Checking direction:
 ---> Trend is: N
 ---> Complex Trend is: {'N': 6.0, 'NW': 3, 'W': 3.5, 'NE': 1, 'E': 0.5}
 ---> Allowed dirs based on Complex Trend are: ['NW', 'N', 'NE']
 ---> Direction SE IS NOT ok! Last was NW [last 10: ['NW', 'W', 'N', 'W', 'N', 'N', 'NE', 'N', 'NW', 'NW']] -- Modifying matrix...
[LINE 4]		nan 		nan 		nan 		nan 		nan 		
[LINE 3]		2.49		2.82		nan 		nan 		nan 		
[LINE 2]		2.7 		3.05		-inf		nan 		nan 		
[LINE 1]		3.01		3.35		3.67		nan 		-inf		
[LINE 0]		3.38		3.68		nan 		nan 		nan 		
 * Ranking:
 ---> {'coords': (0, 1), 'dir': 'SW', 'score': 1}
 ---> {'coords': (0, 1), 'dir': 'SW', 'score': 1}
 ---> {'coords': (1, 2), 'dir': 'S', 'score': 0}
 ---> {'coords': (1, 2), 'dir': 'S', 'score': 0}
 * Selected, based on ranking: {'coords': (0, 1), 'dir': 'SW', 'score': 1}
 * The candidate has value 3.68 and coords (0, 1)
 * Checking direction:
 ---> Trend is: N
 ---> Complex Trend is: {'N': 6.0, 'NW': 3, 'W': 3.5, 'NE': 1, 'E': 0.5}
 ---> Allowed dirs based on Complex Trend are: ['NW', 'N', 'NE']
 ---> Direction SW IS NOT ok! Last was NW [last 10: ['NW', 'W', 'N', 'W', 'N', 'N', 'NE', 'N', 'NW', 'NW']] -- Modifying matrix...
[LINE 4]		nan 		nan 		nan 		nan 		nan 		
[LINE 3]		2.49		2.82		nan 		nan 		nan 		
[LINE 2]		2.7 		3.05		-inf		nan 		nan 		
[LINE 1]		3.01		3.35		3.67		nan 		-inf		
[LINE 0]		3.38		nan 		nan 		nan 		nan 		
 * Ranking:
 ---> {'coords': (1, 2), 'dir': 'S', 'score': 0}
 ---> {'coords': (1, 2), 'dir': 'S', 'score': 0}
 * Selected, based on ranking: {'coords': (1, 2), 'dir': 'S', 'score': 0}
 * The candidate has value 3.67 and coords (1, 2)
 * Checking direction:
 ---> Trend is: N
 ---> Complex Trend is: {'N': 6.0, 'NW': 3, 'W': 3.5, 'NE': 1, 'E': 0.5}
 ---> Allowed dirs based on Complex Trend are: ['NW', 'N', 'NE']
 ---> Direction S IS NOT ok! Last was NW [last 10: ['NW', 'W', 'N', 'W', 'N', 'N', 'NE', 'N', 'NW', 'NW']] -- Modifying matrix...
[LINE 4]		nan 		nan 		nan 		nan 		nan 		
[LINE 3]		2.49		2.82		nan 		nan 		nan 		
[LINE 2]		2.7 		3.05		-inf		nan 		nan 		
[LINE 1]		3.01		3.35		nan 		nan 		-inf		
[LINE 0]		3.38		nan 		nan 		nan 		nan 		
 * Ranking:
 ---> {'coords': (0, 0), 'dir': 'SW', 'score': 1}
 ---> {'coords': (0, 0), 'dir': 'SW', 'score': 1}
 ---> {'coords': (1, 1), 'dir': 'SW', 'score': 1}
 ---> {'coords': (1, 1), 'dir': 'SW', 'score': 1}
 * Selected, based on ranking: {'coords': (0, 0), 'dir': 'SW', 'score': 1}
 * The candidate has value 3.38 and coords (0, 0)
 * Checking direction:
 ---> Trend is: N
 ---> Complex Trend is: {'N': 6.0, 'NW': 3, 'W': 3.5, 'NE': 1, 'E': 0.5}
 ---> Allowed dirs based on Complex Trend are: ['NW', 'N', 'NE']
 ---> Direction SW IS NOT ok! Last was NW [last 10: ['NW', 'W', 'N', 'W', 'N', 'N', 'NE', 'N', 'NW', 'NW']] -- Modifying matrix...
[LINE 4]		nan 		nan 		nan 		nan 		nan 		
[LINE 3]		2.49		2.82		nan 		nan 		nan 		
[LINE 2]		2.7 		3.05		-inf		nan 		nan 		
[LINE 1]		3.01		3.35		nan 		nan 		-inf		
[LINE 0]		nan 		nan 		nan 		nan 		nan 		
 * Ranking:
 ---> {'coords': (1, 1), 'dir': 'SW', 'score': 1}
 ---> {'coords': (1, 1), 'dir': 'SW', 'score': 1}
 * Selected, based on ranking: {'coords': (1, 1), 'dir': 'SW', 'score': 1}
 * The candidate has value 3.35 and coords (1, 1)
 * Checking direction:
 ---> Trend is: N
 ---> Complex Trend is: {'N': 6.0, 'NW': 3, 'W': 3.5, 'NE': 1, 'E': 0.5}
 ---> Allowed dirs based on Complex Trend are: ['NW', 'N', 'NE']
 ---> Direction SW IS NOT ok! Last was NW [last 10: ['NW', 'W', 'N', 'W', 'N', 'N', 'NE', 'N', 'NW', 'NW']] -- Modifying matrix...
[LINE 4]		nan 		nan 		nan 		nan 		nan 		
[LINE 3]		2.49		2.82		nan 		nan 		nan 		
[LINE 2]		2.7 		3.05		-inf		nan 		nan 		
[LINE 1]		3.01		nan 		nan 		nan 		-inf		
[LINE 0]		nan 		nan 		nan 		nan 		nan 		
 * Ranking:
 ---> {'coords': (1, 0), 'dir': 'SW', 'score': 1}
 ---> {'coords': (1, 0), 'dir': 'SW', 'score': 1}
 ---> {'coords': (2, 1), 'dir': 'W', 'score': 5}
 ---> {'coords': (2, 1), 'dir': 'W', 'score': 5}
 * Selected, based on ranking: {'coords': (2, 1), 'dir': 'W', 'score': 5}
 * The candidate has value 3.05 and coords (2, 1)
 * Checking direction:
 ---> Trend is: N
 ---> Complex Trend is: {'N': 6.0, 'NW': 3, 'W': 3.5, 'NE': 1, 'E': 0.5}
 ---> Allowed dirs based on Complex Trend are: ['NW', 'N', 'NE']
 ---> Direction W IS NOT ok! Last was NW [last 10: ['NW', 'W', 'N', 'W', 'N', 'N', 'NE', 'N', 'NW', 'NW']] -- Modifying matrix...
[LINE 4]		nan 		nan 		nan 		nan 		nan 		
[LINE 3]		2.49		2.82		nan 		nan 		nan 		
[LINE 2]		2.7 		nan 		-inf		nan 		nan 		
[LINE 1]		3.01		nan 		nan 		nan 		-inf		
[LINE 0]		nan 		nan 		nan 		nan 		nan 		
 * Ranking:
 ---> {'coords': (1, 0), 'dir': 'SW', 'score': 1}
 ---> {'coords': (1, 0), 'dir': 'SW', 'score': 1}
 * Selected, based on ranking: {'coords': (1, 0), 'dir': 'SW', 'score': 1}
 * The candidate has value 3.01 and coords (1, 0)
 * Checking direction:
 ---> Trend is: N
 ---> Complex Trend is: {'N': 6.0, 'NW': 3, 'W': 3.5, 'NE': 1, 'E': 0.5}
 ---> Allowed dirs based on Complex Trend are: ['NW', 'N', 'NE']
 ---> Direction SW IS NOT ok! Last was NW [last 10: ['NW', 'W', 'N', 'W', 'N', 'N', 'NE', 'N', 'NW', 'NW']] -- Modifying matrix...
[LINE 4]		nan 		nan 		nan 		nan 		nan 		
[LINE 3]		2.49		2.82		nan 		nan 		nan 		
[LINE 2]		2.7 		nan 		-inf		nan 		nan 		
[LINE 1]		nan 		nan 		nan 		nan 		-inf		
[LINE 0]		nan 		nan 		nan 		nan 		nan 		
 * Ranking:
 ---> {'coords': (3, 1), 'dir': 'NW', 'score': 19}
 ---> {'coords': (3, 1), 'dir': 'NW', 'score': 19}
 * Selected, based on ranking: {'coords': (3, 1), 'dir': 'NW', 'score': 19}
 * The candidate has value 2.82 and coords (3, 1)
 * Checking direction:
 ---> Trend is: N
 ---> Complex Trend is: {'N': 6.0, 'NW': 3, 'W': 3.5, 'NE': 1, 'E': 0.5}
 ---> Allowed dirs based on Complex Trend are: ['NW', 'N', 'NE']
 ---> Direction NW ok (last was NW)! -- [Last 10: ['NW', 'W', 'N', 'W', 'N', 'N', 'NE', 'N', 'NW', 'NW']]
 * Selected element is (3, 1) with value 2.82
Next element is NW with direction 2.82
New matrix will be centered on 45,99 with depth 2.82
TREND IS ('N', {'N': 6.0, 'NW': 3, 'W': 3.5, 'NE': 1, 'E': 0.5}) --- (['W', 'N', 'W', 'N', 'N', 'NE', 'N', 'NW', 'NW', 'NW'])
============================================================
Iteration 17 with LAT_IDX: 45 and LON_IDX: 99 with DEPTH 2.8226395
 * Adding to the thalweg 45, 99 (depth 2.82)... Let's look at his neighborhood...
 * The extracted matrix is:
[LINE 4]		nan 		nan 		nan 		nan 		nan 		
[LINE 3]		1.93		nan 		nan 		nan 		nan 		
[LINE 2]		2.16		2.49		-inf		nan 		nan 		
[LINE 1]		2.44		2.7 		3.05		-inf		nan 		
[LINE 0]		2.67		3.01		3.35		3.67		3.89		
 * Ranking:
 ---> {'coords': (0, 4), 'dir': 'SE', 'score': 0}
 ---> {'coords': (0, 4), 'dir': 'SE', 'score': 0}
 * Selected, based on ranking: {'coords': (0, 4), 'dir': 'SE', 'score': 0}
 * The candidate has value 3.89 and coords (0, 4)
 * Checking direction:
 ---> Trend is: N
 ---> Complex Trend is: {'N': 6.0, 'NW': 3, 'W': 3.5, 'NE': 1, 'E': 0.5}
 ---> Allowed dirs based on Complex Trend are: ['NW', 'N', 'NE']
 ---> Direction SE IS NOT ok! Last was NW [last 10: ['W', 'N', 'W', 'N', 'N', 'NE', 'N', 'NW', 'NW', 'NW']] -- Modifying matrix...
[LINE 4]		nan 		nan 		nan 		nan 		nan 		
[LINE 3]		1.93		nan 		nan 		nan 		nan 		
[LINE 2]		2.16		2.49		-inf		nan 		nan 		
[LINE 1]		2.44		2.7 		3.05		-inf		nan 		
[LINE 0]		2.67		3.01		3.35		3.67		nan 		
 * Ranking:
 ---> {'coords': (0, 3), 'dir': 'SE', 'score': 0}
 ---> {'coords': (0, 3), 'dir': 'SE', 'score': 0}
 * Selected, based on ranking: {'coords': (0, 3), 'dir': 'SE', 'score': 0}
 * The candidate has value 3.67 and coords (0, 3)
 * Checking direction:
 ---> Trend is: N
 ---> Complex Trend is: {'N': 6.0, 'NW': 3, 'W': 3.5, 'NE': 1, 'E': 0.5}
 ---> Allowed dirs based on Complex Trend are: ['NW', 'N', 'NE']
 ---> Direction SE IS NOT ok! Last was NW [last 10: ['W', 'N', 'W', 'N', 'N', 'NE', 'N', 'NW', 'NW', 'NW']] -- Modifying matrix...
[LINE 4]		nan 		nan 		nan 		nan 		nan 		
[LINE 3]		1.93		nan 		nan 		nan 		nan 		
[LINE 2]		2.16		2.49		-inf		nan 		nan 		
[LINE 1]		2.44		2.7 		3.05		-inf		nan 		
[LINE 0]		2.67		3.01		3.35		nan 		nan 		
 * Ranking:
 ---> {'coords': (0, 2), 'dir': 'S', 'score': 0}
 ---> {'coords': (0, 2), 'dir': 'S', 'score': 0}
 * Selected, based on ranking: {'coords': (0, 2), 'dir': 'S', 'score': 0}
 * The candidate has value 3.35 and coords (0, 2)
 * Checking direction:
 ---> Trend is: N
 ---> Complex Trend is: {'N': 6.0, 'NW': 3, 'W': 3.5, 'NE': 1, 'E': 0.5}
 ---> Allowed dirs based on Complex Trend are: ['NW', 'N', 'NE']
 ---> Direction S IS NOT ok! Last was NW [last 10: ['W', 'N', 'W', 'N', 'N', 'NE', 'N', 'NW', 'NW', 'NW']] -- Modifying matrix...
[LINE 4]		nan 		nan 		nan 		nan 		nan 		
[LINE 3]		1.93		nan 		nan 		nan 		nan 		
[LINE 2]		2.16		2.49		-inf		nan 		nan 		
[LINE 1]		2.44		2.7 		3.05		-inf		nan 		
[LINE 0]		2.67		3.01		nan 		nan 		nan 		
 * Ranking:
 ---> {'coords': (0, 1), 'dir': 'SW', 'score': 1}
 ---> {'coords': (0, 1), 'dir': 'SW', 'score': 1}
 ---> {'coords': (1, 2), 'dir': 'S', 'score': 0}
 ---> {'coords': (1, 2), 'dir': 'S', 'score': 0}
 * Selected, based on ranking: {'coords': (0, 1), 'dir': 'SW', 'score': 1}
 * The candidate has value 3.05 and coords (0, 1)
 * Checking direction:
 ---> Trend is: N
 ---> Complex Trend is: {'N': 6.0, 'NW': 3, 'W': 3.5, 'NE': 1, 'E': 0.5}
 ---> Allowed dirs based on Complex Trend are: ['NW', 'N', 'NE']
 ---> Direction SW IS NOT ok! Last was NW [last 10: ['W', 'N', 'W', 'N', 'N', 'NE', 'N', 'NW', 'NW', 'NW']] -- Modifying matrix...
[LINE 4]		nan 		nan 		nan 		nan 		nan 		
[LINE 3]		1.93		nan 		nan 		nan 		nan 		
[LINE 2]		2.16		2.49		-inf		nan 		nan 		
[LINE 1]		2.44		2.7 		3.05		-inf		nan 		
[LINE 0]		2.67		nan 		nan 		nan 		nan 		
 * Ranking:
 ---> {'coords': (1, 2), 'dir': 'S', 'score': 0}
 ---> {'coords': (1, 2), 'dir': 'S', 'score': 0}
 * Selected, based on ranking: {'coords': (1, 2), 'dir': 'S', 'score': 0}
 * The candidate has value 3.05 and coords (1, 2)
 * Checking direction:
 ---> Trend is: N
 ---> Complex Trend is: {'N': 6.0, 'NW': 3, 'W': 3.5, 'NE': 1, 'E': 0.5}
 ---> Allowed dirs based on Complex Trend are: ['NW', 'N', 'NE']
 ---> Direction S IS NOT ok! Last was NW [last 10: ['W', 'N', 'W', 'N', 'N', 'NE', 'N', 'NW', 'NW', 'NW']] -- Modifying matrix...
[LINE 4]		nan 		nan 		nan 		nan 		nan 		
[LINE 3]		1.93		nan 		nan 		nan 		nan 		
[LINE 2]		2.16		2.49		-inf		nan 		nan 		
[LINE 1]		2.44		2.7 		nan 		-inf		nan 		
[LINE 0]		2.67		nan 		nan 		nan 		nan 		
 * Ranking:
 ---> {'coords': (0, 0), 'dir': 'SW', 'score': 1}
 ---> {'coords': (0, 0), 'dir': 'SW', 'score': 1}
 ---> {'coords': (1, 1), 'dir': 'SW', 'score': 1}
 ---> {'coords': (1, 1), 'dir': 'SW', 'score': 1}
 * Selected, based on ranking: {'coords': (0, 0), 'dir': 'SW', 'score': 1}
 * The candidate has value 2.7 and coords (0, 0)
 * Checking direction:
 ---> Trend is: N
 ---> Complex Trend is: {'N': 6.0, 'NW': 3, 'W': 3.5, 'NE': 1, 'E': 0.5}
 ---> Allowed dirs based on Complex Trend are: ['NW', 'N', 'NE']
 ---> Direction SW IS NOT ok! Last was NW [last 10: ['W', 'N', 'W', 'N', 'N', 'NE', 'N', 'NW', 'NW', 'NW']] -- Modifying matrix...
[LINE 4]		nan 		nan 		nan 		nan 		nan 		
[LINE 3]		1.93		nan 		nan 		nan 		nan 		
[LINE 2]		2.16		2.49		-inf		nan 		nan 		
[LINE 1]		2.44		2.7 		nan 		-inf		nan 		
[LINE 0]		nan 		nan 		nan 		nan 		nan 		
 * Ranking:
 ---> {'coords': (1, 1), 'dir': 'SW', 'score': 1}
 ---> {'coords': (1, 1), 'dir': 'SW', 'score': 1}
 * Selected, based on ranking: {'coords': (1, 1), 'dir': 'SW', 'score': 1}
 * The candidate has value 2.7 and coords (1, 1)
 * Checking direction:
 ---> Trend is: N
 ---> Complex Trend is: {'N': 6.0, 'NW': 3, 'W': 3.5, 'NE': 1, 'E': 0.5}
 ---> Allowed dirs based on Complex Trend are: ['NW', 'N', 'NE']
 ---> Direction SW IS NOT ok! Last was NW [last 10: ['W', 'N', 'W', 'N', 'N', 'NE', 'N', 'NW', 'NW', 'NW']] -- Modifying matrix...
[LINE 4]		nan 		nan 		nan 		nan 		nan 		
[LINE 3]		1.93		nan 		nan 		nan 		nan 		
[LINE 2]		2.16		2.49		-inf		nan 		nan 		
[LINE 1]		2.44		nan 		nan 		-inf		nan 		
[LINE 0]		nan 		nan 		nan 		nan 		nan 		
 * Ranking:
 ---> {'coords': (1, 0), 'dir': 'SW', 'score': 1}
 ---> {'coords': (1, 0), 'dir': 'SW', 'score': 1}
 ---> {'coords': (2, 1), 'dir': 'W', 'score': 5}
 ---> {'coords': (2, 1), 'dir': 'W', 'score': 5}
 * Selected, based on ranking: {'coords': (2, 1), 'dir': 'W', 'score': 5}
 * The candidate has value 2.49 and coords (2, 1)
 * Checking direction:
 ---> Trend is: N
 ---> Complex Trend is: {'N': 6.0, 'NW': 3, 'W': 3.5, 'NE': 1, 'E': 0.5}
 ---> Allowed dirs based on Complex Trend are: ['NW', 'N', 'NE']
 ---> Direction W IS NOT ok! Last was NW [last 10: ['W', 'N', 'W', 'N', 'N', 'NE', 'N', 'NW', 'NW', 'NW']] -- Modifying matrix...
[LINE 4]		nan 		nan 		nan 		nan 		nan 		
[LINE 3]		1.93		nan 		nan 		nan 		nan 		
[LINE 2]		2.16		nan 		-inf		nan 		nan 		
[LINE 1]		2.44		nan 		nan 		-inf		nan 		
[LINE 0]		nan 		nan 		nan 		nan 		nan 		
 * Ranking:
 ---> {'coords': (1, 0), 'dir': 'SW', 'score': 1}
 ---> {'coords': (1, 0), 'dir': 'SW', 'score': 1}
 * Selected, based on ranking: {'coords': (1, 0), 'dir': 'SW', 'score': 1}
 * The candidate has value 2.44 and coords (1, 0)
 * Checking direction:
 ---> Trend is: N
 ---> Complex Trend is: {'N': 6.0, 'NW': 3, 'W': 3.5, 'NE': 1, 'E': 0.5}
 ---> Allowed dirs based on Complex Trend are: ['NW', 'N', 'NE']
 ---> Direction SW IS NOT ok! Last was NW [last 10: ['W', 'N', 'W', 'N', 'N', 'NE', 'N', 'NW', 'NW', 'NW']] -- Modifying matrix...
[LINE 4]		nan 		nan 		nan 		nan 		nan 		
[LINE 3]		1.93		nan 		nan 		nan 		nan 		
[LINE 2]		2.16		nan 		-inf		nan 		nan 		
[LINE 1]		nan 		nan 		nan 		-inf		nan 		
[LINE 0]		nan 		nan 		nan 		nan 		nan 		
 * Ranking:
 ---> {'coords': (2, 0), 'dir': 'W', 'score': 5}
 ---> {'coords': (2, 0), 'dir': 'W', 'score': 5}
 * Selected, based on ranking: {'coords': (2, 0), 'dir': 'W', 'score': 5}
 * The candidate has value 2.16 and coords (2, 0)
 * Checking direction:
 ---> Trend is: N
 ---> Complex Trend is: {'N': 6.0, 'NW': 3, 'W': 3.5, 'NE': 1, 'E': 0.5}
 ---> Allowed dirs based on Complex Trend are: ['NW', 'N', 'NE']
 ---> Direction W IS NOT ok! Last was NW [last 10: ['W', 'N', 'W', 'N', 'N', 'NE', 'N', 'NW', 'NW', 'NW']] -- Modifying matrix...
[LINE 4]		nan 		nan 		nan 		nan 		nan 		
[LINE 3]		1.93		nan 		nan 		nan 		nan 		
[LINE 2]		nan 		nan 		-inf		nan 		nan 		
[LINE 1]		nan 		nan 		nan 		-inf		nan 		
[LINE 0]		nan 		nan 		nan 		nan 		nan 		
 * Ranking:
 ---> {'coords': (3, 0), 'dir': 'NW', 'score': 19}
 ---> {'coords': (3, 0), 'dir': 'NW', 'score': 19}
 * Selected, based on ranking: {'coords': (3, 0), 'dir': 'NW', 'score': 19}
 * The candidate has value 1.93 and coords (3, 0)
 * Checking direction:
 ---> Trend is: N
 ---> Complex Trend is: {'N': 6.0, 'NW': 3, 'W': 3.5, 'NE': 1, 'E': 0.5}
 ---> Allowed dirs based on Complex Trend are: ['NW', 'N', 'NE']
 ---> Direction NW ok (last was NW)! -- [Last 10: ['W', 'N', 'W', 'N', 'N', 'NE', 'N', 'NW', 'NW', 'NW']]
 * Selected element is (3, 0) with value 1.93
Next element is NW with direction 1.93
New matrix will be centered on 46,97 with depth 1.93
TREND IS ('N', {'N': 6.5, 'NW': 4, 'W': 3.0, 'NE': 1, 'E': 0.5}) --- (['N', 'W', 'N', 'N', 'NE', 'N', 'NW', 'NW', 'NW', 'NW'])
============================================================
Iteration 18 with LAT_IDX: 46 and LON_IDX: 97 with DEPTH 1.9264871
 * Adding to the thalweg 46, 97 (depth 1.93)... Let's look at his neighborhood...
 * The extracted matrix is:
[LINE 4]		1.52		nan 		nan 		nan 		nan 		
[LINE 3]		1.58		1.64		nan 		nan 		nan 		
[LINE 2]		1.68		1.77		-inf		nan 		nan 		
[LINE 1]		1.82		1.93		2.16		2.49		-inf		
[LINE 0]		2.03		2.19		2.44		2.7 		3.05		
 * Ranking:
 ---> {'coords': (0, 4), 'dir': 'SE', 'score': 0}
 ---> {'coords': (0, 4), 'dir': 'SE', 'score': 0}
 * Selected, based on ranking: {'coords': (0, 4), 'dir': 'SE', 'score': 0}
 * The candidate has value 3.05 and coords (0, 4)
 * Checking direction:
 ---> Trend is: N
 ---> Complex Trend is: {'N': 6.5, 'NW': 4, 'W': 3.0, 'NE': 1, 'E': 0.5}
 ---> Allowed dirs based on Complex Trend are: ['NW', 'N', 'NE']
 ---> Direction SE IS NOT ok! Last was NW [last 10: ['N', 'W', 'N', 'N', 'NE', 'N', 'NW', 'NW', 'NW', 'NW']] -- Modifying matrix...
[LINE 4]		1.52		nan 		nan 		nan 		nan 		
[LINE 3]		1.58		1.64		nan 		nan 		nan 		
[LINE 2]		1.68		1.77		-inf		nan 		nan 		
[LINE 1]		1.82		1.93		2.16		2.49		-inf		
[LINE 0]		2.03		2.19		2.44		2.7 		nan 		
 * Ranking:
 ---> {'coords': (0, 3), 'dir': 'SE', 'score': 0}
 ---> {'coords': (0, 3), 'dir': 'SE', 'score': 0}
 * Selected, based on ranking: {'coords': (0, 3), 'dir': 'SE', 'score': 0}
 * The candidate has value 2.7 and coords (0, 3)
 * Checking direction:
 ---> Trend is: N
 ---> Complex Trend is: {'N': 6.5, 'NW': 4, 'W': 3.0, 'NE': 1, 'E': 0.5}
 ---> Allowed dirs based on Complex Trend are: ['NW', 'N', 'NE']
 ---> Direction SE IS NOT ok! Last was NW [last 10: ['N', 'W', 'N', 'N', 'NE', 'N', 'NW', 'NW', 'NW', 'NW']] -- Modifying matrix...
[LINE 4]		1.52		nan 		nan 		nan 		nan 		
[LINE 3]		1.58		1.64		nan 		nan 		nan 		
[LINE 2]		1.68		1.77		-inf		nan 		nan 		
[LINE 1]		1.82		1.93		2.16		2.49		-inf		
[LINE 0]		2.03		2.19		2.44		nan 		nan 		
 * Ranking:
 ---> {'coords': (0, 2), 'dir': 'S', 'score': 0}
 ---> {'coords': (0, 2), 'dir': 'S', 'score': 0}
 ---> {'coords': (1, 3), 'dir': 'SE', 'score': 0}
 ---> {'coords': (1, 3), 'dir': 'SE', 'score': 0}
 * Selected, based on ranking: {'coords': (0, 2), 'dir': 'S', 'score': 0}
 * The candidate has value 2.49 and coords (0, 2)
 * Checking direction:
 ---> Trend is: N
 ---> Complex Trend is: {'N': 6.5, 'NW': 4, 'W': 3.0, 'NE': 1, 'E': 0.5}
 ---> Allowed dirs based on Complex Trend are: ['NW', 'N', 'NE']
 ---> Direction S IS NOT ok! Last was NW [last 10: ['N', 'W', 'N', 'N', 'NE', 'N', 'NW', 'NW', 'NW', 'NW']] -- Modifying matrix...
[LINE 4]		1.52		nan 		nan 		nan 		nan 		
[LINE 3]		1.58		1.64		nan 		nan 		nan 		
[LINE 2]		1.68		1.77		-inf		nan 		nan 		
[LINE 1]		1.82		1.93		2.16		2.49		-inf		
[LINE 0]		2.03		2.19		nan 		nan 		nan 		
 * Ranking:
 ---> {'coords': (1, 3), 'dir': 'SE', 'score': 0}
 ---> {'coords': (1, 3), 'dir': 'SE', 'score': 0}
 * Selected, based on ranking: {'coords': (1, 3), 'dir': 'SE', 'score': 0}
 * The candidate has value 2.49 and coords (1, 3)
 * Checking direction:
 ---> Trend is: N
 ---> Complex Trend is: {'N': 6.5, 'NW': 4, 'W': 3.0, 'NE': 1, 'E': 0.5}
 ---> Allowed dirs based on Complex Trend are: ['NW', 'N', 'NE']
 ---> Direction SE IS NOT ok! Last was NW [last 10: ['N', 'W', 'N', 'N', 'NE', 'N', 'NW', 'NW', 'NW', 'NW']] -- Modifying matrix...
[LINE 4]		1.52		nan 		nan 		nan 		nan 		
[LINE 3]		1.58		1.64		nan 		nan 		nan 		
[LINE 2]		1.68		1.77		-inf		nan 		nan 		
[LINE 1]		1.82		1.93		2.16		nan 		-inf		
[LINE 0]		2.03		2.19		nan 		nan 		nan 		
 * Ranking:
 ---> {'coords': (0, 1), 'dir': 'SW', 'score': 1}
 ---> {'coords': (0, 1), 'dir': 'SW', 'score': 1}
 ---> {'coords': (1, 2), 'dir': 'S', 'score': 0}
 ---> {'coords': (1, 2), 'dir': 'S', 'score': 0}
 * Selected, based on ranking: {'coords': (0, 1), 'dir': 'SW', 'score': 1}
 * The candidate has value 2.19 and coords (0, 1)
 * Checking direction:
 ---> Trend is: N
 ---> Complex Trend is: {'N': 6.5, 'NW': 4, 'W': 3.0, 'NE': 1, 'E': 0.5}
 ---> Allowed dirs based on Complex Trend are: ['NW', 'N', 'NE']
 ---> Direction SW IS NOT ok! Last was NW [last 10: ['N', 'W', 'N', 'N', 'NE', 'N', 'NW', 'NW', 'NW', 'NW']] -- Modifying matrix...
[LINE 4]		1.52		nan 		nan 		nan 		nan 		
[LINE 3]		1.58		1.64		nan 		nan 		nan 		
[LINE 2]		1.68		1.77		-inf		nan 		nan 		
[LINE 1]		1.82		1.93		2.16		nan 		-inf		
[LINE 0]		2.03		nan 		nan 		nan 		nan 		
 * Ranking:
 ---> {'coords': (1, 2), 'dir': 'S', 'score': 0}
 ---> {'coords': (1, 2), 'dir': 'S', 'score': 0}
 * Selected, based on ranking: {'coords': (1, 2), 'dir': 'S', 'score': 0}
 * The candidate has value 2.16 and coords (1, 2)
 * Checking direction:
 ---> Trend is: N
 ---> Complex Trend is: {'N': 6.5, 'NW': 4, 'W': 3.0, 'NE': 1, 'E': 0.5}
 ---> Allowed dirs based on Complex Trend are: ['NW', 'N', 'NE']
 ---> Direction S IS NOT ok! Last was NW [last 10: ['N', 'W', 'N', 'N', 'NE', 'N', 'NW', 'NW', 'NW', 'NW']] -- Modifying matrix...
[LINE 4]		1.52		nan 		nan 		nan 		nan 		
[LINE 3]		1.58		1.64		nan 		nan 		nan 		
[LINE 2]		1.68		1.77		-inf		nan 		nan 		
[LINE 1]		1.82		1.93		nan 		nan 		-inf		
[LINE 0]		2.03		nan 		nan 		nan 		nan 		
 * Ranking:
 ---> {'coords': (0, 0), 'dir': 'SW', 'score': 1}
 ---> {'coords': (0, 0), 'dir': 'SW', 'score': 1}
 * Selected, based on ranking: {'coords': (0, 0), 'dir': 'SW', 'score': 1}
 * The candidate has value 2.03 and coords (0, 0)
 * Checking direction:
 ---> Trend is: N
 ---> Complex Trend is: {'N': 6.5, 'NW': 4, 'W': 3.0, 'NE': 1, 'E': 0.5}
 ---> Allowed dirs based on Complex Trend are: ['NW', 'N', 'NE']
 ---> Direction SW IS NOT ok! Last was NW [last 10: ['N', 'W', 'N', 'N', 'NE', 'N', 'NW', 'NW', 'NW', 'NW']] -- Modifying matrix...
[LINE 4]		1.52		nan 		nan 		nan 		nan 		
[LINE 3]		1.58		1.64		nan 		nan 		nan 		
[LINE 2]		1.68		1.77		-inf		nan 		nan 		
[LINE 1]		1.82		1.93		nan 		nan 		-inf		
[LINE 0]		nan 		nan 		nan 		nan 		nan 		
 * Ranking:
 ---> {'coords': (1, 1), 'dir': 'SW', 'score': 1}
 ---> {'coords': (1, 1), 'dir': 'SW', 'score': 1}
 * Selected, based on ranking: {'coords': (1, 1), 'dir': 'SW', 'score': 1}
 * The candidate has value 1.93 and coords (1, 1)
 * Checking direction:
 ---> Trend is: N
 ---> Complex Trend is: {'N': 6.5, 'NW': 4, 'W': 3.0, 'NE': 1, 'E': 0.5}
 ---> Allowed dirs based on Complex Trend are: ['NW', 'N', 'NE']
 ---> Direction SW IS NOT ok! Last was NW [last 10: ['N', 'W', 'N', 'N', 'NE', 'N', 'NW', 'NW', 'NW', 'NW']] -- Modifying matrix...
[LINE 4]		1.52		nan 		nan 		nan 		nan 		
[LINE 3]		1.58		1.64		nan 		nan 		nan 		
[LINE 2]		1.68		1.77		-inf		nan 		nan 		
[LINE 1]		1.82		nan 		nan 		nan 		-inf		
[LINE 0]		nan 		nan 		nan 		nan 		nan 		
 * Ranking:
 ---> {'coords': (1, 0), 'dir': 'SW', 'score': 1}
 ---> {'coords': (1, 0), 'dir': 'SW', 'score': 1}
 ---> {'coords': (2, 1), 'dir': 'W', 'score': 5}
 ---> {'coords': (2, 1), 'dir': 'W', 'score': 5}
 * Selected, based on ranking: {'coords': (2, 1), 'dir': 'W', 'score': 5}
 * The candidate has value 1.82 and coords (2, 1)
 * Checking direction:
 ---> Trend is: N
 ---> Complex Trend is: {'N': 6.5, 'NW': 4, 'W': 3.0, 'NE': 1, 'E': 0.5}
 ---> Allowed dirs based on Complex Trend are: ['NW', 'N', 'NE']
 ---> Direction W IS NOT ok! Last was NW [last 10: ['N', 'W', 'N', 'N', 'NE', 'N', 'NW', 'NW', 'NW', 'NW']] -- Modifying matrix...
[LINE 4]		1.52		nan 		nan 		nan 		nan 		
[LINE 3]		1.58		1.64		nan 		nan 		nan 		
[LINE 2]		1.68		nan 		-inf		nan 		nan 		
[LINE 1]		1.82		nan 		nan 		nan 		-inf		
[LINE 0]		nan 		nan 		nan 		nan 		nan 		
 * Ranking:
 ---> {'coords': (1, 0), 'dir': 'SW', 'score': 1}
 ---> {'coords': (1, 0), 'dir': 'SW', 'score': 1}
 * Selected, based on ranking: {'coords': (1, 0), 'dir': 'SW', 'score': 1}
 * The candidate has value 1.82 and coords (1, 0)
 * Checking direction:
 ---> Trend is: N
 ---> Complex Trend is: {'N': 6.5, 'NW': 4, 'W': 3.0, 'NE': 1, 'E': 0.5}
 ---> Allowed dirs based on Complex Trend are: ['NW', 'N', 'NE']
 ---> Direction SW IS NOT ok! Last was NW [last 10: ['N', 'W', 'N', 'N', 'NE', 'N', 'NW', 'NW', 'NW', 'NW']] -- Modifying matrix...
[LINE 4]		1.52		nan 		nan 		nan 		nan 		
[LINE 3]		1.58		1.64		nan 		nan 		nan 		
[LINE 2]		1.68		nan 		-inf		nan 		nan 		
[LINE 1]		nan 		nan 		nan 		nan 		-inf		
[LINE 0]		nan 		nan 		nan 		nan 		nan 		
 * Ranking:
 ---> {'coords': (2, 0), 'dir': 'W', 'score': 5}
 ---> {'coords': (2, 0), 'dir': 'W', 'score': 5}
 ---> {'coords': (3, 0), 'dir': 'NW', 'score': 19}
 ---> {'coords': (3, 0), 'dir': 'NW', 'score': 19}
 ---> {'coords': (3, 1), 'dir': 'NW', 'score': 19}
 ---> {'coords': (3, 1), 'dir': 'NW', 'score': 19}
 * Selected, based on ranking: {'coords': (3, 0), 'dir': 'NW', 'score': 19}
 * The candidate has value 1.68 and coords (3, 0)
 * Checking direction:
 ---> Trend is: N
 ---> Complex Trend is: {'N': 6.5, 'NW': 4, 'W': 3.0, 'NE': 1, 'E': 0.5}
 ---> Allowed dirs based on Complex Trend are: ['NW', 'N', 'NE']
 ---> Direction NW ok (last was NW)! -- [Last 10: ['N', 'W', 'N', 'N', 'NE', 'N', 'NW', 'NW', 'NW', 'NW']]
 * Selected element is (3, 0) with value 1.68
Next element is NW with direction 1.58
New matrix will be centered on 47,95 with depth 1.58
TREND IS ('NW', {'NW': 5, 'N': 6.0, 'W': 3.5, 'NE': 1, 'E': 0.5}) --- (['W', 'N', 'N', 'NE', 'N', 'NW', 'NW', 'NW', 'NW', 'NW'])
============================================================
Iteration 19 with LAT_IDX: 47 and LON_IDX: 95 with DEPTH 1.5769142
 * Adding to the thalweg 47, 95 (depth 1.58)... Let's look at his neighborhood...
 * The extracted matrix is:
[LINE 4]		1.56		nan 		nan 		nan 		nan 		
[LINE 3]		1.56		1.53		1.52		nan 		nan 		
[LINE 2]		1.62		1.58		-inf		1.64		nan 		
[LINE 1]		1.78		1.67		1.68		1.77		-inf		
[LINE 0]		1.96		1.84		1.82		1.93		2.16		
 * Ranking:
 ---> {'coords': (0, 4), 'dir': 'SE', 'score': 0}
 ---> {'coords': (0, 4), 'dir': 'SE', 'score': 0}
 * Selected, based on ranking: {'coords': (0, 4), 'dir': 'SE', 'score': 0}
 * The candidate has value 2.16 and coords (0, 4)
 * Checking direction:
 ---> Trend is: NW
 ---> Complex Trend is: {'NW': 5, 'N': 6.0, 'W': 3.5, 'NE': 1, 'E': 0.5}
 ---> Allowed dirs based on Complex Trend are: ['NW', 'N', 'NE']
 ---> Direction SE IS NOT ok! Last was NW [last 10: ['W', 'N', 'N', 'NE', 'N', 'NW', 'NW', 'NW', 'NW', 'NW']] -- Modifying matrix...
[LINE 4]		1.56		nan 		nan 		nan 		nan 		
[LINE 3]		1.56		1.53		1.52		nan 		nan 		
[LINE 2]		1.62		1.58		-inf		1.64		nan 		
[LINE 1]		1.78		1.67		1.68		1.77		-inf		
[LINE 0]		1.96		1.84		1.82		1.93		nan 		
 * Ranking:
 ---> {'coords': (0, 0), 'dir': 'SW', 'score': 1}
 ---> {'coords': (0, 0), 'dir': 'SW', 'score': 1}
 ---> {'coords': (0, 3), 'dir': 'SE', 'score': 0}
 ---> {'coords': (0, 3), 'dir': 'SE', 'score': 0}
 * Selected, based on ranking: {'coords': (0, 0), 'dir': 'SW', 'score': 1}
 * The candidate has value 1.96 and coords (0, 0)
 * Checking direction:
 ---> Trend is: NW
 ---> Complex Trend is: {'NW': 5, 'N': 6.0, 'W': 3.5, 'NE': 1, 'E': 0.5}
 ---> Allowed dirs based on Complex Trend are: ['NW', 'N', 'NE']
 ---> Direction SW IS NOT ok! Last was NW [last 10: ['W', 'N', 'N', 'NE', 'N', 'NW', 'NW', 'NW', 'NW', 'NW']] -- Modifying matrix...
[LINE 4]		1.56		nan 		nan 		nan 		nan 		
[LINE 3]		1.56		1.53		1.52		nan 		nan 		
[LINE 2]		1.62		1.58		-inf		1.64		nan 		
[LINE 1]		1.78		1.67		1.68		1.77		-inf		
[LINE 0]		nan 		1.84		1.82		1.93		nan 		
 * Ranking:
 ---> {'coords': (0, 1), 'dir': 'SW', 'score': 1}
 ---> {'coords': (0, 1), 'dir': 'SW', 'score': 1}
 ---> {'coords': (0, 3), 'dir': 'SE', 'score': 0}
 ---> {'coords': (0, 3), 'dir': 'SE', 'score': 0}
 * Selected, based on ranking: {'coords': (0, 1), 'dir': 'SW', 'score': 1}
 * The candidate has value 1.93 and coords (0, 1)
 * Checking direction:
 ---> Trend is: NW
 ---> Complex Trend is: {'NW': 5, 'N': 6.0, 'W': 3.5, 'NE': 1, 'E': 0.5}
 ---> Allowed dirs based on Complex Trend are: ['NW', 'N', 'NE']
 ---> Direction SW IS NOT ok! Last was NW [last 10: ['W', 'N', 'N', 'NE', 'N', 'NW', 'NW', 'NW', 'NW', 'NW']] -- Modifying matrix...
[LINE 4]		1.56		nan 		nan 		nan 		nan 		
[LINE 3]		1.56		1.53		1.52		nan 		nan 		
[LINE 2]		1.62		1.58		-inf		1.64		nan 		
[LINE 1]		1.78		1.67		1.68		1.77		-inf		
[LINE 0]		nan 		nan 		1.82		1.93		nan 		
 * Ranking:
 ---> {'coords': (0, 3), 'dir': 'SE', 'score': 0}
 ---> {'coords': (0, 3), 'dir': 'SE', 'score': 0}
 * Selected, based on ranking: {'coords': (0, 3), 'dir': 'SE', 'score': 0}
 * The candidate has value 1.93 and coords (0, 3)
 * Checking direction:
 ---> Trend is: NW
 ---> Complex Trend is: {'NW': 5, 'N': 6.0, 'W': 3.5, 'NE': 1, 'E': 0.5}
 ---> Allowed dirs based on Complex Trend are: ['NW', 'N', 'NE']
 ---> Direction SE IS NOT ok! Last was NW [last 10: ['W', 'N', 'N', 'NE', 'N', 'NW', 'NW', 'NW', 'NW', 'NW']] -- Modifying matrix...
[LINE 4]		1.56		nan 		nan 		nan 		nan 		
[LINE 3]		1.56		1.53		1.52		nan 		nan 		
[LINE 2]		1.62		1.58		-inf		1.64		nan 		
[LINE 1]		1.78		1.67		1.68		1.77		-inf		
[LINE 0]		nan 		nan 		1.82		nan 		nan 		
 * Ranking:
 ---> {'coords': (0, 2), 'dir': 'S', 'score': 0}
 ---> {'coords': (0, 2), 'dir': 'S', 'score': 0}
 ---> {'coords': (1, 0), 'dir': 'SW', 'score': 1}
 ---> {'coords': (1, 0), 'dir': 'SW', 'score': 1}
 ---> {'coords': (1, 3), 'dir': 'SE', 'score': 0}
 ---> {'coords': (1, 3), 'dir': 'SE', 'score': 0}
 * Selected, based on ranking: {'coords': (1, 0), 'dir': 'SW', 'score': 1}
 * The candidate has value 1.82 and coords (1, 0)
 * Checking direction:
 ---> Trend is: NW
 ---> Complex Trend is: {'NW': 5, 'N': 6.0, 'W': 3.5, 'NE': 1, 'E': 0.5}
 ---> Allowed dirs based on Complex Trend are: ['NW', 'N', 'NE']
 ---> Direction SW IS NOT ok! Last was NW [last 10: ['W', 'N', 'N', 'NE', 'N', 'NW', 'NW', 'NW', 'NW', 'NW']] -- Modifying matrix...
[LINE 4]		1.56		nan 		nan 		nan 		nan 		
[LINE 3]		1.56		1.53		1.52		nan 		nan 		
[LINE 2]		1.62		1.58		-inf		1.64		nan 		
[LINE 1]		nan 		1.67		1.68		1.77		-inf		
[LINE 0]		nan 		nan 		1.82		nan 		nan 		
 * Ranking:
 ---> {'coords': (0, 2), 'dir': 'S', 'score': 0}
 ---> {'coords': (0, 2), 'dir': 'S', 'score': 0}
 ---> {'coords': (1, 3), 'dir': 'SE', 'score': 0}
 ---> {'coords': (1, 3), 'dir': 'SE', 'score': 0}
 * Selected, based on ranking: {'coords': (0, 2), 'dir': 'S', 'score': 0}
 * The candidate has value 1.82 and coords (0, 2)
 * Checking direction:
 ---> Trend is: NW
 ---> Complex Trend is: {'NW': 5, 'N': 6.0, 'W': 3.5, 'NE': 1, 'E': 0.5}
 ---> Allowed dirs based on Complex Trend are: ['NW', 'N', 'NE']
 ---> Direction S IS NOT ok! Last was NW [last 10: ['W', 'N', 'N', 'NE', 'N', 'NW', 'NW', 'NW', 'NW', 'NW']] -- Modifying matrix...
[LINE 4]		1.56		nan 		nan 		nan 		nan 		
[LINE 3]		1.56		1.53		1.52		nan 		nan 		
[LINE 2]		1.62		1.58		-inf		1.64		nan 		
[LINE 1]		nan 		1.67		1.68		1.77		-inf		
[LINE 0]		nan 		nan 		nan 		nan 		nan 		
 * Ranking:
 ---> {'coords': (1, 2), 'dir': 'S', 'score': 0}
 ---> {'coords': (1, 2), 'dir': 'S', 'score': 0}
 ---> {'coords': (1, 3), 'dir': 'SE', 'score': 0}
 ---> {'coords': (1, 3), 'dir': 'SE', 'score': 0}
 * Selected, based on ranking: {'coords': (1, 2), 'dir': 'S', 'score': 0}
 * The candidate has value 1.77 and coords (1, 2)
 * Checking direction:
 ---> Trend is: NW
 ---> Complex Trend is: {'NW': 5, 'N': 6.0, 'W': 3.5, 'NE': 1, 'E': 0.5}
 ---> Allowed dirs based on Complex Trend are: ['NW', 'N', 'NE']
 ---> Direction S IS NOT ok! Last was NW [last 10: ['W', 'N', 'N', 'NE', 'N', 'NW', 'NW', 'NW', 'NW', 'NW']] -- Modifying matrix...
[LINE 4]		1.56		nan 		nan 		nan 		nan 		
[LINE 3]		1.56		1.53		1.52		nan 		nan 		
[LINE 2]		1.62		1.58		-inf		1.64		nan 		
[LINE 1]		nan 		1.67		nan 		1.77		-inf		
[LINE 0]		nan 		nan 		nan 		nan 		nan 		
 * Ranking:
 ---> {'coords': (1, 3), 'dir': 'SE', 'score': 0}
 ---> {'coords': (1, 3), 'dir': 'SE', 'score': 0}
 * Selected, based on ranking: {'coords': (1, 3), 'dir': 'SE', 'score': 0}
 * The candidate has value 1.77 and coords (1, 3)
 * Checking direction:
 ---> Trend is: NW
 ---> Complex Trend is: {'NW': 5, 'N': 6.0, 'W': 3.5, 'NE': 1, 'E': 0.5}
 ---> Allowed dirs based on Complex Trend are: ['NW', 'N', 'NE']
 ---> Direction SE IS NOT ok! Last was NW [last 10: ['W', 'N', 'N', 'NE', 'N', 'NW', 'NW', 'NW', 'NW', 'NW']] -- Modifying matrix...
[LINE 4]		1.56		nan 		nan 		nan 		nan 		
[LINE 3]		1.56		1.53		1.52		nan 		nan 		
[LINE 2]		1.62		1.58		-inf		1.64		nan 		
[LINE 1]		nan 		1.67		nan 		nan 		-inf		
[LINE 0]		nan 		nan 		nan 		nan 		nan 		
 * Ranking:
 ---> {'coords': (1, 1), 'dir': 'SW', 'score': 1}
 ---> {'coords': (1, 1), 'dir': 'SW', 'score': 1}
 ---> {'coords': (2, 0), 'dir': 'W', 'score': 5}
 ---> {'coords': (2, 0), 'dir': 'W', 'score': 5}
 ---> {'coords': (2, 1), 'dir': 'W', 'score': 5}
 ---> {'coords': (2, 1), 'dir': 'W', 'score': 5}
 ---> {'coords': (2, 3), 'dir': 'E', 'score': 0}
 ---> {'coords': (2, 3), 'dir': 'E', 'score': 0}
 * Selected, based on ranking: {'coords': (2, 0), 'dir': 'W', 'score': 5}
 * The candidate has value 1.67 and coords (2, 0)
 * Checking direction:
 ---> Trend is: NW
 ---> Complex Trend is: {'NW': 5, 'N': 6.0, 'W': 3.5, 'NE': 1, 'E': 0.5}
 ---> Allowed dirs based on Complex Trend are: ['NW', 'N', 'NE']
 ---> Direction W IS NOT ok! Last was NW [last 10: ['W', 'N', 'N', 'NE', 'N', 'NW', 'NW', 'NW', 'NW', 'NW']] -- Modifying matrix...
[LINE 4]		1.56		nan 		nan 		nan 		nan 		
[LINE 3]		1.56		1.53		1.52		nan 		nan 		
[LINE 2]		nan 		1.58		-inf		1.64		nan 		
[LINE 1]		nan 		1.67		nan 		nan 		-inf		
[LINE 0]		nan 		nan 		nan 		nan 		nan 		
 * Ranking:
 ---> {'coords': (1, 1), 'dir': 'SW', 'score': 1}
 ---> {'coords': (1, 1), 'dir': 'SW', 'score': 1}
 ---> {'coords': (2, 1), 'dir': 'W', 'score': 5}
 ---> {'coords': (2, 1), 'dir': 'W', 'score': 5}
 ---> {'coords': (2, 3), 'dir': 'E', 'score': 0}
 ---> {'coords': (2, 3), 'dir': 'E', 'score': 0}
 * Selected, based on ranking: {'coords': (2, 1), 'dir': 'W', 'score': 5}
 * The candidate has value 1.67 and coords (2, 1)
 * Checking direction:
 ---> Trend is: NW
 ---> Complex Trend is: {'NW': 5, 'N': 6.0, 'W': 3.5, 'NE': 1, 'E': 0.5}
 ---> Allowed dirs based on Complex Trend are: ['NW', 'N', 'NE']
 ---> Direction W IS NOT ok! Last was NW [last 10: ['W', 'N', 'N', 'NE', 'N', 'NW', 'NW', 'NW', 'NW', 'NW']] -- Modifying matrix...
[LINE 4]		1.56		nan 		nan 		nan 		nan 		
[LINE 3]		1.56		1.53		1.52		nan 		nan 		
[LINE 2]		nan 		nan 		-inf		1.64		nan 		
[LINE 1]		nan 		1.67		nan 		nan 		-inf		
[LINE 0]		nan 		nan 		nan 		nan 		nan 		
 * Ranking:
 ---> {'coords': (1, 1), 'dir': 'SW', 'score': 1}
 ---> {'coords': (1, 1), 'dir': 'SW', 'score': 1}
 ---> {'coords': (2, 3), 'dir': 'E', 'score': 0}
 ---> {'coords': (2, 3), 'dir': 'E', 'score': 0}
 * Selected, based on ranking: {'coords': (1, 1), 'dir': 'SW', 'score': 1}
 * The candidate has value 1.67 and coords (1, 1)
 * Checking direction:
 ---> Trend is: NW
 ---> Complex Trend is: {'NW': 5, 'N': 6.0, 'W': 3.5, 'NE': 1, 'E': 0.5}
 ---> Allowed dirs based on Complex Trend are: ['NW', 'N', 'NE']
 ---> Direction SW IS NOT ok! Last was NW [last 10: ['W', 'N', 'N', 'NE', 'N', 'NW', 'NW', 'NW', 'NW', 'NW']] -- Modifying matrix...
[LINE 4]		1.56		nan 		nan 		nan 		nan 		
[LINE 3]		1.56		1.53		1.52		nan 		nan 		
[LINE 2]		nan 		nan 		-inf		1.64		nan 		
[LINE 1]		nan 		nan 		nan 		nan 		-inf		
[LINE 0]		nan 		nan 		nan 		nan 		nan 		
 * Ranking:
 ---> {'coords': (2, 3), 'dir': 'E', 'score': 0}
 ---> {'coords': (2, 3), 'dir': 'E', 'score': 0}
 ---> {'coords': (3, 0), 'dir': 'NW', 'score': 19}
 ---> {'coords': (3, 0), 'dir': 'NW', 'score': 19}
 ---> {'coords': (4, 0), 'dir': 'NW', 'score': 19}
 ---> {'coords': (4, 0), 'dir': 'NW', 'score': 19}
 * Selected, based on ranking: {'coords': (3, 0), 'dir': 'NW', 'score': 19}
 * The candidate has value 1.64 and coords (3, 0)
 * Checking direction:
 ---> Trend is: NW
 ---> Complex Trend is: {'NW': 5, 'N': 6.0, 'W': 3.5, 'NE': 1, 'E': 0.5}
 ---> Allowed dirs based on Complex Trend are: ['NW', 'N', 'NE']
 ---> Direction NW ok (last was NW)! -- [Last 10: ['W', 'N', 'N', 'NE', 'N', 'NW', 'NW', 'NW', 'NW', 'NW']]
 * Selected element is (3, 0) with value 1.64
Next element is NW with direction 1.56
New matrix will be centered on 48,93 with depth 1.56
TREND IS ('NW', {'NW': 6, 'N': 6.5, 'NE': 1, 'W': 3.0, 'E': 0.5}) --- (['N', 'N', 'NE', 'N', 'NW', 'NW', 'NW', 'NW', 'NW', 'NW'])
============================================================
Iteration 20 with LAT_IDX: 48 and LON_IDX: 93 with DEPTH 1.5635062
 * Adding to the thalweg 48, 93 (depth 1.56)... Let's look at his neighborhood...
 * The extracted matrix is:
[LINE 4]		1.76		nan 		nan 		nan 		nan 		
[LINE 3]		1.74		1.63		1.56		nan 		nan 		
[LINE 2]		1.73		1.62		-inf		1.53		1.52		
[LINE 1]		1.82		1.7 		1.62		1.58		-inf		
[LINE 0]		1.99		1.89		1.78		1.67		1.68		
 * Ranking:
 ---> {'coords': (0, 0), 'dir': 'SW', 'score': 1}
 ---> {'coords': (0, 0), 'dir': 'SW', 'score': 1}
 * Selected, based on ranking: {'coords': (0, 0), 'dir': 'SW', 'score': 1}
 * The candidate has value 1.99 and coords (0, 0)
 * Checking direction:
 ---> Trend is: NW
 ---> Complex Trend is: {'NW': 6, 'N': 6.5, 'NE': 1, 'W': 3.0, 'E': 0.5}
 ---> Allowed dirs based on Complex Trend are: ['NW', 'N', 'NE', 'W', 'NW', 'N']
 ---> Direction SW IS NOT ok! Last was NW [last 10: ['N', 'N', 'NE', 'N', 'NW', 'NW', 'NW', 'NW', 'NW', 'NW']] -- Modifying matrix...
[LINE 4]		1.76		nan 		nan 		nan 		nan 		
[LINE 3]		1.74		1.63		1.56		nan 		nan 		
[LINE 2]		1.73		1.62		-inf		1.53		1.52		
[LINE 1]		1.82		1.7 		1.62		1.58		-inf		
[LINE 0]		nan 		1.89		1.78		1.67		1.68		
 * Ranking:
 ---> {'coords': (0, 1), 'dir': 'SW', 'score': 1}
 ---> {'coords': (0, 1), 'dir': 'SW', 'score': 1}
 ---> {'coords': (1, 0), 'dir': 'SW', 'score': 1}
 ---> {'coords': (1, 0), 'dir': 'SW', 'score': 1}
 * Selected, based on ranking: {'coords': (0, 1), 'dir': 'SW', 'score': 1}
 * The candidate has value 1.89 and coords (0, 1)
 * Checking direction:
 ---> Trend is: NW
 ---> Complex Trend is: {'NW': 6, 'N': 6.5, 'NE': 1, 'W': 3.0, 'E': 0.5}
 ---> Allowed dirs based on Complex Trend are: ['NW', 'N', 'NE', 'W', 'NW', 'N']
 ---> Direction SW IS NOT ok! Last was NW [last 10: ['N', 'N', 'NE', 'N', 'NW', 'NW', 'NW', 'NW', 'NW', 'NW']] -- Modifying matrix...
[LINE 4]		1.76		nan 		nan 		nan 		nan 		
[LINE 3]		1.74		1.63		1.56		nan 		nan 		
[LINE 2]		1.73		1.62		-inf		1.53		1.52		
[LINE 1]		1.82		1.7 		1.62		1.58		-inf		
[LINE 0]		nan 		nan 		1.78		1.67		1.68		
 * Ranking:
 ---> {'coords': (0, 2), 'dir': 'S', 'score': 0}
 ---> {'coords': (0, 2), 'dir': 'S', 'score': 0}
 ---> {'coords': (1, 0), 'dir': 'SW', 'score': 1}
 ---> {'coords': (1, 0), 'dir': 'SW', 'score': 1}
 ---> {'coords': (2, 0), 'dir': 'W', 'score': 15}
 ---> {'coords': (2, 0), 'dir': 'W', 'score': 15}
 ---> {'coords': (3, 0), 'dir': 'NW', 'score': 19}
 ---> {'coords': (3, 0), 'dir': 'NW', 'score': 19}
 ---> {'coords': (4, 0), 'dir': 'NW', 'score': 19}
 ---> {'coords': (4, 0), 'dir': 'NW', 'score': 19}
 * Selected, based on ranking: {'coords': (3, 0), 'dir': 'NW', 'score': 19}
 * The candidate has value 1.82 and coords (3, 0)
 * Checking direction:
 ---> Trend is: NW
 ---> Complex Trend is: {'NW': 6, 'N': 6.5, 'NE': 1, 'W': 3.0, 'E': 0.5}
 ---> Allowed dirs based on Complex Trend are: ['NW', 'N', 'NE', 'W', 'NW', 'N']
 ---> Direction NW ok (last was NW)! -- [Last 10: ['N', 'N', 'NE', 'N', 'NW', 'NW', 'NW', 'NW', 'NW', 'NW']]
 * Selected element is (3, 0) with value 1.82
Next element is NW with direction 1.74
New matrix will be centered on 49,91 with depth 1.74
TREND IS ('NW', {'NW': 7, 'N': 6.0, 'NE': 1, 'W': 3.5, 'E': 0.5}) --- (['N', 'NE', 'N', 'NW', 'NW', 'NW', 'NW', 'NW', 'NW', 'NW'])
============================================================
Iteration 21 with LAT_IDX: 49 and LON_IDX: 91 with DEPTH 1.737213
 * Adding to the thalweg 49, 91 (depth 1.74)... Let's look at his neighborhood...
 * The extracted matrix is:
[LINE 4]		2.16		nan 		nan 		nan 		nan 		
[LINE 3]		2.11		1.93		1.76		nan 		nan 		
[LINE 2]		2.12		1.9 		-inf		1.63		1.56		
[LINE 1]		2.14		1.91		1.73		1.62		-inf		
[LINE 0]		2.23		2.02		1.82		1.7 		1.62		
 * Ranking:
 ---> {'coords': (0, 0), 'dir': 'SW', 'score': 1}
 ---> {'coords': (0, 0), 'dir': 'SW', 'score': 1}
 ---> {'coords': (1, 0), 'dir': 'SW', 'score': 1}
 ---> {'coords': (1, 0), 'dir': 'SW', 'score': 1}
 ---> {'coords': (4, 0), 'dir': 'NW', 'score': 19}
 ---> {'coords': (4, 0), 'dir': 'NW', 'score': 19}
 * Selected, based on ranking: {'coords': (4, 0), 'dir': 'NW', 'score': 19}
 * The candidate has value 2.23 and coords (4, 0)
 * Checking direction:
 ---> Trend is: NW
 ---> Complex Trend is: {'NW': 7, 'N': 6.0, 'NE': 1, 'W': 3.5, 'E': 0.5}
 ---> Allowed dirs based on Complex Trend are: ['W', 'NW', 'N']
 ---> Direction NW ok (last was NW)! -- [Last 10: ['N', 'NE', 'N', 'NW', 'NW', 'NW', 'NW', 'NW', 'NW', 'NW']]
 * Selected element is (4, 0) with value 2.23
Next element is NW with direction 2.16
New matrix will be centered on 51,89 with depth 2.16
TREND IS ('NW', {'NW': 8, 'NE': 1, 'N': 5.5, 'W': 4.0, 'E': 0.5}) --- (['NE', 'N', 'NW', 'NW', 'NW', 'NW', 'NW', 'NW', 'NW', 'NW'])
============================================================
Iteration 22 with LAT_IDX: 51 and LON_IDX: 89 with DEPTH 2.1627033
 * Adding to the thalweg 51, 89 (depth 2.16)... Let's look at his neighborhood...
 * The extracted matrix is:
[LINE 4]		nan 		nan 		nan 		nan 		nan 		
[LINE 3]		2.63		nan 		nan 		nan 		nan 		
[LINE 2]		2.62		2.39		-inf		nan 		nan 		
[LINE 1]		2.61		2.37		2.11		1.93		1.76		
[LINE 0]		2.64		2.37		2.12		1.9 		-inf		
 * Ranking:
 ---> {'coords': (0, 0), 'dir': 'SW', 'score': 1}
 ---> {'coords': (0, 0), 'dir': 'SW', 'score': 1}
 ---> {'coords': (1, 0), 'dir': 'SW', 'score': 1}
 ---> {'coords': (1, 0), 'dir': 'SW', 'score': 1}
 ---> {'coords': (2, 0), 'dir': 'W', 'score': 15}
 ---> {'coords': (2, 0), 'dir': 'W', 'score': 15}
 ---> {'coords': (3, 0), 'dir': 'NW', 'score': 19}
 ---> {'coords': (3, 0), 'dir': 'NW', 'score': 19}
 * Selected, based on ranking: {'coords': (3, 0), 'dir': 'NW', 'score': 19}
 * The candidate has value 2.64 and coords (3, 0)
 * Checking direction:
 ---> Trend is: NW
 ---> Complex Trend is: {'NW': 8, 'NE': 1, 'N': 5.5, 'W': 4.0, 'E': 0.5}
 ---> Allowed dirs based on Complex Trend are: ['W', 'NW', 'N']
 ---> Direction NW ok (last was NW)! -- [Last 10: ['NE', 'N', 'NW', 'NW', 'NW', 'NW', 'NW', 'NW', 'NW', 'NW']]
 * Selected element is (3, 0) with value 2.64
Next element is NW with direction 2.63
New matrix will be centered on 52,87 with depth 2.63
TREND IS ('NW', {'NW': 9, 'N': 5.5, 'W': 4.5}) --- (['N', 'NW', 'NW', 'NW', 'NW', 'NW', 'NW', 'NW', 'NW', 'NW'])
============================================================
Iteration 23 with LAT_IDX: 52 and LON_IDX: 87 with DEPTH 2.6291187
 * Adding to the thalweg 52, 87 (depth 2.63)... Let's look at his neighborhood...
 * The extracted matrix is:
[LINE 4]		nan 		nan 		nan 		nan 		nan 		
[LINE 3]		2.91		2.8 		nan 		nan 		nan 		
[LINE 2]		2.97		2.78		-inf		nan 		nan 		
[LINE 1]		3.06		2.79		2.62		2.39		-inf		
[LINE 0]		3.08		2.88		2.61		2.37		2.11		
 * Ranking:
 ---> {'coords': (0, 0), 'dir': 'SW', 'score': 1}
 ---> {'coords': (0, 0), 'dir': 'SW', 'score': 1}
 ---> {'coords': (1, 0), 'dir': 'SW', 'score': 1}
 ---> {'coords': (1, 0), 'dir': 'SW', 'score': 1}
 * Selected, based on ranking: {'coords': (0, 0), 'dir': 'SW', 'score': 1}
 * The candidate has value 3.08 and coords (0, 0)
 * Checking direction:
 ---> Trend is: NW
 ---> Complex Trend is: {'NW': 9, 'N': 5.5, 'W': 4.5}
 ---> Allowed dirs based on Complex Trend are: ['W', 'NW', 'N']
 ---> Direction SW IS NOT ok! Last was NW [last 10: ['N', 'NW', 'NW', 'NW', 'NW', 'NW', 'NW', 'NW', 'NW', 'NW']] -- Modifying matrix...
[LINE 4]		nan 		nan 		nan 		nan 		nan 		
[LINE 3]		2.91		2.8 		nan 		nan 		nan 		
[LINE 2]		2.97		2.78		-inf		nan 		nan 		
[LINE 1]		3.06		2.79		2.62		2.39		-inf		
[LINE 0]		nan 		2.88		2.61		2.37		2.11		
 * Ranking:
 ---> {'coords': (1, 0), 'dir': 'SW', 'score': 1}
 ---> {'coords': (1, 0), 'dir': 'SW', 'score': 1}
 ---> {'coords': (2, 0), 'dir': 'W', 'score': 15}
 ---> {'coords': (2, 0), 'dir': 'W', 'score': 15}
 * Selected, based on ranking: {'coords': (2, 0), 'dir': 'W', 'score': 15}
 * The candidate has value 3.06 and coords (2, 0)
 * Checking direction:
 ---> Trend is: NW
 ---> Complex Trend is: {'NW': 9, 'N': 5.5, 'W': 4.5}
 ---> Allowed dirs based on Complex Trend are: ['W', 'NW', 'N']
 ---> Direction W ok (last was NW)! -- [Last 10: ['N', 'NW', 'NW', 'NW', 'NW', 'NW', 'NW', 'NW', 'NW', 'NW']]
 * Selected element is (2, 0) with value 3.06
Next element is W with direction 2.97
New matrix will be centered on 52,85 with depth 2.97
TREND IS ('NW', {'NW': 9, 'W': 5.5, 'N': 4.5}) --- (['NW', 'NW', 'NW', 'NW', 'NW', 'NW', 'NW', 'NW', 'NW', 'W'])
============================================================
Iteration 24 with LAT_IDX: 52 and LON_IDX: 85 with DEPTH 2.96588
 * Adding to the thalweg 52, 85 (depth 2.97)... Let's look at his neighborhood...
 * The extracted matrix is:
[LINE 4]		3.32		3.11		nan 		nan 		nan 		
[LINE 3]		3.42		3.14		2.91		2.8 		nan 		
[LINE 2]		3.47		3.25		-inf		2.78		-inf		
[LINE 1]		3.45		3.3 		3.06		2.79		2.62		
[LINE 0]		nan 		3.23		3.08		2.88		2.61		
 * Ranking:
 ---> {'coords': (1, 0), 'dir': 'SW', 'score': 5}
 ---> {'coords': (1, 0), 'dir': 'SW', 'score': 5}
 ---> {'coords': (2, 0), 'dir': 'W', 'score': 19}
 ---> {'coords': (2, 0), 'dir': 'W', 'score': 19}
 ---> {'coords': (3, 0), 'dir': 'NW', 'score': 15}
 ---> {'coords': (3, 0), 'dir': 'NW', 'score': 15}
 * Selected, based on ranking: {'coords': (2, 0), 'dir': 'W', 'score': 19}
 * The candidate has value 3.47 and coords (2, 0)
 * Checking direction:
 ---> Trend is: NW
 ---> Complex Trend is: {'NW': 9, 'W': 5.5, 'N': 4.5}
 ---> Allowed dirs based on Complex Trend are: ['W', 'NW', 'N']
 ---> Direction W ok (last was W)! -- [Last 10: ['NW', 'NW', 'NW', 'NW', 'NW', 'NW', 'NW', 'NW', 'NW', 'W']]
 * Selected element is (2, 0) with value 3.47
Next element is W with direction 3.47
New matrix will be centered on 52,83 with depth 3.47
TREND IS ('NW', {'NW': 8, 'W': 6.0, 'N': 4.0}) --- (['NW', 'NW', 'NW', 'NW', 'NW', 'NW', 'NW', 'NW', 'W', 'W'])
============================================================
Iteration 25 with LAT_IDX: 52 and LON_IDX: 83 with DEPTH 3.4705865
 * Adding to the thalweg 52, 83 (depth 3.47)... Let's look at his neighborhood...
 * The extracted matrix is:
[LINE 4]		3.77		3.59		3.32		3.11		nan 		
[LINE 3]		3.77		3.64		3.42		3.14		2.91		
[LINE 2]		nan 		3.64		-inf		3.25		-inf		
[LINE 1]		nan 		nan 		3.45		3.3 		3.06		
[LINE 0]		nan 		nan 		nan 		3.23		3.08		
 * Ranking:
 ---> {'coords': (3, 0), 'dir': 'NW', 'score': 15}
 ---> {'coords': (3, 0), 'dir': 'NW', 'score': 15}
 ---> {'coords': (4, 0), 'dir': 'NW', 'score': 15}
 ---> {'coords': (4, 0), 'dir': 'NW', 'score': 15}
 * Selected, based on ranking: {'coords': (3, 0), 'dir': 'NW', 'score': 15}
 * The candidate has value 3.77 and coords (3, 0)
 * Checking direction:
 ---> Trend is: NW
 ---> Complex Trend is: {'NW': 8, 'W': 6.0, 'N': 4.0}
 ---> Allowed dirs based on Complex Trend are: ['W', 'NW', 'N']
 ---> Direction NW ok (last was W)! -- [Last 10: ['NW', 'NW', 'NW', 'NW', 'NW', 'NW', 'NW', 'NW', 'W', 'W']]
 * Selected element is (3, 0) with value 3.77
Next element is NW with direction 3.77
New matrix will be centered on 53,81 with depth 3.77
TREND IS ('NW', {'NW': 8, 'W': 6.0, 'N': 4.0}) --- (['NW', 'NW', 'NW', 'NW', 'NW', 'NW', 'NW', 'W', 'W', 'NW'])
============================================================
Iteration 26 with LAT_IDX: 53 and LON_IDX: 81 with DEPTH 3.766975
 * Adding to the thalweg 53, 81 (depth 3.77)... Let's look at his neighborhood...
 * The extracted matrix is:
[LINE 4]		4.01		3.9 		3.72		3.49		3.28		
[LINE 3]		nan 		3.93		3.77		3.59		3.32		
[LINE 2]		nan 		nan 		-inf		3.64		3.42		
[LINE 1]		nan 		nan 		nan 		3.64		-inf		
[LINE 0]		nan 		nan 		nan 		nan 		3.45		
 * Ranking:
 ---> {'coords': (3, 1), 'dir': 'NW', 'score': 19}
 ---> {'coords': (3, 1), 'dir': 'NW', 'score': 19}
 ---> {'coords': (4, 0), 'dir': 'NW', 'score': 19}
 ---> {'coords': (4, 0), 'dir': 'NW', 'score': 19}
 * Selected, based on ranking: {'coords': (3, 1), 'dir': 'NW', 'score': 19}
 * The candidate has value 4.01 and coords (3, 1)
 * Checking direction:
 ---> Trend is: NW
 ---> Complex Trend is: {'NW': 8, 'W': 6.0, 'N': 4.0}
 ---> Allowed dirs based on Complex Trend are: ['W', 'NW', 'N']
 ---> Direction NW ok (last was NW)! -- [Last 10: ['NW', 'NW', 'NW', 'NW', 'NW', 'NW', 'NW', 'W', 'W', 'NW']]
 * Selected element is (3, 1) with value 4.01
Next element is NW with direction 3.93
New matrix will be centered on 54,80 with depth 3.93
TREND IS ('NW', {'NW': 8, 'W': 6.0, 'N': 4.0}) --- (['NW', 'NW', 'NW', 'NW', 'NW', 'NW', 'W', 'W', 'NW', 'NW'])
============================================================
Iteration 27 with LAT_IDX: 54 and LON_IDX: 80 with DEPTH 3.929659
 * Adding to the thalweg 54, 80 (depth 3.93)... Let's look at his neighborhood...
 * The extracted matrix is:
[LINE 4]		4.23		3.98		3.84		3.69		nan 		
[LINE 3]		nan 		4.01		3.9 		3.72		3.49		
[LINE 2]		nan 		nan 		-inf		3.77		3.59		
[LINE 1]		nan 		nan 		nan 		-inf		3.64		
[LINE 0]		nan 		nan 		nan 		nan 		3.64		
 * Ranking:
 ---> {'coords': (4, 0), 'dir': 'NW', 'score': 19}
 ---> {'coords': (4, 0), 'dir': 'NW', 'score': 19}
 * Selected, based on ranking: {'coords': (4, 0), 'dir': 'NW', 'score': 19}
 * The candidate has value 4.23 and coords (4, 0)
 * Checking direction:
 ---> Trend is: NW
 ---> Complex Trend is: {'NW': 8, 'W': 6.0, 'N': 4.0}
 ---> Allowed dirs based on Complex Trend are: ['W', 'NW', 'N']
 ---> Direction NW ok (last was NW)! -- [Last 10: ['NW', 'NW', 'NW', 'NW', 'NW', 'NW', 'W', 'W', 'NW', 'NW']]
 * Selected element is (4, 0) with value 4.23
Next element is NW with direction 4.23
New matrix will be centered on 56,78 with depth 4.23
TREND IS ('NW', {'NW': 8, 'W': 6.0, 'N': 4.0}) --- (['NW', 'NW', 'NW', 'NW', 'NW', 'W', 'W', 'NW', 'NW', 'NW'])
============================================================
Iteration 28 with LAT_IDX: 56 and LON_IDX: 78 with DEPTH 4.230758
 * Adding to the thalweg 56, 78 (depth 4.23)... Let's look at his neighborhood...
 * The extracted matrix is:
[LINE 4]		4.73		4.62		4.35		nan 		nan 		
[LINE 3]		nan 		4.56		4.29		3.98		3.82		
[LINE 2]		nan 		nan 		-inf		3.98		3.84		
[LINE 1]		nan 		nan 		nan 		4.01		3.9 		
[LINE 0]		nan 		nan 		nan 		nan 		-inf		
 * Ranking:
 ---> {'coords': (4, 0), 'dir': 'NW', 'score': 19}
 ---> {'coords': (4, 0), 'dir': 'NW', 'score': 19}
 * Selected, based on ranking: {'coords': (4, 0), 'dir': 'NW', 'score': 19}
 * The candidate has value 4.73 and coords (4, 0)
 * Checking direction:
 ---> Trend is: NW
 ---> Complex Trend is: {'NW': 8, 'W': 6.0, 'N': 4.0}
 ---> Allowed dirs based on Complex Trend are: ['W', 'NW', 'N']
 ---> Direction NW ok (last was NW)! -- [Last 10: ['NW', 'NW', 'NW', 'NW', 'NW', 'W', 'W', 'NW', 'NW', 'NW']]
 * Selected element is (4, 0) with value 4.73
Next element is NW with direction 4.73
New matrix will be centered on 58,76 with depth 4.73
TREND IS ('NW', {'NW': 8, 'W': 6.0, 'N': 4.0}) --- (['NW', 'NW', 'NW', 'NW', 'W', 'W', 'NW', 'NW', 'NW', 'NW'])
============================================================
Iteration 29 with LAT_IDX: 58 and LON_IDX: 76 with DEPTH 4.729948
 * Adding to the thalweg 58, 76 (depth 4.73)... Let's look at his neighborhood...
 * The extracted matrix is:
[LINE 4]		4.5 		4.64		nan 		nan 		nan 		
[LINE 3]		4.62		4.69		4.71		4.69		nan 		
[LINE 2]		nan 		4.77		-inf		4.62		4.35		
[LINE 1]		nan 		nan 		nan 		4.56		4.29		
[LINE 0]		nan 		nan 		nan 		nan 		-inf		
 * Ranking:
 ---> {'coords': (2, 1), 'dir': 'W', 'score': 15}
 ---> {'coords': (2, 1), 'dir': 'W', 'score': 15}
 ---> {'coords': (3, 1), 'dir': 'NW', 'score': 19}
 ---> {'coords': (3, 1), 'dir': 'NW', 'score': 19}
 ---> {'coords': (3, 2), 'dir': 'N', 'score': 15}
 ---> {'coords': (3, 2), 'dir': 'N', 'score': 15}
 ---> {'coords': (3, 3), 'dir': 'NE', 'score': 1}
 ---> {'coords': (3, 3), 'dir': 'NE', 'score': 1}
 * Selected, based on ranking: {'coords': (3, 1), 'dir': 'NW', 'score': 19}
 * The candidate has value 4.77 and coords (3, 1)
 * Checking direction:
 ---> Trend is: NW
 ---> Complex Trend is: {'NW': 8, 'W': 6.0, 'N': 4.0}
 ---> Allowed dirs based on Complex Trend are: ['W', 'NW', 'N']
 ---> Direction NW ok (last was NW)! -- [Last 10: ['NW', 'NW', 'NW', 'NW', 'W', 'W', 'NW', 'NW', 'NW', 'NW']]
 * Selected element is (3, 1) with value 4.77
Next element is NW with direction 4.69
New matrix will be centered on 59,75 with depth 4.69
TREND IS ('NW', {'NW': 8, 'W': 6.0, 'N': 4.0}) --- (['NW', 'NW', 'NW', 'W', 'W', 'NW', 'NW', 'NW', 'NW', 'NW'])
============================================================
Iteration 30 with LAT_IDX: 59 and LON_IDX: 75 with DEPTH 4.692658
 * Adding to the thalweg 59, 75 (depth 4.69)... Let's look at his neighborhood...
 * The extracted matrix is:
[LINE 4]		4.34		4.4 		nan 		nan 		nan 		
[LINE 3]		4.38		4.5 		4.64		nan 		nan 		
[LINE 2]		nan 		4.62		-inf		4.71		4.69		
[LINE 1]		nan 		nan 		4.77		-inf		4.62		
[LINE 0]		nan 		nan 		nan 		nan 		4.56		
 * Ranking:
 ---> {'coords': (1, 2), 'dir': 'S', 'score': 0}
 ---> {'coords': (1, 2), 'dir': 'S', 'score': 0}
 ---> {'coords': (2, 3), 'dir': 'E', 'score': 0}
 ---> {'coords': (2, 3), 'dir': 'E', 'score': 0}
 ---> {'coords': (2, 4), 'dir': 'E', 'score': 0}
 ---> {'coords': (2, 4), 'dir': 'E', 'score': 0}
 * Selected, based on ranking: {'coords': (1, 2), 'dir': 'S', 'score': 0}
 * The candidate has value 4.77 and coords (1, 2)
 * Checking direction:
 ---> Trend is: NW
 ---> Complex Trend is: {'NW': 8, 'W': 6.0, 'N': 4.0}
 ---> Allowed dirs based on Complex Trend are: ['W', 'NW', 'N']
 ---> Direction S IS NOT ok! Last was NW [last 10: ['NW', 'NW', 'NW', 'W', 'W', 'NW', 'NW', 'NW', 'NW', 'NW']] -- Modifying matrix...
[LINE 4]		4.34		4.4 		nan 		nan 		nan 		
[LINE 3]		4.38		4.5 		4.64		nan 		nan 		
[LINE 2]		nan 		4.62		-inf		4.71		4.69		
[LINE 1]		nan 		nan 		nan 		-inf		4.62		
[LINE 0]		nan 		nan 		nan 		nan 		4.56		
 * Ranking:
 ---> {'coords': (1, 4), 'dir': 'SE', 'score': 0}
 ---> {'coords': (1, 4), 'dir': 'SE', 'score': 0}
 ---> {'coords': (2, 1), 'dir': 'W', 'score': 15}
 ---> {'coords': (2, 1), 'dir': 'W', 'score': 15}
 ---> {'coords': (2, 3), 'dir': 'E', 'score': 0}
 ---> {'coords': (2, 3), 'dir': 'E', 'score': 0}
 ---> {'coords': (2, 4), 'dir': 'E', 'score': 0}
 ---> {'coords': (2, 4), 'dir': 'E', 'score': 0}
 ---> {'coords': (3, 2), 'dir': 'N', 'score': 15}
 ---> {'coords': (3, 2), 'dir': 'N', 'score': 15}
 * Selected, based on ranking: {'coords': (2, 1), 'dir': 'W', 'score': 15}
 * The candidate has value 4.71 and coords (2, 1)
 * Checking direction:
 ---> Trend is: NW
 ---> Complex Trend is: {'NW': 8, 'W': 6.0, 'N': 4.0}
 ---> Allowed dirs based on Complex Trend are: ['W', 'NW', 'N']
 ---> Direction W ok (last was NW)! -- [Last 10: ['NW', 'NW', 'NW', 'W', 'W', 'NW', 'NW', 'NW', 'NW', 'NW']]
 * Selected element is (2, 1) with value 4.71
Next element is W with direction 4.62
New matrix will be centered on 59,74 with depth 4.62
TREND IS ('NW', {'NW': 7, 'W': 6.5, 'N': 3.5}) --- (['NW', 'NW', 'W', 'W', 'NW', 'NW', 'NW', 'NW', 'NW', 'W'])
============================================================
Iteration 31 with LAT_IDX: 59 and LON_IDX: 74 with DEPTH 4.6150784
 * Adding to the thalweg 59, 74 (depth 4.62)... Let's look at his neighborhood...
 * The extracted matrix is:
[LINE 4]		4.37		4.34		4.4 		nan 		nan 		
[LINE 3]		nan 		4.38		4.5 		4.64		nan 		
[LINE 2]		nan 		nan 		-inf		-inf		4.71		
[LINE 1]		nan 		nan 		nan 		4.77		-inf		
[LINE 0]		nan 		nan 		nan 		nan 		nan 		
 * Ranking:
 ---> {'coords': (1, 3), 'dir': 'SE', 'score': 0}
 ---> {'coords': (1, 3), 'dir': 'SE', 'score': 0}
 ---> {'coords': (2, 4), 'dir': 'E', 'score': 0}
 ---> {'coords': (2, 4), 'dir': 'E', 'score': 0}
 * Selected, based on ranking: {'coords': (1, 3), 'dir': 'SE', 'score': 0}
 * The candidate has value 4.77 and coords (1, 3)
 * Checking direction:
 ---> Trend is: NW
 ---> Complex Trend is: {'NW': 7, 'W': 6.5, 'N': 3.5}
 ---> Allowed dirs based on Complex Trend are: ['W', 'NW', 'N', 'W', 'SW', 'S']
 ---> Direction SE IS NOT ok! Last was W [last 10: ['NW', 'NW', 'W', 'W', 'NW', 'NW', 'NW', 'NW', 'NW', 'W']] -- Modifying matrix...
[LINE 4]		4.37		4.34		4.4 		nan 		nan 		
[LINE 3]		nan 		4.38		4.5 		4.64		nan 		
[LINE 2]		nan 		nan 		-inf		-inf		4.71		
[LINE 1]		nan 		nan 		nan 		nan 		-inf		
[LINE 0]		nan 		nan 		nan 		nan 		nan 		
 * Ranking:
 ---> {'coords': (2, 4), 'dir': 'E', 'score': 0}
 ---> {'coords': (2, 4), 'dir': 'E', 'score': 0}
 ---> {'coords': (3, 3), 'dir': 'NE', 'score': 0}
 ---> {'coords': (3, 3), 'dir': 'NE', 'score': 0}
 * Selected, based on ranking: {'coords': (2, 4), 'dir': 'E', 'score': 0}
 * The candidate has value 4.71 and coords (2, 4)
 * Checking direction:
 ---> Trend is: NW
 ---> Complex Trend is: {'NW': 7, 'W': 6.5, 'N': 3.5}
 ---> Allowed dirs based on Complex Trend are: ['W', 'NW', 'N', 'W', 'SW', 'S']
 ---> Direction E IS NOT ok! Last was W [last 10: ['NW', 'NW', 'W', 'W', 'NW', 'NW', 'NW', 'NW', 'NW', 'W']] -- Modifying matrix...
[LINE 4]		4.37		4.34		4.4 		nan 		nan 		
[LINE 3]		nan 		4.38		4.5 		4.64		nan 		
[LINE 2]		nan 		nan 		-inf		-inf		nan 		
[LINE 1]		nan 		nan 		nan 		nan 		-inf		
[LINE 0]		nan 		nan 		nan 		nan 		nan 		
 * Ranking:
 ---> {'coords': (3, 3), 'dir': 'NE', 'score': 0}
 ---> {'coords': (3, 3), 'dir': 'NE', 'score': 0}
 * Selected, based on ranking: {'coords': (3, 3), 'dir': 'NE', 'score': 0}
 * The candidate has value 4.64 and coords (3, 3)
 * Checking direction:
 ---> Trend is: NW
 ---> Complex Trend is: {'NW': 7, 'W': 6.5, 'N': 3.5}
 ---> Allowed dirs based on Complex Trend are: ['W', 'NW', 'N', 'W', 'SW', 'S']
 ---> Direction NE IS NOT ok! Last was W [last 10: ['NW', 'NW', 'W', 'W', 'NW', 'NW', 'NW', 'NW', 'NW', 'W']] -- Modifying matrix...
[LINE 4]		4.37		4.34		4.4 		nan 		nan 		
[LINE 3]		nan 		4.38		4.5 		nan 		nan 		
[LINE 2]		nan 		nan 		-inf		-inf		nan 		
[LINE 1]		nan 		nan 		nan 		nan 		-inf		
[LINE 0]		nan 		nan 		nan 		nan 		nan 		
 * Ranking:
 ---> {'coords': (3, 2), 'dir': 'N', 'score': 11}
 ---> {'coords': (3, 2), 'dir': 'N', 'score': 11}
 ---> {'coords': (4, 2), 'dir': 'N', 'score': 11}
 ---> {'coords': (4, 2), 'dir': 'N', 'score': 11}
 * Selected, based on ranking: {'coords': (3, 2), 'dir': 'N', 'score': 11}
 * The candidate has value 4.5 and coords (3, 2)
 * Checking direction:
 ---> Trend is: NW
 ---> Complex Trend is: {'NW': 7, 'W': 6.5, 'N': 3.5}
 ---> Allowed dirs based on Complex Trend are: ['W', 'NW', 'N', 'W', 'SW', 'S']
 ---> Direction N ok (last was W)! -- [Last 10: ['NW', 'NW', 'W', 'W', 'NW', 'NW', 'NW', 'NW', 'NW', 'W']]
 * Selected element is (3, 2) with value 4.5
Next element is N with direction 4.5
New matrix will be centered on 60,74 with depth 4.5
TREND IS ('NW', {'NW': 6, 'W': 6.0, 'N': 4.0}) --- (['NW', 'W', 'W', 'NW', 'NW', 'NW', 'NW', 'NW', 'W', 'N'])
============================================================
Iteration 32 with LAT_IDX: 60 and LON_IDX: 74 with DEPTH 4.4966054
 * Adding to the thalweg 60, 74 (depth 4.5)... Let's look at his neighborhood...
 * The extracted matrix is:
[LINE 4]		4.43		nan 		nan 		nan 		nan 		
[LINE 3]		4.37		4.34		4.4 		nan 		nan 		
[LINE 2]		nan 		4.38		-inf		4.64		nan 		
[LINE 1]		nan 		nan 		-inf		-inf		4.71		
[LINE 0]		nan 		nan 		nan 		4.77		-inf		
 * Ranking:
 ---> {'coords': (0, 3), 'dir': 'SE', 'score': 0}
 ---> {'coords': (0, 3), 'dir': 'SE', 'score': 0}
 ---> {'coords': (1, 4), 'dir': 'SE', 'score': 0}
 ---> {'coords': (1, 4), 'dir': 'SE', 'score': 0}
 * Selected, based on ranking: {'coords': (0, 3), 'dir': 'SE', 'score': 0}
 * The candidate has value 4.77 and coords (0, 3)
 * Checking direction:
 ---> Trend is: NW
 ---> Complex Trend is: {'NW': 6, 'W': 6.0, 'N': 4.0}
 ---> Allowed dirs based on Complex Trend are: ['W', 'NW', 'N', 'W', 'SW', 'S']
 ---> Direction SE IS NOT ok! Last was N [last 10: ['NW', 'W', 'W', 'NW', 'NW', 'NW', 'NW', 'NW', 'W', 'N']] -- Modifying matrix...
[LINE 4]		4.43		nan 		nan 		nan 		nan 		
[LINE 3]		4.37		4.34		4.4 		nan 		nan 		
[LINE 2]		nan 		4.38		-inf		4.64		nan 		
[LINE 1]		nan 		nan 		-inf		-inf		4.71		
[LINE 0]		nan 		nan 		nan 		nan 		-inf		
 * Ranking:
 ---> {'coords': (1, 4), 'dir': 'SE', 'score': 0}
 ---> {'coords': (1, 4), 'dir': 'SE', 'score': 0}
 ---> {'coords': (2, 3), 'dir': 'E', 'score': 1}
 ---> {'coords': (2, 3), 'dir': 'E', 'score': 1}
 * Selected, based on ranking: {'coords': (2, 3), 'dir': 'E', 'score': 1}
 * The candidate has value 4.71 and coords (2, 3)
 * Checking direction:
 ---> Trend is: NW
 ---> Complex Trend is: {'NW': 6, 'W': 6.0, 'N': 4.0}
 ---> Allowed dirs based on Complex Trend are: ['W', 'NW', 'N', 'W', 'SW', 'S']
 ---> Direction E IS NOT ok! Last was N [last 10: ['NW', 'W', 'W', 'NW', 'NW', 'NW', 'NW', 'NW', 'W', 'N']] -- Modifying matrix...
[LINE 4]		4.43		nan 		nan 		nan 		nan 		
[LINE 3]		4.37		4.34		4.4 		nan 		nan 		
[LINE 2]		nan 		4.38		-inf		nan 		nan 		
[LINE 1]		nan 		nan 		-inf		-inf		4.71		
[LINE 0]		nan 		nan 		nan 		nan 		-inf		
 * Ranking:
 ---> {'coords': (1, 4), 'dir': 'SE', 'score': 0}
 ---> {'coords': (1, 4), 'dir': 'SE', 'score': 0}
 * Selected, based on ranking: {'coords': (1, 4), 'dir': 'SE', 'score': 0}
 * The candidate has value 4.71 and coords (1, 4)
 * Checking direction:
 ---> Trend is: NW
 ---> Complex Trend is: {'NW': 6, 'W': 6.0, 'N': 4.0}
 ---> Allowed dirs based on Complex Trend are: ['W', 'NW', 'N', 'W', 'SW', 'S']
 ---> Direction SE IS NOT ok! Last was N [last 10: ['NW', 'W', 'W', 'NW', 'NW', 'NW', 'NW', 'NW', 'W', 'N']] -- Modifying matrix...
[LINE 4]		4.43		nan 		nan 		nan 		nan 		
[LINE 3]		4.37		4.34		4.4 		nan 		nan 		
[LINE 2]		nan 		4.38		-inf		nan 		nan 		
[LINE 1]		nan 		nan 		-inf		-inf		nan 		
[LINE 0]		nan 		nan 		nan 		nan 		-inf		
 * Ranking:
 ---> {'coords': (2, 1), 'dir': 'W', 'score': 11}
 ---> {'coords': (2, 1), 'dir': 'W', 'score': 11}
 ---> {'coords': (3, 0), 'dir': 'NW', 'score': 15}
 ---> {'coords': (3, 0), 'dir': 'NW', 'score': 15}
 ---> {'coords': (3, 1), 'dir': 'NW', 'score': 15}
 ---> {'coords': (3, 1), 'dir': 'NW', 'score': 15}
 ---> {'coords': (3, 2), 'dir': 'N', 'score': 19}
 ---> {'coords': (3, 2), 'dir': 'N', 'score': 19}
 ---> {'coords': (4, 0), 'dir': 'NW', 'score': 15}
 ---> {'coords': (4, 0), 'dir': 'NW', 'score': 15}
 * Selected, based on ranking: {'coords': (3, 2), 'dir': 'N', 'score': 19}
 * The candidate has value 4.43 and coords (3, 2)
 * Checking direction:
 ---> Trend is: NW
 ---> Complex Trend is: {'NW': 6, 'W': 6.0, 'N': 4.0}
 ---> Allowed dirs based on Complex Trend are: ['W', 'NW', 'N', 'W', 'SW', 'S']
 ---> Direction N ok (last was N)! -- [Last 10: ['NW', 'W', 'W', 'NW', 'NW', 'NW', 'NW', 'NW', 'W', 'N']]
 * Selected element is (3, 2) with value 4.43
Next element is N with direction 4.4
New matrix will be centered on 61,74 with depth 4.4
TREND IS ('NW', {'NW': 5, 'W': 5.5, 'N': 4.5}) --- (['W', 'W', 'NW', 'NW', 'NW', 'NW', 'NW', 'W', 'N', 'N'])
============================================================
Iteration 33 with LAT_IDX: 61 and LON_IDX: 74 with DEPTH 4.397786
 * Adding to the thalweg 61, 74 (depth 4.4)... Let's look at his neighborhood...
 * The extracted matrix is:
[LINE 4]		nan 		nan 		nan 		nan 		nan 		
[LINE 3]		4.43		nan 		nan 		nan 		nan 		
[LINE 2]		4.37		4.34		-inf		nan 		nan 		
[LINE 1]		nan 		4.38		-inf		4.64		nan 		
[LINE 0]		nan 		nan 		-inf		-inf		4.71		
 * Ranking:
 ---> {'coords': (0, 4), 'dir': 'SE', 'score': 0}
 ---> {'coords': (0, 4), 'dir': 'SE', 'score': 0}
 ---> {'coords': (1, 3), 'dir': 'SE', 'score': 0}
 ---> {'coords': (1, 3), 'dir': 'SE', 'score': 0}
 * Selected, based on ranking: {'coords': (0, 4), 'dir': 'SE', 'score': 0}
 * The candidate has value 4.71 and coords (0, 4)
 * Checking direction:
 ---> Trend is: NW
 ---> Complex Trend is: {'NW': 5, 'W': 5.5, 'N': 4.5}
 ---> Allowed dirs based on Complex Trend are: ['W', 'SW', 'S', 'W', 'NW', 'N']
 ---> Direction SE IS NOT ok! Last was N [last 10: ['W', 'W', 'NW', 'NW', 'NW', 'NW', 'NW', 'W', 'N', 'N']] -- Modifying matrix...
[LINE 4]		nan 		nan 		nan 		nan 		nan 		
[LINE 3]		4.43		nan 		nan 		nan 		nan 		
[LINE 2]		4.37		4.34		-inf		nan 		nan 		
[LINE 1]		nan 		4.38		-inf		4.64		nan 		
[LINE 0]		nan 		nan 		-inf		-inf		nan 		
 * Ranking:
 ---> {'coords': (1, 3), 'dir': 'SE', 'score': 0}
 ---> {'coords': (1, 3), 'dir': 'SE', 'score': 0}
 * Selected, based on ranking: {'coords': (1, 3), 'dir': 'SE', 'score': 0}
 * The candidate has value 4.64 and coords (1, 3)
 * Checking direction:
 ---> Trend is: NW
 ---> Complex Trend is: {'NW': 5, 'W': 5.5, 'N': 4.5}
 ---> Allowed dirs based on Complex Trend are: ['W', 'SW', 'S', 'W', 'NW', 'N']
 ---> Direction SE IS NOT ok! Last was N [last 10: ['W', 'W', 'NW', 'NW', 'NW', 'NW', 'NW', 'W', 'N', 'N']] -- Modifying matrix...
[LINE 4]		nan 		nan 		nan 		nan 		nan 		
[LINE 3]		4.43		nan 		nan 		nan 		nan 		
[LINE 2]		4.37		4.34		-inf		nan 		nan 		
[LINE 1]		nan 		4.38		-inf		nan 		nan 		
[LINE 0]		nan 		nan 		-inf		-inf		nan 		
 * Ranking:
 ---> {'coords': (1, 1), 'dir': 'SW', 'score': 10}
 ---> {'coords': (1, 1), 'dir': 'SW', 'score': 10}
 ---> {'coords': (2, 0), 'dir': 'W', 'score': 11}
 ---> {'coords': (2, 0), 'dir': 'W', 'score': 11}
 ---> {'coords': (2, 1), 'dir': 'W', 'score': 11}
 ---> {'coords': (2, 1), 'dir': 'W', 'score': 11}
 ---> {'coords': (3, 0), 'dir': 'NW', 'score': 15}
 ---> {'coords': (3, 0), 'dir': 'NW', 'score': 15}
 * Selected, based on ranking: {'coords': (3, 0), 'dir': 'NW', 'score': 15}
 * The candidate has value 4.43 and coords (3, 0)
 * Checking direction:
 ---> Trend is: NW
 ---> Complex Trend is: {'NW': 5, 'W': 5.5, 'N': 4.5}
 ---> Allowed dirs based on Complex Trend are: ['W', 'SW', 'S', 'W', 'NW', 'N']
 ---> Direction NW ok (last was N)! -- [Last 10: ['W', 'W', 'NW', 'NW', 'NW', 'NW', 'NW', 'W', 'N', 'N']]
 * Selected element is (3, 0) with value 4.43
Next element is NW with direction 4.43
New matrix will be centered on 62,72 with depth 4.43
TREND IS ('NW', {'NW': 6, 'W': 5.0, 'N': 5.0}) --- (['W', 'NW', 'NW', 'NW', 'NW', 'NW', 'W', 'N', 'N', 'NW'])
============================================================
Iteration 34 with LAT_IDX: 62 and LON_IDX: 72 with DEPTH 4.4273505
 * Adding to the thalweg 62, 72 (depth 4.43)... Let's look at his neighborhood...
 * The extracted matrix is:
[LINE 4]		4.54		nan 		nan 		nan 		nan 		
[LINE 3]		4.59		4.57		nan 		nan 		nan 		
[LINE 2]		4.59		4.53		-inf		nan 		nan 		
[LINE 1]		nan 		nan 		4.37		4.34		-inf		
[LINE 0]		nan 		nan 		nan 		4.38		-inf		
 * Ranking:
 ---> {'coords': (2, 0), 'dir': 'W', 'score': 15}
 ---> {'coords': (2, 0), 'dir': 'W', 'score': 15}
 ---> {'coords': (2, 1), 'dir': 'W', 'score': 15}
 ---> {'coords': (2, 1), 'dir': 'W', 'score': 15}
 ---> {'coords': (3, 0), 'dir': 'NW', 'score': 19}
 ---> {'coords': (3, 0), 'dir': 'NW', 'score': 19}
 ---> {'coords': (3, 1), 'dir': 'NW', 'score': 19}
 ---> {'coords': (3, 1), 'dir': 'NW', 'score': 19}
 ---> {'coords': (4, 0), 'dir': 'NW', 'score': 19}
 ---> {'coords': (4, 0), 'dir': 'NW', 'score': 19}
 * Selected, based on ranking: {'coords': (3, 0), 'dir': 'NW', 'score': 19}
 * The candidate has value 4.59 and coords (3, 0)
 * Checking direction:
 ---> Trend is: NW
 ---> Complex Trend is: {'NW': 6, 'W': 5.0, 'N': 5.0}
 ---> Allowed dirs based on Complex Trend are: ['W', 'NW', 'N']
 ---> Direction NW ok (last was NW)! -- [Last 10: ['W', 'NW', 'NW', 'NW', 'NW', 'NW', 'W', 'N', 'N', 'NW']]
 * Selected element is (3, 0) with value 4.59
Next element is NW with direction 4.59
New matrix will be centered on 63,70 with depth 4.59
TREND IS ('NW', {'NW': 7, 'N': 5.5, 'W': 4.5}) --- (['NW', 'NW', 'NW', 'NW', 'NW', 'W', 'N', 'N', 'NW', 'NW'])
============================================================
Iteration 35 with LAT_IDX: 63 and LON_IDX: 70 with DEPTH 4.5872016
 * Adding to the thalweg 63, 70 (depth 4.59)... Let's look at his neighborhood...
 * The extracted matrix is:
[LINE 4]		4.16		nan 		nan 		nan 		nan 		
[LINE 3]		4.32		4.46		4.54		nan 		nan 		
[LINE 2]		nan 		4.54		-inf		4.57		nan 		
[LINE 1]		nan 		nan 		4.59		4.53		-inf		
[LINE 0]		nan 		nan 		nan 		nan 		4.37		
 * Ranking:
 ---> {'coords': (1, 2), 'dir': 'S', 'score': 0}
 ---> {'coords': (1, 2), 'dir': 'S', 'score': 0}
 ---> {'coords': (1, 3), 'dir': 'SE', 'score': 0}
 ---> {'coords': (1, 3), 'dir': 'SE', 'score': 0}
 ---> {'coords': (2, 1), 'dir': 'W', 'score': 15}
 ---> {'coords': (2, 1), 'dir': 'W', 'score': 15}
 ---> {'coords': (2, 3), 'dir': 'E', 'score': 0}
 ---> {'coords': (2, 3), 'dir': 'E', 'score': 0}
 ---> {'coords': (3, 2), 'dir': 'N', 'score': 15}
 ---> {'coords': (3, 2), 'dir': 'N', 'score': 15}
 * Selected, based on ranking: {'coords': (2, 1), 'dir': 'W', 'score': 15}
 * The candidate has value 4.59 and coords (2, 1)
 * Checking direction:
 ---> Trend is: NW
 ---> Complex Trend is: {'NW': 7, 'N': 5.5, 'W': 4.5}
 ---> Allowed dirs based on Complex Trend are: ['W', 'NW', 'N']
 ---> Direction W ok (last was NW)! -- [Last 10: ['NW', 'NW', 'NW', 'NW', 'NW', 'W', 'N', 'N', 'NW', 'NW']]
 * Selected element is (2, 1) with value 4.59
Next element is W with direction 4.54
New matrix will be centered on 63,69 with depth 4.54
TREND IS ('NW', {'NW': 6, 'W': 5.0, 'N': 5.0}) --- (['NW', 'NW', 'NW', 'NW', 'W', 'N', 'N', 'NW', 'NW', 'W'])
============================================================
Iteration 36 with LAT_IDX: 63 and LON_IDX: 69 with DEPTH 4.544957
 * Adding to the thalweg 63, 69 (depth 4.54)... Let's look at his neighborhood...
 * The extracted matrix is:
[LINE 4]		4.05		4.16		nan 		nan 		nan 		
[LINE 3]		nan 		4.32		4.46		4.54		nan 		
[LINE 2]		nan 		nan 		-inf		-inf		4.57		
[LINE 1]		nan 		nan 		nan 		4.59		4.53		
[LINE 0]		nan 		nan 		nan 		nan 		nan 		
 * Ranking:
 ---> {'coords': (1, 3), 'dir': 'SE', 'score': 0}
 ---> {'coords': (1, 3), 'dir': 'SE', 'score': 0}
 ---> {'coords': (1, 4), 'dir': 'SE', 'score': 0}
 ---> {'coords': (1, 4), 'dir': 'SE', 'score': 0}
 ---> {'coords': (2, 4), 'dir': 'E', 'score': 0}
 ---> {'coords': (2, 4), 'dir': 'E', 'score': 0}
 ---> {'coords': (3, 3), 'dir': 'NE', 'score': 0}
 ---> {'coords': (3, 3), 'dir': 'NE', 'score': 0}
 * Selected, based on ranking: {'coords': (1, 3), 'dir': 'SE', 'score': 0}
 * The candidate has value 4.59 and coords (1, 3)
 * Checking direction:
 ---> Trend is: NW
 ---> Complex Trend is: {'NW': 6, 'W': 5.0, 'N': 5.0}
 ---> Allowed dirs based on Complex Trend are: ['W', 'NW', 'N']
 ---> Direction SE IS NOT ok! Last was W [last 10: ['NW', 'NW', 'NW', 'NW', 'W', 'N', 'N', 'NW', 'NW', 'W']] -- Modifying matrix...
[LINE 4]		4.05		4.16		nan 		nan 		nan 		
[LINE 3]		nan 		4.32		4.46		4.54		nan 		
[LINE 2]		nan 		nan 		-inf		-inf		4.57		
[LINE 1]		nan 		nan 		nan 		nan 		4.53		
[LINE 0]		nan 		nan 		nan 		nan 		nan 		
 * Ranking:
 ---> {'coords': (1, 4), 'dir': 'SE', 'score': 0}
 ---> {'coords': (1, 4), 'dir': 'SE', 'score': 0}
 ---> {'coords': (2, 4), 'dir': 'E', 'score': 0}
 ---> {'coords': (2, 4), 'dir': 'E', 'score': 0}
 ---> {'coords': (3, 3), 'dir': 'NE', 'score': 0}
 ---> {'coords': (3, 3), 'dir': 'NE', 'score': 0}
 * Selected, based on ranking: {'coords': (1, 4), 'dir': 'SE', 'score': 0}
 * The candidate has value 4.57 and coords (1, 4)
 * Checking direction:
 ---> Trend is: NW
 ---> Complex Trend is: {'NW': 6, 'W': 5.0, 'N': 5.0}
 ---> Allowed dirs based on Complex Trend are: ['W', 'NW', 'N']
 ---> Direction SE IS NOT ok! Last was W [last 10: ['NW', 'NW', 'NW', 'NW', 'W', 'N', 'N', 'NW', 'NW', 'W']] -- Modifying matrix...
[LINE 4]		4.05		4.16		nan 		nan 		nan 		
[LINE 3]		nan 		4.32		4.46		4.54		nan 		
[LINE 2]		nan 		nan 		-inf		-inf		4.57		
[LINE 1]		nan 		nan 		nan 		nan 		nan 		
[LINE 0]		nan 		nan 		nan 		nan 		nan 		
 * Ranking:
 ---> {'coords': (2, 4), 'dir': 'E', 'score': 0}
 ---> {'coords': (2, 4), 'dir': 'E', 'score': 0}
 ---> {'coords': (3, 3), 'dir': 'NE', 'score': 0}
 ---> {'coords': (3, 3), 'dir': 'NE', 'score': 0}
 * Selected, based on ranking: {'coords': (2, 4), 'dir': 'E', 'score': 0}
 * The candidate has value 4.57 and coords (2, 4)
 * Checking direction:
 ---> Trend is: NW
 ---> Complex Trend is: {'NW': 6, 'W': 5.0, 'N': 5.0}
 ---> Allowed dirs based on Complex Trend are: ['W', 'NW', 'N']
 ---> Direction E IS NOT ok! Last was W [last 10: ['NW', 'NW', 'NW', 'NW', 'W', 'N', 'N', 'NW', 'NW', 'W']] -- Modifying matrix...
[LINE 4]		4.05		4.16		nan 		nan 		nan 		
[LINE 3]		nan 		4.32		4.46		4.54		nan 		
[LINE 2]		nan 		nan 		-inf		-inf		nan 		
[LINE 1]		nan 		nan 		nan 		nan 		nan 		
[LINE 0]		nan 		nan 		nan 		nan 		nan 		
 * Ranking:
 ---> {'coords': (3, 2), 'dir': 'N', 'score': 11}
 ---> {'coords': (3, 2), 'dir': 'N', 'score': 11}
 ---> {'coords': (3, 3), 'dir': 'NE', 'score': 0}
 ---> {'coords': (3, 3), 'dir': 'NE', 'score': 0}
 * Selected, based on ranking: {'coords': (3, 2), 'dir': 'N', 'score': 11}
 * The candidate has value 4.54 and coords (3, 2)
 * Checking direction:
 ---> Trend is: NW
 ---> Complex Trend is: {'NW': 6, 'W': 5.0, 'N': 5.0}
 ---> Allowed dirs based on Complex Trend are: ['W', 'NW', 'N']
 ---> Direction N ok (last was W)! -- [Last 10: ['NW', 'NW', 'NW', 'NW', 'W', 'N', 'N', 'NW', 'NW', 'W']]
 * Selected element is (3, 2) with value 4.54
Next element is N with direction 4.46
New matrix will be centered on 64,69 with depth 4.46
TREND IS ('NW', {'NW': 5, 'N': 5.5, 'W': 4.5}) --- (['NW', 'NW', 'NW', 'W', 'N', 'N', 'NW', 'NW', 'W', 'N'])
============================================================
Iteration 37 with LAT_IDX: 64 and LON_IDX: 69 with DEPTH 4.459733
 * Adding to the thalweg 64, 69 (depth 4.46)... Let's look at his neighborhood...
 * The extracted matrix is:
[LINE 4]		3.92		nan 		nan 		nan 		nan 		
[LINE 3]		4.05		4.16		nan 		nan 		nan 		
[LINE 2]		nan 		4.32		-inf		4.54		nan 		
[LINE 1]		nan 		nan 		-inf		-inf		4.57		
[LINE 0]		nan 		nan 		nan 		4.59		4.53		
 * Ranking:
 ---> {'coords': (0, 3), 'dir': 'SE', 'score': 0}
 ---> {'coords': (0, 3), 'dir': 'SE', 'score': 0}
 ---> {'coords': (0, 4), 'dir': 'SE', 'score': 0}
 ---> {'coords': (0, 4), 'dir': 'SE', 'score': 0}
 ---> {'coords': (1, 4), 'dir': 'SE', 'score': 0}
 ---> {'coords': (1, 4), 'dir': 'SE', 'score': 0}
 ---> {'coords': (2, 3), 'dir': 'E', 'score': 1}
 ---> {'coords': (2, 3), 'dir': 'E', 'score': 1}
 * Selected, based on ranking: {'coords': (2, 3), 'dir': 'E', 'score': 1}
 * The candidate has value 4.59 and coords (2, 3)
 * Checking direction:
 ---> Trend is: NW
 ---> Complex Trend is: {'NW': 5, 'N': 5.5, 'W': 4.5}
 ---> Allowed dirs based on Complex Trend are: ['NW', 'N', 'NE', 'W', 'NW', 'N']
 ---> Direction E IS NOT ok! Last was N [last 10: ['NW', 'NW', 'NW', 'W', 'N', 'N', 'NW', 'NW', 'W', 'N']] -- Modifying matrix...
[LINE 4]		3.92		nan 		nan 		nan 		nan 		
[LINE 3]		4.05		4.16		nan 		nan 		nan 		
[LINE 2]		nan 		4.32		-inf		nan 		nan 		
[LINE 1]		nan 		nan 		-inf		-inf		4.57		
[LINE 0]		nan 		nan 		nan 		4.59		4.53		
 * Ranking:
 ---> {'coords': (0, 3), 'dir': 'SE', 'score': 0}
 ---> {'coords': (0, 3), 'dir': 'SE', 'score': 0}
 ---> {'coords': (0, 4), 'dir': 'SE', 'score': 0}
 ---> {'coords': (0, 4), 'dir': 'SE', 'score': 0}
 ---> {'coords': (1, 4), 'dir': 'SE', 'score': 0}
 ---> {'coords': (1, 4), 'dir': 'SE', 'score': 0}
 * Selected, based on ranking: {'coords': (0, 3), 'dir': 'SE', 'score': 0}
 * The candidate has value 4.59 and coords (0, 3)
 * Checking direction:
 ---> Trend is: NW
 ---> Complex Trend is: {'NW': 5, 'N': 5.5, 'W': 4.5}
 ---> Allowed dirs based on Complex Trend are: ['NW', 'N', 'NE', 'W', 'NW', 'N']
 ---> Direction SE IS NOT ok! Last was N [last 10: ['NW', 'NW', 'NW', 'W', 'N', 'N', 'NW', 'NW', 'W', 'N']] -- Modifying matrix...
[LINE 4]		3.92		nan 		nan 		nan 		nan 		
[LINE 3]		4.05		4.16		nan 		nan 		nan 		
[LINE 2]		nan 		4.32		-inf		nan 		nan 		
[LINE 1]		nan 		nan 		-inf		-inf		4.57		
[LINE 0]		nan 		nan 		nan 		nan 		4.53		
 * Ranking:
 ---> {'coords': (0, 4), 'dir': 'SE', 'score': 0}
 ---> {'coords': (0, 4), 'dir': 'SE', 'score': 0}
 ---> {'coords': (1, 4), 'dir': 'SE', 'score': 0}
 ---> {'coords': (1, 4), 'dir': 'SE', 'score': 0}
 * Selected, based on ranking: {'coords': (0, 4), 'dir': 'SE', 'score': 0}
 * The candidate has value 4.57 and coords (0, 4)
 * Checking direction:
 ---> Trend is: NW
 ---> Complex Trend is: {'NW': 5, 'N': 5.5, 'W': 4.5}
 ---> Allowed dirs based on Complex Trend are: ['NW', 'N', 'NE', 'W', 'NW', 'N']
 ---> Direction SE IS NOT ok! Last was N [last 10: ['NW', 'NW', 'NW', 'W', 'N', 'N', 'NW', 'NW', 'W', 'N']] -- Modifying matrix...
[LINE 4]		3.92		nan 		nan 		nan 		nan 		
[LINE 3]		4.05		4.16		nan 		nan 		nan 		
[LINE 2]		nan 		4.32		-inf		nan 		nan 		
[LINE 1]		nan 		nan 		-inf		-inf		4.57		
[LINE 0]		nan 		nan 		nan 		nan 		nan 		
 * Ranking:
 ---> {'coords': (1, 4), 'dir': 'SE', 'score': 0}
 ---> {'coords': (1, 4), 'dir': 'SE', 'score': 0}
 * Selected, based on ranking: {'coords': (1, 4), 'dir': 'SE', 'score': 0}
 * The candidate has value 4.57 and coords (1, 4)
 * Checking direction:
 ---> Trend is: NW
 ---> Complex Trend is: {'NW': 5, 'N': 5.5, 'W': 4.5}
 ---> Allowed dirs based on Complex Trend are: ['NW', 'N', 'NE', 'W', 'NW', 'N']
 ---> Direction SE IS NOT ok! Last was N [last 10: ['NW', 'NW', 'NW', 'W', 'N', 'N', 'NW', 'NW', 'W', 'N']] -- Modifying matrix...
[LINE 4]		3.92		nan 		nan 		nan 		nan 		
[LINE 3]		4.05		4.16		nan 		nan 		nan 		
[LINE 2]		nan 		4.32		-inf		nan 		nan 		
[LINE 1]		nan 		nan 		-inf		-inf		nan 		
[LINE 0]		nan 		nan 		nan 		nan 		nan 		
 * Ranking:
 ---> {'coords': (2, 1), 'dir': 'W', 'score': 11}
 ---> {'coords': (2, 1), 'dir': 'W', 'score': 11}
 * Selected, based on ranking: {'coords': (2, 1), 'dir': 'W', 'score': 11}
 * The candidate has value 4.32 and coords (2, 1)
 * Checking direction:
 ---> Trend is: NW
 ---> Complex Trend is: {'NW': 5, 'N': 5.5, 'W': 4.5}
 ---> Allowed dirs based on Complex Trend are: ['NW', 'N', 'NE', 'W', 'NW', 'N']
 ---> Direction W ok (last was N)! -- [Last 10: ['NW', 'NW', 'NW', 'W', 'N', 'N', 'NW', 'NW', 'W', 'N']]
 * Selected element is (2, 1) with value 4.32
Next element is W with direction 4.32
New matrix will be centered on 64,68 with depth 4.32
TREND IS ('NW', {'NW': 4, 'W': 5.0, 'N': 5.0}) --- (['NW', 'NW', 'W', 'N', 'N', 'NW', 'NW', 'W', 'N', 'W'])
============================================================
Iteration 38 with LAT_IDX: 64 and LON_IDX: 68 with DEPTH 4.3217406
 * Adding to the thalweg 64, 68 (depth 4.32)... Let's look at his neighborhood...
 * The extracted matrix is:
[LINE 4]		3.83		3.92		nan 		nan 		nan 		
[LINE 3]		3.95		4.05		4.16		nan 		nan 		
[LINE 2]		nan 		nan 		-inf		-inf		4.54		
[LINE 1]		nan 		nan 		nan 		-inf		-inf		
[LINE 0]		nan 		nan 		nan 		nan 		4.59		
 * Ranking:
 ---> {'coords': (0, 4), 'dir': 'SE', 'score': 0}
 ---> {'coords': (0, 4), 'dir': 'SE', 'score': 0}
 ---> {'coords': (2, 4), 'dir': 'E', 'score': 0}
 ---> {'coords': (2, 4), 'dir': 'E', 'score': 0}
 * Selected, based on ranking: {'coords': (0, 4), 'dir': 'SE', 'score': 0}
 * The candidate has value 4.59 and coords (0, 4)
 * Checking direction:
 ---> Trend is: NW
 ---> Complex Trend is: {'NW': 4, 'W': 5.0, 'N': 5.0}
 ---> Allowed dirs based on Complex Trend are: ['W', 'SW', 'S', 'NW', 'N', 'NE']
 ---> Direction SE IS NOT ok! Last was W [last 10: ['NW', 'NW', 'W', 'N', 'N', 'NW', 'NW', 'W', 'N', 'W']] -- Modifying matrix...
[LINE 4]		3.83		3.92		nan 		nan 		nan 		
[LINE 3]		3.95		4.05		4.16		nan 		nan 		
[LINE 2]		nan 		nan 		-inf		-inf		4.54		
[LINE 1]		nan 		nan 		nan 		-inf		-inf		
[LINE 0]		nan 		nan 		nan 		nan 		nan 		
 * Ranking:
 ---> {'coords': (2, 4), 'dir': 'E', 'score': 0}
 ---> {'coords': (2, 4), 'dir': 'E', 'score': 0}
 * Selected, based on ranking: {'coords': (2, 4), 'dir': 'E', 'score': 0}
 * The candidate has value 4.54 and coords (2, 4)
 * Checking direction:
 ---> Trend is: NW
 ---> Complex Trend is: {'NW': 4, 'W': 5.0, 'N': 5.0}
 ---> Allowed dirs based on Complex Trend are: ['W', 'SW', 'S', 'NW', 'N', 'NE']
 ---> Direction E IS NOT ok! Last was W [last 10: ['NW', 'NW', 'W', 'N', 'N', 'NW', 'NW', 'W', 'N', 'W']] -- Modifying matrix...
[LINE 4]		3.83		3.92		nan 		nan 		nan 		
[LINE 3]		3.95		4.05		4.16		nan 		nan 		
[LINE 2]		nan 		nan 		-inf		-inf		nan 		
[LINE 1]		nan 		nan 		nan 		-inf		-inf		
[LINE 0]		nan 		nan 		nan 		nan 		nan 		
 * Ranking:
 ---> {'coords': (3, 2), 'dir': 'N', 'score': 11}
 ---> {'coords': (3, 2), 'dir': 'N', 'score': 11}
 * Selected, based on ranking: {'coords': (3, 2), 'dir': 'N', 'score': 11}
 * The candidate has value 4.16 and coords (3, 2)
 * Checking direction:
 ---> Trend is: NW
 ---> Complex Trend is: {'NW': 4, 'W': 5.0, 'N': 5.0}
 ---> Allowed dirs based on Complex Trend are: ['W', 'SW', 'S', 'NW', 'N', 'NE']
 ---> Direction N ok (last was W)! -- [Last 10: ['NW', 'NW', 'W', 'N', 'N', 'NW', 'NW', 'W', 'N', 'W']]
 * Selected element is (3, 2) with value 4.16
Next element is N with direction 4.16
New matrix will be centered on 65,68 with depth 4.16
TREND IS ('N', {'N': 5.5, 'NW': 3, 'W': 4.5}) --- (['NW', 'W', 'N', 'N', 'NW', 'NW', 'W', 'N', 'W', 'N'])
============================================================
Iteration 39 with LAT_IDX: 65 and LON_IDX: 68 with DEPTH 4.1635547
 * Adding to the thalweg 65, 68 (depth 4.16)... Let's look at his neighborhood...
 * The extracted matrix is:
[LINE 4]		3.68		nan 		nan 		nan 		nan 		
[LINE 3]		3.83		3.92		nan 		nan 		nan 		
[LINE 2]		3.95		4.05		-inf		nan 		nan 		
[LINE 1]		nan 		nan 		-inf		-inf		4.54		
[LINE 0]		nan 		nan 		nan 		-inf		-inf		
 * Ranking:
 ---> {'coords': (1, 4), 'dir': 'SE', 'score': 0}
 ---> {'coords': (1, 4), 'dir': 'SE', 'score': 0}
 * Selected, based on ranking: {'coords': (1, 4), 'dir': 'SE', 'score': 0}
 * The candidate has value 4.54 and coords (1, 4)
 * Checking direction:
 ---> Trend is: N
 ---> Complex Trend is: {'N': 5.5, 'NW': 3, 'W': 4.5}
 ---> Allowed dirs based on Complex Trend are: ['NW', 'N', 'NE']
 ---> Direction SE IS NOT ok! Last was N [last 10: ['NW', 'W', 'N', 'N', 'NW', 'NW', 'W', 'N', 'W', 'N']] -- Modifying matrix...
[LINE 4]		3.68		nan 		nan 		nan 		nan 		
[LINE 3]		3.83		3.92		nan 		nan 		nan 		
[LINE 2]		3.95		4.05		-inf		nan 		nan 		
[LINE 1]		nan 		nan 		-inf		-inf		nan 		
[LINE 0]		nan 		nan 		nan 		-inf		-inf		
 * Ranking:
 ---> {'coords': (2, 1), 'dir': 'W', 'score': 1}
 ---> {'coords': (2, 1), 'dir': 'W', 'score': 1}
 * Selected, based on ranking: {'coords': (2, 1), 'dir': 'W', 'score': 1}
 * The candidate has value 4.05 and coords (2, 1)
 * Checking direction:
 ---> Trend is: N
 ---> Complex Trend is: {'N': 5.5, 'NW': 3, 'W': 4.5}
 ---> Allowed dirs based on Complex Trend are: ['NW', 'N', 'NE']
 ---> Direction W IS NOT ok! Last was N [last 10: ['NW', 'W', 'N', 'N', 'NW', 'NW', 'W', 'N', 'W', 'N']] -- Modifying matrix...
[LINE 4]		3.68		nan 		nan 		nan 		nan 		
[LINE 3]		3.83		3.92		nan 		nan 		nan 		
[LINE 2]		3.95		nan 		-inf		nan 		nan 		
[LINE 1]		nan 		nan 		-inf		-inf		nan 		
[LINE 0]		nan 		nan 		nan 		-inf		-inf		
 * Ranking:
 ---> {'coords': (2, 0), 'dir': 'W', 'score': 1}
 ---> {'coords': (2, 0), 'dir': 'W', 'score': 1}
 ---> {'coords': (3, 1), 'dir': 'NW', 'score': 15}
 ---> {'coords': (3, 1), 'dir': 'NW', 'score': 15}
 * Selected, based on ranking: {'coords': (3, 1), 'dir': 'NW', 'score': 15}
 * The candidate has value 3.95 and coords (3, 1)
 * Checking direction:
 ---> Trend is: N
 ---> Complex Trend is: {'N': 5.5, 'NW': 3, 'W': 4.5}
 ---> Allowed dirs based on Complex Trend are: ['NW', 'N', 'NE']
 ---> Direction NW ok (last was N)! -- [Last 10: ['NW', 'W', 'N', 'N', 'NW', 'NW', 'W', 'N', 'W', 'N']]
 * Selected element is (3, 1) with value 3.95
Next element is NW with direction 3.92
New matrix will be centered on 66,67 with depth 3.92
TREND IS ('N', {'N': 5.5, 'W': 4.5, 'NW': 3}) --- (['W', 'N', 'N', 'NW', 'NW', 'W', 'N', 'W', 'N', 'NW'])
============================================================
Iteration 40 with LAT_IDX: 66 and LON_IDX: 67 with DEPTH 3.9217823
 * Adding to the thalweg 66, 67 (depth 3.92)... Let's look at his neighborhood...
 * The extracted matrix is:
[LINE 4]		3.44		3.53		nan 		nan 		nan 		
[LINE 3]		3.57		3.68		nan 		nan 		nan 		
[LINE 2]		3.72		3.83		-inf		nan 		nan 		
[LINE 1]		nan 		3.95		4.05		-inf		nan 		
[LINE 0]		nan 		nan 		nan 		-inf		-inf		
 * Ranking:
 ---> {'coords': (1, 2), 'dir': 'S', 'score': 0}
 ---> {'coords': (1, 2), 'dir': 'S', 'score': 0}
 * Selected, based on ranking: {'coords': (1, 2), 'dir': 'S', 'score': 0}
 * The candidate has value 4.05 and coords (1, 2)
 * Checking direction:
 ---> Trend is: N
 ---> Complex Trend is: {'N': 5.5, 'W': 4.5, 'NW': 3}
 ---> Allowed dirs based on Complex Trend are: ['NW', 'N', 'NE']
 ---> Direction S IS NOT ok! Last was NW [last 10: ['W', 'N', 'N', 'NW', 'NW', 'W', 'N', 'W', 'N', 'NW']] -- Modifying matrix...
[LINE 4]		3.44		3.53		nan 		nan 		nan 		
[LINE 3]		3.57		3.68		nan 		nan 		nan 		
[LINE 2]		3.72		3.83		-inf		nan 		nan 		
[LINE 1]		nan 		3.95		nan 		-inf		nan 		
[LINE 0]		nan 		nan 		nan 		-inf		-inf		
 * Ranking:
 ---> {'coords': (1, 1), 'dir': 'SW', 'score': 1}
 ---> {'coords': (1, 1), 'dir': 'SW', 'score': 1}
 * Selected, based on ranking: {'coords': (1, 1), 'dir': 'SW', 'score': 1}
 * The candidate has value 3.95 and coords (1, 1)
 * Checking direction:
 ---> Trend is: N
 ---> Complex Trend is: {'N': 5.5, 'W': 4.5, 'NW': 3}
 ---> Allowed dirs based on Complex Trend are: ['NW', 'N', 'NE']
 ---> Direction SW IS NOT ok! Last was NW [last 10: ['W', 'N', 'N', 'NW', 'NW', 'W', 'N', 'W', 'N', 'NW']] -- Modifying matrix...
[LINE 4]		3.44		3.53		nan 		nan 		nan 		
[LINE 3]		3.57		3.68		nan 		nan 		nan 		
[LINE 2]		3.72		3.83		-inf		nan 		nan 		
[LINE 1]		nan 		nan 		nan 		-inf		nan 		
[LINE 0]		nan 		nan 		nan 		-inf		-inf		
 * Ranking:
 ---> {'coords': (2, 1), 'dir': 'W', 'score': 5}
 ---> {'coords': (2, 1), 'dir': 'W', 'score': 5}
 * Selected, based on ranking: {'coords': (2, 1), 'dir': 'W', 'score': 5}
 * The candidate has value 3.83 and coords (2, 1)
 * Checking direction:
 ---> Trend is: N
 ---> Complex Trend is: {'N': 5.5, 'W': 4.5, 'NW': 3}
 ---> Allowed dirs based on Complex Trend are: ['NW', 'N', 'NE']
 ---> Direction W IS NOT ok! Last was NW [last 10: ['W', 'N', 'N', 'NW', 'NW', 'W', 'N', 'W', 'N', 'NW']] -- Modifying matrix...
[LINE 4]		3.44		3.53		nan 		nan 		nan 		
[LINE 3]		3.57		3.68		nan 		nan 		nan 		
[LINE 2]		3.72		nan 		-inf		nan 		nan 		
[LINE 1]		nan 		nan 		nan 		-inf		nan 		
[LINE 0]		nan 		nan 		nan 		-inf		-inf		
 * Ranking:
 ---> {'coords': (2, 0), 'dir': 'W', 'score': 5}
 ---> {'coords': (2, 0), 'dir': 'W', 'score': 5}
 ---> {'coords': (3, 1), 'dir': 'NW', 'score': 19}
 ---> {'coords': (3, 1), 'dir': 'NW', 'score': 19}
 * Selected, based on ranking: {'coords': (3, 1), 'dir': 'NW', 'score': 19}
 * The candidate has value 3.72 and coords (3, 1)
 * Checking direction:
 ---> Trend is: N
 ---> Complex Trend is: {'N': 5.5, 'W': 4.5, 'NW': 3}
 ---> Allowed dirs based on Complex Trend are: ['NW', 'N', 'NE']
 ---> Direction NW ok (last was NW)! -- [Last 10: ['W', 'N', 'N', 'NW', 'NW', 'W', 'N', 'W', 'N', 'NW']]
 * Selected element is (3, 1) with value 3.72
Next element is NW with direction 3.68
New matrix will be centered on 67,66 with depth 3.68
TREND IS ('N', {'N': 6.0, 'NW': 4, 'W': 4.0}) --- (['N', 'N', 'NW', 'NW', 'W', 'N', 'W', 'N', 'NW', 'NW'])
============================================================
Iteration 41 with LAT_IDX: 67 and LON_IDX: 66 with DEPTH 3.6780975
 * Adding to the thalweg 67, 66 (depth 3.68)... Let's look at his neighborhood...
 * The extracted matrix is:
[LINE 4]		3.36		3.37		nan 		nan 		nan 		
[LINE 3]		3.42		3.44		3.53		nan 		nan 		
[LINE 2]		3.49		3.57		-inf		nan 		nan 		
[LINE 1]		nan 		3.72		3.83		-inf		nan 		
[LINE 0]		nan 		nan 		3.95		4.05		-inf		
 * Ranking:
 ---> {'coords': (0, 3), 'dir': 'SE', 'score': 0}
 ---> {'coords': (0, 3), 'dir': 'SE', 'score': 0}
 * Selected, based on ranking: {'coords': (0, 3), 'dir': 'SE', 'score': 0}
 * The candidate has value 4.05 and coords (0, 3)
 * Checking direction:
 ---> Trend is: N
 ---> Complex Trend is: {'N': 6.0, 'NW': 4, 'W': 4.0}
 ---> Allowed dirs based on Complex Trend are: ['NW', 'N', 'NE']
 ---> Direction SE IS NOT ok! Last was NW [last 10: ['N', 'N', 'NW', 'NW', 'W', 'N', 'W', 'N', 'NW', 'NW']] -- Modifying matrix...
[LINE 4]		3.36		3.37		nan 		nan 		nan 		
[LINE 3]		3.42		3.44		3.53		nan 		nan 		
[LINE 2]		3.49		3.57		-inf		nan 		nan 		
[LINE 1]		nan 		3.72		3.83		-inf		nan 		
[LINE 0]		nan 		nan 		3.95		nan 		-inf		
 * Ranking:
 ---> {'coords': (0, 2), 'dir': 'S', 'score': 0}
 ---> {'coords': (0, 2), 'dir': 'S', 'score': 0}
 * Selected, based on ranking: {'coords': (0, 2), 'dir': 'S', 'score': 0}
 * The candidate has value 3.95 and coords (0, 2)
 * Checking direction:
 ---> Trend is: N
 ---> Complex Trend is: {'N': 6.0, 'NW': 4, 'W': 4.0}
 ---> Allowed dirs based on Complex Trend are: ['NW', 'N', 'NE']
 ---> Direction S IS NOT ok! Last was NW [last 10: ['N', 'N', 'NW', 'NW', 'W', 'N', 'W', 'N', 'NW', 'NW']] -- Modifying matrix...
[LINE 4]		3.36		3.37		nan 		nan 		nan 		
[LINE 3]		3.42		3.44		3.53		nan 		nan 		
[LINE 2]		3.49		3.57		-inf		nan 		nan 		
[LINE 1]		nan 		3.72		3.83		-inf		nan 		
[LINE 0]		nan 		nan 		nan 		nan 		-inf		
 * Ranking:
 ---> {'coords': (1, 2), 'dir': 'S', 'score': 0}
 ---> {'coords': (1, 2), 'dir': 'S', 'score': 0}
 * Selected, based on ranking: {'coords': (1, 2), 'dir': 'S', 'score': 0}
 * The candidate has value 3.83 and coords (1, 2)
 * Checking direction:
 ---> Trend is: N
 ---> Complex Trend is: {'N': 6.0, 'NW': 4, 'W': 4.0}
 ---> Allowed dirs based on Complex Trend are: ['NW', 'N', 'NE']
 ---> Direction S IS NOT ok! Last was NW [last 10: ['N', 'N', 'NW', 'NW', 'W', 'N', 'W', 'N', 'NW', 'NW']] -- Modifying matrix...
[LINE 4]		3.36		3.37		nan 		nan 		nan 		
[LINE 3]		3.42		3.44		3.53		nan 		nan 		
[LINE 2]		3.49		3.57		-inf		nan 		nan 		
[LINE 1]		nan 		3.72		nan 		-inf		nan 		
[LINE 0]		nan 		nan 		nan 		nan 		-inf		
 * Ranking:
 ---> {'coords': (1, 1), 'dir': 'SW', 'score': 1}
 ---> {'coords': (1, 1), 'dir': 'SW', 'score': 1}
 * Selected, based on ranking: {'coords': (1, 1), 'dir': 'SW', 'score': 1}
 * The candidate has value 3.72 and coords (1, 1)
 * Checking direction:
 ---> Trend is: N
 ---> Complex Trend is: {'N': 6.0, 'NW': 4, 'W': 4.0}
 ---> Allowed dirs based on Complex Trend are: ['NW', 'N', 'NE']
 ---> Direction SW IS NOT ok! Last was NW [last 10: ['N', 'N', 'NW', 'NW', 'W', 'N', 'W', 'N', 'NW', 'NW']] -- Modifying matrix...
[LINE 4]		3.36		3.37		nan 		nan 		nan 		
[LINE 3]		3.42		3.44		3.53		nan 		nan 		
[LINE 2]		3.49		3.57		-inf		nan 		nan 		
[LINE 1]		nan 		nan 		nan 		-inf		nan 		
[LINE 0]		nan 		nan 		nan 		nan 		-inf		
 * Ranking:
 ---> {'coords': (2, 0), 'dir': 'W', 'score': 5}
 ---> {'coords': (2, 0), 'dir': 'W', 'score': 5}
 ---> {'coords': (2, 1), 'dir': 'W', 'score': 5}
 ---> {'coords': (2, 1), 'dir': 'W', 'score': 5}
 ---> {'coords': (3, 2), 'dir': 'N', 'score': 15}
 ---> {'coords': (3, 2), 'dir': 'N', 'score': 15}
 * Selected, based on ranking: {'coords': (3, 2), 'dir': 'N', 'score': 15}
 * The candidate has value 3.57 and coords (3, 2)
 * Checking direction:
 ---> Trend is: N
 ---> Complex Trend is: {'N': 6.0, 'NW': 4, 'W': 4.0}
 ---> Allowed dirs based on Complex Trend are: ['NW', 'N', 'NE']
 ---> Direction N ok (last was NW)! -- [Last 10: ['N', 'N', 'NW', 'NW', 'W', 'N', 'W', 'N', 'NW', 'NW']]
 * Selected element is (3, 2) with value 3.57
Next element is N with direction 3.53
New matrix will be centered on 68,66 with depth 3.53
TREND IS ('N', {'N': 6.0, 'NW': 4, 'W': 4.0}) --- (['N', 'NW', 'NW', 'W', 'N', 'W', 'N', 'NW', 'NW', 'N'])
============================================================
Iteration 42 with LAT_IDX: 68 and LON_IDX: 66 with DEPTH 3.5274622
 * Adding to the thalweg 68, 66 (depth 3.53)... Let's look at his neighborhood...
 * The extracted matrix is:
[LINE 4]		3.35		nan 		nan 		nan 		nan 		
[LINE 3]		3.36		3.37		nan 		nan 		nan 		
[LINE 2]		3.42		3.44		-inf		nan 		nan 		
[LINE 1]		3.49		3.57		-inf		nan 		nan 		
[LINE 0]		nan 		3.72		3.83		-inf		nan 		
 * Ranking:
 ---> {'coords': (0, 2), 'dir': 'S', 'score': 0}
 ---> {'coords': (0, 2), 'dir': 'S', 'score': 0}
 * Selected, based on ranking: {'coords': (0, 2), 'dir': 'S', 'score': 0}
 * The candidate has value 3.83 and coords (0, 2)
 * Checking direction:
 ---> Trend is: N
 ---> Complex Trend is: {'N': 6.0, 'NW': 4, 'W': 4.0}
 ---> Allowed dirs based on Complex Trend are: ['NW', 'N', 'NE']
 ---> Direction S IS NOT ok! Last was N [last 10: ['N', 'NW', 'NW', 'W', 'N', 'W', 'N', 'NW', 'NW', 'N']] -- Modifying matrix...
[LINE 4]		3.35		nan 		nan 		nan 		nan 		
[LINE 3]		3.36		3.37		nan 		nan 		nan 		
[LINE 2]		3.42		3.44		-inf		nan 		nan 		
[LINE 1]		3.49		3.57		-inf		nan 		nan 		
[LINE 0]		nan 		3.72		nan 		-inf		nan 		
 * Ranking:
 ---> {'coords': (0, 1), 'dir': 'SW', 'score': 0}
 ---> {'coords': (0, 1), 'dir': 'SW', 'score': 0}
 * Selected, based on ranking: {'coords': (0, 1), 'dir': 'SW', 'score': 0}
 * The candidate has value 3.72 and coords (0, 1)
 * Checking direction:
 ---> Trend is: N
 ---> Complex Trend is: {'N': 6.0, 'NW': 4, 'W': 4.0}
 ---> Allowed dirs based on Complex Trend are: ['NW', 'N', 'NE']
 ---> Direction SW IS NOT ok! Last was N [last 10: ['N', 'NW', 'NW', 'W', 'N', 'W', 'N', 'NW', 'NW', 'N']] -- Modifying matrix...
[LINE 4]		3.35		nan 		nan 		nan 		nan 		
[LINE 3]		3.36		3.37		nan 		nan 		nan 		
[LINE 2]		3.42		3.44		-inf		nan 		nan 		
[LINE 1]		3.49		3.57		-inf		nan 		nan 		
[LINE 0]		nan 		nan 		nan 		-inf		nan 		
 * Ranking:
 ---> {'coords': (1, 0), 'dir': 'SW', 'score': 0}
 ---> {'coords': (1, 0), 'dir': 'SW', 'score': 0}
 ---> {'coords': (1, 1), 'dir': 'SW', 'score': 0}
 ---> {'coords': (1, 1), 'dir': 'SW', 'score': 0}
 * Selected, based on ranking: {'coords': (1, 0), 'dir': 'SW', 'score': 0}
 * The candidate has value 3.57 and coords (1, 0)
 * Checking direction:
 ---> Trend is: N
 ---> Complex Trend is: {'N': 6.0, 'NW': 4, 'W': 4.0}
 ---> Allowed dirs based on Complex Trend are: ['NW', 'N', 'NE']
 ---> Direction SW IS NOT ok! Last was N [last 10: ['N', 'NW', 'NW', 'W', 'N', 'W', 'N', 'NW', 'NW', 'N']] -- Modifying matrix...
[LINE 4]		3.35		nan 		nan 		nan 		nan 		
[LINE 3]		3.36		3.37		nan 		nan 		nan 		
[LINE 2]		3.42		3.44		-inf		nan 		nan 		
[LINE 1]		nan 		3.57		-inf		nan 		nan 		
[LINE 0]		nan 		nan 		nan 		-inf		nan 		
 * Ranking:
 ---> {'coords': (1, 1), 'dir': 'SW', 'score': 0}
 ---> {'coords': (1, 1), 'dir': 'SW', 'score': 0}
 * Selected, based on ranking: {'coords': (1, 1), 'dir': 'SW', 'score': 0}
 * The candidate has value 3.57 and coords (1, 1)
 * Checking direction:
 ---> Trend is: N
 ---> Complex Trend is: {'N': 6.0, 'NW': 4, 'W': 4.0}
 ---> Allowed dirs based on Complex Trend are: ['NW', 'N', 'NE']
 ---> Direction SW IS NOT ok! Last was N [last 10: ['N', 'NW', 'NW', 'W', 'N', 'W', 'N', 'NW', 'NW', 'N']] -- Modifying matrix...
[LINE 4]		3.35		nan 		nan 		nan 		nan 		
[LINE 3]		3.36		3.37		nan 		nan 		nan 		
[LINE 2]		3.42		3.44		-inf		nan 		nan 		
[LINE 1]		nan 		nan 		-inf		nan 		nan 		
[LINE 0]		nan 		nan 		nan 		-inf		nan 		
 * Ranking:
 ---> {'coords': (2, 0), 'dir': 'W', 'score': 1}
 ---> {'coords': (2, 0), 'dir': 'W', 'score': 1}
 ---> {'coords': (2, 1), 'dir': 'W', 'score': 1}
 ---> {'coords': (2, 1), 'dir': 'W', 'score': 1}
 ---> {'coords': (3, 0), 'dir': 'NW', 'score': 15}
 ---> {'coords': (3, 0), 'dir': 'NW', 'score': 15}
 ---> {'coords': (3, 1), 'dir': 'NW', 'score': 15}
 ---> {'coords': (3, 1), 'dir': 'NW', 'score': 15}
 ---> {'coords': (4, 0), 'dir': 'NW', 'score': 15}
 ---> {'coords': (4, 0), 'dir': 'NW', 'score': 15}
 * Selected, based on ranking: {'coords': (3, 0), 'dir': 'NW', 'score': 15}
 * The candidate has value 3.44 and coords (3, 0)
 * Checking direction:
 ---> Trend is: N
 ---> Complex Trend is: {'N': 6.0, 'NW': 4, 'W': 4.0}
 ---> Allowed dirs based on Complex Trend are: ['NW', 'N', 'NE']
 ---> Direction NW ok (last was N)! -- [Last 10: ['N', 'NW', 'NW', 'W', 'N', 'W', 'N', 'NW', 'NW', 'N']]
 * Selected element is (3, 0) with value 3.44
Next element is NW with direction 3.36
New matrix will be centered on 69,64 with depth 3.36
TREND IS ('NW', {'NW': 5, 'N': 5.5, 'W': 4.5}) --- (['NW', 'NW', 'W', 'N', 'W', 'N', 'NW', 'NW', 'N', 'NW'])
============================================================
Iteration 43 with LAT_IDX: 69 and LON_IDX: 64 with DEPTH 3.3630006
 * Adding to the thalweg 69, 64 (depth 3.36)... Let's look at his neighborhood...
 * The extracted matrix is:
[LINE 4]		3.7 		3.53		nan 		nan 		nan 		
[LINE 3]		3.5 		3.42		3.35		nan 		nan 		
[LINE 2]		3.41		3.39		-inf		3.37		nan 		
[LINE 1]		nan 		3.4 		3.42		3.44		-inf		
[LINE 0]		nan 		nan 		3.49		3.57		-inf		
 * Ranking:
 ---> {'coords': (4, 0), 'dir': 'NW', 'score': 19}
 ---> {'coords': (4, 0), 'dir': 'NW', 'score': 19}
 * Selected, based on ranking: {'coords': (4, 0), 'dir': 'NW', 'score': 19}
 * The candidate has value 3.7 and coords (4, 0)
 * Checking direction:
 ---> Trend is: NW
 ---> Complex Trend is: {'NW': 5, 'N': 5.5, 'W': 4.5}
 ---> Allowed dirs based on Complex Trend are: ['NW', 'N', 'NE', 'W', 'NW', 'N']
 ---> Direction NW ok (last was NW)! -- [Last 10: ['NW', 'NW', 'W', 'N', 'W', 'N', 'NW', 'NW', 'N', 'NW']]
 * Selected element is (4, 0) with value 3.7
Next element is NW with direction 3.7
New matrix will be centered on 71,62 with depth 3.7
TREND IS ('NW', {'NW': 5, 'N': 5.5, 'W': 4.5}) --- (['NW', 'W', 'N', 'W', 'N', 'NW', 'NW', 'N', 'NW', 'NW'])
============================================================
Iteration 44 with LAT_IDX: 71 and LON_IDX: 62 with DEPTH 3.6983724
 * Adding to the thalweg 71, 62 (depth 3.7)... Let's look at his neighborhood...
 * The extracted matrix is:
[LINE 4]		4.57		4.32		4.18		nan 		nan 		
[LINE 3]		4.3 		4.09		3.96		3.79		nan 		
[LINE 2]		4.08		3.85		-inf		3.53		nan 		
[LINE 1]		nan 		3.62		3.5 		3.42		3.35		
[LINE 0]		nan 		nan 		3.41		3.39		-inf		
 * Ranking:
 ---> {'coords': (4, 0), 'dir': 'NW', 'score': 19}
 ---> {'coords': (4, 0), 'dir': 'NW', 'score': 19}
 * Selected, based on ranking: {'coords': (4, 0), 'dir': 'NW', 'score': 19}
 * The candidate has value 4.57 and coords (4, 0)
 * Checking direction:
 ---> Trend is: NW
 ---> Complex Trend is: {'NW': 5, 'N': 5.5, 'W': 4.5}
 ---> Allowed dirs based on Complex Trend are: ['NW', 'N', 'NE', 'W', 'NW', 'N']
 ---> Direction NW ok (last was NW)! -- [Last 10: ['NW', 'W', 'N', 'W', 'N', 'NW', 'NW', 'N', 'NW', 'NW']]
 * Selected element is (4, 0) with value 4.57
Next element is NW with direction 4.57
New matrix will be centered on 73,60 with depth 4.57
TREND IS ('NW', {'NW': 5, 'N': 5.5, 'W': 4.5}) --- (['W', 'N', 'W', 'N', 'NW', 'NW', 'N', 'NW', 'NW', 'NW'])
============================================================
Iteration 45 with LAT_IDX: 73 and LON_IDX: 60 with DEPTH 4.56883
 * Adding to the thalweg 73, 60 (depth 4.57)... Let's look at his neighborhood...
 * The extracted matrix is:
[LINE 4]		4.96		4.93		4.82		4.74		nan 		
[LINE 3]		4.91		4.84		4.71		4.56		nan 		
[LINE 2]		nan 		4.67		-inf		4.32		4.18		
[LINE 1]		nan 		nan 		4.3 		4.09		3.96		
[LINE 0]		nan 		nan 		4.08		3.85		-inf		
 * Ranking:
 ---> {'coords': (3, 0), 'dir': 'NW', 'score': 19}
 ---> {'coords': (3, 0), 'dir': 'NW', 'score': 19}
 ---> {'coords': (4, 0), 'dir': 'NW', 'score': 19}
 ---> {'coords': (4, 0), 'dir': 'NW', 'score': 19}
 ---> {'coords': (4, 1), 'dir': 'NW', 'score': 19}
 ---> {'coords': (4, 1), 'dir': 'NW', 'score': 19}
 * Selected, based on ranking: {'coords': (3, 0), 'dir': 'NW', 'score': 19}
 * The candidate has value 4.96 and coords (3, 0)
 * Checking direction:
 ---> Trend is: NW
 ---> Complex Trend is: {'NW': 5, 'N': 5.5, 'W': 4.5}
 ---> Allowed dirs based on Complex Trend are: ['NW', 'N', 'NE', 'W', 'NW', 'N']
 ---> Direction NW ok (last was NW)! -- [Last 10: ['W', 'N', 'W', 'N', 'NW', 'NW', 'N', 'NW', 'NW', 'NW']]
 * Selected element is (3, 0) with value 4.96
Next element is NW with direction 4.91
New matrix will be centered on 74,58 with depth 4.91
TREND IS ('NW', {'NW': 6, 'N': 6.0, 'W': 4.0}) --- (['N', 'W', 'N', 'NW', 'NW', 'N', 'NW', 'NW', 'NW', 'NW'])
============================================================
Iteration 46 with LAT_IDX: 74 and LON_IDX: 58 with DEPTH 4.9112277
 * Adding to the thalweg 74, 58 (depth 4.91)... Let's look at his neighborhood...
 * The extracted matrix is:
[LINE 4]		nan 		5.07		5.05		5.01		4.92		
[LINE 3]		nan 		nan 		4.96		4.93		4.82		
[LINE 2]		nan 		nan 		-inf		4.84		4.71		
[LINE 1]		nan 		nan 		nan 		4.67		-inf		
[LINE 0]		nan 		nan 		nan 		nan 		4.3 		
 * Ranking:
 ---> {'coords': (4, 1), 'dir': 'NW', 'score': 19}
 ---> {'coords': (4, 1), 'dir': 'NW', 'score': 19}
 ---> {'coords': (4, 2), 'dir': 'N', 'score': 15}
 ---> {'coords': (4, 2), 'dir': 'N', 'score': 15}
 ---> {'coords': (4, 3), 'dir': 'NE', 'score': 11}
 ---> {'coords': (4, 3), 'dir': 'NE', 'score': 11}
 * Selected, based on ranking: {'coords': (4, 1), 'dir': 'NW', 'score': 19}
 * The candidate has value 5.07 and coords (4, 1)
 * Checking direction:
 ---> Trend is: NW
 ---> Complex Trend is: {'NW': 6, 'N': 6.0, 'W': 4.0}
 ---> Allowed dirs based on Complex Trend are: ['W', 'NW', 'N', 'NW', 'N', 'NE']
 ---> Direction NW ok (last was NW)! -- [Last 10: ['N', 'W', 'N', 'NW', 'NW', 'N', 'NW', 'NW', 'NW', 'NW']]
 * Selected element is (4, 1) with value 5.07
Next element is NW with direction 5.07
New matrix will be centered on 76,57 with depth 5.07
TREND IS ('NW', {'NW': 7, 'N': 5.5, 'W': 4.5}) --- (['W', 'N', 'NW', 'NW', 'N', 'NW', 'NW', 'NW', 'NW', 'NW'])
============================================================
Iteration 47 with LAT_IDX: 76 and LON_IDX: 57 with DEPTH 5.0665493
 * Adding to the thalweg 76, 57 (depth 5.07)... Let's look at his neighborhood...
 * The extracted matrix is:
[LINE 4]		nan 		nan 		5.4 		5.37		5.33		
[LINE 3]		nan 		nan 		5.22		5.19		5.14		
[LINE 2]		nan 		nan 		-inf		5.05		5.01		
[LINE 1]		nan 		nan 		nan 		4.96		4.93		
[LINE 0]		nan 		nan 		nan 		-inf		4.84		
 * Ranking:
 ---> {'coords': (4, 2), 'dir': 'N', 'score': 15}
 ---> {'coords': (4, 2), 'dir': 'N', 'score': 15}
 ---> {'coords': (4, 3), 'dir': 'NE', 'score': 1}
 ---> {'coords': (4, 3), 'dir': 'NE', 'score': 1}
 ---> {'coords': (4, 4), 'dir': 'NE', 'score': 1}
 ---> {'coords': (4, 4), 'dir': 'NE', 'score': 1}
 * Selected, based on ranking: {'coords': (4, 2), 'dir': 'N', 'score': 15}
 * The candidate has value 5.4 and coords (4, 2)
 * Checking direction:
 ---> Trend is: NW
 ---> Complex Trend is: {'NW': 7, 'N': 5.5, 'W': 4.5}
 ---> Allowed dirs based on Complex Trend are: ['W', 'NW', 'N']
 ---> Direction N ok (last was NW)! -- [Last 10: ['W', 'N', 'NW', 'NW', 'N', 'NW', 'NW', 'NW', 'NW', 'NW']]
 * Selected element is (4, 2) with value 5.4
Next element is N with direction 5.4
New matrix will be centered on 78,57 with depth 5.4
TREND IS ('NW', {'NW': 7, 'N': 6.5, 'W': 3.5}) --- (['N', 'NW', 'NW', 'N', 'NW', 'NW', 'NW', 'NW', 'NW', 'N'])
============================================================
Iteration 48 with LAT_IDX: 78 and LON_IDX: 57 with DEPTH 5.3960695
 * Adding to the thalweg 78, 57 (depth 5.4)... Let's look at his neighborhood...
 * The extracted matrix is:
[LINE 4]		nan 		nan 		5.66		5.64		5.62		
[LINE 3]		nan 		nan 		5.53		5.51		5.48		
[LINE 2]		nan 		nan 		-inf		5.37		5.33		
[LINE 1]		nan 		nan 		5.22		5.19		5.14		
[LINE 0]		nan 		nan 		-inf		5.05		5.01		
 * Ranking:
 ---> {'coords': (4, 2), 'dir': 'N', 'score': 19}
 ---> {'coords': (4, 2), 'dir': 'N', 'score': 19}
 ---> {'coords': (4, 3), 'dir': 'NE', 'score': 15}
 ---> {'coords': (4, 3), 'dir': 'NE', 'score': 15}
 ---> {'coords': (4, 4), 'dir': 'NE', 'score': 15}
 ---> {'coords': (4, 4), 'dir': 'NE', 'score': 15}
 * Selected, based on ranking: {'coords': (4, 2), 'dir': 'N', 'score': 19}
 * The candidate has value 5.66 and coords (4, 2)
 * Checking direction:
 ---> Trend is: NW
 ---> Complex Trend is: {'NW': 7, 'N': 6.5, 'W': 3.5}
 ---> Allowed dirs based on Complex Trend are: ['W', 'NW', 'N', 'NW', 'N', 'NE']
 ---> Direction N ok (last was N)! -- [Last 10: ['N', 'NW', 'NW', 'N', 'NW', 'NW', 'NW', 'NW', 'NW', 'N']]
 * Selected element is (4, 2) with value 5.66
Next element is N with direction 5.66
New matrix will be centered on 80,57 with depth 5.66
TREND IS ('NW', {'NW': 7, 'N': 6.5, 'W': 3.5}) --- (['NW', 'NW', 'N', 'NW', 'NW', 'NW', 'NW', 'NW', 'N', 'N'])
============================================================
Iteration 49 with LAT_IDX: 80 and LON_IDX: 57 with DEPTH 5.662271
 * Adding to the thalweg 80, 57 (depth 5.66)... Let's look at his neighborhood...
 * The extracted matrix is:
[LINE 4]		nan 		5.82		5.79		5.76		5.74		
[LINE 3]		nan 		nan 		5.74		5.72		5.71		
[LINE 2]		nan 		nan 		-inf		5.64		5.62		
[LINE 1]		nan 		nan 		5.53		5.51		5.48		
[LINE 0]		nan 		nan 		-inf		5.37		5.33		
 * Ranking:
 ---> {'coords': (3, 2), 'dir': 'N', 'score': 19}
 ---> {'coords': (3, 2), 'dir': 'N', 'score': 19}
 ---> {'coords': (4, 1), 'dir': 'NW', 'score': 15}
 ---> {'coords': (4, 1), 'dir': 'NW', 'score': 15}
 ---> {'coords': (4, 2), 'dir': 'N', 'score': 19}
 ---> {'coords': (4, 2), 'dir': 'N', 'score': 19}
 ---> {'coords': (4, 3), 'dir': 'NE', 'score': 15}
 ---> {'coords': (4, 3), 'dir': 'NE', 'score': 15}
 ---> {'coords': (4, 4), 'dir': 'NE', 'score': 15}
 ---> {'coords': (4, 4), 'dir': 'NE', 'score': 15}
 * Selected, based on ranking: {'coords': (3, 2), 'dir': 'N', 'score': 19}
 * The candidate has value 5.82 and coords (3, 2)
 * Checking direction:
 ---> Trend is: NW
 ---> Complex Trend is: {'NW': 7, 'N': 6.5, 'W': 3.5}
 ---> Allowed dirs based on Complex Trend are: ['W', 'NW', 'N', 'NW', 'N', 'NE']
 ---> Direction N ok (last was N)! -- [Last 10: ['NW', 'NW', 'N', 'NW', 'NW', 'NW', 'NW', 'NW', 'N', 'N']]
 * Selected element is (3, 2) with value 5.82
Next element is N with direction 5.74
New matrix will be centered on 81,57 with depth 5.74
TREND IS ('NW', {'NW': 6, 'N': 7.0, 'W': 3.0}) --- (['NW', 'N', 'NW', 'NW', 'NW', 'NW', 'NW', 'N', 'N', 'N'])
============================================================
Iteration 50 with LAT_IDX: 81 and LON_IDX: 57 with DEPTH 5.7413297
 * Adding to the thalweg 81, 57 (depth 5.74)... Let's look at his neighborhood...
 * The extracted matrix is:
[LINE 4]		nan 		5.84		5.81		5.78		5.76		
[LINE 3]		nan 		5.82		5.79		5.76		5.74		
[LINE 2]		nan 		nan 		-inf		5.72		5.71		
[LINE 1]		nan 		nan 		-inf		5.64		5.62		
[LINE 0]		nan 		nan 		5.53		5.51		5.48		
 * Ranking:
 ---> {'coords': (3, 1), 'dir': 'NW', 'score': 15}
 ---> {'coords': (3, 1), 'dir': 'NW', 'score': 15}
 ---> {'coords': (3, 2), 'dir': 'N', 'score': 19}
 ---> {'coords': (3, 2), 'dir': 'N', 'score': 19}
 ---> {'coords': (3, 3), 'dir': 'NE', 'score': 15}
 ---> {'coords': (3, 3), 'dir': 'NE', 'score': 15}
 ---> {'coords': (4, 1), 'dir': 'NW', 'score': 15}
 ---> {'coords': (4, 1), 'dir': 'NW', 'score': 15}
 ---> {'coords': (4, 2), 'dir': 'N', 'score': 19}
 ---> {'coords': (4, 2), 'dir': 'N', 'score': 19}
 ---> {'coords': (4, 3), 'dir': 'NE', 'score': 15}
 ---> {'coords': (4, 3), 'dir': 'NE', 'score': 15}
 ---> {'coords': (4, 4), 'dir': 'NE', 'score': 15}
 ---> {'coords': (4, 4), 'dir': 'NE', 'score': 15}
 * Selected, based on ranking: {'coords': (3, 2), 'dir': 'N', 'score': 19}
 * The candidate has value 5.84 and coords (3, 2)
 * Checking direction:
 ---> Trend is: NW
 ---> Complex Trend is: {'NW': 6, 'N': 7.0, 'W': 3.0}
 ---> Allowed dirs based on Complex Trend are: ['NW', 'N', 'NE']
 ---> Direction N ok (last was N)! -- [Last 10: ['NW', 'N', 'NW', 'NW', 'NW', 'NW', 'NW', 'N', 'N', 'N']]
 * Selected element is (3, 2) with value 5.84
Next element is N with direction 5.79
New matrix will be centered on 82,57 with depth 5.79
TREND IS ('N', {'N': 7.5, 'NW': 5, 'W': 2.5}) --- (['N', 'NW', 'NW', 'NW', 'NW', 'NW', 'N', 'N', 'N', 'N'])
============================================================
Iteration 51 with LAT_IDX: 82 and LON_IDX: 57 with DEPTH 5.7905893
 * Adding to the thalweg 82, 57 (depth 5.79)... Let's look at his neighborhood...
 * The extracted matrix is:
[LINE 4]		nan 		5.81		5.79		5.75		nan 		
[LINE 3]		nan 		5.84		5.81		5.78		5.76		
[LINE 2]		nan 		5.82		-inf		5.76		5.74		
[LINE 1]		nan 		nan 		-inf		5.72		5.71		
[LINE 0]		nan 		nan 		-inf		5.64		5.62		
 * Ranking:
 ---> {'coords': (2, 1), 'dir': 'W', 'score': 1}
 ---> {'coords': (2, 1), 'dir': 'W', 'score': 1}
 ---> {'coords': (2, 3), 'dir': 'E', 'score': 1}
 ---> {'coords': (2, 3), 'dir': 'E', 'score': 1}
 ---> {'coords': (3, 1), 'dir': 'NW', 'score': 15}
 ---> {'coords': (3, 1), 'dir': 'NW', 'score': 15}
 ---> {'coords': (3, 2), 'dir': 'N', 'score': 19}
 ---> {'coords': (3, 2), 'dir': 'N', 'score': 19}
 ---> {'coords': (3, 3), 'dir': 'NE', 'score': 15}
 ---> {'coords': (3, 3), 'dir': 'NE', 'score': 15}
 ---> {'coords': (3, 4), 'dir': 'NE', 'score': 15}
 ---> {'coords': (3, 4), 'dir': 'NE', 'score': 15}
 ---> {'coords': (4, 1), 'dir': 'NW', 'score': 15}
 ---> {'coords': (4, 1), 'dir': 'NW', 'score': 15}
 ---> {'coords': (4, 2), 'dir': 'N', 'score': 19}
 ---> {'coords': (4, 2), 'dir': 'N', 'score': 19}
 ---> {'coords': (4, 3), 'dir': 'NE', 'score': 15}
 ---> {'coords': (4, 3), 'dir': 'NE', 'score': 15}
 * Selected, based on ranking: {'coords': (3, 2), 'dir': 'N', 'score': 19}
 * The candidate has value 5.84 and coords (3, 2)
 * Checking direction:
 ---> Trend is: N
 ---> Complex Trend is: {'N': 7.5, 'NW': 5, 'W': 2.5}
 ---> Allowed dirs based on Complex Trend are: ['NW', 'N', 'NE']
 ---> Direction N ok (last was N)! -- [Last 10: ['N', 'NW', 'NW', 'NW', 'NW', 'NW', 'N', 'N', 'N', 'N']]
 * Selected element is (3, 2) with value 5.84
Next element is N with direction 5.81
New matrix will be centered on 83,57 with depth 5.81
TREND IS ('NW', {'NW': 5, 'N': 7.5, 'W': 2.5}) --- (['NW', 'NW', 'NW', 'NW', 'NW', 'N', 'N', 'N', 'N', 'N'])
============================================================
Iteration 52 with LAT_IDX: 83 and LON_IDX: 57 with DEPTH 5.81178
 * Adding to the thalweg 83, 57 (depth 5.81)... Let's look at his neighborhood...
 * The extracted matrix is:
[LINE 4]		nan 		5.75		5.73		5.69		nan 		
[LINE 3]		nan 		5.81		5.79		5.75		nan 		
[LINE 2]		nan 		5.84		-inf		5.78		5.76		
[LINE 1]		nan 		5.82		-inf		5.76		5.74		
[LINE 0]		nan 		nan 		-inf		5.72		5.71		
 * Ranking:
 ---> {'coords': (1, 1), 'dir': 'SW', 'score': 0}
 ---> {'coords': (1, 1), 'dir': 'SW', 'score': 0}
 ---> {'coords': (1, 3), 'dir': 'SE', 'score': 0}
 ---> {'coords': (1, 3), 'dir': 'SE', 'score': 0}
 ---> {'coords': (2, 1), 'dir': 'W', 'score': 1}
 ---> {'coords': (2, 1), 'dir': 'W', 'score': 1}
 ---> {'coords': (2, 3), 'dir': 'E', 'score': 1}
 ---> {'coords': (2, 3), 'dir': 'E', 'score': 1}
 ---> {'coords': (2, 4), 'dir': 'E', 'score': 1}
 ---> {'coords': (2, 4), 'dir': 'E', 'score': 1}
 ---> {'coords': (3, 1), 'dir': 'NW', 'score': 15}
 ---> {'coords': (3, 1), 'dir': 'NW', 'score': 15}
 ---> {'coords': (3, 2), 'dir': 'N', 'score': 19}
 ---> {'coords': (3, 2), 'dir': 'N', 'score': 19}
 ---> {'coords': (3, 3), 'dir': 'NE', 'score': 15}
 ---> {'coords': (3, 3), 'dir': 'NE', 'score': 15}
 ---> {'coords': (4, 1), 'dir': 'NW', 'score': 15}
 ---> {'coords': (4, 1), 'dir': 'NW', 'score': 15}
 * Selected, based on ranking: {'coords': (3, 2), 'dir': 'N', 'score': 19}
 * The candidate has value 5.84 and coords (3, 2)
 * Checking direction:
 ---> Trend is: NW
 ---> Complex Trend is: {'NW': 5, 'N': 7.5, 'W': 2.5}
 ---> Allowed dirs based on Complex Trend are: ['NW', 'N', 'NE']
 ---> Direction N ok (last was N)! -- [Last 10: ['NW', 'NW', 'NW', 'NW', 'NW', 'N', 'N', 'N', 'N', 'N']]
 * Selected element is (3, 2) with value 5.84
Next element is N with direction 5.79
New matrix will be centered on 84,57 with depth 5.79
TREND IS ('N', {'N': 8.0, 'NW': 4, 'W': 2.0}) --- (['NW', 'NW', 'NW', 'NW', 'N', 'N', 'N', 'N', 'N', 'N'])
============================================================
Iteration 53 with LAT_IDX: 84 and LON_IDX: 57 with DEPTH 5.789836
 * Adding to the thalweg 84, 57 (depth 5.79)... Let's look at his neighborhood...
 * The extracted matrix is:
[LINE 4]		nan 		5.66		5.64		5.64		nan 		
[LINE 3]		nan 		5.75		5.73		5.69		nan 		
[LINE 2]		nan 		5.81		-inf		5.75		nan 		
[LINE 1]		nan 		5.84		-inf		5.78		5.76		
[LINE 0]		nan 		5.82		-inf		5.76		5.74		
 * Ranking:
 ---> {'coords': (0, 1), 'dir': 'SW', 'score': 0}
 ---> {'coords': (0, 1), 'dir': 'SW', 'score': 0}
 ---> {'coords': (0, 3), 'dir': 'SE', 'score': 0}
 ---> {'coords': (0, 3), 'dir': 'SE', 'score': 0}
 ---> {'coords': (1, 1), 'dir': 'SW', 'score': 0}
 ---> {'coords': (1, 1), 'dir': 'SW', 'score': 0}
 ---> {'coords': (1, 3), 'dir': 'SE', 'score': 0}
 ---> {'coords': (1, 3), 'dir': 'SE', 'score': 0}
 ---> {'coords': (1, 4), 'dir': 'SE', 'score': 0}
 ---> {'coords': (1, 4), 'dir': 'SE', 'score': 0}
 ---> {'coords': (2, 1), 'dir': 'W', 'score': 1}
 ---> {'coords': (2, 1), 'dir': 'W', 'score': 1}
 ---> {'coords': (2, 3), 'dir': 'E', 'score': 1}
 ---> {'coords': (2, 3), 'dir': 'E', 'score': 1}
 ---> {'coords': (3, 1), 'dir': 'NW', 'score': 15}
 ---> {'coords': (3, 1), 'dir': 'NW', 'score': 15}
 * Selected, based on ranking: {'coords': (3, 1), 'dir': 'NW', 'score': 15}
 * The candidate has value 5.84 and coords (3, 1)
 * Checking direction:
 ---> Trend is: N
 ---> Complex Trend is: {'N': 8.0, 'NW': 4, 'W': 2.0}
 ---> Allowed dirs based on Complex Trend are: ['NW', 'N', 'NE']
 ---> Direction NW ok (last was N)! -- [Last 10: ['NW', 'NW', 'NW', 'NW', 'N', 'N', 'N', 'N', 'N', 'N']]
 * Selected element is (3, 1) with value 5.84
Next element is NW with direction 5.75
New matrix will be centered on 85,56 with depth 5.75
TREND IS ('N', {'N': 8.0, 'NW': 4, 'W': 2.0}) --- (['NW', 'NW', 'NW', 'N', 'N', 'N', 'N', 'N', 'N', 'NW'])
============================================================
Iteration 54 with LAT_IDX: 85 and LON_IDX: 56 with DEPTH 5.7502213
 * Adding to the thalweg 85, 56 (depth 5.75)... Let's look at his neighborhood...
 * The extracted matrix is:
[LINE 4]		nan 		nan 		5.52		5.5 		nan 		
[LINE 3]		nan 		nan 		5.66		5.64		5.64		
[LINE 2]		nan 		nan 		-inf		5.73		5.69		
[LINE 1]		nan 		nan 		5.81		-inf		5.75		
[LINE 0]		nan 		nan 		5.84		-inf		5.78		
 * Ranking:
 ---> {'coords': (0, 2), 'dir': 'S', 'score': 0}
 ---> {'coords': (0, 2), 'dir': 'S', 'score': 0}
 ---> {'coords': (0, 4), 'dir': 'SE', 'score': 0}
 ---> {'coords': (0, 4), 'dir': 'SE', 'score': 0}
 ---> {'coords': (1, 2), 'dir': 'S', 'score': 0}
 ---> {'coords': (1, 2), 'dir': 'S', 'score': 0}
 ---> {'coords': (1, 4), 'dir': 'SE', 'score': 0}
 ---> {'coords': (1, 4), 'dir': 'SE', 'score': 0}
 * Selected, based on ranking: {'coords': (0, 2), 'dir': 'S', 'score': 0}
 * The candidate has value 5.84 and coords (0, 2)
 * Checking direction:
 ---> Trend is: N
 ---> Complex Trend is: {'N': 8.0, 'NW': 4, 'W': 2.0}
 ---> Allowed dirs based on Complex Trend are: ['NW', 'N', 'NE']
 ---> Direction S IS NOT ok! Last was NW [last 10: ['NW', 'NW', 'NW', 'N', 'N', 'N', 'N', 'N', 'N', 'NW']] -- Modifying matrix...
[LINE 4]		nan 		nan 		5.52		5.5 		nan 		
[LINE 3]		nan 		nan 		5.66		5.64		5.64		
[LINE 2]		nan 		nan 		-inf		5.73		5.69		
[LINE 1]		nan 		nan 		5.81		-inf		5.75		
[LINE 0]		nan 		nan 		nan 		-inf		5.78		
 * Ranking:
 ---> {'coords': (0, 4), 'dir': 'SE', 'score': 0}
 ---> {'coords': (0, 4), 'dir': 'SE', 'score': 0}
 ---> {'coords': (1, 2), 'dir': 'S', 'score': 0}
 ---> {'coords': (1, 2), 'dir': 'S', 'score': 0}
 ---> {'coords': (1, 4), 'dir': 'SE', 'score': 0}
 ---> {'coords': (1, 4), 'dir': 'SE', 'score': 0}
 ---> {'coords': (2, 3), 'dir': 'E', 'score': 0}
 ---> {'coords': (2, 3), 'dir': 'E', 'score': 0}
 * Selected, based on ranking: {'coords': (0, 4), 'dir': 'SE', 'score': 0}
 * The candidate has value 5.81 and coords (0, 4)
 * Checking direction:
 ---> Trend is: N
 ---> Complex Trend is: {'N': 8.0, 'NW': 4, 'W': 2.0}
 ---> Allowed dirs based on Complex Trend are: ['NW', 'N', 'NE']
 ---> Direction SE IS NOT ok! Last was NW [last 10: ['NW', 'NW', 'NW', 'N', 'N', 'N', 'N', 'N', 'N', 'NW']] -- Modifying matrix...
[LINE 4]		nan 		nan 		5.52		5.5 		nan 		
[LINE 3]		nan 		nan 		5.66		5.64		5.64		
[LINE 2]		nan 		nan 		-inf		5.73		5.69		
[LINE 1]		nan 		nan 		5.81		-inf		5.75		
[LINE 0]		nan 		nan 		nan 		-inf		nan 		
 * Ranking:
 ---> {'coords': (1, 2), 'dir': 'S', 'score': 0}
 ---> {'coords': (1, 2), 'dir': 'S', 'score': 0}
 ---> {'coords': (1, 4), 'dir': 'SE', 'score': 0}
 ---> {'coords': (1, 4), 'dir': 'SE', 'score': 0}
 ---> {'coords': (2, 3), 'dir': 'E', 'score': 0}
 ---> {'coords': (2, 3), 'dir': 'E', 'score': 0}
 * Selected, based on ranking: {'coords': (1, 2), 'dir': 'S', 'score': 0}
 * The candidate has value 5.81 and coords (1, 2)
 * Checking direction:
 ---> Trend is: N
 ---> Complex Trend is: {'N': 8.0, 'NW': 4, 'W': 2.0}
 ---> Allowed dirs based on Complex Trend are: ['NW', 'N', 'NE']
 ---> Direction S IS NOT ok! Last was NW [last 10: ['NW', 'NW', 'NW', 'N', 'N', 'N', 'N', 'N', 'N', 'NW']] -- Modifying matrix...
[LINE 4]		nan 		nan 		5.52		5.5 		nan 		
[LINE 3]		nan 		nan 		5.66		5.64		5.64		
[LINE 2]		nan 		nan 		-inf		5.73		5.69		
[LINE 1]		nan 		nan 		nan 		-inf		5.75		
[LINE 0]		nan 		nan 		nan 		-inf		nan 		
 * Ranking:
 ---> {'coords': (1, 4), 'dir': 'SE', 'score': 0}
 ---> {'coords': (1, 4), 'dir': 'SE', 'score': 0}
 ---> {'coords': (2, 3), 'dir': 'E', 'score': 0}
 ---> {'coords': (2, 3), 'dir': 'E', 'score': 0}
 ---> {'coords': (2, 4), 'dir': 'E', 'score': 0}
 ---> {'coords': (2, 4), 'dir': 'E', 'score': 0}
 ---> {'coords': (3, 2), 'dir': 'N', 'score': 15}
 ---> {'coords': (3, 2), 'dir': 'N', 'score': 15}
 * Selected, based on ranking: {'coords': (3, 2), 'dir': 'N', 'score': 15}
 * The candidate has value 5.75 and coords (3, 2)
 * Checking direction:
 ---> Trend is: N
 ---> Complex Trend is: {'N': 8.0, 'NW': 4, 'W': 2.0}
 ---> Allowed dirs based on Complex Trend are: ['NW', 'N', 'NE']
 ---> Direction N ok (last was NW)! -- [Last 10: ['NW', 'NW', 'NW', 'N', 'N', 'N', 'N', 'N', 'N', 'NW']]
 * Selected element is (3, 2) with value 5.75
Next element is N with direction 5.66
New matrix will be centered on 86,56 with depth 5.66
TREND IS ('N', {'N': 8.5, 'NW': 3, 'W': 1.5}) --- (['NW', 'NW', 'N', 'N', 'N', 'N', 'N', 'N', 'NW', 'N'])
============================================================
Iteration 55 with LAT_IDX: 86 and LON_IDX: 56 with DEPTH 5.65724
 * Adding to the thalweg 86, 56 (depth 5.66)... Let's look at his neighborhood...
 * The extracted matrix is:
[LINE 4]		nan 		5.41		5.4 		5.39		nan 		
[LINE 3]		nan 		nan 		5.52		5.5 		nan 		
[LINE 2]		nan 		nan 		-inf		5.64		5.64		
[LINE 1]		nan 		nan 		-inf		5.73		5.69		
[LINE 0]		nan 		nan 		5.81		-inf		5.75		
 * Ranking:
 ---> {'coords': (0, 2), 'dir': 'S', 'score': 0}
 ---> {'coords': (0, 2), 'dir': 'S', 'score': 0}
 ---> {'coords': (0, 4), 'dir': 'SE', 'score': 0}
 ---> {'coords': (0, 4), 'dir': 'SE', 'score': 0}
 ---> {'coords': (1, 3), 'dir': 'SE', 'score': 0}
 ---> {'coords': (1, 3), 'dir': 'SE', 'score': 0}
 * Selected, based on ranking: {'coords': (0, 2), 'dir': 'S', 'score': 0}
 * The candidate has value 5.81 and coords (0, 2)
 * Checking direction:
 ---> Trend is: N
 ---> Complex Trend is: {'N': 8.5, 'NW': 3, 'W': 1.5}
 ---> Allowed dirs based on Complex Trend are: ['NW', 'N', 'NE']
 ---> Direction S IS NOT ok! Last was N [last 10: ['NW', 'NW', 'N', 'N', 'N', 'N', 'N', 'N', 'NW', 'N']] -- Modifying matrix...
[LINE 4]		nan 		5.41		5.4 		5.39		nan 		
[LINE 3]		nan 		nan 		5.52		5.5 		nan 		
[LINE 2]		nan 		nan 		-inf		5.64		5.64		
[LINE 1]		nan 		nan 		-inf		5.73		5.69		
[LINE 0]		nan 		nan 		nan 		-inf		5.75		
 * Ranking:
 ---> {'coords': (0, 4), 'dir': 'SE', 'score': 0}
 ---> {'coords': (0, 4), 'dir': 'SE', 'score': 0}
 ---> {'coords': (1, 3), 'dir': 'SE', 'score': 0}
 ---> {'coords': (1, 3), 'dir': 'SE', 'score': 0}
 ---> {'coords': (1, 4), 'dir': 'SE', 'score': 0}
 ---> {'coords': (1, 4), 'dir': 'SE', 'score': 0}
 * Selected, based on ranking: {'coords': (0, 4), 'dir': 'SE', 'score': 0}
 * The candidate has value 5.75 and coords (0, 4)
 * Checking direction:
 ---> Trend is: N
 ---> Complex Trend is: {'N': 8.5, 'NW': 3, 'W': 1.5}
 ---> Allowed dirs based on Complex Trend are: ['NW', 'N', 'NE']
 ---> Direction SE IS NOT ok! Last was N [last 10: ['NW', 'NW', 'N', 'N', 'N', 'N', 'N', 'N', 'NW', 'N']] -- Modifying matrix...
[LINE 4]		nan 		5.41		5.4 		5.39		nan 		
[LINE 3]		nan 		nan 		5.52		5.5 		nan 		
[LINE 2]		nan 		nan 		-inf		5.64		5.64		
[LINE 1]		nan 		nan 		-inf		5.73		5.69		
[LINE 0]		nan 		nan 		nan 		-inf		nan 		
 * Ranking:
 ---> {'coords': (1, 3), 'dir': 'SE', 'score': 0}
 ---> {'coords': (1, 3), 'dir': 'SE', 'score': 0}
 ---> {'coords': (1, 4), 'dir': 'SE', 'score': 0}
 ---> {'coords': (1, 4), 'dir': 'SE', 'score': 0}
 ---> {'coords': (2, 3), 'dir': 'E', 'score': 1}
 ---> {'coords': (2, 3), 'dir': 'E', 'score': 1}
 ---> {'coords': (2, 4), 'dir': 'E', 'score': 1}
 ---> {'coords': (2, 4), 'dir': 'E', 'score': 1}
 * Selected, based on ranking: {'coords': (2, 3), 'dir': 'E', 'score': 1}
 * The candidate has value 5.73 and coords (2, 3)
 * Checking direction:
 ---> Trend is: N
 ---> Complex Trend is: {'N': 8.5, 'NW': 3, 'W': 1.5}
 ---> Allowed dirs based on Complex Trend are: ['NW', 'N', 'NE']
 ---> Direction E IS NOT ok! Last was N [last 10: ['NW', 'NW', 'N', 'N', 'N', 'N', 'N', 'N', 'NW', 'N']] -- Modifying matrix...
[LINE 4]		nan 		5.41		5.4 		5.39		nan 		
[LINE 3]		nan 		nan 		5.52		5.5 		nan 		
[LINE 2]		nan 		nan 		-inf		nan 		5.64		
[LINE 1]		nan 		nan 		-inf		5.73		5.69		
[LINE 0]		nan 		nan 		nan 		-inf		nan 		
 * Ranking:
 ---> {'coords': (1, 3), 'dir': 'SE', 'score': 0}
 ---> {'coords': (1, 3), 'dir': 'SE', 'score': 0}
 ---> {'coords': (1, 4), 'dir': 'SE', 'score': 0}
 ---> {'coords': (1, 4), 'dir': 'SE', 'score': 0}
 ---> {'coords': (2, 4), 'dir': 'E', 'score': 1}
 ---> {'coords': (2, 4), 'dir': 'E', 'score': 1}
 * Selected, based on ranking: {'coords': (2, 4), 'dir': 'E', 'score': 1}
 * The candidate has value 5.73 and coords (2, 4)
 * Checking direction:
 ---> Trend is: N
 ---> Complex Trend is: {'N': 8.5, 'NW': 3, 'W': 1.5}
 ---> Allowed dirs based on Complex Trend are: ['NW', 'N', 'NE']
 ---> Direction E IS NOT ok! Last was N [last 10: ['NW', 'NW', 'N', 'N', 'N', 'N', 'N', 'N', 'NW', 'N']] -- Modifying matrix...
[LINE 4]		nan 		5.41		5.4 		5.39		nan 		
[LINE 3]		nan 		nan 		5.52		5.5 		nan 		
[LINE 2]		nan 		nan 		-inf		nan 		nan 		
[LINE 1]		nan 		nan 		-inf		5.73		5.69		
[LINE 0]		nan 		nan 		nan 		-inf		nan 		
 * Ranking:
 ---> {'coords': (1, 3), 'dir': 'SE', 'score': 0}
 ---> {'coords': (1, 3), 'dir': 'SE', 'score': 0}
 ---> {'coords': (1, 4), 'dir': 'SE', 'score': 0}
 ---> {'coords': (1, 4), 'dir': 'SE', 'score': 0}
 * Selected, based on ranking: {'coords': (1, 3), 'dir': 'SE', 'score': 0}
 * The candidate has value 5.73 and coords (1, 3)
 * Checking direction:
 ---> Trend is: N
 ---> Complex Trend is: {'N': 8.5, 'NW': 3, 'W': 1.5}
 ---> Allowed dirs based on Complex Trend are: ['NW', 'N', 'NE']
 ---> Direction SE IS NOT ok! Last was N [last 10: ['NW', 'NW', 'N', 'N', 'N', 'N', 'N', 'N', 'NW', 'N']] -- Modifying matrix...
[LINE 4]		nan 		5.41		5.4 		5.39		nan 		
[LINE 3]		nan 		nan 		5.52		5.5 		nan 		
[LINE 2]		nan 		nan 		-inf		nan 		nan 		
[LINE 1]		nan 		nan 		-inf		nan 		5.69		
[LINE 0]		nan 		nan 		nan 		-inf		nan 		
 * Ranking:
 ---> {'coords': (1, 4), 'dir': 'SE', 'score': 0}
 ---> {'coords': (1, 4), 'dir': 'SE', 'score': 0}
 * Selected, based on ranking: {'coords': (1, 4), 'dir': 'SE', 'score': 0}
 * The candidate has value 5.69 and coords (1, 4)
 * Checking direction:
 ---> Trend is: N
 ---> Complex Trend is: {'N': 8.5, 'NW': 3, 'W': 1.5}
 ---> Allowed dirs based on Complex Trend are: ['NW', 'N', 'NE']
 ---> Direction SE IS NOT ok! Last was N [last 10: ['NW', 'NW', 'N', 'N', 'N', 'N', 'N', 'N', 'NW', 'N']] -- Modifying matrix...
[LINE 4]		nan 		5.41		5.4 		5.39		nan 		
[LINE 3]		nan 		nan 		5.52		5.5 		nan 		
[LINE 2]		nan 		nan 		-inf		nan 		nan 		
[LINE 1]		nan 		nan 		-inf		nan 		nan 		
[LINE 0]		nan 		nan 		nan 		-inf		nan 		
 * Ranking:
 ---> {'coords': (3, 2), 'dir': 'N', 'score': 19}
 ---> {'coords': (3, 2), 'dir': 'N', 'score': 19}
 ---> {'coords': (3, 3), 'dir': 'NE', 'score': 15}
 ---> {'coords': (3, 3), 'dir': 'NE', 'score': 15}
 * Selected, based on ranking: {'coords': (3, 2), 'dir': 'N', 'score': 19}
 * The candidate has value 5.52 and coords (3, 2)
 * Checking direction:
 ---> Trend is: N
 ---> Complex Trend is: {'N': 8.5, 'NW': 3, 'W': 1.5}
 ---> Allowed dirs based on Complex Trend are: ['NW', 'N', 'NE']
 ---> Direction N ok (last was N)! -- [Last 10: ['NW', 'NW', 'N', 'N', 'N', 'N', 'N', 'N', 'NW', 'N']]
 * Selected element is (3, 2) with value 5.52
Next element is N with direction 5.52
New matrix will be centered on 87,56 with depth 5.52
TREND IS ('N', {'N': 9.0, 'NW': 2, 'W': 1.0}) --- (['NW', 'N', 'N', 'N', 'N', 'N', 'N', 'NW', 'N', 'N'])
============================================================
Iteration 56 with LAT_IDX: 87 and LON_IDX: 56 with DEPTH 5.520121
 * Adding to the thalweg 87, 56 (depth 5.52)... Let's look at his neighborhood...
 * The extracted matrix is:
[LINE 4]		nan 		5.28		5.3 		5.31		nan 		
[LINE 3]		nan 		5.41		5.4 		5.39		nan 		
[LINE 2]		nan 		nan 		-inf		5.5 		nan 		
[LINE 1]		nan 		nan 		-inf		5.64		5.64		
[LINE 0]		nan 		nan 		-inf		5.73		5.69		
 * Ranking:
 ---> {'coords': (0, 3), 'dir': 'SE', 'score': 0}
 ---> {'coords': (0, 3), 'dir': 'SE', 'score': 0}
 ---> {'coords': (0, 4), 'dir': 'SE', 'score': 0}
 ---> {'coords': (0, 4), 'dir': 'SE', 'score': 0}
 ---> {'coords': (1, 3), 'dir': 'SE', 'score': 0}
 ---> {'coords': (1, 3), 'dir': 'SE', 'score': 0}
 ---> {'coords': (1, 4), 'dir': 'SE', 'score': 0}
 ---> {'coords': (1, 4), 'dir': 'SE', 'score': 0}
 * Selected, based on ranking: {'coords': (0, 3), 'dir': 'SE', 'score': 0}
 * The candidate has value 5.73 and coords (0, 3)
 * Checking direction:
 ---> Trend is: N
 ---> Complex Trend is: {'N': 9.0, 'NW': 2, 'W': 1.0}
 ---> Allowed dirs based on Complex Trend are: ['NW', 'N', 'NE']
 ---> Direction SE IS NOT ok! Last was N [last 10: ['NW', 'N', 'N', 'N', 'N', 'N', 'N', 'NW', 'N', 'N']] -- Modifying matrix...
[LINE 4]		nan 		5.28		5.3 		5.31		nan 		
[LINE 3]		nan 		5.41		5.4 		5.39		nan 		
[LINE 2]		nan 		nan 		-inf		5.5 		nan 		
[LINE 1]		nan 		nan 		-inf		5.64		5.64		
[LINE 0]		nan 		nan 		-inf		nan 		5.69		
 * Ranking:
 ---> {'coords': (0, 4), 'dir': 'SE', 'score': 0}
 ---> {'coords': (0, 4), 'dir': 'SE', 'score': 0}
 ---> {'coords': (1, 3), 'dir': 'SE', 'score': 0}
 ---> {'coords': (1, 3), 'dir': 'SE', 'score': 0}
 ---> {'coords': (1, 4), 'dir': 'SE', 'score': 0}
 ---> {'coords': (1, 4), 'dir': 'SE', 'score': 0}
 * Selected, based on ranking: {'coords': (0, 4), 'dir': 'SE', 'score': 0}
 * The candidate has value 5.69 and coords (0, 4)
 * Checking direction:
 ---> Trend is: N
 ---> Complex Trend is: {'N': 9.0, 'NW': 2, 'W': 1.0}
 ---> Allowed dirs based on Complex Trend are: ['NW', 'N', 'NE']
 ---> Direction SE IS NOT ok! Last was N [last 10: ['NW', 'N', 'N', 'N', 'N', 'N', 'N', 'NW', 'N', 'N']] -- Modifying matrix...
[LINE 4]		nan 		5.28		5.3 		5.31		nan 		
[LINE 3]		nan 		5.41		5.4 		5.39		nan 		
[LINE 2]		nan 		nan 		-inf		5.5 		nan 		
[LINE 1]		nan 		nan 		-inf		5.64		5.64		
[LINE 0]		nan 		nan 		-inf		nan 		nan 		
 * Ranking:
 ---> {'coords': (1, 3), 'dir': 'SE', 'score': 0}
 ---> {'coords': (1, 3), 'dir': 'SE', 'score': 0}
 ---> {'coords': (1, 4), 'dir': 'SE', 'score': 0}
 ---> {'coords': (1, 4), 'dir': 'SE', 'score': 0}
 * Selected, based on ranking: {'coords': (1, 3), 'dir': 'SE', 'score': 0}
 * The candidate has value 5.64 and coords (1, 3)
 * Checking direction:
 ---> Trend is: N
 ---> Complex Trend is: {'N': 9.0, 'NW': 2, 'W': 1.0}
 ---> Allowed dirs based on Complex Trend are: ['NW', 'N', 'NE']
 ---> Direction SE IS NOT ok! Last was N [last 10: ['NW', 'N', 'N', 'N', 'N', 'N', 'N', 'NW', 'N', 'N']] -- Modifying matrix...
[LINE 4]		nan 		5.28		5.3 		5.31		nan 		
[LINE 3]		nan 		5.41		5.4 		5.39		nan 		
[LINE 2]		nan 		nan 		-inf		5.5 		nan 		
[LINE 1]		nan 		nan 		-inf		nan 		5.64		
[LINE 0]		nan 		nan 		-inf		nan 		nan 		
 * Ranking:
 ---> {'coords': (1, 4), 'dir': 'SE', 'score': 0}
 ---> {'coords': (1, 4), 'dir': 'SE', 'score': 0}
 * Selected, based on ranking: {'coords': (1, 4), 'dir': 'SE', 'score': 0}
 * The candidate has value 5.64 and coords (1, 4)
 * Checking direction:
 ---> Trend is: N
 ---> Complex Trend is: {'N': 9.0, 'NW': 2, 'W': 1.0}
 ---> Allowed dirs based on Complex Trend are: ['NW', 'N', 'NE']
 ---> Direction SE IS NOT ok! Last was N [last 10: ['NW', 'N', 'N', 'N', 'N', 'N', 'N', 'NW', 'N', 'N']] -- Modifying matrix...
[LINE 4]		nan 		5.28		5.3 		5.31		nan 		
[LINE 3]		nan 		5.41		5.4 		5.39		nan 		
[LINE 2]		nan 		nan 		-inf		5.5 		nan 		
[LINE 1]		nan 		nan 		-inf		nan 		nan 		
[LINE 0]		nan 		nan 		-inf		nan 		nan 		
 * Ranking:
 ---> {'coords': (2, 3), 'dir': 'E', 'score': 1}
 ---> {'coords': (2, 3), 'dir': 'E', 'score': 1}
 ---> {'coords': (3, 1), 'dir': 'NW', 'score': 15}
 ---> {'coords': (3, 1), 'dir': 'NW', 'score': 15}
 ---> {'coords': (3, 2), 'dir': 'N', 'score': 19}
 ---> {'coords': (3, 2), 'dir': 'N', 'score': 19}
 * Selected, based on ranking: {'coords': (3, 2), 'dir': 'N', 'score': 19}
 * The candidate has value 5.5 and coords (3, 2)
 * Checking direction:
 ---> Trend is: N
 ---> Complex Trend is: {'N': 9.0, 'NW': 2, 'W': 1.0}
 ---> Allowed dirs based on Complex Trend are: ['NW', 'N', 'NE']
 ---> Direction N ok (last was N)! -- [Last 10: ['NW', 'N', 'N', 'N', 'N', 'N', 'N', 'NW', 'N', 'N']]
 * Selected element is (3, 2) with value 5.5
Next element is N with direction 5.4
New matrix will be centered on 88,56 with depth 5.4
TREND IS ('N', {'N': 9.5, 'NW': 1, 'W': 0.5}) --- (['N', 'N', 'N', 'N', 'N', 'N', 'NW', 'N', 'N', 'N'])
============================================================
Iteration 57 with LAT_IDX: 88 and LON_IDX: 56 with DEPTH 5.4022756
 * Adding to the thalweg 88, 56 (depth 5.4)... Let's look at his neighborhood...
 * The extracted matrix is:
[LINE 4]		nan 		5.06		5.11		5.14		nan 		
[LINE 3]		nan 		5.28		5.3 		5.31		nan 		
[LINE 2]		nan 		5.41		-inf		5.39		nan 		
[LINE 1]		nan 		nan 		-inf		5.5 		nan 		
[LINE 0]		nan 		nan 		-inf		5.64		5.64		
 * Ranking:
 ---> {'coords': (0, 3), 'dir': 'SE', 'score': 0}
 ---> {'coords': (0, 3), 'dir': 'SE', 'score': 0}
 ---> {'coords': (0, 4), 'dir': 'SE', 'score': 0}
 ---> {'coords': (0, 4), 'dir': 'SE', 'score': 0}
 * Selected, based on ranking: {'coords': (0, 3), 'dir': 'SE', 'score': 0}
 * The candidate has value 5.64 and coords (0, 3)
 * Checking direction:
 ---> Trend is: N
 ---> Complex Trend is: {'N': 9.5, 'NW': 1, 'W': 0.5}
 ---> Allowed dirs based on Complex Trend are: ['NW', 'N', 'NE']
 ---> Direction SE IS NOT ok! Last was N [last 10: ['N', 'N', 'N', 'N', 'N', 'N', 'NW', 'N', 'N', 'N']] -- Modifying matrix...
[LINE 4]		nan 		5.06		5.11		5.14		nan 		
[LINE 3]		nan 		5.28		5.3 		5.31		nan 		
[LINE 2]		nan 		5.41		-inf		5.39		nan 		
[LINE 1]		nan 		nan 		-inf		5.5 		nan 		
[LINE 0]		nan 		nan 		-inf		nan 		5.64		
 * Ranking:
 ---> {'coords': (0, 4), 'dir': 'SE', 'score': 0}
 ---> {'coords': (0, 4), 'dir': 'SE', 'score': 0}
 * Selected, based on ranking: {'coords': (0, 4), 'dir': 'SE', 'score': 0}
 * The candidate has value 5.64 and coords (0, 4)
 * Checking direction:
 ---> Trend is: N
 ---> Complex Trend is: {'N': 9.5, 'NW': 1, 'W': 0.5}
 ---> Allowed dirs based on Complex Trend are: ['NW', 'N', 'NE']
 ---> Direction SE IS NOT ok! Last was N [last 10: ['N', 'N', 'N', 'N', 'N', 'N', 'NW', 'N', 'N', 'N']] -- Modifying matrix...
[LINE 4]		nan 		5.06		5.11		5.14		nan 		
[LINE 3]		nan 		5.28		5.3 		5.31		nan 		
[LINE 2]		nan 		5.41		-inf		5.39		nan 		
[LINE 1]		nan 		nan 		-inf		5.5 		nan 		
[LINE 0]		nan 		nan 		-inf		nan 		nan 		
 * Ranking:
 ---> {'coords': (1, 3), 'dir': 'SE', 'score': 0}
 ---> {'coords': (1, 3), 'dir': 'SE', 'score': 0}
 ---> {'coords': (2, 1), 'dir': 'W', 'score': 1}
 ---> {'coords': (2, 1), 'dir': 'W', 'score': 1}
 * Selected, based on ranking: {'coords': (2, 1), 'dir': 'W', 'score': 1}
 * The candidate has value 5.5 and coords (2, 1)
 * Checking direction:
 ---> Trend is: N
 ---> Complex Trend is: {'N': 9.5, 'NW': 1, 'W': 0.5}
 ---> Allowed dirs based on Complex Trend are: ['NW', 'N', 'NE']
 ---> Direction W IS NOT ok! Last was N [last 10: ['N', 'N', 'N', 'N', 'N', 'N', 'NW', 'N', 'N', 'N']] -- Modifying matrix...
[LINE 4]		nan 		5.06		5.11		5.14		nan 		
[LINE 3]		nan 		5.28		5.3 		5.31		nan 		
[LINE 2]		nan 		nan 		-inf		5.39		nan 		
[LINE 1]		nan 		nan 		-inf		5.5 		nan 		
[LINE 0]		nan 		nan 		-inf		nan 		nan 		
 * Ranking:
 ---> {'coords': (1, 3), 'dir': 'SE', 'score': 0}
 ---> {'coords': (1, 3), 'dir': 'SE', 'score': 0}
 * Selected, based on ranking: {'coords': (1, 3), 'dir': 'SE', 'score': 0}
 * The candidate has value 5.5 and coords (1, 3)
 * Checking direction:
 ---> Trend is: N
 ---> Complex Trend is: {'N': 9.5, 'NW': 1, 'W': 0.5}
 ---> Allowed dirs based on Complex Trend are: ['NW', 'N', 'NE']
 ---> Direction SE IS NOT ok! Last was N [last 10: ['N', 'N', 'N', 'N', 'N', 'N', 'NW', 'N', 'N', 'N']] -- Modifying matrix...
[LINE 4]		nan 		5.06		5.11		5.14		nan 		
[LINE 3]		nan 		5.28		5.3 		5.31		nan 		
[LINE 2]		nan 		nan 		-inf		5.39		nan 		
[LINE 1]		nan 		nan 		-inf		nan 		nan 		
[LINE 0]		nan 		nan 		-inf		nan 		nan 		
 * Ranking:
 ---> {'coords': (2, 3), 'dir': 'E', 'score': 1}
 ---> {'coords': (2, 3), 'dir': 'E', 'score': 1}
 ---> {'coords': (3, 2), 'dir': 'N', 'score': 19}
 ---> {'coords': (3, 2), 'dir': 'N', 'score': 19}
 ---> {'coords': (3, 3), 'dir': 'NE', 'score': 15}
 ---> {'coords': (3, 3), 'dir': 'NE', 'score': 15}
 * Selected, based on ranking: {'coords': (3, 2), 'dir': 'N', 'score': 19}
 * The candidate has value 5.39 and coords (3, 2)
 * Checking direction:
 ---> Trend is: N
 ---> Complex Trend is: {'N': 9.5, 'NW': 1, 'W': 0.5}
 ---> Allowed dirs based on Complex Trend are: ['NW', 'N', 'NE']
 ---> Direction N ok (last was N)! -- [Last 10: ['N', 'N', 'N', 'N', 'N', 'N', 'NW', 'N', 'N', 'N']]
 * Selected element is (3, 2) with value 5.39
Next element is N with direction 5.3
New matrix will be centered on 89,56 with depth 5.3
TREND IS ('N', {'N': 9.5, 'NW': 1, 'W': 0.5}) --- (['N', 'N', 'N', 'N', 'N', 'NW', 'N', 'N', 'N', 'N'])
============================================================
Iteration 58 with LAT_IDX: 89 and LON_IDX: 56 with DEPTH 5.3048506
 * Adding to the thalweg 89, 56 (depth 5.3)... Let's look at his neighborhood...
 * The extracted matrix is:
[LINE 4]		4.87		4.91		4.9 		nan 		nan 		
[LINE 3]		nan 		5.06		5.11		5.14		nan 		
[LINE 2]		nan 		5.28		-inf		5.31		nan 		
[LINE 1]		nan 		5.41		-inf		5.39		nan 		
[LINE 0]		nan 		nan 		-inf		5.5 		nan 		
 * Ranking:
 ---> {'coords': (0, 3), 'dir': 'SE', 'score': 0}
 ---> {'coords': (0, 3), 'dir': 'SE', 'score': 0}
 ---> {'coords': (1, 1), 'dir': 'SW', 'score': 0}
 ---> {'coords': (1, 1), 'dir': 'SW', 'score': 0}
 * Selected, based on ranking: {'coords': (0, 3), 'dir': 'SE', 'score': 0}
 * The candidate has value 5.5 and coords (0, 3)
 * Checking direction:
 ---> Trend is: N
 ---> Complex Trend is: {'N': 9.5, 'NW': 1, 'W': 0.5}
 ---> Allowed dirs based on Complex Trend are: ['NW', 'N', 'NE']
 ---> Direction SE IS NOT ok! Last was N [last 10: ['N', 'N', 'N', 'N', 'N', 'NW', 'N', 'N', 'N', 'N']] -- Modifying matrix...
[LINE 4]		4.87		4.91		4.9 		nan 		nan 		
[LINE 3]		nan 		5.06		5.11		5.14		nan 		
[LINE 2]		nan 		5.28		-inf		5.31		nan 		
[LINE 1]		nan 		5.41		-inf		5.39		nan 		
[LINE 0]		nan 		nan 		-inf		nan 		nan 		
 * Ranking:
 ---> {'coords': (1, 1), 'dir': 'SW', 'score': 0}
 ---> {'coords': (1, 1), 'dir': 'SW', 'score': 0}
 ---> {'coords': (1, 3), 'dir': 'SE', 'score': 0}
 ---> {'coords': (1, 3), 'dir': 'SE', 'score': 0}
 ---> {'coords': (2, 3), 'dir': 'E', 'score': 1}
 ---> {'coords': (2, 3), 'dir': 'E', 'score': 1}
 * Selected, based on ranking: {'coords': (2, 3), 'dir': 'E', 'score': 1}
 * The candidate has value 5.41 and coords (2, 3)
 * Checking direction:
 ---> Trend is: N
 ---> Complex Trend is: {'N': 9.5, 'NW': 1, 'W': 0.5}
 ---> Allowed dirs based on Complex Trend are: ['NW', 'N', 'NE']
 ---> Direction E IS NOT ok! Last was N [last 10: ['N', 'N', 'N', 'N', 'N', 'NW', 'N', 'N', 'N', 'N']] -- Modifying matrix...
[LINE 4]		4.87		4.91		4.9 		nan 		nan 		
[LINE 3]		nan 		5.06		5.11		5.14		nan 		
[LINE 2]		nan 		5.28		-inf		nan 		nan 		
[LINE 1]		nan 		5.41		-inf		5.39		nan 		
[LINE 0]		nan 		nan 		-inf		nan 		nan 		
 * Ranking:
 ---> {'coords': (1, 1), 'dir': 'SW', 'score': 0}
 ---> {'coords': (1, 1), 'dir': 'SW', 'score': 0}
 ---> {'coords': (1, 3), 'dir': 'SE', 'score': 0}
 ---> {'coords': (1, 3), 'dir': 'SE', 'score': 0}
 * Selected, based on ranking: {'coords': (1, 1), 'dir': 'SW', 'score': 0}
 * The candidate has value 5.41 and coords (1, 1)
 * Checking direction:
 ---> Trend is: N
 ---> Complex Trend is: {'N': 9.5, 'NW': 1, 'W': 0.5}
 ---> Allowed dirs based on Complex Trend are: ['NW', 'N', 'NE']
 ---> Direction SW IS NOT ok! Last was N [last 10: ['N', 'N', 'N', 'N', 'N', 'NW', 'N', 'N', 'N', 'N']] -- Modifying matrix...
[LINE 4]		4.87		4.91		4.9 		nan 		nan 		
[LINE 3]		nan 		5.06		5.11		5.14		nan 		
[LINE 2]		nan 		5.28		-inf		nan 		nan 		
[LINE 1]		nan 		nan 		-inf		5.39		nan 		
[LINE 0]		nan 		nan 		-inf		nan 		nan 		
 * Ranking:
 ---> {'coords': (1, 3), 'dir': 'SE', 'score': 0}
 ---> {'coords': (1, 3), 'dir': 'SE', 'score': 0}
 * Selected, based on ranking: {'coords': (1, 3), 'dir': 'SE', 'score': 0}
 * The candidate has value 5.39 and coords (1, 3)
 * Checking direction:
 ---> Trend is: N
 ---> Complex Trend is: {'N': 9.5, 'NW': 1, 'W': 0.5}
 ---> Allowed dirs based on Complex Trend are: ['NW', 'N', 'NE']
 ---> Direction SE IS NOT ok! Last was N [last 10: ['N', 'N', 'N', 'N', 'N', 'NW', 'N', 'N', 'N', 'N']] -- Modifying matrix...
[LINE 4]		4.87		4.91		4.9 		nan 		nan 		
[LINE 3]		nan 		5.06		5.11		5.14		nan 		
[LINE 2]		nan 		5.28		-inf		nan 		nan 		
[LINE 1]		nan 		nan 		-inf		nan 		nan 		
[LINE 0]		nan 		nan 		-inf		nan 		nan 		
 * Ranking:
 ---> {'coords': (2, 1), 'dir': 'W', 'score': 1}
 ---> {'coords': (2, 1), 'dir': 'W', 'score': 1}
 * Selected, based on ranking: {'coords': (2, 1), 'dir': 'W', 'score': 1}
 * The candidate has value 5.28 and coords (2, 1)
 * Checking direction:
 ---> Trend is: N
 ---> Complex Trend is: {'N': 9.5, 'NW': 1, 'W': 0.5}
 ---> Allowed dirs based on Complex Trend are: ['NW', 'N', 'NE']
 ---> Direction W IS NOT ok! Last was N [last 10: ['N', 'N', 'N', 'N', 'N', 'NW', 'N', 'N', 'N', 'N']] -- Modifying matrix...
[LINE 4]		4.87		4.91		4.9 		nan 		nan 		
[LINE 3]		nan 		5.06		5.11		5.14		nan 		
[LINE 2]		nan 		nan 		-inf		nan 		nan 		
[LINE 1]		nan 		nan 		-inf		nan 		nan 		
[LINE 0]		nan 		nan 		-inf		nan 		nan 		
 * Ranking:
 ---> {'coords': (3, 1), 'dir': 'NW', 'score': 15}
 ---> {'coords': (3, 1), 'dir': 'NW', 'score': 15}
 ---> {'coords': (3, 2), 'dir': 'N', 'score': 19}
 ---> {'coords': (3, 2), 'dir': 'N', 'score': 19}
 ---> {'coords': (3, 3), 'dir': 'NE', 'score': 15}
 ---> {'coords': (3, 3), 'dir': 'NE', 'score': 15}
 * Selected, based on ranking: {'coords': (3, 2), 'dir': 'N', 'score': 19}
 * The candidate has value 5.14 and coords (3, 2)
 * Checking direction:
 ---> Trend is: N
 ---> Complex Trend is: {'N': 9.5, 'NW': 1, 'W': 0.5}
 ---> Allowed dirs based on Complex Trend are: ['NW', 'N', 'NE']
 ---> Direction N ok (last was N)! -- [Last 10: ['N', 'N', 'N', 'N', 'N', 'NW', 'N', 'N', 'N', 'N']]
 * Selected element is (3, 2) with value 5.14
Next element is N with direction 5.11
New matrix will be centered on 90,56 with depth 5.11
TREND IS ('N', {'N': 9.5, 'NW': 1, 'W': 0.5}) --- (['N', 'N', 'N', 'N', 'NW', 'N', 'N', 'N', 'N', 'N'])
============================================================
Iteration 59 with LAT_IDX: 90 and LON_IDX: 56 with DEPTH 5.10842
 * Adding to the thalweg 90, 56 (depth 5.11)... Let's look at his neighborhood...
 * The extracted matrix is:
[LINE 4]		4.77		4.76		4.75		nan 		nan 		
[LINE 3]		4.87		4.91		4.9 		nan 		nan 		
[LINE 2]		nan 		5.06		-inf		5.14		nan 		
[LINE 1]		nan 		5.28		-inf		5.31		nan 		
[LINE 0]		nan 		5.41		-inf		5.39		nan 		
 * Ranking:
 ---> {'coords': (0, 1), 'dir': 'SW', 'score': 0}
 ---> {'coords': (0, 1), 'dir': 'SW', 'score': 0}
 ---> {'coords': (0, 3), 'dir': 'SE', 'score': 0}
 ---> {'coords': (0, 3), 'dir': 'SE', 'score': 0}
 ---> {'coords': (1, 3), 'dir': 'SE', 'score': 0}
 ---> {'coords': (1, 3), 'dir': 'SE', 'score': 0}
 * Selected, based on ranking: {'coords': (0, 1), 'dir': 'SW', 'score': 0}
 * The candidate has value 5.41 and coords (0, 1)
 * Checking direction:
 ---> Trend is: N
 ---> Complex Trend is: {'N': 9.5, 'NW': 1, 'W': 0.5}
 ---> Allowed dirs based on Complex Trend are: ['NW', 'N', 'NE']
 ---> Direction SW IS NOT ok! Last was N [last 10: ['N', 'N', 'N', 'N', 'NW', 'N', 'N', 'N', 'N', 'N']] -- Modifying matrix...
[LINE 4]		4.77		4.76		4.75		nan 		nan 		
[LINE 3]		4.87		4.91		4.9 		nan 		nan 		
[LINE 2]		nan 		5.06		-inf		5.14		nan 		
[LINE 1]		nan 		5.28		-inf		5.31		nan 		
[LINE 0]		nan 		nan 		-inf		5.39		nan 		
 * Ranking:
 ---> {'coords': (0, 3), 'dir': 'SE', 'score': 0}
 ---> {'coords': (0, 3), 'dir': 'SE', 'score': 0}
 ---> {'coords': (1, 3), 'dir': 'SE', 'score': 0}
 ---> {'coords': (1, 3), 'dir': 'SE', 'score': 0}
 * Selected, based on ranking: {'coords': (0, 3), 'dir': 'SE', 'score': 0}
 * The candidate has value 5.39 and coords (0, 3)
 * Checking direction:
 ---> Trend is: N
 ---> Complex Trend is: {'N': 9.5, 'NW': 1, 'W': 0.5}
 ---> Allowed dirs based on Complex Trend are: ['NW', 'N', 'NE']
 ---> Direction SE IS NOT ok! Last was N [last 10: ['N', 'N', 'N', 'N', 'NW', 'N', 'N', 'N', 'N', 'N']] -- Modifying matrix...
[LINE 4]		4.77		4.76		4.75		nan 		nan 		
[LINE 3]		4.87		4.91		4.9 		nan 		nan 		
[LINE 2]		nan 		5.06		-inf		5.14		nan 		
[LINE 1]		nan 		5.28		-inf		5.31		nan 		
[LINE 0]		nan 		nan 		-inf		nan 		nan 		
 * Ranking:
 ---> {'coords': (1, 1), 'dir': 'SW', 'score': 0}
 ---> {'coords': (1, 1), 'dir': 'SW', 'score': 0}
 ---> {'coords': (1, 3), 'dir': 'SE', 'score': 0}
 ---> {'coords': (1, 3), 'dir': 'SE', 'score': 0}
 * Selected, based on ranking: {'coords': (1, 1), 'dir': 'SW', 'score': 0}
 * The candidate has value 5.31 and coords (1, 1)
 * Checking direction:
 ---> Trend is: N
 ---> Complex Trend is: {'N': 9.5, 'NW': 1, 'W': 0.5}
 ---> Allowed dirs based on Complex Trend are: ['NW', 'N', 'NE']
 ---> Direction SW IS NOT ok! Last was N [last 10: ['N', 'N', 'N', 'N', 'NW', 'N', 'N', 'N', 'N', 'N']] -- Modifying matrix...
[LINE 4]		4.77		4.76		4.75		nan 		nan 		
[LINE 3]		4.87		4.91		4.9 		nan 		nan 		
[LINE 2]		nan 		5.06		-inf		5.14		nan 		
[LINE 1]		nan 		nan 		-inf		5.31		nan 		
[LINE 0]		nan 		nan 		-inf		nan 		nan 		
 * Ranking:
 ---> {'coords': (1, 3), 'dir': 'SE', 'score': 0}
 ---> {'coords': (1, 3), 'dir': 'SE', 'score': 0}
 * Selected, based on ranking: {'coords': (1, 3), 'dir': 'SE', 'score': 0}
 * The candidate has value 5.31 and coords (1, 3)
 * Checking direction:
 ---> Trend is: N
 ---> Complex Trend is: {'N': 9.5, 'NW': 1, 'W': 0.5}
 ---> Allowed dirs based on Complex Trend are: ['NW', 'N', 'NE']
 ---> Direction SE IS NOT ok! Last was N [last 10: ['N', 'N', 'N', 'N', 'NW', 'N', 'N', 'N', 'N', 'N']] -- Modifying matrix...
[LINE 4]		4.77		4.76		4.75		nan 		nan 		
[LINE 3]		4.87		4.91		4.9 		nan 		nan 		
[LINE 2]		nan 		5.06		-inf		5.14		nan 		
[LINE 1]		nan 		nan 		-inf		nan 		nan 		
[LINE 0]		nan 		nan 		-inf		nan 		nan 		
 * Ranking:
 ---> {'coords': (2, 1), 'dir': 'W', 'score': 1}
 ---> {'coords': (2, 1), 'dir': 'W', 'score': 1}
 ---> {'coords': (2, 3), 'dir': 'E', 'score': 1}
 ---> {'coords': (2, 3), 'dir': 'E', 'score': 1}
 * Selected, based on ranking: {'coords': (2, 1), 'dir': 'W', 'score': 1}
 * The candidate has value 5.14 and coords (2, 1)
 * Checking direction:
 ---> Trend is: N
 ---> Complex Trend is: {'N': 9.5, 'NW': 1, 'W': 0.5}
 ---> Allowed dirs based on Complex Trend are: ['NW', 'N', 'NE']
 ---> Direction W IS NOT ok! Last was N [last 10: ['N', 'N', 'N', 'N', 'NW', 'N', 'N', 'N', 'N', 'N']] -- Modifying matrix...
[LINE 4]		4.77		4.76		4.75		nan 		nan 		
[LINE 3]		4.87		4.91		4.9 		nan 		nan 		
[LINE 2]		nan 		nan 		-inf		5.14		nan 		
[LINE 1]		nan 		nan 		-inf		nan 		nan 		
[LINE 0]		nan 		nan 		-inf		nan 		nan 		
 * Ranking:
 ---> {'coords': (2, 3), 'dir': 'E', 'score': 1}
 ---> {'coords': (2, 3), 'dir': 'E', 'score': 1}
 * Selected, based on ranking: {'coords': (2, 3), 'dir': 'E', 'score': 1}
 * The candidate has value 5.14 and coords (2, 3)
 * Checking direction:
 ---> Trend is: N
 ---> Complex Trend is: {'N': 9.5, 'NW': 1, 'W': 0.5}
 ---> Allowed dirs based on Complex Trend are: ['NW', 'N', 'NE']
 ---> Direction E IS NOT ok! Last was N [last 10: ['N', 'N', 'N', 'N', 'NW', 'N', 'N', 'N', 'N', 'N']] -- Modifying matrix...
[LINE 4]		4.77		4.76		4.75		nan 		nan 		
[LINE 3]		4.87		4.91		4.9 		nan 		nan 		
[LINE 2]		nan 		nan 		-inf		nan 		nan 		
[LINE 1]		nan 		nan 		-inf		nan 		nan 		
[LINE 0]		nan 		nan 		-inf		nan 		nan 		
 * Ranking:
 ---> {'coords': (3, 0), 'dir': 'NW', 'score': 15}
 ---> {'coords': (3, 0), 'dir': 'NW', 'score': 15}
 ---> {'coords': (3, 1), 'dir': 'NW', 'score': 15}
 ---> {'coords': (3, 1), 'dir': 'NW', 'score': 15}
 ---> {'coords': (3, 2), 'dir': 'N', 'score': 19}
 ---> {'coords': (3, 2), 'dir': 'N', 'score': 19}
 * Selected, based on ranking: {'coords': (3, 2), 'dir': 'N', 'score': 19}
 * The candidate has value 4.91 and coords (3, 2)
 * Checking direction:
 ---> Trend is: N
 ---> Complex Trend is: {'N': 9.5, 'NW': 1, 'W': 0.5}
 ---> Allowed dirs based on Complex Trend are: ['NW', 'N', 'NE']
 ---> Direction N ok (last was N)! -- [Last 10: ['N', 'N', 'N', 'N', 'NW', 'N', 'N', 'N', 'N', 'N']]
 * Selected element is (3, 2) with value 4.91
Next element is N with direction 4.9
New matrix will be centered on 91,56 with depth 4.9
TREND IS ('N', {'N': 9.5, 'NW': 1, 'W': 0.5}) --- (['N', 'N', 'N', 'NW', 'N', 'N', 'N', 'N', 'N', 'N'])
============================================================
Iteration 60 with LAT_IDX: 91 and LON_IDX: 56 with DEPTH 4.9035616
 * Adding to the thalweg 91, 56 (depth 4.9)... Let's look at his neighborhood...
 * The extracted matrix is:
[LINE 4]		4.65		4.62		nan 		nan 		nan 		
[LINE 3]		4.77		4.76		4.75		nan 		nan 		
[LINE 2]		4.87		4.91		-inf		nan 		nan 		
[LINE 1]		nan 		5.06		-inf		5.14		nan 		
[LINE 0]		nan 		5.28		-inf		5.31		nan 		
 * Ranking:
 ---> {'coords': (0, 1), 'dir': 'SW', 'score': 0}
 ---> {'coords': (0, 1), 'dir': 'SW', 'score': 0}
 ---> {'coords': (0, 3), 'dir': 'SE', 'score': 0}
 ---> {'coords': (0, 3), 'dir': 'SE', 'score': 0}
 * Selected, based on ranking: {'coords': (0, 1), 'dir': 'SW', 'score': 0}
 * The candidate has value 5.31 and coords (0, 1)
 * Checking direction:
 ---> Trend is: N
 ---> Complex Trend is: {'N': 9.5, 'NW': 1, 'W': 0.5}
 ---> Allowed dirs based on Complex Trend are: ['NW', 'N', 'NE']
 ---> Direction SW IS NOT ok! Last was N [last 10: ['N', 'N', 'N', 'NW', 'N', 'N', 'N', 'N', 'N', 'N']] -- Modifying matrix...
[LINE 4]		4.65		4.62		nan 		nan 		nan 		
[LINE 3]		4.77		4.76		4.75		nan 		nan 		
[LINE 2]		4.87		4.91		-inf		nan 		nan 		
[LINE 1]		nan 		5.06		-inf		5.14		nan 		
[LINE 0]		nan 		nan 		-inf		5.31		nan 		
 * Ranking:
 ---> {'coords': (0, 3), 'dir': 'SE', 'score': 0}
 ---> {'coords': (0, 3), 'dir': 'SE', 'score': 0}
 * Selected, based on ranking: {'coords': (0, 3), 'dir': 'SE', 'score': 0}
 * The candidate has value 5.31 and coords (0, 3)
 * Checking direction:
 ---> Trend is: N
 ---> Complex Trend is: {'N': 9.5, 'NW': 1, 'W': 0.5}
 ---> Allowed dirs based on Complex Trend are: ['NW', 'N', 'NE']
 ---> Direction SE IS NOT ok! Last was N [last 10: ['N', 'N', 'N', 'NW', 'N', 'N', 'N', 'N', 'N', 'N']] -- Modifying matrix...
[LINE 4]		4.65		4.62		nan 		nan 		nan 		
[LINE 3]		4.77		4.76		4.75		nan 		nan 		
[LINE 2]		4.87		4.91		-inf		nan 		nan 		
[LINE 1]		nan 		5.06		-inf		5.14		nan 		
[LINE 0]		nan 		nan 		-inf		nan 		nan 		
 * Ranking:
 ---> {'coords': (1, 1), 'dir': 'SW', 'score': 0}
 ---> {'coords': (1, 1), 'dir': 'SW', 'score': 0}
 ---> {'coords': (1, 3), 'dir': 'SE', 'score': 0}
 ---> {'coords': (1, 3), 'dir': 'SE', 'score': 0}
 * Selected, based on ranking: {'coords': (1, 1), 'dir': 'SW', 'score': 0}
 * The candidate has value 5.14 and coords (1, 1)
 * Checking direction:
 ---> Trend is: N
 ---> Complex Trend is: {'N': 9.5, 'NW': 1, 'W': 0.5}
 ---> Allowed dirs based on Complex Trend are: ['NW', 'N', 'NE']
 ---> Direction SW IS NOT ok! Last was N [last 10: ['N', 'N', 'N', 'NW', 'N', 'N', 'N', 'N', 'N', 'N']] -- Modifying matrix...
[LINE 4]		4.65		4.62		nan 		nan 		nan 		
[LINE 3]		4.77		4.76		4.75		nan 		nan 		
[LINE 2]		4.87		4.91		-inf		nan 		nan 		
[LINE 1]		nan 		nan 		-inf		5.14		nan 		
[LINE 0]		nan 		nan 		-inf		nan 		nan 		
 * Ranking:
 ---> {'coords': (1, 3), 'dir': 'SE', 'score': 0}
 ---> {'coords': (1, 3), 'dir': 'SE', 'score': 0}
 * Selected, based on ranking: {'coords': (1, 3), 'dir': 'SE', 'score': 0}
 * The candidate has value 5.14 and coords (1, 3)
 * Checking direction:
 ---> Trend is: N
 ---> Complex Trend is: {'N': 9.5, 'NW': 1, 'W': 0.5}
 ---> Allowed dirs based on Complex Trend are: ['NW', 'N', 'NE']
 ---> Direction SE IS NOT ok! Last was N [last 10: ['N', 'N', 'N', 'NW', 'N', 'N', 'N', 'N', 'N', 'N']] -- Modifying matrix...
[LINE 4]		4.65		4.62		nan 		nan 		nan 		
[LINE 3]		4.77		4.76		4.75		nan 		nan 		
[LINE 2]		4.87		4.91		-inf		nan 		nan 		
[LINE 1]		nan 		nan 		-inf		nan 		nan 		
[LINE 0]		nan 		nan 		-inf		nan 		nan 		
 * Ranking:
 ---> {'coords': (2, 0), 'dir': 'W', 'score': 1}
 ---> {'coords': (2, 0), 'dir': 'W', 'score': 1}
 ---> {'coords': (2, 1), 'dir': 'W', 'score': 1}
 ---> {'coords': (2, 1), 'dir': 'W', 'score': 1}
 * Selected, based on ranking: {'coords': (2, 0), 'dir': 'W', 'score': 1}
 * The candidate has value 4.91 and coords (2, 0)
 * Checking direction:
 ---> Trend is: N
 ---> Complex Trend is: {'N': 9.5, 'NW': 1, 'W': 0.5}
 ---> Allowed dirs based on Complex Trend are: ['NW', 'N', 'NE']
 ---> Direction W IS NOT ok! Last was N [last 10: ['N', 'N', 'N', 'NW', 'N', 'N', 'N', 'N', 'N', 'N']] -- Modifying matrix...
[LINE 4]		4.65		4.62		nan 		nan 		nan 		
[LINE 3]		4.77		4.76		4.75		nan 		nan 		
[LINE 2]		nan 		4.91		-inf		nan 		nan 		
[LINE 1]		nan 		nan 		-inf		nan 		nan 		
[LINE 0]		nan 		nan 		-inf		nan 		nan 		
 * Ranking:
 ---> {'coords': (2, 1), 'dir': 'W', 'score': 1}
 ---> {'coords': (2, 1), 'dir': 'W', 'score': 1}
 * Selected, based on ranking: {'coords': (2, 1), 'dir': 'W', 'score': 1}
 * The candidate has value 4.91 and coords (2, 1)
 * Checking direction:
 ---> Trend is: N
 ---> Complex Trend is: {'N': 9.5, 'NW': 1, 'W': 0.5}
 ---> Allowed dirs based on Complex Trend are: ['NW', 'N', 'NE']
 ---> Direction W IS NOT ok! Last was N [last 10: ['N', 'N', 'N', 'NW', 'N', 'N', 'N', 'N', 'N', 'N']] -- Modifying matrix...
[LINE 4]		4.65		4.62		nan 		nan 		nan 		
[LINE 3]		4.77		4.76		4.75		nan 		nan 		
[LINE 2]		nan 		nan 		-inf		nan 		nan 		
[LINE 1]		nan 		nan 		-inf		nan 		nan 		
[LINE 0]		nan 		nan 		-inf		nan 		nan 		
 * Ranking:
 ---> {'coords': (3, 0), 'dir': 'NW', 'score': 15}
 ---> {'coords': (3, 0), 'dir': 'NW', 'score': 15}
 ---> {'coords': (3, 1), 'dir': 'NW', 'score': 15}
 ---> {'coords': (3, 1), 'dir': 'NW', 'score': 15}
 ---> {'coords': (3, 2), 'dir': 'N', 'score': 19}
 ---> {'coords': (3, 2), 'dir': 'N', 'score': 19}
 * Selected, based on ranking: {'coords': (3, 2), 'dir': 'N', 'score': 19}
 * The candidate has value 4.77 and coords (3, 2)
 * Checking direction:
 ---> Trend is: N
 ---> Complex Trend is: {'N': 9.5, 'NW': 1, 'W': 0.5}
 ---> Allowed dirs based on Complex Trend are: ['NW', 'N', 'NE']
 ---> Direction N ok (last was N)! -- [Last 10: ['N', 'N', 'N', 'NW', 'N', 'N', 'N', 'N', 'N', 'N']]
 * Selected element is (3, 2) with value 4.77
Next element is N with direction 4.75
New matrix will be centered on 92,56 with depth 4.75
TREND IS ('N', {'N': 9.5, 'NW': 1, 'W': 0.5}) --- (['N', 'N', 'NW', 'N', 'N', 'N', 'N', 'N', 'N', 'N'])
============================================================
Iteration 61 with LAT_IDX: 92 and LON_IDX: 56 with DEPTH 4.7532835
 * Adding to the thalweg 92, 56 (depth 4.75)... Let's look at his neighborhood...
 * The extracted matrix is:
[LINE 4]		4.61		4.54		nan 		nan 		nan 		
[LINE 3]		4.65		4.62		nan 		nan 		nan 		
[LINE 2]		4.77		4.76		-inf		nan 		nan 		
[LINE 1]		4.87		4.91		-inf		nan 		nan 		
[LINE 0]		nan 		5.06		-inf		5.14		nan 		
 * Ranking:
 ---> {'coords': (0, 1), 'dir': 'SW', 'score': 0}
 ---> {'coords': (0, 1), 'dir': 'SW', 'score': 0}
 ---> {'coords': (0, 3), 'dir': 'SE', 'score': 0}
 ---> {'coords': (0, 3), 'dir': 'SE', 'score': 0}
 * Selected, based on ranking: {'coords': (0, 1), 'dir': 'SW', 'score': 0}
 * The candidate has value 5.14 and coords (0, 1)
 * Checking direction:
 ---> Trend is: N
 ---> Complex Trend is: {'N': 9.5, 'NW': 1, 'W': 0.5}
 ---> Allowed dirs based on Complex Trend are: ['NW', 'N', 'NE']
 ---> Direction SW IS NOT ok! Last was N [last 10: ['N', 'N', 'NW', 'N', 'N', 'N', 'N', 'N', 'N', 'N']] -- Modifying matrix...
[LINE 4]		4.61		4.54		nan 		nan 		nan 		
[LINE 3]		4.65		4.62		nan 		nan 		nan 		
[LINE 2]		4.77		4.76		-inf		nan 		nan 		
[LINE 1]		4.87		4.91		-inf		nan 		nan 		
[LINE 0]		nan 		nan 		-inf		5.14		nan 		
 * Ranking:
 ---> {'coords': (0, 3), 'dir': 'SE', 'score': 0}
 ---> {'coords': (0, 3), 'dir': 'SE', 'score': 0}
 * Selected, based on ranking: {'coords': (0, 3), 'dir': 'SE', 'score': 0}
 * The candidate has value 5.14 and coords (0, 3)
 * Checking direction:
 ---> Trend is: N
 ---> Complex Trend is: {'N': 9.5, 'NW': 1, 'W': 0.5}
 ---> Allowed dirs based on Complex Trend are: ['NW', 'N', 'NE']
 ---> Direction SE IS NOT ok! Last was N [last 10: ['N', 'N', 'NW', 'N', 'N', 'N', 'N', 'N', 'N', 'N']] -- Modifying matrix...
[LINE 4]		4.61		4.54		nan 		nan 		nan 		
[LINE 3]		4.65		4.62		nan 		nan 		nan 		
[LINE 2]		4.77		4.76		-inf		nan 		nan 		
[LINE 1]		4.87		4.91		-inf		nan 		nan 		
[LINE 0]		nan 		nan 		-inf		nan 		nan 		
 * Ranking:
 ---> {'coords': (1, 0), 'dir': 'SW', 'score': 0}
 ---> {'coords': (1, 0), 'dir': 'SW', 'score': 0}
 ---> {'coords': (1, 1), 'dir': 'SW', 'score': 0}
 ---> {'coords': (1, 1), 'dir': 'SW', 'score': 0}
 * Selected, based on ranking: {'coords': (1, 0), 'dir': 'SW', 'score': 0}
 * The candidate has value 4.91 and coords (1, 0)
 * Checking direction:
 ---> Trend is: N
 ---> Complex Trend is: {'N': 9.5, 'NW': 1, 'W': 0.5}
 ---> Allowed dirs based on Complex Trend are: ['NW', 'N', 'NE']
 ---> Direction SW IS NOT ok! Last was N [last 10: ['N', 'N', 'NW', 'N', 'N', 'N', 'N', 'N', 'N', 'N']] -- Modifying matrix...
[LINE 4]		4.61		4.54		nan 		nan 		nan 		
[LINE 3]		4.65		4.62		nan 		nan 		nan 		
[LINE 2]		4.77		4.76		-inf		nan 		nan 		
[LINE 1]		nan 		4.91		-inf		nan 		nan 		
[LINE 0]		nan 		nan 		-inf		nan 		nan 		
 * Ranking:
 ---> {'coords': (1, 1), 'dir': 'SW', 'score': 0}
 ---> {'coords': (1, 1), 'dir': 'SW', 'score': 0}
 * Selected, based on ranking: {'coords': (1, 1), 'dir': 'SW', 'score': 0}
 * The candidate has value 4.91 and coords (1, 1)
 * Checking direction:
 ---> Trend is: N
 ---> Complex Trend is: {'N': 9.5, 'NW': 1, 'W': 0.5}
 ---> Allowed dirs based on Complex Trend are: ['NW', 'N', 'NE']
 ---> Direction SW IS NOT ok! Last was N [last 10: ['N', 'N', 'NW', 'N', 'N', 'N', 'N', 'N', 'N', 'N']] -- Modifying matrix...
[LINE 4]		4.61		4.54		nan 		nan 		nan 		
[LINE 3]		4.65		4.62		nan 		nan 		nan 		
[LINE 2]		4.77		4.76		-inf		nan 		nan 		
[LINE 1]		nan 		nan 		-inf		nan 		nan 		
[LINE 0]		nan 		nan 		-inf		nan 		nan 		
 * Ranking:
 ---> {'coords': (2, 0), 'dir': 'W', 'score': 1}
 ---> {'coords': (2, 0), 'dir': 'W', 'score': 1}
 ---> {'coords': (2, 1), 'dir': 'W', 'score': 1}
 ---> {'coords': (2, 1), 'dir': 'W', 'score': 1}
 * Selected, based on ranking: {'coords': (2, 0), 'dir': 'W', 'score': 1}
 * The candidate has value 4.77 and coords (2, 0)
 * Checking direction:
 ---> Trend is: N
 ---> Complex Trend is: {'N': 9.5, 'NW': 1, 'W': 0.5}
 ---> Allowed dirs based on Complex Trend are: ['NW', 'N', 'NE']
 ---> Direction W IS NOT ok! Last was N [last 10: ['N', 'N', 'NW', 'N', 'N', 'N', 'N', 'N', 'N', 'N']] -- Modifying matrix...
[LINE 4]		4.61		4.54		nan 		nan 		nan 		
[LINE 3]		4.65		4.62		nan 		nan 		nan 		
[LINE 2]		nan 		4.76		-inf		nan 		nan 		
[LINE 1]		nan 		nan 		-inf		nan 		nan 		
[LINE 0]		nan 		nan 		-inf		nan 		nan 		
 * Ranking:
 ---> {'coords': (2, 1), 'dir': 'W', 'score': 1}
 ---> {'coords': (2, 1), 'dir': 'W', 'score': 1}
 * Selected, based on ranking: {'coords': (2, 1), 'dir': 'W', 'score': 1}
 * The candidate has value 4.76 and coords (2, 1)
 * Checking direction:
 ---> Trend is: N
 ---> Complex Trend is: {'N': 9.5, 'NW': 1, 'W': 0.5}
 ---> Allowed dirs based on Complex Trend are: ['NW', 'N', 'NE']
 ---> Direction W IS NOT ok! Last was N [last 10: ['N', 'N', 'NW', 'N', 'N', 'N', 'N', 'N', 'N', 'N']] -- Modifying matrix...
[LINE 4]		4.61		4.54		nan 		nan 		nan 		
[LINE 3]		4.65		4.62		nan 		nan 		nan 		
[LINE 2]		nan 		nan 		-inf		nan 		nan 		
[LINE 1]		nan 		nan 		-inf		nan 		nan 		
[LINE 0]		nan 		nan 		-inf		nan 		nan 		
 * Ranking:
 ---> {'coords': (3, 0), 'dir': 'NW', 'score': 15}
 ---> {'coords': (3, 0), 'dir': 'NW', 'score': 15}
 ---> {'coords': (3, 1), 'dir': 'NW', 'score': 15}
 ---> {'coords': (3, 1), 'dir': 'NW', 'score': 15}
 ---> {'coords': (4, 0), 'dir': 'NW', 'score': 15}
 ---> {'coords': (4, 0), 'dir': 'NW', 'score': 15}
 * Selected, based on ranking: {'coords': (3, 0), 'dir': 'NW', 'score': 15}
 * The candidate has value 4.65 and coords (3, 0)
 * Checking direction:
 ---> Trend is: N
 ---> Complex Trend is: {'N': 9.5, 'NW': 1, 'W': 0.5}
 ---> Allowed dirs based on Complex Trend are: ['NW', 'N', 'NE']
 ---> Direction NW ok (last was N)! -- [Last 10: ['N', 'N', 'NW', 'N', 'N', 'N', 'N', 'N', 'N', 'N']]
 * Selected element is (3, 0) with value 4.65
Next element is NW with direction 4.65
New matrix will be centered on 93,54 with depth 4.65
TREND IS ('N', {'N': 9.0, 'NW': 2, 'W': 1.0}) --- (['N', 'NW', 'N', 'N', 'N', 'N', 'N', 'N', 'N', 'NW'])
============================================================
Iteration 62 with LAT_IDX: 93 and LON_IDX: 54 with DEPTH 4.653543
 * Adding to the thalweg 93, 54 (depth 4.65)... Let's look at his neighborhood...
 * The extracted matrix is:
[LINE 4]		4.82		4.71		4.62		4.55		nan 		
[LINE 3]		nan 		4.68		4.61		4.54		nan 		
[LINE 2]		nan 		4.69		-inf		4.62		nan 		
[LINE 1]		nan 		nan 		4.77		4.76		-inf		
[LINE 0]		nan 		nan 		4.87		4.91		-inf		
 * Ranking:
 ---> {'coords': (0, 2), 'dir': 'S', 'score': 0}
 ---> {'coords': (0, 2), 'dir': 'S', 'score': 0}
 ---> {'coords': (0, 3), 'dir': 'SE', 'score': 0}
 ---> {'coords': (0, 3), 'dir': 'SE', 'score': 0}
 ---> {'coords': (4, 0), 'dir': 'NW', 'score': 19}
 ---> {'coords': (4, 0), 'dir': 'NW', 'score': 19}
 * Selected, based on ranking: {'coords': (4, 0), 'dir': 'NW', 'score': 19}
 * The candidate has value 4.91 and coords (4, 0)
 * Checking direction:
 ---> Trend is: N
 ---> Complex Trend is: {'N': 9.0, 'NW': 2, 'W': 1.0}
 ---> Allowed dirs based on Complex Trend are: ['NW', 'N', 'NE']
 ---> Direction NW ok (last was NW)! -- [Last 10: ['N', 'NW', 'N', 'N', 'N', 'N', 'N', 'N', 'N', 'NW']]
 * Selected element is (4, 0) with value 4.91
Next element is NW with direction 4.82
New matrix will be centered on 95,52 with depth 4.82
TREND IS ('N', {'N': 8.5, 'NW': 3, 'W': 1.5}) --- (['NW', 'N', 'N', 'N', 'N', 'N', 'N', 'N', 'NW', 'NW'])
============================================================
Iteration 63 with LAT_IDX: 95 and LON_IDX: 52 with DEPTH 4.8203835
 * Adding to the thalweg 95, 52 (depth 4.82)... Let's look at his neighborhood...
 * The extracted matrix is:
[LINE 4]		nan 		5.08		5.0 		4.86		4.74		
[LINE 3]		nan 		5.0 		4.93		4.79		4.66		
[LINE 2]		nan 		nan 		-inf		4.71		4.62		
[LINE 1]		nan 		nan 		nan 		4.68		4.61		
[LINE 0]		nan 		nan 		nan 		4.69		-inf		
 * Ranking:
 ---> {'coords': (3, 1), 'dir': 'NW', 'score': 19}
 ---> {'coords': (3, 1), 'dir': 'NW', 'score': 19}
 ---> {'coords': (4, 1), 'dir': 'NW', 'score': 19}
 ---> {'coords': (4, 1), 'dir': 'NW', 'score': 19}
 ---> {'coords': (4, 2), 'dir': 'N', 'score': 15}
 ---> {'coords': (4, 2), 'dir': 'N', 'score': 15}
 * Selected, based on ranking: {'coords': (3, 1), 'dir': 'NW', 'score': 19}
 * The candidate has value 5.08 and coords (3, 1)
 * Checking direction:
 ---> Trend is: N
 ---> Complex Trend is: {'N': 8.5, 'NW': 3, 'W': 1.5}
 ---> Allowed dirs based on Complex Trend are: ['NW', 'N', 'NE']
 ---> Direction NW ok (last was NW)! -- [Last 10: ['NW', 'N', 'N', 'N', 'N', 'N', 'N', 'N', 'NW', 'NW']]
 * Selected element is (3, 1) with value 5.08
Next element is NW with direction 5.0
New matrix will be centered on 96,51 with depth 5.0
TREND IS ('N', {'N': 8.5, 'NW': 3, 'W': 1.5}) --- (['N', 'N', 'N', 'N', 'N', 'N', 'N', 'NW', 'NW', 'NW'])
============================================================
Iteration 64 with LAT_IDX: 96 and LON_IDX: 51 with DEPTH 4.9972725
 * Adding to the thalweg 96, 51 (depth 5.0)... Let's look at his neighborhood...
 * The extracted matrix is:
[LINE 4]		nan 		nan 		5.19		5.06		4.91		
[LINE 3]		nan 		nan 		5.08		5.0 		4.86		
[LINE 2]		nan 		nan 		-inf		4.93		4.79		
[LINE 1]		nan 		nan 		nan 		-inf		4.71		
[LINE 0]		nan 		nan 		nan 		nan 		4.68		
 * Ranking:
 ---> {'coords': (4, 2), 'dir': 'N', 'score': 15}
 ---> {'coords': (4, 2), 'dir': 'N', 'score': 15}
 * Selected, based on ranking: {'coords': (4, 2), 'dir': 'N', 'score': 15}
 * The candidate has value 5.19 and coords (4, 2)
 * Checking direction:
 ---> Trend is: N
 ---> Complex Trend is: {'N': 8.5, 'NW': 3, 'W': 1.5}
 ---> Allowed dirs based on Complex Trend are: ['NW', 'N', 'NE']
 ---> Direction N ok (last was NW)! -- [Last 10: ['N', 'N', 'N', 'N', 'N', 'N', 'N', 'NW', 'NW', 'NW']]
 * Selected element is (4, 2) with value 5.19
Next element is N with direction 5.19
New matrix will be centered on 98,51 with depth 5.19
TREND IS ('N', {'N': 8.5, 'NW': 3, 'W': 1.5}) --- (['N', 'N', 'N', 'N', 'N', 'N', 'NW', 'NW', 'NW', 'N'])
============================================================
Iteration 65 with LAT_IDX: 98 and LON_IDX: 51 with DEPTH 5.186725
 * Adding to the thalweg 98, 51 (depth 5.19)... Let's look at his neighborhood...
 * The extracted matrix is:
[LINE 4]		nan 		5.32		5.25		5.15		5.09		
[LINE 3]		nan 		5.28		5.23		5.12		5.0 		
[LINE 2]		nan 		nan 		-inf		5.06		4.91		
[LINE 1]		nan 		nan 		5.08		5.0 		4.86		
[LINE 0]		nan 		nan 		-inf		4.93		4.79		
 * Ranking:
 ---> {'coords': (3, 1), 'dir': 'NW', 'score': 15}
 ---> {'coords': (3, 1), 'dir': 'NW', 'score': 15}
 ---> {'coords': (3, 2), 'dir': 'N', 'score': 19}
 ---> {'coords': (3, 2), 'dir': 'N', 'score': 19}
 ---> {'coords': (4, 1), 'dir': 'NW', 'score': 15}
 ---> {'coords': (4, 1), 'dir': 'NW', 'score': 15}
 ---> {'coords': (4, 2), 'dir': 'N', 'score': 19}
 ---> {'coords': (4, 2), 'dir': 'N', 'score': 19}
 * Selected, based on ranking: {'coords': (3, 2), 'dir': 'N', 'score': 19}
 * The candidate has value 5.32 and coords (3, 2)
 * Checking direction:
 ---> Trend is: N
 ---> Complex Trend is: {'N': 8.5, 'NW': 3, 'W': 1.5}
 ---> Allowed dirs based on Complex Trend are: ['NW', 'N', 'NE']
 ---> Direction N ok (last was N)! -- [Last 10: ['N', 'N', 'N', 'N', 'N', 'N', 'NW', 'NW', 'NW', 'N']]
 * Selected element is (3, 2) with value 5.32
Next element is N with direction 5.23
New matrix will be centered on 99,51 with depth 5.23
TREND IS ('N', {'N': 8.5, 'NW': 3, 'W': 1.5}) --- (['N', 'N', 'N', 'N', 'N', 'NW', 'NW', 'NW', 'N', 'N'])
============================================================
Iteration 66 with LAT_IDX: 99 and LON_IDX: 51 with DEPTH 5.2339706
 * Adding to the thalweg 99, 51 (depth 5.23)... Let's look at his neighborhood...
 * The extracted matrix is:
[LINE 4]		nan 		5.35		5.29		5.19		nan 		
[LINE 3]		nan 		5.32		5.25		5.15		5.09		
[LINE 2]		nan 		5.28		-inf		5.12		5.0 		
[LINE 1]		nan 		nan 		-inf		5.06		4.91		
[LINE 0]		nan 		nan 		5.08		5.0 		4.86		
 * Ranking:
 ---> {'coords': (2, 1), 'dir': 'W', 'score': 1}
 ---> {'coords': (2, 1), 'dir': 'W', 'score': 1}
 ---> {'coords': (3, 1), 'dir': 'NW', 'score': 15}
 ---> {'coords': (3, 1), 'dir': 'NW', 'score': 15}
 ---> {'coords': (3, 2), 'dir': 'N', 'score': 19}
 ---> {'coords': (3, 2), 'dir': 'N', 'score': 19}
 ---> {'coords': (4, 1), 'dir': 'NW', 'score': 15}
 ---> {'coords': (4, 1), 'dir': 'NW', 'score': 15}
 ---> {'coords': (4, 2), 'dir': 'N', 'score': 19}
 ---> {'coords': (4, 2), 'dir': 'N', 'score': 19}
 * Selected, based on ranking: {'coords': (3, 2), 'dir': 'N', 'score': 19}
 * The candidate has value 5.35 and coords (3, 2)
 * Checking direction:
 ---> Trend is: N
 ---> Complex Trend is: {'N': 8.5, 'NW': 3, 'W': 1.5}
 ---> Allowed dirs based on Complex Trend are: ['NW', 'N', 'NE']
 ---> Direction N ok (last was N)! -- [Last 10: ['N', 'N', 'N', 'N', 'N', 'NW', 'NW', 'NW', 'N', 'N']]
 * Selected element is (3, 2) with value 5.35
Next element is N with direction 5.25
New matrix will be centered on 100,51 with depth 5.25
TREND IS ('N', {'N': 8.5, 'NW': 3, 'W': 1.5}) --- (['N', 'N', 'N', 'N', 'NW', 'NW', 'NW', 'N', 'N', 'N'])
============================================================
Iteration 67 with LAT_IDX: 100 and LON_IDX: 51 with DEPTH 5.254509
 * Adding to the thalweg 100, 51 (depth 5.25)... Let's look at his neighborhood...
 * The extracted matrix is:
[LINE 4]		nan 		5.39		5.35		5.26		nan 		
[LINE 3]		nan 		5.35		5.29		5.19		nan 		
[LINE 2]		nan 		5.32		-inf		5.15		5.09		
[LINE 1]		nan 		5.28		-inf		5.12		5.0 		
[LINE 0]		nan 		nan 		-inf		5.06		4.91		
 * Ranking:
 ---> {'coords': (2, 1), 'dir': 'W', 'score': 1}
 ---> {'coords': (2, 1), 'dir': 'W', 'score': 1}
 ---> {'coords': (3, 1), 'dir': 'NW', 'score': 15}
 ---> {'coords': (3, 1), 'dir': 'NW', 'score': 15}
 ---> {'coords': (3, 2), 'dir': 'N', 'score': 19}
 ---> {'coords': (3, 2), 'dir': 'N', 'score': 19}
 ---> {'coords': (4, 1), 'dir': 'NW', 'score': 15}
 ---> {'coords': (4, 1), 'dir': 'NW', 'score': 15}
 ---> {'coords': (4, 2), 'dir': 'N', 'score': 19}
 ---> {'coords': (4, 2), 'dir': 'N', 'score': 19}
 * Selected, based on ranking: {'coords': (3, 2), 'dir': 'N', 'score': 19}
 * The candidate has value 5.39 and coords (3, 2)
 * Checking direction:
 ---> Trend is: N
 ---> Complex Trend is: {'N': 8.5, 'NW': 3, 'W': 1.5}
 ---> Allowed dirs based on Complex Trend are: ['NW', 'N', 'NE']
 ---> Direction N ok (last was N)! -- [Last 10: ['N', 'N', 'N', 'N', 'NW', 'NW', 'NW', 'N', 'N', 'N']]
 * Selected element is (3, 2) with value 5.39
Next element is N with direction 5.29
New matrix will be centered on 101,51 with depth 5.29
TREND IS ('N', {'N': 8.5, 'NW': 3, 'W': 1.5}) --- (['N', 'N', 'N', 'NW', 'NW', 'NW', 'N', 'N', 'N', 'N'])
============================================================
Iteration 68 with LAT_IDX: 101 and LON_IDX: 51 with DEPTH 5.289989
 * Adding to the thalweg 101, 51 (depth 5.29)... Let's look at his neighborhood...
 * The extracted matrix is:
[LINE 4]		nan 		5.49		5.43		5.36		nan 		
[LINE 3]		nan 		5.39		5.35		5.26		nan 		
[LINE 2]		nan 		5.35		-inf		5.19		nan 		
[LINE 1]		nan 		5.32		-inf		5.15		5.09		
[LINE 0]		nan 		5.28		-inf		5.12		5.0 		
 * Ranking:
 ---> {'coords': (3, 1), 'dir': 'NW', 'score': 15}
 ---> {'coords': (3, 1), 'dir': 'NW', 'score': 15}
 ---> {'coords': (4, 1), 'dir': 'NW', 'score': 15}
 ---> {'coords': (4, 1), 'dir': 'NW', 'score': 15}
 ---> {'coords': (4, 2), 'dir': 'N', 'score': 19}
 ---> {'coords': (4, 2), 'dir': 'N', 'score': 19}
 * Selected, based on ranking: {'coords': (4, 2), 'dir': 'N', 'score': 19}
 * The candidate has value 5.49 and coords (4, 2)
 * Checking direction:
 ---> Trend is: N
 ---> Complex Trend is: {'N': 8.5, 'NW': 3, 'W': 1.5}
 ---> Allowed dirs based on Complex Trend are: ['NW', 'N', 'NE']
 ---> Direction N ok (last was N)! -- [Last 10: ['N', 'N', 'N', 'NW', 'NW', 'NW', 'N', 'N', 'N', 'N']]
 * Selected element is (4, 2) with value 5.49
Next element is N with direction 5.43
New matrix will be centered on 103,51 with depth 5.43
TREND IS ('N', {'N': 8.5, 'NW': 3, 'W': 1.5}) --- (['N', 'N', 'NW', 'NW', 'NW', 'N', 'N', 'N', 'N', 'N'])
============================================================
Iteration 69 with LAT_IDX: 103 and LON_IDX: 51 with DEPTH 5.434323
 * Adding to the thalweg 103, 51 (depth 5.43)... Let's look at his neighborhood...
 * The extracted matrix is:
[LINE 4]		nan 		5.86		5.79		5.74		nan 		
[LINE 3]		nan 		5.7 		5.6 		5.51		nan 		
[LINE 2]		nan 		5.49		-inf		5.36		nan 		
[LINE 1]		nan 		5.39		5.35		5.26		nan 		
[LINE 0]		nan 		5.35		-inf		5.19		nan 		
 * Ranking:
 ---> {'coords': (4, 1), 'dir': 'NW', 'score': 15}
 ---> {'coords': (4, 1), 'dir': 'NW', 'score': 15}
 ---> {'coords': (4, 2), 'dir': 'N', 'score': 19}
 ---> {'coords': (4, 2), 'dir': 'N', 'score': 19}
 * Selected, based on ranking: {'coords': (4, 2), 'dir': 'N', 'score': 19}
 * The candidate has value 5.86 and coords (4, 2)
 * Checking direction:
 ---> Trend is: N
 ---> Complex Trend is: {'N': 8.5, 'NW': 3, 'W': 1.5}
 ---> Allowed dirs based on Complex Trend are: ['NW', 'N', 'NE']
 ---> Direction N ok (last was N)! -- [Last 10: ['N', 'N', 'NW', 'NW', 'NW', 'N', 'N', 'N', 'N', 'N']]
 * Selected element is (4, 2) with value 5.86
Next element is N with direction 5.79
New matrix will be centered on 105,51 with depth 5.79
TREND IS ('N', {'N': 8.5, 'NW': 3, 'W': 1.5}) --- (['N', 'NW', 'NW', 'NW', 'N', 'N', 'N', 'N', 'N', 'N'])
============================================================
Iteration 70 with LAT_IDX: 105 and LON_IDX: 51 with DEPTH 5.7902164
 * Adding to the thalweg 105, 51 (depth 5.79)... Let's look at his neighborhood...
 * The extracted matrix is:
[LINE 4]		nan 		6.21		6.15		6.1 		nan 		
[LINE 3]		nan 		6.0 		5.96		5.93		nan 		
[LINE 2]		nan 		5.86		-inf		5.74		nan 		
[LINE 1]		nan 		5.7 		5.6 		5.51		nan 		
[LINE 0]		nan 		5.49		-inf		5.36		nan 		
 * Ranking:
 ---> {'coords': (4, 1), 'dir': 'NW', 'score': 15}
 ---> {'coords': (4, 1), 'dir': 'NW', 'score': 15}
 ---> {'coords': (4, 2), 'dir': 'N', 'score': 19}
 ---> {'coords': (4, 2), 'dir': 'N', 'score': 19}
 * Selected, based on ranking: {'coords': (4, 2), 'dir': 'N', 'score': 19}
 * The candidate has value 6.21 and coords (4, 2)
 * Checking direction:
 ---> Trend is: N
 ---> Complex Trend is: {'N': 8.5, 'NW': 3, 'W': 1.5}
 ---> Allowed dirs based on Complex Trend are: ['NW', 'N', 'NE']
 ---> Direction N ok (last was N)! -- [Last 10: ['N', 'NW', 'NW', 'NW', 'N', 'N', 'N', 'N', 'N', 'N']]
 * Selected element is (4, 2) with value 6.21
Next element is N with direction 6.15
New matrix will be centered on 107,51 with depth 6.15
TREND IS ('N', {'N': 8.5, 'NW': 3, 'W': 1.5}) --- (['NW', 'NW', 'NW', 'N', 'N', 'N', 'N', 'N', 'N', 'N'])
============================================================
Iteration 71 with LAT_IDX: 107 and LON_IDX: 51 with DEPTH 6.151602
 * Adding to the thalweg 107, 51 (depth 6.15)... Let's look at his neighborhood...
 * The extracted matrix is:
[LINE 4]		nan 		6.38		6.29		6.18		nan 		
[LINE 3]		nan 		6.35		6.27		6.18		nan 		
[LINE 2]		nan 		6.21		-inf		6.1 		nan 		
[LINE 1]		nan 		6.0 		5.96		5.93		nan 		
[LINE 0]		nan 		5.86		-inf		5.74		nan 		
 * Ranking:
 ---> {'coords': (3, 1), 'dir': 'NW', 'score': 15}
 ---> {'coords': (3, 1), 'dir': 'NW', 'score': 15}
 ---> {'coords': (4, 1), 'dir': 'NW', 'score': 15}
 ---> {'coords': (4, 1), 'dir': 'NW', 'score': 15}
 ---> {'coords': (4, 2), 'dir': 'N', 'score': 19}
 ---> {'coords': (4, 2), 'dir': 'N', 'score': 19}
 * Selected, based on ranking: {'coords': (4, 2), 'dir': 'N', 'score': 19}
 * The candidate has value 6.38 and coords (4, 2)
 * Checking direction:
 ---> Trend is: N
 ---> Complex Trend is: {'N': 8.5, 'NW': 3, 'W': 1.5}
 ---> Allowed dirs based on Complex Trend are: ['NW', 'N', 'NE']
 ---> Direction N ok (last was N)! -- [Last 10: ['NW', 'NW', 'NW', 'N', 'N', 'N', 'N', 'N', 'N', 'N']]
 * Selected element is (4, 2) with value 6.38
Next element is N with direction 6.29
New matrix will be centered on 109,51 with depth 6.29
TREND IS ('N', {'N': 9.0, 'NW': 2, 'W': 1.0}) --- (['NW', 'NW', 'N', 'N', 'N', 'N', 'N', 'N', 'N', 'N'])
============================================================
Iteration 72 with LAT_IDX: 109 and LON_IDX: 51 with DEPTH 6.2864037
 * Adding to the thalweg 109, 51 (depth 6.29)... Let's look at his neighborhood...
 * The extracted matrix is:
[LINE 4]		6.03		6.05		6.04		5.99		nan 		
[LINE 3]		nan 		6.27		6.17		6.08		nan 		
[LINE 2]		nan 		6.38		-inf		6.18		nan 		
[LINE 1]		nan 		6.35		6.27		6.18		nan 		
[LINE 0]		nan 		6.21		-inf		6.1 		nan 		
 * Ranking:
 ---> {'coords': (1, 1), 'dir': 'SW', 'score': 0}
 ---> {'coords': (1, 1), 'dir': 'SW', 'score': 0}
 ---> {'coords': (2, 1), 'dir': 'W', 'score': 1}
 ---> {'coords': (2, 1), 'dir': 'W', 'score': 1}
 * Selected, based on ranking: {'coords': (2, 1), 'dir': 'W', 'score': 1}
 * The candidate has value 6.38 and coords (2, 1)
 * Checking direction:
 ---> Trend is: N
 ---> Complex Trend is: {'N': 9.0, 'NW': 2, 'W': 1.0}
 ---> Allowed dirs based on Complex Trend are: ['NW', 'N', 'NE']
 ---> Direction W IS NOT ok! Last was N [last 10: ['NW', 'NW', 'N', 'N', 'N', 'N', 'N', 'N', 'N', 'N']] -- Modifying matrix...
[LINE 4]		6.03		6.05		6.04		5.99		nan 		
[LINE 3]		nan 		6.27		6.17		6.08		nan 		
[LINE 2]		nan 		nan 		-inf		6.18		nan 		
[LINE 1]		nan 		6.35		6.27		6.18		nan 		
[LINE 0]		nan 		6.21		-inf		6.1 		nan 		
 * Ranking:
 ---> {'coords': (1, 1), 'dir': 'SW', 'score': 0}
 ---> {'coords': (1, 1), 'dir': 'SW', 'score': 0}
 ---> {'coords': (1, 2), 'dir': 'S', 'score': 0}
 ---> {'coords': (1, 2), 'dir': 'S', 'score': 0}
 ---> {'coords': (3, 1), 'dir': 'NW', 'score': 15}
 ---> {'coords': (3, 1), 'dir': 'NW', 'score': 15}
 * Selected, based on ranking: {'coords': (3, 1), 'dir': 'NW', 'score': 15}
 * The candidate has value 6.35 and coords (3, 1)
 * Checking direction:
 ---> Trend is: N
 ---> Complex Trend is: {'N': 9.0, 'NW': 2, 'W': 1.0}
 ---> Allowed dirs based on Complex Trend are: ['NW', 'N', 'NE']
 ---> Direction NW ok (last was N)! -- [Last 10: ['NW', 'NW', 'N', 'N', 'N', 'N', 'N', 'N', 'N', 'N']]
 * Selected element is (3, 1) with value 6.35
Next element is NW with direction 6.27
New matrix will be centered on 110,50 with depth 6.27
TREND IS ('N', {'N': 9.0, 'NW': 2, 'W': 1.0}) --- (['NW', 'N', 'N', 'N', 'N', 'N', 'N', 'N', 'N', 'NW'])
============================================================
Iteration 73 with LAT_IDX: 110 and LON_IDX: 50 with DEPTH 6.2723517
 * Adding to the thalweg 110, 50 (depth 6.27)... Let's look at his neighborhood...
 * The extracted matrix is:
[LINE 4]		nan 		5.81		5.82		5.79		5.78		
[LINE 3]		nan 		6.03		6.05		6.04		5.99		
[LINE 2]		nan 		nan 		-inf		6.17		6.08		
[LINE 1]		nan 		nan 		6.38		-inf		6.18		
[LINE 0]		nan 		nan 		6.35		6.27		6.18		
 * Ranking:
 ---> {'coords': (0, 2), 'dir': 'S', 'score': 0}
 ---> {'coords': (0, 2), 'dir': 'S', 'score': 0}
 ---> {'coords': (1, 2), 'dir': 'S', 'score': 0}
 ---> {'coords': (1, 2), 'dir': 'S', 'score': 0}
 * Selected, based on ranking: {'coords': (0, 2), 'dir': 'S', 'score': 0}
 * The candidate has value 6.38 and coords (0, 2)
 * Checking direction:
 ---> Trend is: N
 ---> Complex Trend is: {'N': 9.0, 'NW': 2, 'W': 1.0}
 ---> Allowed dirs based on Complex Trend are: ['NW', 'N', 'NE']
 ---> Direction S IS NOT ok! Last was NW [last 10: ['NW', 'N', 'N', 'N', 'N', 'N', 'N', 'N', 'N', 'NW']] -- Modifying matrix...
[LINE 4]		nan 		5.81		5.82		5.79		5.78		
[LINE 3]		nan 		6.03		6.05		6.04		5.99		
[LINE 2]		nan 		nan 		-inf		6.17		6.08		
[LINE 1]		nan 		nan 		6.38		-inf		6.18		
[LINE 0]		nan 		nan 		nan 		6.27		6.18		
 * Ranking:
 ---> {'coords': (1, 2), 'dir': 'S', 'score': 0}
 ---> {'coords': (1, 2), 'dir': 'S', 'score': 0}
 * Selected, based on ranking: {'coords': (1, 2), 'dir': 'S', 'score': 0}
 * The candidate has value 6.38 and coords (1, 2)
 * Checking direction:
 ---> Trend is: N
 ---> Complex Trend is: {'N': 9.0, 'NW': 2, 'W': 1.0}
 ---> Allowed dirs based on Complex Trend are: ['NW', 'N', 'NE']
 ---> Direction S IS NOT ok! Last was NW [last 10: ['NW', 'N', 'N', 'N', 'N', 'N', 'N', 'N', 'N', 'NW']] -- Modifying matrix...
[LINE 4]		nan 		5.81		5.82		5.79		5.78		
[LINE 3]		nan 		6.03		6.05		6.04		5.99		
[LINE 2]		nan 		nan 		-inf		6.17		6.08		
[LINE 1]		nan 		nan 		nan 		-inf		6.18		
[LINE 0]		nan 		nan 		nan 		6.27		6.18		
 * Ranking:
 ---> {'coords': (0, 3), 'dir': 'SE', 'score': 0}
 ---> {'coords': (0, 3), 'dir': 'SE', 'score': 0}
 ---> {'coords': (0, 4), 'dir': 'SE', 'score': 0}
 ---> {'coords': (0, 4), 'dir': 'SE', 'score': 0}
 ---> {'coords': (1, 4), 'dir': 'SE', 'score': 0}
 ---> {'coords': (1, 4), 'dir': 'SE', 'score': 0}
 ---> {'coords': (2, 3), 'dir': 'E', 'score': 0}
 ---> {'coords': (2, 3), 'dir': 'E', 'score': 0}
 * Selected, based on ranking: {'coords': (0, 3), 'dir': 'SE', 'score': 0}
 * The candidate has value 6.27 and coords (0, 3)
 * Checking direction:
 ---> Trend is: N
 ---> Complex Trend is: {'N': 9.0, 'NW': 2, 'W': 1.0}
 ---> Allowed dirs based on Complex Trend are: ['NW', 'N', 'NE']
 ---> Direction SE IS NOT ok! Last was NW [last 10: ['NW', 'N', 'N', 'N', 'N', 'N', 'N', 'N', 'N', 'NW']] -- Modifying matrix...
[LINE 4]		nan 		5.81		5.82		5.79		5.78		
[LINE 3]		nan 		6.03		6.05		6.04		5.99		
[LINE 2]		nan 		nan 		-inf		6.17		6.08		
[LINE 1]		nan 		nan 		nan 		-inf		6.18		
[LINE 0]		nan 		nan 		nan 		nan 		6.18		
 * Ranking:
 ---> {'coords': (0, 4), 'dir': 'SE', 'score': 0}
 ---> {'coords': (0, 4), 'dir': 'SE', 'score': 0}
 ---> {'coords': (1, 4), 'dir': 'SE', 'score': 0}
 ---> {'coords': (1, 4), 'dir': 'SE', 'score': 0}
 ---> {'coords': (2, 3), 'dir': 'E', 'score': 0}
 ---> {'coords': (2, 3), 'dir': 'E', 'score': 0}
 ---> {'coords': (2, 4), 'dir': 'E', 'score': 0}
 ---> {'coords': (2, 4), 'dir': 'E', 'score': 0}
 * Selected, based on ranking: {'coords': (0, 4), 'dir': 'SE', 'score': 0}
 * The candidate has value 6.18 and coords (0, 4)
 * Checking direction:
 ---> Trend is: N
 ---> Complex Trend is: {'N': 9.0, 'NW': 2, 'W': 1.0}
 ---> Allowed dirs based on Complex Trend are: ['NW', 'N', 'NE']
 ---> Direction SE IS NOT ok! Last was NW [last 10: ['NW', 'N', 'N', 'N', 'N', 'N', 'N', 'N', 'N', 'NW']] -- Modifying matrix...
[LINE 4]		nan 		5.81		5.82		5.79		5.78		
[LINE 3]		nan 		6.03		6.05		6.04		5.99		
[LINE 2]		nan 		nan 		-inf		6.17		6.08		
[LINE 1]		nan 		nan 		nan 		-inf		6.18		
[LINE 0]		nan 		nan 		nan 		nan 		nan 		
 * Ranking:
 ---> {'coords': (1, 4), 'dir': 'SE', 'score': 0}
 ---> {'coords': (1, 4), 'dir': 'SE', 'score': 0}
 ---> {'coords': (2, 3), 'dir': 'E', 'score': 0}
 ---> {'coords': (2, 3), 'dir': 'E', 'score': 0}
 ---> {'coords': (2, 4), 'dir': 'E', 'score': 0}
 ---> {'coords': (2, 4), 'dir': 'E', 'score': 0}
 * Selected, based on ranking: {'coords': (1, 4), 'dir': 'SE', 'score': 0}
 * The candidate has value 6.18 and coords (1, 4)
 * Checking direction:
 ---> Trend is: N
 ---> Complex Trend is: {'N': 9.0, 'NW': 2, 'W': 1.0}
 ---> Allowed dirs based on Complex Trend are: ['NW', 'N', 'NE']
 ---> Direction SE IS NOT ok! Last was NW [last 10: ['NW', 'N', 'N', 'N', 'N', 'N', 'N', 'N', 'N', 'NW']] -- Modifying matrix...
[LINE 4]		nan 		5.81		5.82		5.79		5.78		
[LINE 3]		nan 		6.03		6.05		6.04		5.99		
[LINE 2]		nan 		nan 		-inf		6.17		6.08		
[LINE 1]		nan 		nan 		nan 		-inf		nan 		
[LINE 0]		nan 		nan 		nan 		nan 		nan 		
 * Ranking:
 ---> {'coords': (2, 3), 'dir': 'E', 'score': 0}
 ---> {'coords': (2, 3), 'dir': 'E', 'score': 0}
 ---> {'coords': (2, 4), 'dir': 'E', 'score': 0}
 ---> {'coords': (2, 4), 'dir': 'E', 'score': 0}
 * Selected, based on ranking: {'coords': (2, 3), 'dir': 'E', 'score': 0}
 * The candidate has value 6.17 and coords (2, 3)
 * Checking direction:
 ---> Trend is: N
 ---> Complex Trend is: {'N': 9.0, 'NW': 2, 'W': 1.0}
 ---> Allowed dirs based on Complex Trend are: ['NW', 'N', 'NE']
 ---> Direction E IS NOT ok! Last was NW [last 10: ['NW', 'N', 'N', 'N', 'N', 'N', 'N', 'N', 'N', 'NW']] -- Modifying matrix...
[LINE 4]		nan 		5.81		5.82		5.79		5.78		
[LINE 3]		nan 		6.03		6.05		6.04		5.99		
[LINE 2]		nan 		nan 		-inf		nan 		6.08		
[LINE 1]		nan 		nan 		nan 		-inf		nan 		
[LINE 0]		nan 		nan 		nan 		nan 		nan 		
 * Ranking:
 ---> {'coords': (2, 4), 'dir': 'E', 'score': 0}
 ---> {'coords': (2, 4), 'dir': 'E', 'score': 0}
 ---> {'coords': (3, 1), 'dir': 'NW', 'score': 19}
 ---> {'coords': (3, 1), 'dir': 'NW', 'score': 19}
 ---> {'coords': (3, 2), 'dir': 'N', 'score': 15}
 ---> {'coords': (3, 2), 'dir': 'N', 'score': 15}
 ---> {'coords': (3, 3), 'dir': 'NE', 'score': 11}
 ---> {'coords': (3, 3), 'dir': 'NE', 'score': 11}
 ---> {'coords': (3, 4), 'dir': 'NE', 'score': 11}
 ---> {'coords': (3, 4), 'dir': 'NE', 'score': 11}
 * Selected, based on ranking: {'coords': (3, 1), 'dir': 'NW', 'score': 19}
 * The candidate has value 6.08 and coords (3, 1)
 * Checking direction:
 ---> Trend is: N
 ---> Complex Trend is: {'N': 9.0, 'NW': 2, 'W': 1.0}
 ---> Allowed dirs based on Complex Trend are: ['NW', 'N', 'NE']
 ---> Direction NW ok (last was NW)! -- [Last 10: ['NW', 'N', 'N', 'N', 'N', 'N', 'N', 'N', 'N', 'NW']]
 * Selected element is (3, 1) with value 6.08
Next element is NW with direction 6.03
New matrix will be centered on 111,49 with depth 6.03
TREND IS ('N', {'N': 9.0, 'NW': 2, 'W': 1.0}) --- (['N', 'N', 'N', 'N', 'N', 'N', 'N', 'N', 'NW', 'NW'])
============================================================
Iteration 74 with LAT_IDX: 111 and LON_IDX: 49 with DEPTH 6.0296607
 * Adding to the thalweg 111, 49 (depth 6.03)... Let's look at his neighborhood...
 * The extracted matrix is:
[LINE 4]		nan 		nan 		5.65		5.57		5.46		
[LINE 3]		nan 		nan 		5.81		5.82		5.79		
[LINE 2]		nan 		nan 		-inf		6.05		6.04		
[LINE 1]		nan 		nan 		nan 		-inf		6.17		
[LINE 0]		nan 		nan 		nan 		6.38		-inf		
 * Ranking:
 ---> {'coords': (0, 3), 'dir': 'SE', 'score': 0}
 ---> {'coords': (0, 3), 'dir': 'SE', 'score': 0}
 * Selected, based on ranking: {'coords': (0, 3), 'dir': 'SE', 'score': 0}
 * The candidate has value 6.38 and coords (0, 3)
 * Checking direction:
 ---> Trend is: N
 ---> Complex Trend is: {'N': 9.0, 'NW': 2, 'W': 1.0}
 ---> Allowed dirs based on Complex Trend are: ['NW', 'N', 'NE']
 ---> Direction SE IS NOT ok! Last was NW [last 10: ['N', 'N', 'N', 'N', 'N', 'N', 'N', 'N', 'NW', 'NW']] -- Modifying matrix...
[LINE 4]		nan 		nan 		5.65		5.57		5.46		
[LINE 3]		nan 		nan 		5.81		5.82		5.79		
[LINE 2]		nan 		nan 		-inf		6.05		6.04		
[LINE 1]		nan 		nan 		nan 		-inf		6.17		
[LINE 0]		nan 		nan 		nan 		nan 		-inf		
 * Ranking:
 ---> {'coords': (1, 4), 'dir': 'SE', 'score': 0}
 ---> {'coords': (1, 4), 'dir': 'SE', 'score': 0}
 * Selected, based on ranking: {'coords': (1, 4), 'dir': 'SE', 'score': 0}
 * The candidate has value 6.17 and coords (1, 4)
 * Checking direction:
 ---> Trend is: N
 ---> Complex Trend is: {'N': 9.0, 'NW': 2, 'W': 1.0}
 ---> Allowed dirs based on Complex Trend are: ['NW', 'N', 'NE']
 ---> Direction SE IS NOT ok! Last was NW [last 10: ['N', 'N', 'N', 'N', 'N', 'N', 'N', 'N', 'NW', 'NW']] -- Modifying matrix...
[LINE 4]		nan 		nan 		5.65		5.57		5.46		
[LINE 3]		nan 		nan 		5.81		5.82		5.79		
[LINE 2]		nan 		nan 		-inf		6.05		6.04		
[LINE 1]		nan 		nan 		nan 		-inf		nan 		
[LINE 0]		nan 		nan 		nan 		nan 		-inf		
 * Ranking:
 ---> {'coords': (2, 3), 'dir': 'E', 'score': 0}
 ---> {'coords': (2, 3), 'dir': 'E', 'score': 0}
 ---> {'coords': (2, 4), 'dir': 'E', 'score': 0}
 ---> {'coords': (2, 4), 'dir': 'E', 'score': 0}
 * Selected, based on ranking: {'coords': (2, 3), 'dir': 'E', 'score': 0}
 * The candidate has value 6.05 and coords (2, 3)
 * Checking direction:
 ---> Trend is: N
 ---> Complex Trend is: {'N': 9.0, 'NW': 2, 'W': 1.0}
 ---> Allowed dirs based on Complex Trend are: ['NW', 'N', 'NE']
 ---> Direction E IS NOT ok! Last was NW [last 10: ['N', 'N', 'N', 'N', 'N', 'N', 'N', 'N', 'NW', 'NW']] -- Modifying matrix...
[LINE 4]		nan 		nan 		5.65		5.57		5.46		
[LINE 3]		nan 		nan 		5.81		5.82		5.79		
[LINE 2]		nan 		nan 		-inf		nan 		6.04		
[LINE 1]		nan 		nan 		nan 		-inf		nan 		
[LINE 0]		nan 		nan 		nan 		nan 		-inf		
 * Ranking:
 ---> {'coords': (2, 4), 'dir': 'E', 'score': 0}
 ---> {'coords': (2, 4), 'dir': 'E', 'score': 0}
 * Selected, based on ranking: {'coords': (2, 4), 'dir': 'E', 'score': 0}
 * The candidate has value 6.04 and coords (2, 4)
 * Checking direction:
 ---> Trend is: N
 ---> Complex Trend is: {'N': 9.0, 'NW': 2, 'W': 1.0}
 ---> Allowed dirs based on Complex Trend are: ['NW', 'N', 'NE']
 ---> Direction E IS NOT ok! Last was NW [last 10: ['N', 'N', 'N', 'N', 'N', 'N', 'N', 'N', 'NW', 'NW']] -- Modifying matrix...
[LINE 4]		nan 		nan 		5.65		5.57		5.46		
[LINE 3]		nan 		nan 		5.81		5.82		5.79		
[LINE 2]		nan 		nan 		-inf		nan 		nan 		
[LINE 1]		nan 		nan 		nan 		-inf		nan 		
[LINE 0]		nan 		nan 		nan 		nan 		-inf		
 * Ranking:
 ---> {'coords': (3, 2), 'dir': 'N', 'score': 15}
 ---> {'coords': (3, 2), 'dir': 'N', 'score': 15}
 ---> {'coords': (3, 3), 'dir': 'NE', 'score': 11}
 ---> {'coords': (3, 3), 'dir': 'NE', 'score': 11}
 ---> {'coords': (3, 4), 'dir': 'NE', 'score': 11}
 ---> {'coords': (3, 4), 'dir': 'NE', 'score': 11}
 * Selected, based on ranking: {'coords': (3, 2), 'dir': 'N', 'score': 15}
 * The candidate has value 5.82 and coords (3, 2)
 * Checking direction:
 ---> Trend is: N
 ---> Complex Trend is: {'N': 9.0, 'NW': 2, 'W': 1.0}
 ---> Allowed dirs based on Complex Trend are: ['NW', 'N', 'NE']
 ---> Direction N ok (last was NW)! -- [Last 10: ['N', 'N', 'N', 'N', 'N', 'N', 'N', 'N', 'NW', 'NW']]
 * Selected element is (3, 2) with value 5.82
Next element is N with direction 5.81
New matrix will be centered on 112,49 with depth 5.81
TREND IS ('N', {'N': 9.0, 'NW': 2, 'W': 1.0}) --- (['N', 'N', 'N', 'N', 'N', 'N', 'N', 'NW', 'NW', 'N'])
============================================================
Iteration 75 with LAT_IDX: 112 and LON_IDX: 49 with DEPTH 5.809165
 * Adding to the thalweg 112, 49 (depth 5.81)... Let's look at his neighborhood...
 * The extracted matrix is:
[LINE 4]		nan 		nan 		5.45		5.27		5.12		
[LINE 3]		nan 		nan 		5.65		5.57		5.46		
[LINE 2]		nan 		nan 		-inf		5.82		5.79		
[LINE 1]		nan 		nan 		-inf		6.05		6.04		
[LINE 0]		nan 		nan 		nan 		-inf		6.17		
 * Ranking:
 ---> {'coords': (0, 4), 'dir': 'SE', 'score': 0}
 ---> {'coords': (0, 4), 'dir': 'SE', 'score': 0}
 * Selected, based on ranking: {'coords': (0, 4), 'dir': 'SE', 'score': 0}
 * The candidate has value 6.17 and coords (0, 4)
 * Checking direction:
 ---> Trend is: N
 ---> Complex Trend is: {'N': 9.0, 'NW': 2, 'W': 1.0}
 ---> Allowed dirs based on Complex Trend are: ['NW', 'N', 'NE']
 ---> Direction SE IS NOT ok! Last was N [last 10: ['N', 'N', 'N', 'N', 'N', 'N', 'N', 'NW', 'NW', 'N']] -- Modifying matrix...
[LINE 4]		nan 		nan 		5.45		5.27		5.12		
[LINE 3]		nan 		nan 		5.65		5.57		5.46		
[LINE 2]		nan 		nan 		-inf		5.82		5.79		
[LINE 1]		nan 		nan 		-inf		6.05		6.04		
[LINE 0]		nan 		nan 		nan 		-inf		nan 		
 * Ranking:
 ---> {'coords': (1, 3), 'dir': 'SE', 'score': 0}
 ---> {'coords': (1, 3), 'dir': 'SE', 'score': 0}
 ---> {'coords': (1, 4), 'dir': 'SE', 'score': 0}
 ---> {'coords': (1, 4), 'dir': 'SE', 'score': 0}
 * Selected, based on ranking: {'coords': (1, 3), 'dir': 'SE', 'score': 0}
 * The candidate has value 6.05 and coords (1, 3)
 * Checking direction:
 ---> Trend is: N
 ---> Complex Trend is: {'N': 9.0, 'NW': 2, 'W': 1.0}
 ---> Allowed dirs based on Complex Trend are: ['NW', 'N', 'NE']
 ---> Direction SE IS NOT ok! Last was N [last 10: ['N', 'N', 'N', 'N', 'N', 'N', 'N', 'NW', 'NW', 'N']] -- Modifying matrix...
[LINE 4]		nan 		nan 		5.45		5.27		5.12		
[LINE 3]		nan 		nan 		5.65		5.57		5.46		
[LINE 2]		nan 		nan 		-inf		5.82		5.79		
[LINE 1]		nan 		nan 		-inf		nan 		6.04		
[LINE 0]		nan 		nan 		nan 		-inf		nan 		
 * Ranking:
 ---> {'coords': (1, 4), 'dir': 'SE', 'score': 0}
 ---> {'coords': (1, 4), 'dir': 'SE', 'score': 0}
 * Selected, based on ranking: {'coords': (1, 4), 'dir': 'SE', 'score': 0}
 * The candidate has value 6.04 and coords (1, 4)
 * Checking direction:
 ---> Trend is: N
 ---> Complex Trend is: {'N': 9.0, 'NW': 2, 'W': 1.0}
 ---> Allowed dirs based on Complex Trend are: ['NW', 'N', 'NE']
 ---> Direction SE IS NOT ok! Last was N [last 10: ['N', 'N', 'N', 'N', 'N', 'N', 'N', 'NW', 'NW', 'N']] -- Modifying matrix...
[LINE 4]		nan 		nan 		5.45		5.27		5.12		
[LINE 3]		nan 		nan 		5.65		5.57		5.46		
[LINE 2]		nan 		nan 		-inf		5.82		5.79		
[LINE 1]		nan 		nan 		-inf		nan 		nan 		
[LINE 0]		nan 		nan 		nan 		-inf		nan 		
 * Ranking:
 ---> {'coords': (2, 3), 'dir': 'E', 'score': 1}
 ---> {'coords': (2, 3), 'dir': 'E', 'score': 1}
 ---> {'coords': (2, 4), 'dir': 'E', 'score': 1}
 ---> {'coords': (2, 4), 'dir': 'E', 'score': 1}
 * Selected, based on ranking: {'coords': (2, 3), 'dir': 'E', 'score': 1}
 * The candidate has value 5.82 and coords (2, 3)
 * Checking direction:
 ---> Trend is: N
 ---> Complex Trend is: {'N': 9.0, 'NW': 2, 'W': 1.0}
 ---> Allowed dirs based on Complex Trend are: ['NW', 'N', 'NE']
 ---> Direction E IS NOT ok! Last was N [last 10: ['N', 'N', 'N', 'N', 'N', 'N', 'N', 'NW', 'NW', 'N']] -- Modifying matrix...
[LINE 4]		nan 		nan 		5.45		5.27		5.12		
[LINE 3]		nan 		nan 		5.65		5.57		5.46		
[LINE 2]		nan 		nan 		-inf		nan 		5.79		
[LINE 1]		nan 		nan 		-inf		nan 		nan 		
[LINE 0]		nan 		nan 		nan 		-inf		nan 		
 * Ranking:
 ---> {'coords': (2, 4), 'dir': 'E', 'score': 1}
 ---> {'coords': (2, 4), 'dir': 'E', 'score': 1}
 * Selected, based on ranking: {'coords': (2, 4), 'dir': 'E', 'score': 1}
 * The candidate has value 5.79 and coords (2, 4)
 * Checking direction:
 ---> Trend is: N
 ---> Complex Trend is: {'N': 9.0, 'NW': 2, 'W': 1.0}
 ---> Allowed dirs based on Complex Trend are: ['NW', 'N', 'NE']
 ---> Direction E IS NOT ok! Last was N [last 10: ['N', 'N', 'N', 'N', 'N', 'N', 'N', 'NW', 'NW', 'N']] -- Modifying matrix...
[LINE 4]		nan 		nan 		5.45		5.27		5.12		
[LINE 3]		nan 		nan 		5.65		5.57		5.46		
[LINE 2]		nan 		nan 		-inf		nan 		nan 		
[LINE 1]		nan 		nan 		-inf		nan 		nan 		
[LINE 0]		nan 		nan 		nan 		-inf		nan 		
 * Ranking:
 ---> {'coords': (3, 2), 'dir': 'N', 'score': 19}
 ---> {'coords': (3, 2), 'dir': 'N', 'score': 19}
 ---> {'coords': (3, 3), 'dir': 'NE', 'score': 15}
 ---> {'coords': (3, 3), 'dir': 'NE', 'score': 15}
 * Selected, based on ranking: {'coords': (3, 2), 'dir': 'N', 'score': 19}
 * The candidate has value 5.65 and coords (3, 2)
 * Checking direction:
 ---> Trend is: N
 ---> Complex Trend is: {'N': 9.0, 'NW': 2, 'W': 1.0}
 ---> Allowed dirs based on Complex Trend are: ['NW', 'N', 'NE']
 ---> Direction N ok (last was N)! -- [Last 10: ['N', 'N', 'N', 'N', 'N', 'N', 'N', 'NW', 'NW', 'N']]
 * Selected element is (3, 2) with value 5.65
Next element is N with direction 5.65
New matrix will be centered on 113,49 with depth 5.65
TREND IS ('N', {'N': 9.0, 'NW': 2, 'W': 1.0}) --- (['N', 'N', 'N', 'N', 'N', 'N', 'NW', 'NW', 'N', 'N'])
============================================================
Iteration 76 with LAT_IDX: 113 and LON_IDX: 49 with DEPTH 5.651921
 * Adding to the thalweg 113, 49 (depth 5.65)... Let's look at his neighborhood...
 * The extracted matrix is:
[LINE 4]		nan 		nan 		5.32		5.07		4.94		
[LINE 3]		nan 		nan 		5.45		5.27		5.12		
[LINE 2]		nan 		nan 		-inf		5.57		5.46		
[LINE 1]		nan 		nan 		-inf		5.82		5.79		
[LINE 0]		nan 		nan 		-inf		6.05		6.04		
 * Ranking:
 ---> {'coords': (0, 3), 'dir': 'SE', 'score': 0}
 ---> {'coords': (0, 3), 'dir': 'SE', 'score': 0}
 ---> {'coords': (0, 4), 'dir': 'SE', 'score': 0}
 ---> {'coords': (0, 4), 'dir': 'SE', 'score': 0}
 * Selected, based on ranking: {'coords': (0, 3), 'dir': 'SE', 'score': 0}
 * The candidate has value 6.05 and coords (0, 3)
 * Checking direction:
 ---> Trend is: N
 ---> Complex Trend is: {'N': 9.0, 'NW': 2, 'W': 1.0}
 ---> Allowed dirs based on Complex Trend are: ['NW', 'N', 'NE']
 ---> Direction SE IS NOT ok! Last was N [last 10: ['N', 'N', 'N', 'N', 'N', 'N', 'NW', 'NW', 'N', 'N']] -- Modifying matrix...
[LINE 4]		nan 		nan 		5.32		5.07		4.94		
[LINE 3]		nan 		nan 		5.45		5.27		5.12		
[LINE 2]		nan 		nan 		-inf		5.57		5.46		
[LINE 1]		nan 		nan 		-inf		5.82		5.79		
[LINE 0]		nan 		nan 		-inf		nan 		6.04		
 * Ranking:
 ---> {'coords': (0, 4), 'dir': 'SE', 'score': 0}
 ---> {'coords': (0, 4), 'dir': 'SE', 'score': 0}
 * Selected, based on ranking: {'coords': (0, 4), 'dir': 'SE', 'score': 0}
 * The candidate has value 6.04 and coords (0, 4)
 * Checking direction:
 ---> Trend is: N
 ---> Complex Trend is: {'N': 9.0, 'NW': 2, 'W': 1.0}
 ---> Allowed dirs based on Complex Trend are: ['NW', 'N', 'NE']
 ---> Direction SE IS NOT ok! Last was N [last 10: ['N', 'N', 'N', 'N', 'N', 'N', 'NW', 'NW', 'N', 'N']] -- Modifying matrix...
[LINE 4]		nan 		nan 		5.32		5.07		4.94		
[LINE 3]		nan 		nan 		5.45		5.27		5.12		
[LINE 2]		nan 		nan 		-inf		5.57		5.46		
[LINE 1]		nan 		nan 		-inf		5.82		5.79		
[LINE 0]		nan 		nan 		-inf		nan 		nan 		
 * Ranking:
 ---> {'coords': (1, 3), 'dir': 'SE', 'score': 0}
 ---> {'coords': (1, 3), 'dir': 'SE', 'score': 0}
 ---> {'coords': (1, 4), 'dir': 'SE', 'score': 0}
 ---> {'coords': (1, 4), 'dir': 'SE', 'score': 0}
 * Selected, based on ranking: {'coords': (1, 3), 'dir': 'SE', 'score': 0}
 * The candidate has value 5.82 and coords (1, 3)
 * Checking direction:
 ---> Trend is: N
 ---> Complex Trend is: {'N': 9.0, 'NW': 2, 'W': 1.0}
 ---> Allowed dirs based on Complex Trend are: ['NW', 'N', 'NE']
 ---> Direction SE IS NOT ok! Last was N [last 10: ['N', 'N', 'N', 'N', 'N', 'N', 'NW', 'NW', 'N', 'N']] -- Modifying matrix...
[LINE 4]		nan 		nan 		5.32		5.07		4.94		
[LINE 3]		nan 		nan 		5.45		5.27		5.12		
[LINE 2]		nan 		nan 		-inf		5.57		5.46		
[LINE 1]		nan 		nan 		-inf		nan 		5.79		
[LINE 0]		nan 		nan 		-inf		nan 		nan 		
 * Ranking:
 ---> {'coords': (1, 4), 'dir': 'SE', 'score': 0}
 ---> {'coords': (1, 4), 'dir': 'SE', 'score': 0}
 * Selected, based on ranking: {'coords': (1, 4), 'dir': 'SE', 'score': 0}
 * The candidate has value 5.79 and coords (1, 4)
 * Checking direction:
 ---> Trend is: N
 ---> Complex Trend is: {'N': 9.0, 'NW': 2, 'W': 1.0}
 ---> Allowed dirs based on Complex Trend are: ['NW', 'N', 'NE']
 ---> Direction SE IS NOT ok! Last was N [last 10: ['N', 'N', 'N', 'N', 'N', 'N', 'NW', 'NW', 'N', 'N']] -- Modifying matrix...
[LINE 4]		nan 		nan 		5.32		5.07		4.94		
[LINE 3]		nan 		nan 		5.45		5.27		5.12		
[LINE 2]		nan 		nan 		-inf		5.57		5.46		
[LINE 1]		nan 		nan 		-inf		nan 		nan 		
[LINE 0]		nan 		nan 		-inf		nan 		nan 		
 * Ranking:
 ---> {'coords': (2, 3), 'dir': 'E', 'score': 1}
 ---> {'coords': (2, 3), 'dir': 'E', 'score': 1}
 * Selected, based on ranking: {'coords': (2, 3), 'dir': 'E', 'score': 1}
 * The candidate has value 5.57 and coords (2, 3)
 * Checking direction:
 ---> Trend is: N
 ---> Complex Trend is: {'N': 9.0, 'NW': 2, 'W': 1.0}
 ---> Allowed dirs based on Complex Trend are: ['NW', 'N', 'NE']
 ---> Direction E IS NOT ok! Last was N [last 10: ['N', 'N', 'N', 'N', 'N', 'N', 'NW', 'NW', 'N', 'N']] -- Modifying matrix...
[LINE 4]		nan 		nan 		5.32		5.07		4.94		
[LINE 3]		nan 		nan 		5.45		5.27		5.12		
[LINE 2]		nan 		nan 		-inf		nan 		5.46		
[LINE 1]		nan 		nan 		-inf		nan 		nan 		
[LINE 0]		nan 		nan 		-inf		nan 		nan 		
 * Ranking:
 ---> {'coords': (2, 4), 'dir': 'E', 'score': 1}
 ---> {'coords': (2, 4), 'dir': 'E', 'score': 1}
 ---> {'coords': (3, 2), 'dir': 'N', 'score': 19}
 ---> {'coords': (3, 2), 'dir': 'N', 'score': 19}
 * Selected, based on ranking: {'coords': (3, 2), 'dir': 'N', 'score': 19}
 * The candidate has value 5.46 and coords (3, 2)
 * Checking direction:
 ---> Trend is: N
 ---> Complex Trend is: {'N': 9.0, 'NW': 2, 'W': 1.0}
 ---> Allowed dirs based on Complex Trend are: ['NW', 'N', 'NE']
 ---> Direction N ok (last was N)! -- [Last 10: ['N', 'N', 'N', 'N', 'N', 'N', 'NW', 'NW', 'N', 'N']]
 * Selected element is (3, 2) with value 5.46
Next element is N with direction 5.45
New matrix will be centered on 114,49 with depth 5.45
TREND IS ('N', {'N': 9.0, 'NW': 2, 'W': 1.0}) --- (['N', 'N', 'N', 'N', 'N', 'NW', 'NW', 'N', 'N', 'N'])
============================================================
Iteration 77 with LAT_IDX: 114 and LON_IDX: 49 with DEPTH 5.4487257
 * Adding to the thalweg 114, 49 (depth 5.45)... Let's look at his neighborhood...
 * The extracted matrix is:
[LINE 4]		nan 		5.49		5.33		5.03		4.83		
[LINE 3]		nan 		nan 		5.32		5.07		4.94		
[LINE 2]		nan 		nan 		-inf		5.27		5.12		
[LINE 1]		nan 		nan 		-inf		5.57		5.46		
[LINE 0]		nan 		nan 		-inf		5.82		5.79		
 * Ranking:
 ---> {'coords': (0, 3), 'dir': 'SE', 'score': 0}
 ---> {'coords': (0, 3), 'dir': 'SE', 'score': 0}
 ---> {'coords': (0, 4), 'dir': 'SE', 'score': 0}
 ---> {'coords': (0, 4), 'dir': 'SE', 'score': 0}
 * Selected, based on ranking: {'coords': (0, 3), 'dir': 'SE', 'score': 0}
 * The candidate has value 5.82 and coords (0, 3)
 * Checking direction:
 ---> Trend is: N
 ---> Complex Trend is: {'N': 9.0, 'NW': 2, 'W': 1.0}
 ---> Allowed dirs based on Complex Trend are: ['NW', 'N', 'NE']
 ---> Direction SE IS NOT ok! Last was N [last 10: ['N', 'N', 'N', 'N', 'N', 'NW', 'NW', 'N', 'N', 'N']] -- Modifying matrix...
[LINE 4]		nan 		5.49		5.33		5.03		4.83		
[LINE 3]		nan 		nan 		5.32		5.07		4.94		
[LINE 2]		nan 		nan 		-inf		5.27		5.12		
[LINE 1]		nan 		nan 		-inf		5.57		5.46		
[LINE 0]		nan 		nan 		-inf		nan 		5.79		
 * Ranking:
 ---> {'coords': (0, 4), 'dir': 'SE', 'score': 0}
 ---> {'coords': (0, 4), 'dir': 'SE', 'score': 0}
 * Selected, based on ranking: {'coords': (0, 4), 'dir': 'SE', 'score': 0}
 * The candidate has value 5.79 and coords (0, 4)
 * Checking direction:
 ---> Trend is: N
 ---> Complex Trend is: {'N': 9.0, 'NW': 2, 'W': 1.0}
 ---> Allowed dirs based on Complex Trend are: ['NW', 'N', 'NE']
 ---> Direction SE IS NOT ok! Last was N [last 10: ['N', 'N', 'N', 'N', 'N', 'NW', 'NW', 'N', 'N', 'N']] -- Modifying matrix...
[LINE 4]		nan 		5.49		5.33		5.03		4.83		
[LINE 3]		nan 		nan 		5.32		5.07		4.94		
[LINE 2]		nan 		nan 		-inf		5.27		5.12		
[LINE 1]		nan 		nan 		-inf		5.57		5.46		
[LINE 0]		nan 		nan 		-inf		nan 		nan 		
 * Ranking:
 ---> {'coords': (1, 3), 'dir': 'SE', 'score': 0}
 ---> {'coords': (1, 3), 'dir': 'SE', 'score': 0}
 ---> {'coords': (4, 1), 'dir': 'NW', 'score': 15}
 ---> {'coords': (4, 1), 'dir': 'NW', 'score': 15}
 * Selected, based on ranking: {'coords': (4, 1), 'dir': 'NW', 'score': 15}
 * The candidate has value 5.57 and coords (4, 1)
 * Checking direction:
 ---> Trend is: N
 ---> Complex Trend is: {'N': 9.0, 'NW': 2, 'W': 1.0}
 ---> Allowed dirs based on Complex Trend are: ['NW', 'N', 'NE']
 ---> Direction NW ok (last was N)! -- [Last 10: ['N', 'N', 'N', 'N', 'N', 'NW', 'NW', 'N', 'N', 'N']]
 * Selected element is (4, 1) with value 5.57
Next element is NW with direction 5.49
New matrix will be centered on 116,48 with depth 5.49
TREND IS ('N', {'N': 8.5, 'NW': 3, 'W': 1.5}) --- (['N', 'N', 'N', 'N', 'NW', 'NW', 'N', 'N', 'N', 'NW'])
============================================================
Iteration 78 with LAT_IDX: 116 and LON_IDX: 48 with DEPTH 5.485587
 * Adding to the thalweg 116, 48 (depth 5.49)... Let's look at his neighborhood...
 * The extracted matrix is:
[LINE 4]		nan 		5.97		5.79		5.55		5.18		
[LINE 3]		nan 		nan 		5.61		5.43		5.14		
[LINE 2]		nan 		nan 		-inf		5.33		5.03		
[LINE 1]		nan 		nan 		nan 		5.32		5.07		
[LINE 0]		nan 		nan 		nan 		-inf		5.27		
 * Ranking:
 ---> {'coords': (4, 1), 'dir': 'NW', 'score': 19}
 ---> {'coords': (4, 1), 'dir': 'NW', 'score': 19}
 * Selected, based on ranking: {'coords': (4, 1), 'dir': 'NW', 'score': 19}
 * The candidate has value 5.97 and coords (4, 1)
 * Checking direction:
 ---> Trend is: N
 ---> Complex Trend is: {'N': 8.5, 'NW': 3, 'W': 1.5}
 ---> Allowed dirs based on Complex Trend are: ['NW', 'N', 'NE']
 ---> Direction NW ok (last was NW)! -- [Last 10: ['N', 'N', 'N', 'N', 'NW', 'NW', 'N', 'N', 'N', 'NW']]
 * Selected element is (4, 1) with value 5.97
Next element is NW with direction 5.97
New matrix will be centered on 118,47 with depth 5.97
TREND IS ('N', {'N': 8.0, 'NW': 4, 'W': 2.0}) --- (['N', 'N', 'N', 'NW', 'NW', 'N', 'N', 'N', 'NW', 'NW'])
============================================================
Iteration 79 with LAT_IDX: 118 and LON_IDX: 47 with DEPTH 5.971931
 * Adding to the thalweg 118, 47 (depth 5.97)... Let's look at his neighborhood...
 * The extracted matrix is:
[LINE 4]		nan 		6.44		6.24		5.96		5.72		
[LINE 3]		nan 		nan 		6.16		5.9 		5.61		
[LINE 2]		nan 		nan 		-inf		5.79		5.55		
[LINE 1]		nan 		nan 		nan 		5.61		5.43		
[LINE 0]		nan 		nan 		nan 		-inf		5.33		
 * Ranking:
 ---> {'coords': (4, 1), 'dir': 'NW', 'score': 19}
 ---> {'coords': (4, 1), 'dir': 'NW', 'score': 19}
 * Selected, based on ranking: {'coords': (4, 1), 'dir': 'NW', 'score': 19}
 * The candidate has value 6.44 and coords (4, 1)
 * Checking direction:
 ---> Trend is: N
 ---> Complex Trend is: {'N': 8.0, 'NW': 4, 'W': 2.0}
 ---> Allowed dirs based on Complex Trend are: ['NW', 'N', 'NE']
 ---> Direction NW ok (last was NW)! -- [Last 10: ['N', 'N', 'N', 'NW', 'NW', 'N', 'N', 'N', 'NW', 'NW']]
 * Selected element is (4, 1) with value 6.44
Next element is NW with direction 6.44
New matrix will be centered on 120,46 with depth 6.44
TREND IS ('N', {'N': 7.5, 'NW': 5, 'W': 2.5}) --- (['N', 'N', 'NW', 'NW', 'N', 'N', 'N', 'NW', 'NW', 'NW'])
============================================================
Iteration 80 with LAT_IDX: 120 and LON_IDX: 46 with DEPTH 6.444857
 * Adding to the thalweg 120, 46 (depth 6.44)... Let's look at his neighborhood...
 * The extracted matrix is:
[LINE 4]		nan 		6.8 		6.54		6.34		6.23		
[LINE 3]		nan 		6.75		6.55		6.3 		6.11		
[LINE 2]		nan 		nan 		-inf		6.24		5.96		
[LINE 1]		nan 		nan 		nan 		6.16		5.9 		
[LINE 0]		nan 		nan 		nan 		-inf		5.79		
 * Ranking:
 ---> {'coords': (3, 1), 'dir': 'NW', 'score': 19}
 ---> {'coords': (3, 1), 'dir': 'NW', 'score': 19}
 ---> {'coords': (4, 1), 'dir': 'NW', 'score': 19}
 ---> {'coords': (4, 1), 'dir': 'NW', 'score': 19}
 * Selected, based on ranking: {'coords': (3, 1), 'dir': 'NW', 'score': 19}
 * The candidate has value 6.8 and coords (3, 1)
 * Checking direction:
 ---> Trend is: N
 ---> Complex Trend is: {'N': 7.5, 'NW': 5, 'W': 2.5}
 ---> Allowed dirs based on Complex Trend are: ['NW', 'N', 'NE']
 ---> Direction NW ok (last was NW)! -- [Last 10: ['N', 'N', 'NW', 'NW', 'N', 'N', 'N', 'NW', 'NW', 'NW']]
 * Selected element is (3, 1) with value 6.8
Next element is NW with direction 6.75
New matrix will be centered on 121,45 with depth 6.75
TREND IS ('NW', {'NW': 6, 'N': 7.0, 'W': 3.0}) --- (['N', 'NW', 'NW', 'N', 'N', 'N', 'NW', 'NW', 'NW', 'NW'])
============================================================
Iteration 81 with LAT_IDX: 121 and LON_IDX: 45 with DEPTH 6.7509255
 * Adding to the thalweg 121, 45 (depth 6.75)... Let's look at his neighborhood...
 * The extracted matrix is:
[LINE 4]		nan 		6.82		6.71		6.51		6.41		
[LINE 3]		nan 		nan 		6.8 		6.54		6.34		
[LINE 2]		nan 		nan 		-inf		6.55		6.3 		
[LINE 1]		nan 		nan 		nan 		-inf		6.24		
[LINE 0]		nan 		nan 		nan 		nan 		6.16		
 * Ranking:
 ---> {'coords': (3, 2), 'dir': 'N', 'score': 15}
 ---> {'coords': (3, 2), 'dir': 'N', 'score': 15}
 ---> {'coords': (4, 1), 'dir': 'NW', 'score': 19}
 ---> {'coords': (4, 1), 'dir': 'NW', 'score': 19}
 * Selected, based on ranking: {'coords': (4, 1), 'dir': 'NW', 'score': 19}
 * The candidate has value 6.82 and coords (4, 1)
 * Checking direction:
 ---> Trend is: NW
 ---> Complex Trend is: {'NW': 6, 'N': 7.0, 'W': 3.0}
 ---> Allowed dirs based on Complex Trend are: ['NW', 'N', 'NE']
 ---> Direction NW ok (last was NW)! -- [Last 10: ['N', 'NW', 'NW', 'N', 'N', 'N', 'NW', 'NW', 'NW', 'NW']]
 * Selected element is (4, 1) with value 6.82
Next element is NW with direction 6.82
New matrix will be centered on 123,44 with depth 6.82
TREND IS ('NW', {'NW': 7, 'N': 6.5, 'W': 3.5}) --- (['NW', 'NW', 'N', 'N', 'N', 'NW', 'NW', 'NW', 'NW', 'NW'])
============================================================
Iteration 82 with LAT_IDX: 123 and LON_IDX: 44 with DEPTH 6.8240757
 * Adding to the thalweg 123, 44 (depth 6.82)... Let's look at his neighborhood...
 * The extracted matrix is:
[LINE 4]		nan 		6.58		6.56		6.53		6.51		
[LINE 3]		nan 		6.71		6.7 		6.59		6.51		
[LINE 2]		nan 		nan 		-inf		6.71		6.51		
[LINE 1]		nan 		nan 		nan 		6.8 		6.54		
[LINE 0]		nan 		nan 		nan 		-inf		6.55		
 * Ranking:
 ---> {'coords': (1, 3), 'dir': 'SE', 'score': 0}
 ---> {'coords': (1, 3), 'dir': 'SE', 'score': 0}
 ---> {'coords': (2, 3), 'dir': 'E', 'score': 0}
 ---> {'coords': (2, 3), 'dir': 'E', 'score': 0}
 ---> {'coords': (3, 1), 'dir': 'NW', 'score': 19}
 ---> {'coords': (3, 1), 'dir': 'NW', 'score': 19}
 * Selected, based on ranking: {'coords': (3, 1), 'dir': 'NW', 'score': 19}
 * The candidate has value 6.8 and coords (3, 1)
 * Checking direction:
 ---> Trend is: NW
 ---> Complex Trend is: {'NW': 7, 'N': 6.5, 'W': 3.5}
 ---> Allowed dirs based on Complex Trend are: ['W', 'NW', 'N', 'NW', 'N', 'NE']
 ---> Direction NW ok (last was NW)! -- [Last 10: ['NW', 'NW', 'N', 'N', 'N', 'NW', 'NW', 'NW', 'NW', 'NW']]
 * Selected element is (3, 1) with value 6.8
Next element is NW with direction 6.71
New matrix will be centered on 124,43 with depth 6.71
TREND IS ('NW', {'NW': 7, 'N': 6.5, 'W': 3.5}) --- (['NW', 'N', 'N', 'N', 'NW', 'NW', 'NW', 'NW', 'NW', 'NW'])
============================================================
Iteration 83 with LAT_IDX: 124 and LON_IDX: 43 with DEPTH 6.707669
 * Adding to the thalweg 124, 43 (depth 6.71)... Let's look at his neighborhood...
 * The extracted matrix is:
[LINE 4]		nan 		6.46		6.48		6.47		6.48		
[LINE 3]		nan 		nan 		6.58		6.56		6.53		
[LINE 2]		nan 		nan 		-inf		6.7 		6.59		
[LINE 1]		nan 		nan 		nan 		-inf		6.71		
[LINE 0]		nan 		nan 		nan 		nan 		6.8 		
 * Ranking:
 ---> {'coords': (0, 4), 'dir': 'SE', 'score': 0}
 ---> {'coords': (0, 4), 'dir': 'SE', 'score': 0}
 ---> {'coords': (1, 4), 'dir': 'SE', 'score': 0}
 ---> {'coords': (1, 4), 'dir': 'SE', 'score': 0}
 * Selected, based on ranking: {'coords': (0, 4), 'dir': 'SE', 'score': 0}
 * The candidate has value 6.8 and coords (0, 4)
 * Checking direction:
 ---> Trend is: NW
 ---> Complex Trend is: {'NW': 7, 'N': 6.5, 'W': 3.5}
 ---> Allowed dirs based on Complex Trend are: ['W', 'NW', 'N', 'NW', 'N', 'NE']
 ---> Direction SE IS NOT ok! Last was NW [last 10: ['NW', 'N', 'N', 'N', 'NW', 'NW', 'NW', 'NW', 'NW', 'NW']] -- Modifying matrix...
[LINE 4]		nan 		6.46		6.48		6.47		6.48		
[LINE 3]		nan 		nan 		6.58		6.56		6.53		
[LINE 2]		nan 		nan 		-inf		6.7 		6.59		
[LINE 1]		nan 		nan 		nan 		-inf		6.71		
[LINE 0]		nan 		nan 		nan 		nan 		nan 		
 * Ranking:
 ---> {'coords': (1, 4), 'dir': 'SE', 'score': 0}
 ---> {'coords': (1, 4), 'dir': 'SE', 'score': 0}
 ---> {'coords': (2, 3), 'dir': 'E', 'score': 0}
 ---> {'coords': (2, 3), 'dir': 'E', 'score': 0}
 * Selected, based on ranking: {'coords': (1, 4), 'dir': 'SE', 'score': 0}
 * The candidate has value 6.71 and coords (1, 4)
 * Checking direction:
 ---> Trend is: NW
 ---> Complex Trend is: {'NW': 7, 'N': 6.5, 'W': 3.5}
 ---> Allowed dirs based on Complex Trend are: ['W', 'NW', 'N', 'NW', 'N', 'NE']
 ---> Direction SE IS NOT ok! Last was NW [last 10: ['NW', 'N', 'N', 'N', 'NW', 'NW', 'NW', 'NW', 'NW', 'NW']] -- Modifying matrix...
[LINE 4]		nan 		6.46		6.48		6.47		6.48		
[LINE 3]		nan 		nan 		6.58		6.56		6.53		
[LINE 2]		nan 		nan 		-inf		6.7 		6.59		
[LINE 1]		nan 		nan 		nan 		-inf		nan 		
[LINE 0]		nan 		nan 		nan 		nan 		nan 		
 * Ranking:
 ---> {'coords': (2, 3), 'dir': 'E', 'score': 0}
 ---> {'coords': (2, 3), 'dir': 'E', 'score': 0}
 * Selected, based on ranking: {'coords': (2, 3), 'dir': 'E', 'score': 0}
 * The candidate has value 6.7 and coords (2, 3)
 * Checking direction:
 ---> Trend is: NW
 ---> Complex Trend is: {'NW': 7, 'N': 6.5, 'W': 3.5}
 ---> Allowed dirs based on Complex Trend are: ['W', 'NW', 'N', 'NW', 'N', 'NE']
 ---> Direction E IS NOT ok! Last was NW [last 10: ['NW', 'N', 'N', 'N', 'NW', 'NW', 'NW', 'NW', 'NW', 'NW']] -- Modifying matrix...
[LINE 4]		nan 		6.46		6.48		6.47		6.48		
[LINE 3]		nan 		nan 		6.58		6.56		6.53		
[LINE 2]		nan 		nan 		-inf		nan 		6.59		
[LINE 1]		nan 		nan 		nan 		-inf		nan 		
[LINE 0]		nan 		nan 		nan 		nan 		nan 		
 * Ranking:
 ---> {'coords': (2, 4), 'dir': 'E', 'score': 0}
 ---> {'coords': (2, 4), 'dir': 'E', 'score': 0}
 ---> {'coords': (3, 2), 'dir': 'N', 'score': 15}
 ---> {'coords': (3, 2), 'dir': 'N', 'score': 15}
 ---> {'coords': (3, 3), 'dir': 'NE', 'score': 11}
 ---> {'coords': (3, 3), 'dir': 'NE', 'score': 11}
 ---> {'coords': (3, 4), 'dir': 'NE', 'score': 11}
 ---> {'coords': (3, 4), 'dir': 'NE', 'score': 11}
 * Selected, based on ranking: {'coords': (3, 2), 'dir': 'N', 'score': 15}
 * The candidate has value 6.59 and coords (3, 2)
 * Checking direction:
 ---> Trend is: NW
 ---> Complex Trend is: {'NW': 7, 'N': 6.5, 'W': 3.5}
 ---> Allowed dirs based on Complex Trend are: ['W', 'NW', 'N', 'NW', 'N', 'NE']
 ---> Direction N ok (last was NW)! -- [Last 10: ['NW', 'N', 'N', 'N', 'NW', 'NW', 'NW', 'NW', 'NW', 'NW']]
 * Selected element is (3, 2) with value 6.59
Next element is N with direction 6.58
New matrix will be centered on 125,43 with depth 6.58
TREND IS ('NW', {'NW': 6, 'N': 7.0, 'W': 3.0}) --- (['N', 'N', 'N', 'NW', 'NW', 'NW', 'NW', 'NW', 'NW', 'N'])
============================================================
Iteration 84 with LAT_IDX: 125 and LON_IDX: 43 with DEPTH 6.581842
 * Adding to the thalweg 125, 43 (depth 6.58)... Let's look at his neighborhood...
 * The extracted matrix is:
[LINE 4]		nan 		6.37		6.39		6.4 		nan 		
[LINE 3]		nan 		6.46		6.48		6.47		6.48		
[LINE 2]		nan 		nan 		-inf		6.56		6.53		
[LINE 1]		nan 		nan 		-inf		6.7 		6.59		
[LINE 0]		nan 		nan 		nan 		-inf		6.71		
 * Ranking:
 ---> {'coords': (0, 4), 'dir': 'SE', 'score': 0}
 ---> {'coords': (0, 4), 'dir': 'SE', 'score': 0}
 ---> {'coords': (1, 3), 'dir': 'SE', 'score': 0}
 ---> {'coords': (1, 3), 'dir': 'SE', 'score': 0}
 * Selected, based on ranking: {'coords': (0, 4), 'dir': 'SE', 'score': 0}
 * The candidate has value 6.71 and coords (0, 4)
 * Checking direction:
 ---> Trend is: NW
 ---> Complex Trend is: {'NW': 6, 'N': 7.0, 'W': 3.0}
 ---> Allowed dirs based on Complex Trend are: ['NW', 'N', 'NE']
 ---> Direction SE IS NOT ok! Last was N [last 10: ['N', 'N', 'N', 'NW', 'NW', 'NW', 'NW', 'NW', 'NW', 'N']] -- Modifying matrix...
[LINE 4]		nan 		6.37		6.39		6.4 		nan 		
[LINE 3]		nan 		6.46		6.48		6.47		6.48		
[LINE 2]		nan 		nan 		-inf		6.56		6.53		
[LINE 1]		nan 		nan 		-inf		6.7 		6.59		
[LINE 0]		nan 		nan 		nan 		-inf		nan 		
 * Ranking:
 ---> {'coords': (1, 3), 'dir': 'SE', 'score': 0}
 ---> {'coords': (1, 3), 'dir': 'SE', 'score': 0}
 * Selected, based on ranking: {'coords': (1, 3), 'dir': 'SE', 'score': 0}
 * The candidate has value 6.7 and coords (1, 3)
 * Checking direction:
 ---> Trend is: NW
 ---> Complex Trend is: {'NW': 6, 'N': 7.0, 'W': 3.0}
 ---> Allowed dirs based on Complex Trend are: ['NW', 'N', 'NE']
 ---> Direction SE IS NOT ok! Last was N [last 10: ['N', 'N', 'N', 'NW', 'NW', 'NW', 'NW', 'NW', 'NW', 'N']] -- Modifying matrix...
[LINE 4]		nan 		6.37		6.39		6.4 		nan 		
[LINE 3]		nan 		6.46		6.48		6.47		6.48		
[LINE 2]		nan 		nan 		-inf		6.56		6.53		
[LINE 1]		nan 		nan 		-inf		nan 		6.59		
[LINE 0]		nan 		nan 		nan 		-inf		nan 		
 * Ranking:
 ---> {'coords': (1, 4), 'dir': 'SE', 'score': 0}
 ---> {'coords': (1, 4), 'dir': 'SE', 'score': 0}
 ---> {'coords': (2, 3), 'dir': 'E', 'score': 1}
 ---> {'coords': (2, 3), 'dir': 'E', 'score': 1}
 ---> {'coords': (2, 4), 'dir': 'E', 'score': 1}
 ---> {'coords': (2, 4), 'dir': 'E', 'score': 1}
 * Selected, based on ranking: {'coords': (2, 3), 'dir': 'E', 'score': 1}
 * The candidate has value 6.59 and coords (2, 3)
 * Checking direction:
 ---> Trend is: NW
 ---> Complex Trend is: {'NW': 6, 'N': 7.0, 'W': 3.0}
 ---> Allowed dirs based on Complex Trend are: ['NW', 'N', 'NE']
 ---> Direction E IS NOT ok! Last was N [last 10: ['N', 'N', 'N', 'NW', 'NW', 'NW', 'NW', 'NW', 'NW', 'N']] -- Modifying matrix...
[LINE 4]		nan 		6.37		6.39		6.4 		nan 		
[LINE 3]		nan 		6.46		6.48		6.47		6.48		
[LINE 2]		nan 		nan 		-inf		nan 		6.53		
[LINE 1]		nan 		nan 		-inf		nan 		6.59		
[LINE 0]		nan 		nan 		nan 		-inf		nan 		
 * Ranking:
 ---> {'coords': (1, 4), 'dir': 'SE', 'score': 0}
 ---> {'coords': (1, 4), 'dir': 'SE', 'score': 0}
 ---> {'coords': (2, 4), 'dir': 'E', 'score': 1}
 ---> {'coords': (2, 4), 'dir': 'E', 'score': 1}
 * Selected, based on ranking: {'coords': (2, 4), 'dir': 'E', 'score': 1}
 * The candidate has value 6.59 and coords (2, 4)
 * Checking direction:
 ---> Trend is: NW
 ---> Complex Trend is: {'NW': 6, 'N': 7.0, 'W': 3.0}
 ---> Allowed dirs based on Complex Trend are: ['NW', 'N', 'NE']
 ---> Direction E IS NOT ok! Last was N [last 10: ['N', 'N', 'N', 'NW', 'NW', 'NW', 'NW', 'NW', 'NW', 'N']] -- Modifying matrix...
[LINE 4]		nan 		6.37		6.39		6.4 		nan 		
[LINE 3]		nan 		6.46		6.48		6.47		6.48		
[LINE 2]		nan 		nan 		-inf		nan 		nan 		
[LINE 1]		nan 		nan 		-inf		nan 		6.59		
[LINE 0]		nan 		nan 		nan 		-inf		nan 		
 * Ranking:
 ---> {'coords': (1, 4), 'dir': 'SE', 'score': 0}
 ---> {'coords': (1, 4), 'dir': 'SE', 'score': 0}
 * Selected, based on ranking: {'coords': (1, 4), 'dir': 'SE', 'score': 0}
 * The candidate has value 6.59 and coords (1, 4)
 * Checking direction:
 ---> Trend is: NW
 ---> Complex Trend is: {'NW': 6, 'N': 7.0, 'W': 3.0}
 ---> Allowed dirs based on Complex Trend are: ['NW', 'N', 'NE']
 ---> Direction SE IS NOT ok! Last was N [last 10: ['N', 'N', 'N', 'NW', 'NW', 'NW', 'NW', 'NW', 'NW', 'N']] -- Modifying matrix...
[LINE 4]		nan 		6.37		6.39		6.4 		nan 		
[LINE 3]		nan 		6.46		6.48		6.47		6.48		
[LINE 2]		nan 		nan 		-inf		nan 		nan 		
[LINE 1]		nan 		nan 		-inf		nan 		nan 		
[LINE 0]		nan 		nan 		nan 		-inf		nan 		
 * Ranking:
 ---> {'coords': (3, 1), 'dir': 'NW', 'score': 15}
 ---> {'coords': (3, 1), 'dir': 'NW', 'score': 15}
 ---> {'coords': (3, 2), 'dir': 'N', 'score': 19}
 ---> {'coords': (3, 2), 'dir': 'N', 'score': 19}
 ---> {'coords': (3, 3), 'dir': 'NE', 'score': 15}
 ---> {'coords': (3, 3), 'dir': 'NE', 'score': 15}
 ---> {'coords': (3, 4), 'dir': 'NE', 'score': 15}
 ---> {'coords': (3, 4), 'dir': 'NE', 'score': 15}
 ---> {'coords': (4, 2), 'dir': 'N', 'score': 19}
 ---> {'coords': (4, 2), 'dir': 'N', 'score': 19}
 ---> {'coords': (4, 3), 'dir': 'NE', 'score': 15}
 ---> {'coords': (4, 3), 'dir': 'NE', 'score': 15}
 * Selected, based on ranking: {'coords': (3, 2), 'dir': 'N', 'score': 19}
 * The candidate has value 6.48 and coords (3, 2)
 * Checking direction:
 ---> Trend is: NW
 ---> Complex Trend is: {'NW': 6, 'N': 7.0, 'W': 3.0}
 ---> Allowed dirs based on Complex Trend are: ['NW', 'N', 'NE']
 ---> Direction N ok (last was N)! -- [Last 10: ['N', 'N', 'N', 'NW', 'NW', 'NW', 'NW', 'NW', 'NW', 'N']]
 * Selected element is (3, 2) with value 6.48
Next element is N with direction 6.48
New matrix will be centered on 126,43 with depth 6.48
TREND IS ('NW', {'NW': 6, 'N': 7.0, 'W': 3.0}) --- (['N', 'N', 'NW', 'NW', 'NW', 'NW', 'NW', 'NW', 'N', 'N'])
============================================================
Iteration 85 with LAT_IDX: 126 and LON_IDX: 43 with DEPTH 6.476448
 * Adding to the thalweg 126, 43 (depth 6.48)... Let's look at his neighborhood...
 * The extracted matrix is:
[LINE 4]		nan 		6.27		6.3 		6.32		nan 		
[LINE 3]		nan 		6.37		6.39		6.4 		nan 		
[LINE 2]		nan 		6.46		-inf		6.47		6.48		
[LINE 1]		nan 		nan 		-inf		6.56		6.53		
[LINE 0]		nan 		nan 		-inf		6.7 		6.59		
 * Ranking:
 ---> {'coords': (0, 3), 'dir': 'SE', 'score': 0}
 ---> {'coords': (0, 3), 'dir': 'SE', 'score': 0}
 * Selected, based on ranking: {'coords': (0, 3), 'dir': 'SE', 'score': 0}
 * The candidate has value 6.7 and coords (0, 3)
 * Checking direction:
 ---> Trend is: NW
 ---> Complex Trend is: {'NW': 6, 'N': 7.0, 'W': 3.0}
 ---> Allowed dirs based on Complex Trend are: ['NW', 'N', 'NE']
 ---> Direction SE IS NOT ok! Last was N [last 10: ['N', 'N', 'NW', 'NW', 'NW', 'NW', 'NW', 'NW', 'N', 'N']] -- Modifying matrix...
[LINE 4]		nan 		6.27		6.3 		6.32		nan 		
[LINE 3]		nan 		6.37		6.39		6.4 		nan 		
[LINE 2]		nan 		6.46		-inf		6.47		6.48		
[LINE 1]		nan 		nan 		-inf		6.56		6.53		
[LINE 0]		nan 		nan 		-inf		nan 		6.59		
 * Ranking:
 ---> {'coords': (0, 4), 'dir': 'SE', 'score': 0}
 ---> {'coords': (0, 4), 'dir': 'SE', 'score': 0}
 ---> {'coords': (1, 3), 'dir': 'SE', 'score': 0}
 ---> {'coords': (1, 3), 'dir': 'SE', 'score': 0}
 ---> {'coords': (1, 4), 'dir': 'SE', 'score': 0}
 ---> {'coords': (1, 4), 'dir': 'SE', 'score': 0}
 * Selected, based on ranking: {'coords': (0, 4), 'dir': 'SE', 'score': 0}
 * The candidate has value 6.59 and coords (0, 4)
 * Checking direction:
 ---> Trend is: NW
 ---> Complex Trend is: {'NW': 6, 'N': 7.0, 'W': 3.0}
 ---> Allowed dirs based on Complex Trend are: ['NW', 'N', 'NE']
 ---> Direction SE IS NOT ok! Last was N [last 10: ['N', 'N', 'NW', 'NW', 'NW', 'NW', 'NW', 'NW', 'N', 'N']] -- Modifying matrix...
[LINE 4]		nan 		6.27		6.3 		6.32		nan 		
[LINE 3]		nan 		6.37		6.39		6.4 		nan 		
[LINE 2]		nan 		6.46		-inf		6.47		6.48		
[LINE 1]		nan 		nan 		-inf		6.56		6.53		
[LINE 0]		nan 		nan 		-inf		nan 		nan 		
 * Ranking:
 ---> {'coords': (1, 3), 'dir': 'SE', 'score': 0}
 ---> {'coords': (1, 3), 'dir': 'SE', 'score': 0}
 ---> {'coords': (1, 4), 'dir': 'SE', 'score': 0}
 ---> {'coords': (1, 4), 'dir': 'SE', 'score': 0}
 ---> {'coords': (2, 1), 'dir': 'W', 'score': 1}
 ---> {'coords': (2, 1), 'dir': 'W', 'score': 1}
 ---> {'coords': (2, 3), 'dir': 'E', 'score': 1}
 ---> {'coords': (2, 3), 'dir': 'E', 'score': 1}
 ---> {'coords': (2, 4), 'dir': 'E', 'score': 1}
 ---> {'coords': (2, 4), 'dir': 'E', 'score': 1}
 * Selected, based on ranking: {'coords': (2, 1), 'dir': 'W', 'score': 1}
 * The candidate has value 6.56 and coords (2, 1)
 * Checking direction:
 ---> Trend is: NW
 ---> Complex Trend is: {'NW': 6, 'N': 7.0, 'W': 3.0}
 ---> Allowed dirs based on Complex Trend are: ['NW', 'N', 'NE']
 ---> Direction W IS NOT ok! Last was N [last 10: ['N', 'N', 'NW', 'NW', 'NW', 'NW', 'NW', 'NW', 'N', 'N']] -- Modifying matrix...
[LINE 4]		nan 		6.27		6.3 		6.32		nan 		
[LINE 3]		nan 		6.37		6.39		6.4 		nan 		
[LINE 2]		nan 		nan 		-inf		6.47		6.48		
[LINE 1]		nan 		nan 		-inf		6.56		6.53		
[LINE 0]		nan 		nan 		-inf		nan 		nan 		
 * Ranking:
 ---> {'coords': (1, 3), 'dir': 'SE', 'score': 0}
 ---> {'coords': (1, 3), 'dir': 'SE', 'score': 0}
 ---> {'coords': (1, 4), 'dir': 'SE', 'score': 0}
 ---> {'coords': (1, 4), 'dir': 'SE', 'score': 0}
 ---> {'coords': (2, 3), 'dir': 'E', 'score': 1}
 ---> {'coords': (2, 3), 'dir': 'E', 'score': 1}
 ---> {'coords': (2, 4), 'dir': 'E', 'score': 1}
 ---> {'coords': (2, 4), 'dir': 'E', 'score': 1}
 * Selected, based on ranking: {'coords': (2, 3), 'dir': 'E', 'score': 1}
 * The candidate has value 6.56 and coords (2, 3)
 * Checking direction:
 ---> Trend is: NW
 ---> Complex Trend is: {'NW': 6, 'N': 7.0, 'W': 3.0}
 ---> Allowed dirs based on Complex Trend are: ['NW', 'N', 'NE']
 ---> Direction E IS NOT ok! Last was N [last 10: ['N', 'N', 'NW', 'NW', 'NW', 'NW', 'NW', 'NW', 'N', 'N']] -- Modifying matrix...
[LINE 4]		nan 		6.27		6.3 		6.32		nan 		
[LINE 3]		nan 		6.37		6.39		6.4 		nan 		
[LINE 2]		nan 		nan 		-inf		nan 		6.48		
[LINE 1]		nan 		nan 		-inf		6.56		6.53		
[LINE 0]		nan 		nan 		-inf		nan 		nan 		
 * Ranking:
 ---> {'coords': (1, 3), 'dir': 'SE', 'score': 0}
 ---> {'coords': (1, 3), 'dir': 'SE', 'score': 0}
 ---> {'coords': (1, 4), 'dir': 'SE', 'score': 0}
 ---> {'coords': (1, 4), 'dir': 'SE', 'score': 0}
 ---> {'coords': (2, 4), 'dir': 'E', 'score': 1}
 ---> {'coords': (2, 4), 'dir': 'E', 'score': 1}
 * Selected, based on ranking: {'coords': (2, 4), 'dir': 'E', 'score': 1}
 * The candidate has value 6.56 and coords (2, 4)
 * Checking direction:
 ---> Trend is: NW
 ---> Complex Trend is: {'NW': 6, 'N': 7.0, 'W': 3.0}
 ---> Allowed dirs based on Complex Trend are: ['NW', 'N', 'NE']
 ---> Direction E IS NOT ok! Last was N [last 10: ['N', 'N', 'NW', 'NW', 'NW', 'NW', 'NW', 'NW', 'N', 'N']] -- Modifying matrix...
[LINE 4]		nan 		6.27		6.3 		6.32		nan 		
[LINE 3]		nan 		6.37		6.39		6.4 		nan 		
[LINE 2]		nan 		nan 		-inf		nan 		nan 		
[LINE 1]		nan 		nan 		-inf		6.56		6.53		
[LINE 0]		nan 		nan 		-inf		nan 		nan 		
 * Ranking:
 ---> {'coords': (1, 3), 'dir': 'SE', 'score': 0}
 ---> {'coords': (1, 3), 'dir': 'SE', 'score': 0}
 ---> {'coords': (1, 4), 'dir': 'SE', 'score': 0}
 ---> {'coords': (1, 4), 'dir': 'SE', 'score': 0}
 * Selected, based on ranking: {'coords': (1, 3), 'dir': 'SE', 'score': 0}
 * The candidate has value 6.56 and coords (1, 3)
 * Checking direction:
 ---> Trend is: NW
 ---> Complex Trend is: {'NW': 6, 'N': 7.0, 'W': 3.0}
 ---> Allowed dirs based on Complex Trend are: ['NW', 'N', 'NE']
 ---> Direction SE IS NOT ok! Last was N [last 10: ['N', 'N', 'NW', 'NW', 'NW', 'NW', 'NW', 'NW', 'N', 'N']] -- Modifying matrix...
[LINE 4]		nan 		6.27		6.3 		6.32		nan 		
[LINE 3]		nan 		6.37		6.39		6.4 		nan 		
[LINE 2]		nan 		nan 		-inf		nan 		nan 		
[LINE 1]		nan 		nan 		-inf		nan 		6.53		
[LINE 0]		nan 		nan 		-inf		nan 		nan 		
 * Ranking:
 ---> {'coords': (1, 4), 'dir': 'SE', 'score': 0}
 ---> {'coords': (1, 4), 'dir': 'SE', 'score': 0}
 * Selected, based on ranking: {'coords': (1, 4), 'dir': 'SE', 'score': 0}
 * The candidate has value 6.53 and coords (1, 4)
 * Checking direction:
 ---> Trend is: NW
 ---> Complex Trend is: {'NW': 6, 'N': 7.0, 'W': 3.0}
 ---> Allowed dirs based on Complex Trend are: ['NW', 'N', 'NE']
 ---> Direction SE IS NOT ok! Last was N [last 10: ['N', 'N', 'NW', 'NW', 'NW', 'NW', 'NW', 'NW', 'N', 'N']] -- Modifying matrix...
[LINE 4]		nan 		6.27		6.3 		6.32		nan 		
[LINE 3]		nan 		6.37		6.39		6.4 		nan 		
[LINE 2]		nan 		nan 		-inf		nan 		nan 		
[LINE 1]		nan 		nan 		-inf		nan 		nan 		
[LINE 0]		nan 		nan 		-inf		nan 		nan 		
 * Ranking:
 ---> {'coords': (3, 1), 'dir': 'NW', 'score': 15}
 ---> {'coords': (3, 1), 'dir': 'NW', 'score': 15}
 ---> {'coords': (3, 2), 'dir': 'N', 'score': 19}
 ---> {'coords': (3, 2), 'dir': 'N', 'score': 19}
 ---> {'coords': (3, 3), 'dir': 'NE', 'score': 15}
 ---> {'coords': (3, 3), 'dir': 'NE', 'score': 15}
 ---> {'coords': (4, 2), 'dir': 'N', 'score': 19}
 ---> {'coords': (4, 2), 'dir': 'N', 'score': 19}
 ---> {'coords': (4, 3), 'dir': 'NE', 'score': 15}
 ---> {'coords': (4, 3), 'dir': 'NE', 'score': 15}
 * Selected, based on ranking: {'coords': (3, 2), 'dir': 'N', 'score': 19}
 * The candidate has value 6.4 and coords (3, 2)
 * Checking direction:
 ---> Trend is: NW
 ---> Complex Trend is: {'NW': 6, 'N': 7.0, 'W': 3.0}
 ---> Allowed dirs based on Complex Trend are: ['NW', 'N', 'NE']
 ---> Direction N ok (last was N)! -- [Last 10: ['N', 'N', 'NW', 'NW', 'NW', 'NW', 'NW', 'NW', 'N', 'N']]
 * Selected element is (3, 2) with value 6.4
Next element is N with direction 6.39
New matrix will be centered on 127,43 with depth 6.39
TREND IS ('NW', {'NW': 6, 'N': 7.0, 'W': 3.0}) --- (['N', 'NW', 'NW', 'NW', 'NW', 'NW', 'NW', 'N', 'N', 'N'])
============================================================
Iteration 86 with LAT_IDX: 127 and LON_IDX: 43 with DEPTH 6.393413
 * Adding to the thalweg 127, 43 (depth 6.39)... Let's look at his neighborhood...
 * The extracted matrix is:
[LINE 4]		6.12		6.18		6.22		6.25		nan 		
[LINE 3]		nan 		6.27		6.3 		6.32		nan 		
[LINE 2]		nan 		6.37		-inf		6.4 		nan 		
[LINE 1]		nan 		6.46		-inf		6.47		6.48		
[LINE 0]		nan 		nan 		-inf		6.56		6.53		
 * Ranking:
 ---> {'coords': (0, 3), 'dir': 'SE', 'score': 0}
 ---> {'coords': (0, 3), 'dir': 'SE', 'score': 0}
 ---> {'coords': (0, 4), 'dir': 'SE', 'score': 0}
 ---> {'coords': (0, 4), 'dir': 'SE', 'score': 0}
 ---> {'coords': (1, 1), 'dir': 'SW', 'score': 0}
 ---> {'coords': (1, 1), 'dir': 'SW', 'score': 0}
 ---> {'coords': (1, 3), 'dir': 'SE', 'score': 0}
 ---> {'coords': (1, 3), 'dir': 'SE', 'score': 0}
 ---> {'coords': (1, 4), 'dir': 'SE', 'score': 0}
 ---> {'coords': (1, 4), 'dir': 'SE', 'score': 0}
 * Selected, based on ranking: {'coords': (0, 3), 'dir': 'SE', 'score': 0}
 * The candidate has value 6.56 and coords (0, 3)
 * Checking direction:
 ---> Trend is: NW
 ---> Complex Trend is: {'NW': 6, 'N': 7.0, 'W': 3.0}
 ---> Allowed dirs based on Complex Trend are: ['NW', 'N', 'NE']
 ---> Direction SE IS NOT ok! Last was N [last 10: ['N', 'NW', 'NW', 'NW', 'NW', 'NW', 'NW', 'N', 'N', 'N']] -- Modifying matrix...
[LINE 4]		6.12		6.18		6.22		6.25		nan 		
[LINE 3]		nan 		6.27		6.3 		6.32		nan 		
[LINE 2]		nan 		6.37		-inf		6.4 		nan 		
[LINE 1]		nan 		6.46		-inf		6.47		6.48		
[LINE 0]		nan 		nan 		-inf		nan 		6.53		
 * Ranking:
 ---> {'coords': (0, 4), 'dir': 'SE', 'score': 0}
 ---> {'coords': (0, 4), 'dir': 'SE', 'score': 0}
 ---> {'coords': (1, 1), 'dir': 'SW', 'score': 0}
 ---> {'coords': (1, 1), 'dir': 'SW', 'score': 0}
 ---> {'coords': (1, 3), 'dir': 'SE', 'score': 0}
 ---> {'coords': (1, 3), 'dir': 'SE', 'score': 0}
 ---> {'coords': (1, 4), 'dir': 'SE', 'score': 0}
 ---> {'coords': (1, 4), 'dir': 'SE', 'score': 0}
 * Selected, based on ranking: {'coords': (0, 4), 'dir': 'SE', 'score': 0}
 * The candidate has value 6.53 and coords (0, 4)
 * Checking direction:
 ---> Trend is: NW
 ---> Complex Trend is: {'NW': 6, 'N': 7.0, 'W': 3.0}
 ---> Allowed dirs based on Complex Trend are: ['NW', 'N', 'NE']
 ---> Direction SE IS NOT ok! Last was N [last 10: ['N', 'NW', 'NW', 'NW', 'NW', 'NW', 'NW', 'N', 'N', 'N']] -- Modifying matrix...
[LINE 4]		6.12		6.18		6.22		6.25		nan 		
[LINE 3]		nan 		6.27		6.3 		6.32		nan 		
[LINE 2]		nan 		6.37		-inf		6.4 		nan 		
[LINE 1]		nan 		6.46		-inf		6.47		6.48		
[LINE 0]		nan 		nan 		-inf		nan 		nan 		
 * Ranking:
 ---> {'coords': (1, 1), 'dir': 'SW', 'score': 0}
 ---> {'coords': (1, 1), 'dir': 'SW', 'score': 0}
 ---> {'coords': (1, 3), 'dir': 'SE', 'score': 0}
 ---> {'coords': (1, 3), 'dir': 'SE', 'score': 0}
 ---> {'coords': (1, 4), 'dir': 'SE', 'score': 0}
 ---> {'coords': (1, 4), 'dir': 'SE', 'score': 0}
 ---> {'coords': (2, 3), 'dir': 'E', 'score': 1}
 ---> {'coords': (2, 3), 'dir': 'E', 'score': 1}
 * Selected, based on ranking: {'coords': (2, 3), 'dir': 'E', 'score': 1}
 * The candidate has value 6.48 and coords (2, 3)
 * Checking direction:
 ---> Trend is: NW
 ---> Complex Trend is: {'NW': 6, 'N': 7.0, 'W': 3.0}
 ---> Allowed dirs based on Complex Trend are: ['NW', 'N', 'NE']
 ---> Direction E IS NOT ok! Last was N [last 10: ['N', 'NW', 'NW', 'NW', 'NW', 'NW', 'NW', 'N', 'N', 'N']] -- Modifying matrix...
[LINE 4]		6.12		6.18		6.22		6.25		nan 		
[LINE 3]		nan 		6.27		6.3 		6.32		nan 		
[LINE 2]		nan 		6.37		-inf		nan 		nan 		
[LINE 1]		nan 		6.46		-inf		6.47		6.48		
[LINE 0]		nan 		nan 		-inf		nan 		nan 		
 * Ranking:
 ---> {'coords': (1, 1), 'dir': 'SW', 'score': 0}
 ---> {'coords': (1, 1), 'dir': 'SW', 'score': 0}
 ---> {'coords': (1, 3), 'dir': 'SE', 'score': 0}
 ---> {'coords': (1, 3), 'dir': 'SE', 'score': 0}
 ---> {'coords': (1, 4), 'dir': 'SE', 'score': 0}
 ---> {'coords': (1, 4), 'dir': 'SE', 'score': 0}
 * Selected, based on ranking: {'coords': (1, 1), 'dir': 'SW', 'score': 0}
 * The candidate has value 6.48 and coords (1, 1)
 * Checking direction:
 ---> Trend is: NW
 ---> Complex Trend is: {'NW': 6, 'N': 7.0, 'W': 3.0}
 ---> Allowed dirs based on Complex Trend are: ['NW', 'N', 'NE']
 ---> Direction SW IS NOT ok! Last was N [last 10: ['N', 'NW', 'NW', 'NW', 'NW', 'NW', 'NW', 'N', 'N', 'N']] -- Modifying matrix...
[LINE 4]		6.12		6.18		6.22		6.25		nan 		
[LINE 3]		nan 		6.27		6.3 		6.32		nan 		
[LINE 2]		nan 		6.37		-inf		nan 		nan 		
[LINE 1]		nan 		nan 		-inf		6.47		6.48		
[LINE 0]		nan 		nan 		-inf		nan 		nan 		
 * Ranking:
 ---> {'coords': (1, 3), 'dir': 'SE', 'score': 0}
 ---> {'coords': (1, 3), 'dir': 'SE', 'score': 0}
 ---> {'coords': (1, 4), 'dir': 'SE', 'score': 0}
 ---> {'coords': (1, 4), 'dir': 'SE', 'score': 0}
 * Selected, based on ranking: {'coords': (1, 3), 'dir': 'SE', 'score': 0}
 * The candidate has value 6.48 and coords (1, 3)
 * Checking direction:
 ---> Trend is: NW
 ---> Complex Trend is: {'NW': 6, 'N': 7.0, 'W': 3.0}
 ---> Allowed dirs based on Complex Trend are: ['NW', 'N', 'NE']
 ---> Direction SE IS NOT ok! Last was N [last 10: ['N', 'NW', 'NW', 'NW', 'NW', 'NW', 'NW', 'N', 'N', 'N']] -- Modifying matrix...
[LINE 4]		6.12		6.18		6.22		6.25		nan 		
[LINE 3]		nan 		6.27		6.3 		6.32		nan 		
[LINE 2]		nan 		6.37		-inf		nan 		nan 		
[LINE 1]		nan 		nan 		-inf		nan 		6.48		
[LINE 0]		nan 		nan 		-inf		nan 		nan 		
 * Ranking:
 ---> {'coords': (1, 4), 'dir': 'SE', 'score': 0}
 ---> {'coords': (1, 4), 'dir': 'SE', 'score': 0}
 * Selected, based on ranking: {'coords': (1, 4), 'dir': 'SE', 'score': 0}
 * The candidate has value 6.48 and coords (1, 4)
 * Checking direction:
 ---> Trend is: NW
 ---> Complex Trend is: {'NW': 6, 'N': 7.0, 'W': 3.0}
 ---> Allowed dirs based on Complex Trend are: ['NW', 'N', 'NE']
 ---> Direction SE IS NOT ok! Last was N [last 10: ['N', 'NW', 'NW', 'NW', 'NW', 'NW', 'NW', 'N', 'N', 'N']] -- Modifying matrix...
[LINE 4]		6.12		6.18		6.22		6.25		nan 		
[LINE 3]		nan 		6.27		6.3 		6.32		nan 		
[LINE 2]		nan 		6.37		-inf		nan 		nan 		
[LINE 1]		nan 		nan 		-inf		nan 		nan 		
[LINE 0]		nan 		nan 		-inf		nan 		nan 		
 * Ranking:
 ---> {'coords': (2, 1), 'dir': 'W', 'score': 1}
 ---> {'coords': (2, 1), 'dir': 'W', 'score': 1}
 ---> {'coords': (3, 1), 'dir': 'NW', 'score': 15}
 ---> {'coords': (3, 1), 'dir': 'NW', 'score': 15}
 ---> {'coords': (3, 2), 'dir': 'N', 'score': 19}
 ---> {'coords': (3, 2), 'dir': 'N', 'score': 19}
 ---> {'coords': (3, 3), 'dir': 'NE', 'score': 15}
 ---> {'coords': (3, 3), 'dir': 'NE', 'score': 15}
 * Selected, based on ranking: {'coords': (3, 2), 'dir': 'N', 'score': 19}
 * The candidate has value 6.37 and coords (3, 2)
 * Checking direction:
 ---> Trend is: NW
 ---> Complex Trend is: {'NW': 6, 'N': 7.0, 'W': 3.0}
 ---> Allowed dirs based on Complex Trend are: ['NW', 'N', 'NE']
 ---> Direction N ok (last was N)! -- [Last 10: ['N', 'NW', 'NW', 'NW', 'NW', 'NW', 'NW', 'N', 'N', 'N']]
 * Selected element is (3, 2) with value 6.37
Next element is N with direction 6.3
New matrix will be centered on 128,43 with depth 6.3
TREND IS ('NW', {'NW': 6, 'N': 7.0, 'W': 3.0}) --- (['NW', 'NW', 'NW', 'NW', 'NW', 'NW', 'N', 'N', 'N', 'N'])
============================================================
Iteration 87 with LAT_IDX: 128 and LON_IDX: 43 with DEPTH 6.301815
 * Adding to the thalweg 128, 43 (depth 6.3)... Let's look at his neighborhood...
 * The extracted matrix is:
[LINE 4]		5.93		6.02		6.1 		nan 		nan 		
[LINE 3]		6.12		6.18		6.22		6.25		nan 		
[LINE 2]		nan 		6.27		-inf		6.32		nan 		
[LINE 1]		nan 		6.37		-inf		6.4 		nan 		
[LINE 0]		nan 		6.46		-inf		6.47		6.48		
 * Ranking:
 ---> {'coords': (0, 1), 'dir': 'SW', 'score': 0}
 ---> {'coords': (0, 1), 'dir': 'SW', 'score': 0}
 ---> {'coords': (0, 3), 'dir': 'SE', 'score': 0}
 ---> {'coords': (0, 3), 'dir': 'SE', 'score': 0}
 ---> {'coords': (0, 4), 'dir': 'SE', 'score': 0}
 ---> {'coords': (0, 4), 'dir': 'SE', 'score': 0}
 ---> {'coords': (1, 3), 'dir': 'SE', 'score': 0}
 ---> {'coords': (1, 3), 'dir': 'SE', 'score': 0}
 * Selected, based on ranking: {'coords': (0, 1), 'dir': 'SW', 'score': 0}
 * The candidate has value 6.48 and coords (0, 1)
 * Checking direction:
 ---> Trend is: NW
 ---> Complex Trend is: {'NW': 6, 'N': 7.0, 'W': 3.0}
 ---> Allowed dirs based on Complex Trend are: ['NW', 'N', 'NE']
 ---> Direction SW IS NOT ok! Last was N [last 10: ['NW', 'NW', 'NW', 'NW', 'NW', 'NW', 'N', 'N', 'N', 'N']] -- Modifying matrix...
[LINE 4]		5.93		6.02		6.1 		nan 		nan 		
[LINE 3]		6.12		6.18		6.22		6.25		nan 		
[LINE 2]		nan 		6.27		-inf		6.32		nan 		
[LINE 1]		nan 		6.37		-inf		6.4 		nan 		
[LINE 0]		nan 		nan 		-inf		6.47		6.48		
 * Ranking:
 ---> {'coords': (0, 3), 'dir': 'SE', 'score': 0}
 ---> {'coords': (0, 3), 'dir': 'SE', 'score': 0}
 ---> {'coords': (0, 4), 'dir': 'SE', 'score': 0}
 ---> {'coords': (0, 4), 'dir': 'SE', 'score': 0}
 ---> {'coords': (1, 3), 'dir': 'SE', 'score': 0}
 ---> {'coords': (1, 3), 'dir': 'SE', 'score': 0}
 * Selected, based on ranking: {'coords': (0, 3), 'dir': 'SE', 'score': 0}
 * The candidate has value 6.48 and coords (0, 3)
 * Checking direction:
 ---> Trend is: NW
 ---> Complex Trend is: {'NW': 6, 'N': 7.0, 'W': 3.0}
 ---> Allowed dirs based on Complex Trend are: ['NW', 'N', 'NE']
 ---> Direction SE IS NOT ok! Last was N [last 10: ['NW', 'NW', 'NW', 'NW', 'NW', 'NW', 'N', 'N', 'N', 'N']] -- Modifying matrix...
[LINE 4]		5.93		6.02		6.1 		nan 		nan 		
[LINE 3]		6.12		6.18		6.22		6.25		nan 		
[LINE 2]		nan 		6.27		-inf		6.32		nan 		
[LINE 1]		nan 		6.37		-inf		6.4 		nan 		
[LINE 0]		nan 		nan 		-inf		nan 		6.48		
 * Ranking:
 ---> {'coords': (0, 4), 'dir': 'SE', 'score': 0}
 ---> {'coords': (0, 4), 'dir': 'SE', 'score': 0}
 ---> {'coords': (1, 3), 'dir': 'SE', 'score': 0}
 ---> {'coords': (1, 3), 'dir': 'SE', 'score': 0}
 * Selected, based on ranking: {'coords': (0, 4), 'dir': 'SE', 'score': 0}
 * The candidate has value 6.48 and coords (0, 4)
 * Checking direction:
 ---> Trend is: NW
 ---> Complex Trend is: {'NW': 6, 'N': 7.0, 'W': 3.0}
 ---> Allowed dirs based on Complex Trend are: ['NW', 'N', 'NE']
 ---> Direction SE IS NOT ok! Last was N [last 10: ['NW', 'NW', 'NW', 'NW', 'NW', 'NW', 'N', 'N', 'N', 'N']] -- Modifying matrix...
[LINE 4]		5.93		6.02		6.1 		nan 		nan 		
[LINE 3]		6.12		6.18		6.22		6.25		nan 		
[LINE 2]		nan 		6.27		-inf		6.32		nan 		
[LINE 1]		nan 		6.37		-inf		6.4 		nan 		
[LINE 0]		nan 		nan 		-inf		nan 		nan 		
 * Ranking:
 ---> {'coords': (1, 1), 'dir': 'SW', 'score': 0}
 ---> {'coords': (1, 1), 'dir': 'SW', 'score': 0}
 ---> {'coords': (1, 3), 'dir': 'SE', 'score': 0}
 ---> {'coords': (1, 3), 'dir': 'SE', 'score': 0}
 ---> {'coords': (2, 3), 'dir': 'E', 'score': 1}
 ---> {'coords': (2, 3), 'dir': 'E', 'score': 1}
 * Selected, based on ranking: {'coords': (2, 3), 'dir': 'E', 'score': 1}
 * The candidate has value 6.4 and coords (2, 3)
 * Checking direction:
 ---> Trend is: NW
 ---> Complex Trend is: {'NW': 6, 'N': 7.0, 'W': 3.0}
 ---> Allowed dirs based on Complex Trend are: ['NW', 'N', 'NE']
 ---> Direction E IS NOT ok! Last was N [last 10: ['NW', 'NW', 'NW', 'NW', 'NW', 'NW', 'N', 'N', 'N', 'N']] -- Modifying matrix...
[LINE 4]		5.93		6.02		6.1 		nan 		nan 		
[LINE 3]		6.12		6.18		6.22		6.25		nan 		
[LINE 2]		nan 		6.27		-inf		nan 		nan 		
[LINE 1]		nan 		6.37		-inf		6.4 		nan 		
[LINE 0]		nan 		nan 		-inf		nan 		nan 		
 * Ranking:
 ---> {'coords': (1, 1), 'dir': 'SW', 'score': 0}
 ---> {'coords': (1, 1), 'dir': 'SW', 'score': 0}
 ---> {'coords': (1, 3), 'dir': 'SE', 'score': 0}
 ---> {'coords': (1, 3), 'dir': 'SE', 'score': 0}
 * Selected, based on ranking: {'coords': (1, 1), 'dir': 'SW', 'score': 0}
 * The candidate has value 6.4 and coords (1, 1)
 * Checking direction:
 ---> Trend is: NW
 ---> Complex Trend is: {'NW': 6, 'N': 7.0, 'W': 3.0}
 ---> Allowed dirs based on Complex Trend are: ['NW', 'N', 'NE']
 ---> Direction SW IS NOT ok! Last was N [last 10: ['NW', 'NW', 'NW', 'NW', 'NW', 'NW', 'N', 'N', 'N', 'N']] -- Modifying matrix...
[LINE 4]		5.93		6.02		6.1 		nan 		nan 		
[LINE 3]		6.12		6.18		6.22		6.25		nan 		
[LINE 2]		nan 		6.27		-inf		nan 		nan 		
[LINE 1]		nan 		nan 		-inf		6.4 		nan 		
[LINE 0]		nan 		nan 		-inf		nan 		nan 		
 * Ranking:
 ---> {'coords': (1, 3), 'dir': 'SE', 'score': 0}
 ---> {'coords': (1, 3), 'dir': 'SE', 'score': 0}
 * Selected, based on ranking: {'coords': (1, 3), 'dir': 'SE', 'score': 0}
 * The candidate has value 6.4 and coords (1, 3)
 * Checking direction:
 ---> Trend is: NW
 ---> Complex Trend is: {'NW': 6, 'N': 7.0, 'W': 3.0}
 ---> Allowed dirs based on Complex Trend are: ['NW', 'N', 'NE']
 ---> Direction SE IS NOT ok! Last was N [last 10: ['NW', 'NW', 'NW', 'NW', 'NW', 'NW', 'N', 'N', 'N', 'N']] -- Modifying matrix...
[LINE 4]		5.93		6.02		6.1 		nan 		nan 		
[LINE 3]		6.12		6.18		6.22		6.25		nan 		
[LINE 2]		nan 		6.27		-inf		nan 		nan 		
[LINE 1]		nan 		nan 		-inf		nan 		nan 		
[LINE 0]		nan 		nan 		-inf		nan 		nan 		
 * Ranking:
 ---> {'coords': (2, 1), 'dir': 'W', 'score': 1}
 ---> {'coords': (2, 1), 'dir': 'W', 'score': 1}
 ---> {'coords': (3, 1), 'dir': 'NW', 'score': 15}
 ---> {'coords': (3, 1), 'dir': 'NW', 'score': 15}
 ---> {'coords': (3, 2), 'dir': 'N', 'score': 19}
 ---> {'coords': (3, 2), 'dir': 'N', 'score': 19}
 ---> {'coords': (3, 3), 'dir': 'NE', 'score': 15}
 ---> {'coords': (3, 3), 'dir': 'NE', 'score': 15}
 * Selected, based on ranking: {'coords': (3, 2), 'dir': 'N', 'score': 19}
 * The candidate has value 6.27 and coords (3, 2)
 * Checking direction:
 ---> Trend is: NW
 ---> Complex Trend is: {'NW': 6, 'N': 7.0, 'W': 3.0}
 ---> Allowed dirs based on Complex Trend are: ['NW', 'N', 'NE']
 ---> Direction N ok (last was N)! -- [Last 10: ['NW', 'NW', 'NW', 'NW', 'NW', 'NW', 'N', 'N', 'N', 'N']]
 * Selected element is (3, 2) with value 6.27
Next element is N with direction 6.22
New matrix will be centered on 129,43 with depth 6.22
TREND IS ('NW', {'NW': 5, 'N': 7.5, 'W': 2.5}) --- (['NW', 'NW', 'NW', 'NW', 'NW', 'N', 'N', 'N', 'N', 'N'])
============================================================
Iteration 88 with LAT_IDX: 129 and LON_IDX: 43 with DEPTH 6.224364
 * Adding to the thalweg 129, 43 (depth 6.22)... Let's look at his neighborhood...
 * The extracted matrix is:
[LINE 4]		5.75		5.85		5.94		nan 		nan 		
[LINE 3]		5.93		6.02		6.1 		nan 		nan 		
[LINE 2]		6.12		6.18		-inf		6.25		nan 		
[LINE 1]		nan 		6.27		-inf		6.32		nan 		
[LINE 0]		nan 		6.37		-inf		6.4 		nan 		
 * Ranking:
 ---> {'coords': (0, 1), 'dir': 'SW', 'score': 0}
 ---> {'coords': (0, 1), 'dir': 'SW', 'score': 0}
 ---> {'coords': (0, 3), 'dir': 'SE', 'score': 0}
 ---> {'coords': (0, 3), 'dir': 'SE', 'score': 0}
 ---> {'coords': (1, 3), 'dir': 'SE', 'score': 0}
 ---> {'coords': (1, 3), 'dir': 'SE', 'score': 0}
 * Selected, based on ranking: {'coords': (0, 1), 'dir': 'SW', 'score': 0}
 * The candidate has value 6.4 and coords (0, 1)
 * Checking direction:
 ---> Trend is: NW
 ---> Complex Trend is: {'NW': 5, 'N': 7.5, 'W': 2.5}
 ---> Allowed dirs based on Complex Trend are: ['NW', 'N', 'NE']
 ---> Direction SW IS NOT ok! Last was N [last 10: ['NW', 'NW', 'NW', 'NW', 'NW', 'N', 'N', 'N', 'N', 'N']] -- Modifying matrix...
[LINE 4]		5.75		5.85		5.94		nan 		nan 		
[LINE 3]		5.93		6.02		6.1 		nan 		nan 		
[LINE 2]		6.12		6.18		-inf		6.25		nan 		
[LINE 1]		nan 		6.27		-inf		6.32		nan 		
[LINE 0]		nan 		nan 		-inf		6.4 		nan 		
 * Ranking:
 ---> {'coords': (0, 3), 'dir': 'SE', 'score': 0}
 ---> {'coords': (0, 3), 'dir': 'SE', 'score': 0}
 ---> {'coords': (1, 3), 'dir': 'SE', 'score': 0}
 ---> {'coords': (1, 3), 'dir': 'SE', 'score': 0}
 * Selected, based on ranking: {'coords': (0, 3), 'dir': 'SE', 'score': 0}
 * The candidate has value 6.4 and coords (0, 3)
 * Checking direction:
 ---> Trend is: NW
 ---> Complex Trend is: {'NW': 5, 'N': 7.5, 'W': 2.5}
 ---> Allowed dirs based on Complex Trend are: ['NW', 'N', 'NE']
 ---> Direction SE IS NOT ok! Last was N [last 10: ['NW', 'NW', 'NW', 'NW', 'NW', 'N', 'N', 'N', 'N', 'N']] -- Modifying matrix...
[LINE 4]		5.75		5.85		5.94		nan 		nan 		
[LINE 3]		5.93		6.02		6.1 		nan 		nan 		
[LINE 2]		6.12		6.18		-inf		6.25		nan 		
[LINE 1]		nan 		6.27		-inf		6.32		nan 		
[LINE 0]		nan 		nan 		-inf		nan 		nan 		
 * Ranking:
 ---> {'coords': (1, 1), 'dir': 'SW', 'score': 0}
 ---> {'coords': (1, 1), 'dir': 'SW', 'score': 0}
 ---> {'coords': (1, 3), 'dir': 'SE', 'score': 0}
 ---> {'coords': (1, 3), 'dir': 'SE', 'score': 0}
 ---> {'coords': (2, 3), 'dir': 'E', 'score': 1}
 ---> {'coords': (2, 3), 'dir': 'E', 'score': 1}
 * Selected, based on ranking: {'coords': (2, 3), 'dir': 'E', 'score': 1}
 * The candidate has value 6.32 and coords (2, 3)
 * Checking direction:
 ---> Trend is: NW
 ---> Complex Trend is: {'NW': 5, 'N': 7.5, 'W': 2.5}
 ---> Allowed dirs based on Complex Trend are: ['NW', 'N', 'NE']
 ---> Direction E IS NOT ok! Last was N [last 10: ['NW', 'NW', 'NW', 'NW', 'NW', 'N', 'N', 'N', 'N', 'N']] -- Modifying matrix...
[LINE 4]		5.75		5.85		5.94		nan 		nan 		
[LINE 3]		5.93		6.02		6.1 		nan 		nan 		
[LINE 2]		6.12		6.18		-inf		nan 		nan 		
[LINE 1]		nan 		6.27		-inf		6.32		nan 		
[LINE 0]		nan 		nan 		-inf		nan 		nan 		
 * Ranking:
 ---> {'coords': (1, 1), 'dir': 'SW', 'score': 0}
 ---> {'coords': (1, 1), 'dir': 'SW', 'score': 0}
 ---> {'coords': (1, 3), 'dir': 'SE', 'score': 0}
 ---> {'coords': (1, 3), 'dir': 'SE', 'score': 0}
 * Selected, based on ranking: {'coords': (1, 1), 'dir': 'SW', 'score': 0}
 * The candidate has value 6.32 and coords (1, 1)
 * Checking direction:
 ---> Trend is: NW
 ---> Complex Trend is: {'NW': 5, 'N': 7.5, 'W': 2.5}
 ---> Allowed dirs based on Complex Trend are: ['NW', 'N', 'NE']
 ---> Direction SW IS NOT ok! Last was N [last 10: ['NW', 'NW', 'NW', 'NW', 'NW', 'N', 'N', 'N', 'N', 'N']] -- Modifying matrix...
[LINE 4]		5.75		5.85		5.94		nan 		nan 		
[LINE 3]		5.93		6.02		6.1 		nan 		nan 		
[LINE 2]		6.12		6.18		-inf		nan 		nan 		
[LINE 1]		nan 		nan 		-inf		6.32		nan 		
[LINE 0]		nan 		nan 		-inf		nan 		nan 		
 * Ranking:
 ---> {'coords': (1, 3), 'dir': 'SE', 'score': 0}
 ---> {'coords': (1, 3), 'dir': 'SE', 'score': 0}
 * Selected, based on ranking: {'coords': (1, 3), 'dir': 'SE', 'score': 0}
 * The candidate has value 6.32 and coords (1, 3)
 * Checking direction:
 ---> Trend is: NW
 ---> Complex Trend is: {'NW': 5, 'N': 7.5, 'W': 2.5}
 ---> Allowed dirs based on Complex Trend are: ['NW', 'N', 'NE']
 ---> Direction SE IS NOT ok! Last was N [last 10: ['NW', 'NW', 'NW', 'NW', 'NW', 'N', 'N', 'N', 'N', 'N']] -- Modifying matrix...
[LINE 4]		5.75		5.85		5.94		nan 		nan 		
[LINE 3]		5.93		6.02		6.1 		nan 		nan 		
[LINE 2]		6.12		6.18		-inf		nan 		nan 		
[LINE 1]		nan 		nan 		-inf		nan 		nan 		
[LINE 0]		nan 		nan 		-inf		nan 		nan 		
 * Ranking:
 ---> {'coords': (2, 0), 'dir': 'W', 'score': 1}
 ---> {'coords': (2, 0), 'dir': 'W', 'score': 1}
 ---> {'coords': (2, 1), 'dir': 'W', 'score': 1}
 ---> {'coords': (2, 1), 'dir': 'W', 'score': 1}
 ---> {'coords': (3, 2), 'dir': 'N', 'score': 19}
 ---> {'coords': (3, 2), 'dir': 'N', 'score': 19}
 * Selected, based on ranking: {'coords': (3, 2), 'dir': 'N', 'score': 19}
 * The candidate has value 6.18 and coords (3, 2)
 * Checking direction:
 ---> Trend is: NW
 ---> Complex Trend is: {'NW': 5, 'N': 7.5, 'W': 2.5}
 ---> Allowed dirs based on Complex Trend are: ['NW', 'N', 'NE']
 ---> Direction N ok (last was N)! -- [Last 10: ['NW', 'NW', 'NW', 'NW', 'NW', 'N', 'N', 'N', 'N', 'N']]
 * Selected element is (3, 2) with value 6.18
Next element is N with direction 6.1
New matrix will be centered on 130,43 with depth 6.1
TREND IS ('N', {'N': 8.0, 'NW': 4, 'W': 2.0}) --- (['NW', 'NW', 'NW', 'NW', 'N', 'N', 'N', 'N', 'N', 'N'])
============================================================
Iteration 89 with LAT_IDX: 130 and LON_IDX: 43 with DEPTH 6.10123
 * Adding to the thalweg 130, 43 (depth 6.1)... Let's look at his neighborhood...
 * The extracted matrix is:
[LINE 4]		5.62		5.65		5.76		nan 		nan 		
[LINE 3]		5.75		5.85		5.94		nan 		nan 		
[LINE 2]		5.93		6.02		-inf		nan 		nan 		
[LINE 1]		6.12		6.18		-inf		6.25		nan 		
[LINE 0]		nan 		6.27		-inf		6.32		nan 		
 * Ranking:
 ---> {'coords': (0, 1), 'dir': 'SW', 'score': 0}
 ---> {'coords': (0, 1), 'dir': 'SW', 'score': 0}
 ---> {'coords': (0, 3), 'dir': 'SE', 'score': 0}
 ---> {'coords': (0, 3), 'dir': 'SE', 'score': 0}
 ---> {'coords': (1, 3), 'dir': 'SE', 'score': 0}
 ---> {'coords': (1, 3), 'dir': 'SE', 'score': 0}
 * Selected, based on ranking: {'coords': (0, 1), 'dir': 'SW', 'score': 0}
 * The candidate has value 6.32 and coords (0, 1)
 * Checking direction:
 ---> Trend is: N
 ---> Complex Trend is: {'N': 8.0, 'NW': 4, 'W': 2.0}
 ---> Allowed dirs based on Complex Trend are: ['NW', 'N', 'NE']
 ---> Direction SW IS NOT ok! Last was N [last 10: ['NW', 'NW', 'NW', 'NW', 'N', 'N', 'N', 'N', 'N', 'N']] -- Modifying matrix...
[LINE 4]		5.62		5.65		5.76		nan 		nan 		
[LINE 3]		5.75		5.85		5.94		nan 		nan 		
[LINE 2]		5.93		6.02		-inf		nan 		nan 		
[LINE 1]		6.12		6.18		-inf		6.25		nan 		
[LINE 0]		nan 		nan 		-inf		6.32		nan 		
 * Ranking:
 ---> {'coords': (0, 3), 'dir': 'SE', 'score': 0}
 ---> {'coords': (0, 3), 'dir': 'SE', 'score': 0}
 ---> {'coords': (1, 3), 'dir': 'SE', 'score': 0}
 ---> {'coords': (1, 3), 'dir': 'SE', 'score': 0}
 * Selected, based on ranking: {'coords': (0, 3), 'dir': 'SE', 'score': 0}
 * The candidate has value 6.32 and coords (0, 3)
 * Checking direction:
 ---> Trend is: N
 ---> Complex Trend is: {'N': 8.0, 'NW': 4, 'W': 2.0}
 ---> Allowed dirs based on Complex Trend are: ['NW', 'N', 'NE']
 ---> Direction SE IS NOT ok! Last was N [last 10: ['NW', 'NW', 'NW', 'NW', 'N', 'N', 'N', 'N', 'N', 'N']] -- Modifying matrix...
[LINE 4]		5.62		5.65		5.76		nan 		nan 		
[LINE 3]		5.75		5.85		5.94		nan 		nan 		
[LINE 2]		5.93		6.02		-inf		nan 		nan 		
[LINE 1]		6.12		6.18		-inf		6.25		nan 		
[LINE 0]		nan 		nan 		-inf		nan 		nan 		
 * Ranking:
 ---> {'coords': (1, 1), 'dir': 'SW', 'score': 0}
 ---> {'coords': (1, 1), 'dir': 'SW', 'score': 0}
 ---> {'coords': (1, 3), 'dir': 'SE', 'score': 0}
 ---> {'coords': (1, 3), 'dir': 'SE', 'score': 0}
 * Selected, based on ranking: {'coords': (1, 1), 'dir': 'SW', 'score': 0}
 * The candidate has value 6.25 and coords (1, 1)
 * Checking direction:
 ---> Trend is: N
 ---> Complex Trend is: {'N': 8.0, 'NW': 4, 'W': 2.0}
 ---> Allowed dirs based on Complex Trend are: ['NW', 'N', 'NE']
 ---> Direction SW IS NOT ok! Last was N [last 10: ['NW', 'NW', 'NW', 'NW', 'N', 'N', 'N', 'N', 'N', 'N']] -- Modifying matrix...
[LINE 4]		5.62		5.65		5.76		nan 		nan 		
[LINE 3]		5.75		5.85		5.94		nan 		nan 		
[LINE 2]		5.93		6.02		-inf		nan 		nan 		
[LINE 1]		6.12		nan 		-inf		6.25		nan 		
[LINE 0]		nan 		nan 		-inf		nan 		nan 		
 * Ranking:
 ---> {'coords': (1, 3), 'dir': 'SE', 'score': 0}
 ---> {'coords': (1, 3), 'dir': 'SE', 'score': 0}
 * Selected, based on ranking: {'coords': (1, 3), 'dir': 'SE', 'score': 0}
 * The candidate has value 6.25 and coords (1, 3)
 * Checking direction:
 ---> Trend is: N
 ---> Complex Trend is: {'N': 8.0, 'NW': 4, 'W': 2.0}
 ---> Allowed dirs based on Complex Trend are: ['NW', 'N', 'NE']
 ---> Direction SE IS NOT ok! Last was N [last 10: ['NW', 'NW', 'NW', 'NW', 'N', 'N', 'N', 'N', 'N', 'N']] -- Modifying matrix...
[LINE 4]		5.62		5.65		5.76		nan 		nan 		
[LINE 3]		5.75		5.85		5.94		nan 		nan 		
[LINE 2]		5.93		6.02		-inf		nan 		nan 		
[LINE 1]		6.12		nan 		-inf		nan 		nan 		
[LINE 0]		nan 		nan 		-inf		nan 		nan 		
 * Ranking:
 ---> {'coords': (1, 0), 'dir': 'SW', 'score': 0}
 ---> {'coords': (1, 0), 'dir': 'SW', 'score': 0}
 ---> {'coords': (2, 1), 'dir': 'W', 'score': 1}
 ---> {'coords': (2, 1), 'dir': 'W', 'score': 1}
 * Selected, based on ranking: {'coords': (2, 1), 'dir': 'W', 'score': 1}
 * The candidate has value 6.12 and coords (2, 1)
 * Checking direction:
 ---> Trend is: N
 ---> Complex Trend is: {'N': 8.0, 'NW': 4, 'W': 2.0}
 ---> Allowed dirs based on Complex Trend are: ['NW', 'N', 'NE']
 ---> Direction W IS NOT ok! Last was N [last 10: ['NW', 'NW', 'NW', 'NW', 'N', 'N', 'N', 'N', 'N', 'N']] -- Modifying matrix...
[LINE 4]		5.62		5.65		5.76		nan 		nan 		
[LINE 3]		5.75		5.85		5.94		nan 		nan 		
[LINE 2]		5.93		nan 		-inf		nan 		nan 		
[LINE 1]		6.12		nan 		-inf		nan 		nan 		
[LINE 0]		nan 		nan 		-inf		nan 		nan 		
 * Ranking:
 ---> {'coords': (1, 0), 'dir': 'SW', 'score': 0}
 ---> {'coords': (1, 0), 'dir': 'SW', 'score': 0}
 * Selected, based on ranking: {'coords': (1, 0), 'dir': 'SW', 'score': 0}
 * The candidate has value 6.12 and coords (1, 0)
 * Checking direction:
 ---> Trend is: N
 ---> Complex Trend is: {'N': 8.0, 'NW': 4, 'W': 2.0}
 ---> Allowed dirs based on Complex Trend are: ['NW', 'N', 'NE']
 ---> Direction SW IS NOT ok! Last was N [last 10: ['NW', 'NW', 'NW', 'NW', 'N', 'N', 'N', 'N', 'N', 'N']] -- Modifying matrix...
[LINE 4]		5.62		5.65		5.76		nan 		nan 		
[LINE 3]		5.75		5.85		5.94		nan 		nan 		
[LINE 2]		5.93		nan 		-inf		nan 		nan 		
[LINE 1]		nan 		nan 		-inf		nan 		nan 		
[LINE 0]		nan 		nan 		-inf		nan 		nan 		
 * Ranking:
 ---> {'coords': (2, 0), 'dir': 'W', 'score': 1}
 ---> {'coords': (2, 0), 'dir': 'W', 'score': 1}
 ---> {'coords': (3, 1), 'dir': 'NW', 'score': 15}
 ---> {'coords': (3, 1), 'dir': 'NW', 'score': 15}
 ---> {'coords': (3, 2), 'dir': 'N', 'score': 19}
 ---> {'coords': (3, 2), 'dir': 'N', 'score': 19}
 * Selected, based on ranking: {'coords': (3, 2), 'dir': 'N', 'score': 19}
 * The candidate has value 5.94 and coords (3, 2)
 * Checking direction:
 ---> Trend is: N
 ---> Complex Trend is: {'N': 8.0, 'NW': 4, 'W': 2.0}
 ---> Allowed dirs based on Complex Trend are: ['NW', 'N', 'NE']
 ---> Direction N ok (last was N)! -- [Last 10: ['NW', 'NW', 'NW', 'NW', 'N', 'N', 'N', 'N', 'N', 'N']]
 * Selected element is (3, 2) with value 5.94
Next element is N with direction 5.94
New matrix will be centered on 131,43 with depth 5.94
TREND IS ('N', {'N': 8.5, 'NW': 3, 'W': 1.5}) --- (['NW', 'NW', 'NW', 'N', 'N', 'N', 'N', 'N', 'N', 'N'])
============================================================
Iteration 90 with LAT_IDX: 131 and LON_IDX: 43 with DEPTH 5.9414916
 * Adding to the thalweg 131, 43 (depth 5.94)... Let's look at his neighborhood...
 * The extracted matrix is:
[LINE 4]		5.43		5.46		nan 		nan 		nan 		
[LINE 3]		5.62		5.65		5.76		nan 		nan 		
[LINE 2]		5.75		5.85		-inf		nan 		nan 		
[LINE 1]		5.93		6.02		-inf		nan 		nan 		
[LINE 0]		6.12		6.18		-inf		6.25		nan 		
 * Ranking:
 ---> {'coords': (0, 1), 'dir': 'SW', 'score': 0}
 ---> {'coords': (0, 1), 'dir': 'SW', 'score': 0}
 ---> {'coords': (0, 3), 'dir': 'SE', 'score': 0}
 ---> {'coords': (0, 3), 'dir': 'SE', 'score': 0}
 * Selected, based on ranking: {'coords': (0, 1), 'dir': 'SW', 'score': 0}
 * The candidate has value 6.25 and coords (0, 1)
 * Checking direction:
 ---> Trend is: N
 ---> Complex Trend is: {'N': 8.5, 'NW': 3, 'W': 1.5}
 ---> Allowed dirs based on Complex Trend are: ['NW', 'N', 'NE']
 ---> Direction SW IS NOT ok! Last was N [last 10: ['NW', 'NW', 'NW', 'N', 'N', 'N', 'N', 'N', 'N', 'N']] -- Modifying matrix...
[LINE 4]		5.43		5.46		nan 		nan 		nan 		
[LINE 3]		5.62		5.65		5.76		nan 		nan 		
[LINE 2]		5.75		5.85		-inf		nan 		nan 		
[LINE 1]		5.93		6.02		-inf		nan 		nan 		
[LINE 0]		6.12		nan 		-inf		6.25		nan 		
 * Ranking:
 ---> {'coords': (0, 3), 'dir': 'SE', 'score': 0}
 ---> {'coords': (0, 3), 'dir': 'SE', 'score': 0}
 * Selected, based on ranking: {'coords': (0, 3), 'dir': 'SE', 'score': 0}
 * The candidate has value 6.25 and coords (0, 3)
 * Checking direction:
 ---> Trend is: N
 ---> Complex Trend is: {'N': 8.5, 'NW': 3, 'W': 1.5}
 ---> Allowed dirs based on Complex Trend are: ['NW', 'N', 'NE']
 ---> Direction SE IS NOT ok! Last was N [last 10: ['NW', 'NW', 'NW', 'N', 'N', 'N', 'N', 'N', 'N', 'N']] -- Modifying matrix...
[LINE 4]		5.43		5.46		nan 		nan 		nan 		
[LINE 3]		5.62		5.65		5.76		nan 		nan 		
[LINE 2]		5.75		5.85		-inf		nan 		nan 		
[LINE 1]		5.93		6.02		-inf		nan 		nan 		
[LINE 0]		6.12		nan 		-inf		nan 		nan 		
 * Ranking:
 ---> {'coords': (0, 0), 'dir': 'SW', 'score': 0}
 ---> {'coords': (0, 0), 'dir': 'SW', 'score': 0}
 ---> {'coords': (1, 1), 'dir': 'SW', 'score': 0}
 ---> {'coords': (1, 1), 'dir': 'SW', 'score': 0}
 * Selected, based on ranking: {'coords': (0, 0), 'dir': 'SW', 'score': 0}
 * The candidate has value 6.12 and coords (0, 0)
 * Checking direction:
 ---> Trend is: N
 ---> Complex Trend is: {'N': 8.5, 'NW': 3, 'W': 1.5}
 ---> Allowed dirs based on Complex Trend are: ['NW', 'N', 'NE']
 ---> Direction SW IS NOT ok! Last was N [last 10: ['NW', 'NW', 'NW', 'N', 'N', 'N', 'N', 'N', 'N', 'N']] -- Modifying matrix...
[LINE 4]		5.43		5.46		nan 		nan 		nan 		
[LINE 3]		5.62		5.65		5.76		nan 		nan 		
[LINE 2]		5.75		5.85		-inf		nan 		nan 		
[LINE 1]		5.93		6.02		-inf		nan 		nan 		
[LINE 0]		nan 		nan 		-inf		nan 		nan 		
 * Ranking:
 ---> {'coords': (1, 0), 'dir': 'SW', 'score': 0}
 ---> {'coords': (1, 0), 'dir': 'SW', 'score': 0}
 ---> {'coords': (1, 1), 'dir': 'SW', 'score': 0}
 ---> {'coords': (1, 1), 'dir': 'SW', 'score': 0}
 * Selected, based on ranking: {'coords': (1, 0), 'dir': 'SW', 'score': 0}
 * The candidate has value 6.02 and coords (1, 0)
 * Checking direction:
 ---> Trend is: N
 ---> Complex Trend is: {'N': 8.5, 'NW': 3, 'W': 1.5}
 ---> Allowed dirs based on Complex Trend are: ['NW', 'N', 'NE']
 ---> Direction SW IS NOT ok! Last was N [last 10: ['NW', 'NW', 'NW', 'N', 'N', 'N', 'N', 'N', 'N', 'N']] -- Modifying matrix...
[LINE 4]		5.43		5.46		nan 		nan 		nan 		
[LINE 3]		5.62		5.65		5.76		nan 		nan 		
[LINE 2]		5.75		5.85		-inf		nan 		nan 		
[LINE 1]		nan 		6.02		-inf		nan 		nan 		
[LINE 0]		nan 		nan 		-inf		nan 		nan 		
 * Ranking:
 ---> {'coords': (1, 1), 'dir': 'SW', 'score': 0}
 ---> {'coords': (1, 1), 'dir': 'SW', 'score': 0}
 * Selected, based on ranking: {'coords': (1, 1), 'dir': 'SW', 'score': 0}
 * The candidate has value 6.02 and coords (1, 1)
 * Checking direction:
 ---> Trend is: N
 ---> Complex Trend is: {'N': 8.5, 'NW': 3, 'W': 1.5}
 ---> Allowed dirs based on Complex Trend are: ['NW', 'N', 'NE']
 ---> Direction SW IS NOT ok! Last was N [last 10: ['NW', 'NW', 'NW', 'N', 'N', 'N', 'N', 'N', 'N', 'N']] -- Modifying matrix...
[LINE 4]		5.43		5.46		nan 		nan 		nan 		
[LINE 3]		5.62		5.65		5.76		nan 		nan 		
[LINE 2]		5.75		5.85		-inf		nan 		nan 		
[LINE 1]		nan 		nan 		-inf		nan 		nan 		
[LINE 0]		nan 		nan 		-inf		nan 		nan 		
 * Ranking:
 ---> {'coords': (2, 0), 'dir': 'W', 'score': 1}
 ---> {'coords': (2, 0), 'dir': 'W', 'score': 1}
 ---> {'coords': (2, 1), 'dir': 'W', 'score': 1}
 ---> {'coords': (2, 1), 'dir': 'W', 'score': 1}
 ---> {'coords': (3, 2), 'dir': 'N', 'score': 19}
 ---> {'coords': (3, 2), 'dir': 'N', 'score': 19}
 * Selected, based on ranking: {'coords': (3, 2), 'dir': 'N', 'score': 19}
 * The candidate has value 5.85 and coords (3, 2)
 * Checking direction:
 ---> Trend is: N
 ---> Complex Trend is: {'N': 8.5, 'NW': 3, 'W': 1.5}
 ---> Allowed dirs based on Complex Trend are: ['NW', 'N', 'NE']
 ---> Direction N ok (last was N)! -- [Last 10: ['NW', 'NW', 'NW', 'N', 'N', 'N', 'N', 'N', 'N', 'N']]
 * Selected element is (3, 2) with value 5.85
Next element is N with direction 5.76
New matrix will be centered on 132,43 with depth 5.76
TREND IS ('N', {'N': 9.0, 'NW': 2, 'W': 1.0}) --- (['NW', 'NW', 'N', 'N', 'N', 'N', 'N', 'N', 'N', 'N'])
============================================================
Iteration 91 with LAT_IDX: 132 and LON_IDX: 43 with DEPTH 5.756641
 * Adding to the thalweg 132, 43 (depth 5.76)... Let's look at his neighborhood...
 * The extracted matrix is:
[LINE 4]		5.19		5.25		nan 		nan 		nan 		
[LINE 3]		5.43		5.46		nan 		nan 		nan 		
[LINE 2]		5.62		5.65		-inf		nan 		nan 		
[LINE 1]		5.75		5.85		-inf		nan 		nan 		
[LINE 0]		5.93		6.02		-inf		nan 		nan 		
 * Ranking:
 ---> {'coords': (0, 0), 'dir': 'SW', 'score': 0}
 ---> {'coords': (0, 0), 'dir': 'SW', 'score': 0}
 ---> {'coords': (0, 1), 'dir': 'SW', 'score': 0}
 ---> {'coords': (0, 1), 'dir': 'SW', 'score': 0}
 * Selected, based on ranking: {'coords': (0, 0), 'dir': 'SW', 'score': 0}
 * The candidate has value 6.02 and coords (0, 0)
 * Checking direction:
 ---> Trend is: N
 ---> Complex Trend is: {'N': 9.0, 'NW': 2, 'W': 1.0}
 ---> Allowed dirs based on Complex Trend are: ['NW', 'N', 'NE']
 ---> Direction SW IS NOT ok! Last was N [last 10: ['NW', 'NW', 'N', 'N', 'N', 'N', 'N', 'N', 'N', 'N']] -- Modifying matrix...
[LINE 4]		5.19		5.25		nan 		nan 		nan 		
[LINE 3]		5.43		5.46		nan 		nan 		nan 		
[LINE 2]		5.62		5.65		-inf		nan 		nan 		
[LINE 1]		5.75		5.85		-inf		nan 		nan 		
[LINE 0]		nan 		6.02		-inf		nan 		nan 		
 * Ranking:
 ---> {'coords': (0, 1), 'dir': 'SW', 'score': 0}
 ---> {'coords': (0, 1), 'dir': 'SW', 'score': 0}
 * Selected, based on ranking: {'coords': (0, 1), 'dir': 'SW', 'score': 0}
 * The candidate has value 6.02 and coords (0, 1)
 * Checking direction:
 ---> Trend is: N
 ---> Complex Trend is: {'N': 9.0, 'NW': 2, 'W': 1.0}
 ---> Allowed dirs based on Complex Trend are: ['NW', 'N', 'NE']
 ---> Direction SW IS NOT ok! Last was N [last 10: ['NW', 'NW', 'N', 'N', 'N', 'N', 'N', 'N', 'N', 'N']] -- Modifying matrix...
[LINE 4]		5.19		5.25		nan 		nan 		nan 		
[LINE 3]		5.43		5.46		nan 		nan 		nan 		
[LINE 2]		5.62		5.65		-inf		nan 		nan 		
[LINE 1]		5.75		5.85		-inf		nan 		nan 		
[LINE 0]		nan 		nan 		-inf		nan 		nan 		
 * Ranking:
 ---> {'coords': (1, 0), 'dir': 'SW', 'score': 0}
 ---> {'coords': (1, 0), 'dir': 'SW', 'score': 0}
 ---> {'coords': (1, 1), 'dir': 'SW', 'score': 0}
 ---> {'coords': (1, 1), 'dir': 'SW', 'score': 0}
 * Selected, based on ranking: {'coords': (1, 0), 'dir': 'SW', 'score': 0}
 * The candidate has value 5.85 and coords (1, 0)
 * Checking direction:
 ---> Trend is: N
 ---> Complex Trend is: {'N': 9.0, 'NW': 2, 'W': 1.0}
 ---> Allowed dirs based on Complex Trend are: ['NW', 'N', 'NE']
 ---> Direction SW IS NOT ok! Last was N [last 10: ['NW', 'NW', 'N', 'N', 'N', 'N', 'N', 'N', 'N', 'N']] -- Modifying matrix...
[LINE 4]		5.19		5.25		nan 		nan 		nan 		
[LINE 3]		5.43		5.46		nan 		nan 		nan 		
[LINE 2]		5.62		5.65		-inf		nan 		nan 		
[LINE 1]		nan 		5.85		-inf		nan 		nan 		
[LINE 0]		nan 		nan 		-inf		nan 		nan 		
 * Ranking:
 ---> {'coords': (1, 1), 'dir': 'SW', 'score': 0}
 ---> {'coords': (1, 1), 'dir': 'SW', 'score': 0}
 * Selected, based on ranking: {'coords': (1, 1), 'dir': 'SW', 'score': 0}
 * The candidate has value 5.85 and coords (1, 1)
 * Checking direction:
 ---> Trend is: N
 ---> Complex Trend is: {'N': 9.0, 'NW': 2, 'W': 1.0}
 ---> Allowed dirs based on Complex Trend are: ['NW', 'N', 'NE']
 ---> Direction SW IS NOT ok! Last was N [last 10: ['NW', 'NW', 'N', 'N', 'N', 'N', 'N', 'N', 'N', 'N']] -- Modifying matrix...
[LINE 4]		5.19		5.25		nan 		nan 		nan 		
[LINE 3]		5.43		5.46		nan 		nan 		nan 		
[LINE 2]		5.62		5.65		-inf		nan 		nan 		
[LINE 1]		nan 		nan 		-inf		nan 		nan 		
[LINE 0]		nan 		nan 		-inf		nan 		nan 		
 * Ranking:
 ---> {'coords': (2, 0), 'dir': 'W', 'score': 1}
 ---> {'coords': (2, 0), 'dir': 'W', 'score': 1}
 ---> {'coords': (2, 1), 'dir': 'W', 'score': 1}
 ---> {'coords': (2, 1), 'dir': 'W', 'score': 1}
 * Selected, based on ranking: {'coords': (2, 0), 'dir': 'W', 'score': 1}
 * The candidate has value 5.65 and coords (2, 0)
 * Checking direction:
 ---> Trend is: N
 ---> Complex Trend is: {'N': 9.0, 'NW': 2, 'W': 1.0}
 ---> Allowed dirs based on Complex Trend are: ['NW', 'N', 'NE']
 ---> Direction W IS NOT ok! Last was N [last 10: ['NW', 'NW', 'N', 'N', 'N', 'N', 'N', 'N', 'N', 'N']] -- Modifying matrix...
[LINE 4]		5.19		5.25		nan 		nan 		nan 		
[LINE 3]		5.43		5.46		nan 		nan 		nan 		
[LINE 2]		nan 		5.65		-inf		nan 		nan 		
[LINE 1]		nan 		nan 		-inf		nan 		nan 		
[LINE 0]		nan 		nan 		-inf		nan 		nan 		
 * Ranking:
 ---> {'coords': (2, 1), 'dir': 'W', 'score': 1}
 ---> {'coords': (2, 1), 'dir': 'W', 'score': 1}
 * Selected, based on ranking: {'coords': (2, 1), 'dir': 'W', 'score': 1}
 * The candidate has value 5.65 and coords (2, 1)
 * Checking direction:
 ---> Trend is: N
 ---> Complex Trend is: {'N': 9.0, 'NW': 2, 'W': 1.0}
 ---> Allowed dirs based on Complex Trend are: ['NW', 'N', 'NE']
 ---> Direction W IS NOT ok! Last was N [last 10: ['NW', 'NW', 'N', 'N', 'N', 'N', 'N', 'N', 'N', 'N']] -- Modifying matrix...
[LINE 4]		5.19		5.25		nan 		nan 		nan 		
[LINE 3]		5.43		5.46		nan 		nan 		nan 		
[LINE 2]		nan 		nan 		-inf		nan 		nan 		
[LINE 1]		nan 		nan 		-inf		nan 		nan 		
[LINE 0]		nan 		nan 		-inf		nan 		nan 		
 * Ranking:
 ---> {'coords': (3, 0), 'dir': 'NW', 'score': 15}
 ---> {'coords': (3, 0), 'dir': 'NW', 'score': 15}
 ---> {'coords': (3, 1), 'dir': 'NW', 'score': 15}
 ---> {'coords': (3, 1), 'dir': 'NW', 'score': 15}
 * Selected, based on ranking: {'coords': (3, 0), 'dir': 'NW', 'score': 15}
 * The candidate has value 5.46 and coords (3, 0)
 * Checking direction:
 ---> Trend is: N
 ---> Complex Trend is: {'N': 9.0, 'NW': 2, 'W': 1.0}
 ---> Allowed dirs based on Complex Trend are: ['NW', 'N', 'NE']
 ---> Direction NW ok (last was N)! -- [Last 10: ['NW', 'NW', 'N', 'N', 'N', 'N', 'N', 'N', 'N', 'N']]
 * Selected element is (3, 0) with value 5.46
Next element is NW with direction 5.43
New matrix will be centered on 133,41 with depth 5.43
TREND IS ('N', {'N': 9.0, 'NW': 2, 'W': 1.0}) --- (['NW', 'N', 'N', 'N', 'N', 'N', 'N', 'N', 'N', 'NW'])
============================================================
Iteration 92 with LAT_IDX: 133 and LON_IDX: 41 with DEPTH 5.4313664
 * Adding to the thalweg 133, 41 (depth 5.43)... Let's look at his neighborhood...
 * The extracted matrix is:
[LINE 4]		5.02		5.02		5.03		nan 		nan 		
[LINE 3]		5.12		5.15		5.19		5.25		nan 		
[LINE 2]		5.3 		5.37		-inf		5.46		nan 		
[LINE 1]		nan 		5.6 		5.62		5.65		-inf		
[LINE 0]		nan 		5.7 		5.75		5.85		-inf		
 * Ranking:
 ---> {'coords': (0, 2), 'dir': 'S', 'score': 0}
 ---> {'coords': (0, 2), 'dir': 'S', 'score': 0}
 ---> {'coords': (0, 3), 'dir': 'SE', 'score': 0}
 ---> {'coords': (0, 3), 'dir': 'SE', 'score': 0}
 * Selected, based on ranking: {'coords': (0, 2), 'dir': 'S', 'score': 0}
 * The candidate has value 5.85 and coords (0, 2)
 * Checking direction:
 ---> Trend is: N
 ---> Complex Trend is: {'N': 9.0, 'NW': 2, 'W': 1.0}
 ---> Allowed dirs based on Complex Trend are: ['NW', 'N', 'NE']
 ---> Direction S IS NOT ok! Last was NW [last 10: ['NW', 'N', 'N', 'N', 'N', 'N', 'N', 'N', 'N', 'NW']] -- Modifying matrix...
[LINE 4]		5.02		5.02		5.03		nan 		nan 		
[LINE 3]		5.12		5.15		5.19		5.25		nan 		
[LINE 2]		5.3 		5.37		-inf		5.46		nan 		
[LINE 1]		nan 		5.6 		5.62		5.65		-inf		
[LINE 0]		nan 		5.7 		nan 		5.85		-inf		
 * Ranking:
 ---> {'coords': (0, 3), 'dir': 'SE', 'score': 0}
 ---> {'coords': (0, 3), 'dir': 'SE', 'score': 0}
 * Selected, based on ranking: {'coords': (0, 3), 'dir': 'SE', 'score': 0}
 * The candidate has value 5.85 and coords (0, 3)
 * Checking direction:
 ---> Trend is: N
 ---> Complex Trend is: {'N': 9.0, 'NW': 2, 'W': 1.0}
 ---> Allowed dirs based on Complex Trend are: ['NW', 'N', 'NE']
 ---> Direction SE IS NOT ok! Last was NW [last 10: ['NW', 'N', 'N', 'N', 'N', 'N', 'N', 'N', 'N', 'NW']] -- Modifying matrix...
[LINE 4]		5.02		5.02		5.03		nan 		nan 		
[LINE 3]		5.12		5.15		5.19		5.25		nan 		
[LINE 2]		5.3 		5.37		-inf		5.46		nan 		
[LINE 1]		nan 		5.6 		5.62		5.65		-inf		
[LINE 0]		nan 		5.7 		nan 		nan 		-inf		
 * Ranking:
 ---> {'coords': (0, 1), 'dir': 'SW', 'score': 1}
 ---> {'coords': (0, 1), 'dir': 'SW', 'score': 1}
 ---> {'coords': (1, 1), 'dir': 'SW', 'score': 1}
 ---> {'coords': (1, 1), 'dir': 'SW', 'score': 1}
 ---> {'coords': (1, 2), 'dir': 'S', 'score': 0}
 ---> {'coords': (1, 2), 'dir': 'S', 'score': 0}
 ---> {'coords': (1, 3), 'dir': 'SE', 'score': 0}
 ---> {'coords': (1, 3), 'dir': 'SE', 'score': 0}
 * Selected, based on ranking: {'coords': (0, 1), 'dir': 'SW', 'score': 1}
 * The candidate has value 5.7 and coords (0, 1)
 * Checking direction:
 ---> Trend is: N
 ---> Complex Trend is: {'N': 9.0, 'NW': 2, 'W': 1.0}
 ---> Allowed dirs based on Complex Trend are: ['NW', 'N', 'NE']
 ---> Direction SW IS NOT ok! Last was NW [last 10: ['NW', 'N', 'N', 'N', 'N', 'N', 'N', 'N', 'N', 'NW']] -- Modifying matrix...
[LINE 4]		5.02		5.02		5.03		nan 		nan 		
[LINE 3]		5.12		5.15		5.19		5.25		nan 		
[LINE 2]		5.3 		5.37		-inf		5.46		nan 		
[LINE 1]		nan 		5.6 		5.62		5.65		-inf		
[LINE 0]		nan 		nan 		nan 		nan 		-inf		
 * Ranking:
 ---> {'coords': (1, 1), 'dir': 'SW', 'score': 1}
 ---> {'coords': (1, 1), 'dir': 'SW', 'score': 1}
 ---> {'coords': (1, 2), 'dir': 'S', 'score': 0}
 ---> {'coords': (1, 2), 'dir': 'S', 'score': 0}
 ---> {'coords': (1, 3), 'dir': 'SE', 'score': 0}
 ---> {'coords': (1, 3), 'dir': 'SE', 'score': 0}
 * Selected, based on ranking: {'coords': (1, 1), 'dir': 'SW', 'score': 1}
 * The candidate has value 5.65 and coords (1, 1)
 * Checking direction:
 ---> Trend is: N
 ---> Complex Trend is: {'N': 9.0, 'NW': 2, 'W': 1.0}
 ---> Allowed dirs based on Complex Trend are: ['NW', 'N', 'NE']
 ---> Direction SW IS NOT ok! Last was NW [last 10: ['NW', 'N', 'N', 'N', 'N', 'N', 'N', 'N', 'N', 'NW']] -- Modifying matrix...
[LINE 4]		5.02		5.02		5.03		nan 		nan 		
[LINE 3]		5.12		5.15		5.19		5.25		nan 		
[LINE 2]		5.3 		5.37		-inf		5.46		nan 		
[LINE 1]		nan 		nan 		5.62		5.65		-inf		
[LINE 0]		nan 		nan 		nan 		nan 		-inf		
 * Ranking:
 ---> {'coords': (1, 2), 'dir': 'S', 'score': 0}
 ---> {'coords': (1, 2), 'dir': 'S', 'score': 0}
 ---> {'coords': (1, 3), 'dir': 'SE', 'score': 0}
 ---> {'coords': (1, 3), 'dir': 'SE', 'score': 0}
 * Selected, based on ranking: {'coords': (1, 2), 'dir': 'S', 'score': 0}
 * The candidate has value 5.65 and coords (1, 2)
 * Checking direction:
 ---> Trend is: N
 ---> Complex Trend is: {'N': 9.0, 'NW': 2, 'W': 1.0}
 ---> Allowed dirs based on Complex Trend are: ['NW', 'N', 'NE']
 ---> Direction S IS NOT ok! Last was NW [last 10: ['NW', 'N', 'N', 'N', 'N', 'N', 'N', 'N', 'N', 'NW']] -- Modifying matrix...
[LINE 4]		5.02		5.02		5.03		nan 		nan 		
[LINE 3]		5.12		5.15		5.19		5.25		nan 		
[LINE 2]		5.3 		5.37		-inf		5.46		nan 		
[LINE 1]		nan 		nan 		nan 		5.65		-inf		
[LINE 0]		nan 		nan 		nan 		nan 		-inf		
 * Ranking:
 ---> {'coords': (1, 3), 'dir': 'SE', 'score': 0}
 ---> {'coords': (1, 3), 'dir': 'SE', 'score': 0}
 * Selected, based on ranking: {'coords': (1, 3), 'dir': 'SE', 'score': 0}
 * The candidate has value 5.65 and coords (1, 3)
 * Checking direction:
 ---> Trend is: N
 ---> Complex Trend is: {'N': 9.0, 'NW': 2, 'W': 1.0}
 ---> Allowed dirs based on Complex Trend are: ['NW', 'N', 'NE']
 ---> Direction SE IS NOT ok! Last was NW [last 10: ['NW', 'N', 'N', 'N', 'N', 'N', 'N', 'N', 'N', 'NW']] -- Modifying matrix...
[LINE 4]		5.02		5.02		5.03		nan 		nan 		
[LINE 3]		5.12		5.15		5.19		5.25		nan 		
[LINE 2]		5.3 		5.37		-inf		5.46		nan 		
[LINE 1]		nan 		nan 		nan 		nan 		-inf		
[LINE 0]		nan 		nan 		nan 		nan 		-inf		
 * Ranking:
 ---> {'coords': (2, 1), 'dir': 'W', 'score': 5}
 ---> {'coords': (2, 1), 'dir': 'W', 'score': 5}
 ---> {'coords': (2, 3), 'dir': 'E', 'score': 0}
 ---> {'coords': (2, 3), 'dir': 'E', 'score': 0}
 * Selected, based on ranking: {'coords': (2, 1), 'dir': 'W', 'score': 5}
 * The candidate has value 5.46 and coords (2, 1)
 * Checking direction:
 ---> Trend is: N
 ---> Complex Trend is: {'N': 9.0, 'NW': 2, 'W': 1.0}
 ---> Allowed dirs based on Complex Trend are: ['NW', 'N', 'NE']
 ---> Direction W IS NOT ok! Last was NW [last 10: ['NW', 'N', 'N', 'N', 'N', 'N', 'N', 'N', 'N', 'NW']] -- Modifying matrix...
[LINE 4]		5.02		5.02		5.03		nan 		nan 		
[LINE 3]		5.12		5.15		5.19		5.25		nan 		
[LINE 2]		5.3 		nan 		-inf		5.46		nan 		
[LINE 1]		nan 		nan 		nan 		nan 		-inf		
[LINE 0]		nan 		nan 		nan 		nan 		-inf		
 * Ranking:
 ---> {'coords': (2, 3), 'dir': 'E', 'score': 0}
 ---> {'coords': (2, 3), 'dir': 'E', 'score': 0}
 * Selected, based on ranking: {'coords': (2, 3), 'dir': 'E', 'score': 0}
 * The candidate has value 5.46 and coords (2, 3)
 * Checking direction:
 ---> Trend is: N
 ---> Complex Trend is: {'N': 9.0, 'NW': 2, 'W': 1.0}
 ---> Allowed dirs based on Complex Trend are: ['NW', 'N', 'NE']
 ---> Direction E IS NOT ok! Last was NW [last 10: ['NW', 'N', 'N', 'N', 'N', 'N', 'N', 'N', 'N', 'NW']] -- Modifying matrix...
[LINE 4]		5.02		5.02		5.03		nan 		nan 		
[LINE 3]		5.12		5.15		5.19		5.25		nan 		
[LINE 2]		5.3 		nan 		-inf		nan 		nan 		
[LINE 1]		nan 		nan 		nan 		nan 		-inf		
[LINE 0]		nan 		nan 		nan 		nan 		-inf		
 * Ranking:
 ---> {'coords': (2, 0), 'dir': 'W', 'score': 5}
 ---> {'coords': (2, 0), 'dir': 'W', 'score': 5}
 ---> {'coords': (3, 3), 'dir': 'NE', 'score': 11}
 ---> {'coords': (3, 3), 'dir': 'NE', 'score': 11}
 * Selected, based on ranking: {'coords': (3, 3), 'dir': 'NE', 'score': 11}
 * The candidate has value 5.3 and coords (3, 3)
 * Checking direction:
 ---> Trend is: N
 ---> Complex Trend is: {'N': 9.0, 'NW': 2, 'W': 1.0}
 ---> Allowed dirs based on Complex Trend are: ['NW', 'N', 'NE']
 ---> Direction NE ok (last was NW)! -- [Last 10: ['NW', 'N', 'N', 'N', 'N', 'N', 'N', 'N', 'N', 'NW']]
 * Selected element is (3, 3) with value 5.3
Next element is NE with direction 5.25
New matrix will be centered on 134,42 with depth 5.25
TREND IS ('N', {'N': 9.0, 'NW': 1, 'NE': 1, 'W': 0.5, 'E': 0.5}) --- (['N', 'N', 'N', 'N', 'N', 'N', 'N', 'N', 'NW', 'NE'])
============================================================
Iteration 93 with LAT_IDX: 134 and LON_IDX: 42 with DEPTH 5.2486534
 * Adding to the thalweg 134, 42 (depth 5.25)... Let's look at his neighborhood...
 * The extracted matrix is:
[LINE 4]		4.95		4.95		nan 		nan 		nan 		
[LINE 3]		5.02		5.03		nan 		nan 		nan 		
[LINE 2]		5.15		5.19		-inf		nan 		nan 		
[LINE 1]		5.37		-inf		5.46		nan 		nan 		
[LINE 0]		5.6 		5.62		5.65		-inf		nan 		
 * Ranking:
 ---> {'coords': (0, 0), 'dir': 'SW', 'score': 0}
 ---> {'coords': (0, 0), 'dir': 'SW', 'score': 0}
 ---> {'coords': (0, 1), 'dir': 'SW', 'score': 0}
 ---> {'coords': (0, 1), 'dir': 'SW', 'score': 0}
 ---> {'coords': (0, 2), 'dir': 'S', 'score': 0}
 ---> {'coords': (0, 2), 'dir': 'S', 'score': 0}
 * Selected, based on ranking: {'coords': (0, 0), 'dir': 'SW', 'score': 0}
 * The candidate has value 5.65 and coords (0, 0)
 * Checking direction:
 ---> Trend is: N
 ---> Complex Trend is: {'N': 9.0, 'NW': 1, 'NE': 1, 'W': 0.5, 'E': 0.5}
 ---> Allowed dirs based on Complex Trend are: ['NW', 'N', 'NE']
 ---> Direction SW IS NOT ok! Last was NE [last 10: ['N', 'N', 'N', 'N', 'N', 'N', 'N', 'N', 'NW', 'NE']] -- Modifying matrix...
[LINE 4]		4.95		4.95		nan 		nan 		nan 		
[LINE 3]		5.02		5.03		nan 		nan 		nan 		
[LINE 2]		5.15		5.19		-inf		nan 		nan 		
[LINE 1]		5.37		-inf		5.46		nan 		nan 		
[LINE 0]		nan 		5.62		5.65		-inf		nan 		
 * Ranking:
 ---> {'coords': (0, 1), 'dir': 'SW', 'score': 0}
 ---> {'coords': (0, 1), 'dir': 'SW', 'score': 0}
 ---> {'coords': (0, 2), 'dir': 'S', 'score': 0}
 ---> {'coords': (0, 2), 'dir': 'S', 'score': 0}
 * Selected, based on ranking: {'coords': (0, 1), 'dir': 'SW', 'score': 0}
 * The candidate has value 5.65 and coords (0, 1)
 * Checking direction:
 ---> Trend is: N
 ---> Complex Trend is: {'N': 9.0, 'NW': 1, 'NE': 1, 'W': 0.5, 'E': 0.5}
 ---> Allowed dirs based on Complex Trend are: ['NW', 'N', 'NE']
 ---> Direction SW IS NOT ok! Last was NE [last 10: ['N', 'N', 'N', 'N', 'N', 'N', 'N', 'N', 'NW', 'NE']] -- Modifying matrix...
[LINE 4]		4.95		4.95		nan 		nan 		nan 		
[LINE 3]		5.02		5.03		nan 		nan 		nan 		
[LINE 2]		5.15		5.19		-inf		nan 		nan 		
[LINE 1]		5.37		-inf		5.46		nan 		nan 		
[LINE 0]		nan 		nan 		5.65		-inf		nan 		
 * Ranking:
 ---> {'coords': (0, 2), 'dir': 'S', 'score': 0}
 ---> {'coords': (0, 2), 'dir': 'S', 'score': 0}
 * Selected, based on ranking: {'coords': (0, 2), 'dir': 'S', 'score': 0}
 * The candidate has value 5.65 and coords (0, 2)
 * Checking direction:
 ---> Trend is: N
 ---> Complex Trend is: {'N': 9.0, 'NW': 1, 'NE': 1, 'W': 0.5, 'E': 0.5}
 ---> Allowed dirs based on Complex Trend are: ['NW', 'N', 'NE']
 ---> Direction S IS NOT ok! Last was NE [last 10: ['N', 'N', 'N', 'N', 'N', 'N', 'N', 'N', 'NW', 'NE']] -- Modifying matrix...
[LINE 4]		4.95		4.95		nan 		nan 		nan 		
[LINE 3]		5.02		5.03		nan 		nan 		nan 		
[LINE 2]		5.15		5.19		-inf		nan 		nan 		
[LINE 1]		5.37		-inf		5.46		nan 		nan 		
[LINE 0]		nan 		nan 		nan 		-inf		nan 		
 * Ranking:
 ---> {'coords': (1, 0), 'dir': 'SW', 'score': 0}
 ---> {'coords': (1, 0), 'dir': 'SW', 'score': 0}
 ---> {'coords': (1, 2), 'dir': 'S', 'score': 0}
 ---> {'coords': (1, 2), 'dir': 'S', 'score': 0}
 * Selected, based on ranking: {'coords': (1, 0), 'dir': 'SW', 'score': 0}
 * The candidate has value 5.46 and coords (1, 0)
 * Checking direction:
 ---> Trend is: N
 ---> Complex Trend is: {'N': 9.0, 'NW': 1, 'NE': 1, 'W': 0.5, 'E': 0.5}
 ---> Allowed dirs based on Complex Trend are: ['NW', 'N', 'NE']
 ---> Direction SW IS NOT ok! Last was NE [last 10: ['N', 'N', 'N', 'N', 'N', 'N', 'N', 'N', 'NW', 'NE']] -- Modifying matrix...
[LINE 4]		4.95		4.95		nan 		nan 		nan 		
[LINE 3]		5.02		5.03		nan 		nan 		nan 		
[LINE 2]		5.15		5.19		-inf		nan 		nan 		
[LINE 1]		nan 		-inf		5.46		nan 		nan 		
[LINE 0]		nan 		nan 		nan 		-inf		nan 		
 * Ranking:
 ---> {'coords': (1, 2), 'dir': 'S', 'score': 0}
 ---> {'coords': (1, 2), 'dir': 'S', 'score': 0}
 * Selected, based on ranking: {'coords': (1, 2), 'dir': 'S', 'score': 0}
 * The candidate has value 5.46 and coords (1, 2)
 * Checking direction:
 ---> Trend is: N
 ---> Complex Trend is: {'N': 9.0, 'NW': 1, 'NE': 1, 'W': 0.5, 'E': 0.5}
 ---> Allowed dirs based on Complex Trend are: ['NW', 'N', 'NE']
 ---> Direction S IS NOT ok! Last was NE [last 10: ['N', 'N', 'N', 'N', 'N', 'N', 'N', 'N', 'NW', 'NE']] -- Modifying matrix...
[LINE 4]		4.95		4.95		nan 		nan 		nan 		
[LINE 3]		5.02		5.03		nan 		nan 		nan 		
[LINE 2]		5.15		5.19		-inf		nan 		nan 		
[LINE 1]		nan 		-inf		nan 		nan 		nan 		
[LINE 0]		nan 		nan 		nan 		-inf		nan 		
 * Ranking:
 ---> {'coords': (2, 0), 'dir': 'W', 'score': 0}
 ---> {'coords': (2, 0), 'dir': 'W', 'score': 0}
 ---> {'coords': (2, 1), 'dir': 'W', 'score': 0}
 ---> {'coords': (2, 1), 'dir': 'W', 'score': 0}
 * Selected, based on ranking: {'coords': (2, 0), 'dir': 'W', 'score': 0}
 * The candidate has value 5.19 and coords (2, 0)
 * Checking direction:
 ---> Trend is: N
 ---> Complex Trend is: {'N': 9.0, 'NW': 1, 'NE': 1, 'W': 0.5, 'E': 0.5}
 ---> Allowed dirs based on Complex Trend are: ['NW', 'N', 'NE']
 ---> Direction W IS NOT ok! Last was NE [last 10: ['N', 'N', 'N', 'N', 'N', 'N', 'N', 'N', 'NW', 'NE']] -- Modifying matrix...
[LINE 4]		4.95		4.95		nan 		nan 		nan 		
[LINE 3]		5.02		5.03		nan 		nan 		nan 		
[LINE 2]		nan 		5.19		-inf		nan 		nan 		
[LINE 1]		nan 		-inf		nan 		nan 		nan 		
[LINE 0]		nan 		nan 		nan 		-inf		nan 		
 * Ranking:
 ---> {'coords': (2, 1), 'dir': 'W', 'score': 0}
 ---> {'coords': (2, 1), 'dir': 'W', 'score': 0}
 * Selected, based on ranking: {'coords': (2, 1), 'dir': 'W', 'score': 0}
 * The candidate has value 5.19 and coords (2, 1)
 * Checking direction:
 ---> Trend is: N
 ---> Complex Trend is: {'N': 9.0, 'NW': 1, 'NE': 1, 'W': 0.5, 'E': 0.5}
 ---> Allowed dirs based on Complex Trend are: ['NW', 'N', 'NE']
 ---> Direction W IS NOT ok! Last was NE [last 10: ['N', 'N', 'N', 'N', 'N', 'N', 'N', 'N', 'NW', 'NE']] -- Modifying matrix...
[LINE 4]		4.95		4.95		nan 		nan 		nan 		
[LINE 3]		5.02		5.03		nan 		nan 		nan 		
[LINE 2]		nan 		nan 		-inf		nan 		nan 		
[LINE 1]		nan 		-inf		nan 		nan 		nan 		
[LINE 0]		nan 		nan 		nan 		-inf		nan 		
 * Ranking:
 ---> {'coords': (3, 0), 'dir': 'NW', 'score': 11}
 ---> {'coords': (3, 0), 'dir': 'NW', 'score': 11}
 ---> {'coords': (3, 1), 'dir': 'NW', 'score': 11}
 ---> {'coords': (3, 1), 'dir': 'NW', 'score': 11}
 ---> {'coords': (4, 0), 'dir': 'NW', 'score': 11}
 ---> {'coords': (4, 0), 'dir': 'NW', 'score': 11}
 ---> {'coords': (4, 1), 'dir': 'NW', 'score': 11}
 ---> {'coords': (4, 1), 'dir': 'NW', 'score': 11}
 * Selected, based on ranking: {'coords': (3, 0), 'dir': 'NW', 'score': 11}
 * The candidate has value 5.03 and coords (3, 0)
 * Checking direction:
 ---> Trend is: N
 ---> Complex Trend is: {'N': 9.0, 'NW': 1, 'NE': 1, 'W': 0.5, 'E': 0.5}
 ---> Allowed dirs based on Complex Trend are: ['NW', 'N', 'NE']
 ---> Direction NW ok (last was NE)! -- [Last 10: ['N', 'N', 'N', 'N', 'N', 'N', 'N', 'N', 'NW', 'NE']]
 * Selected element is (3, 0) with value 5.03
Next element is NW with direction 5.02
New matrix will be centered on 135,40 with depth 5.02
TREND IS ('N', {'N': 8.5, 'NW': 2, 'NE': 1, 'W': 1.0, 'E': 0.5}) --- (['N', 'N', 'N', 'N', 'N', 'N', 'N', 'NW', 'NE', 'NW'])
============================================================
Iteration 94 with LAT_IDX: 135 and LON_IDX: 40 with DEPTH 5.019981
 * Adding to the thalweg 135, 40 (depth 5.02)... Let's look at his neighborhood...
 * The extracted matrix is:
[LINE 4]		5.15		5.02		4.96		4.93		nan 		
[LINE 3]		5.0 		4.96		4.95		4.95		nan 		
[LINE 2]		4.99		5.02		-inf		5.03		nan 		
[LINE 1]		nan 		5.12		5.15		5.19		-inf		
[LINE 0]		nan 		5.3 		5.37		-inf		5.46		
 * Ranking:
 ---> {'coords': (0, 2), 'dir': 'S', 'score': 0}
 ---> {'coords': (0, 2), 'dir': 'S', 'score': 0}
 ---> {'coords': (0, 4), 'dir': 'SE', 'score': 0}
 ---> {'coords': (0, 4), 'dir': 'SE', 'score': 0}
 * Selected, based on ranking: {'coords': (0, 2), 'dir': 'S', 'score': 0}
 * The candidate has value 5.46 and coords (0, 2)
 * Checking direction:
 ---> Trend is: N
 ---> Complex Trend is: {'N': 8.5, 'NW': 2, 'NE': 1, 'W': 1.0, 'E': 0.5}
 ---> Allowed dirs based on Complex Trend are: ['NW', 'N', 'NE']
 ---> Direction S IS NOT ok! Last was NW [last 10: ['N', 'N', 'N', 'N', 'N', 'N', 'N', 'NW', 'NE', 'NW']] -- Modifying matrix...
[LINE 4]		5.15		5.02		4.96		4.93		nan 		
[LINE 3]		5.0 		4.96		4.95		4.95		nan 		
[LINE 2]		4.99		5.02		-inf		5.03		nan 		
[LINE 1]		nan 		5.12		5.15		5.19		-inf		
[LINE 0]		nan 		5.3 		nan 		-inf		5.46		
 * Ranking:
 ---> {'coords': (0, 4), 'dir': 'SE', 'score': 0}
 ---> {'coords': (0, 4), 'dir': 'SE', 'score': 0}
 * Selected, based on ranking: {'coords': (0, 4), 'dir': 'SE', 'score': 0}
 * The candidate has value 5.46 and coords (0, 4)
 * Checking direction:
 ---> Trend is: N
 ---> Complex Trend is: {'N': 8.5, 'NW': 2, 'NE': 1, 'W': 1.0, 'E': 0.5}
 ---> Allowed dirs based on Complex Trend are: ['NW', 'N', 'NE']
 ---> Direction SE IS NOT ok! Last was NW [last 10: ['N', 'N', 'N', 'N', 'N', 'N', 'N', 'NW', 'NE', 'NW']] -- Modifying matrix...
[LINE 4]		5.15		5.02		4.96		4.93		nan 		
[LINE 3]		5.0 		4.96		4.95		4.95		nan 		
[LINE 2]		4.99		5.02		-inf		5.03		nan 		
[LINE 1]		nan 		5.12		5.15		5.19		-inf		
[LINE 0]		nan 		5.3 		nan 		-inf		nan 		
 * Ranking:
 ---> {'coords': (0, 1), 'dir': 'SW', 'score': 1}
 ---> {'coords': (0, 1), 'dir': 'SW', 'score': 1}
 * Selected, based on ranking: {'coords': (0, 1), 'dir': 'SW', 'score': 1}
 * The candidate has value 5.3 and coords (0, 1)
 * Checking direction:
 ---> Trend is: N
 ---> Complex Trend is: {'N': 8.5, 'NW': 2, 'NE': 1, 'W': 1.0, 'E': 0.5}
 ---> Allowed dirs based on Complex Trend are: ['NW', 'N', 'NE']
 ---> Direction SW IS NOT ok! Last was NW [last 10: ['N', 'N', 'N', 'N', 'N', 'N', 'N', 'NW', 'NE', 'NW']] -- Modifying matrix...
[LINE 4]		5.15		5.02		4.96		4.93		nan 		
[LINE 3]		5.0 		4.96		4.95		4.95		nan 		
[LINE 2]		4.99		5.02		-inf		5.03		nan 		
[LINE 1]		nan 		5.12		5.15		5.19		-inf		
[LINE 0]		nan 		nan 		nan 		-inf		nan 		
 * Ranking:
 ---> {'coords': (1, 1), 'dir': 'SW', 'score': 1}
 ---> {'coords': (1, 1), 'dir': 'SW', 'score': 1}
 ---> {'coords': (1, 2), 'dir': 'S', 'score': 0}
 ---> {'coords': (1, 2), 'dir': 'S', 'score': 0}
 ---> {'coords': (1, 3), 'dir': 'SE', 'score': 0}
 ---> {'coords': (1, 3), 'dir': 'SE', 'score': 0}
 ---> {'coords': (4, 0), 'dir': 'NW', 'score': 19}
 ---> {'coords': (4, 0), 'dir': 'NW', 'score': 19}
 * Selected, based on ranking: {'coords': (4, 0), 'dir': 'NW', 'score': 19}
 * The candidate has value 5.19 and coords (4, 0)
 * Checking direction:
 ---> Trend is: N
 ---> Complex Trend is: {'N': 8.5, 'NW': 2, 'NE': 1, 'W': 1.0, 'E': 0.5}
 ---> Allowed dirs based on Complex Trend are: ['NW', 'N', 'NE']
 ---> Direction NW ok (last was NW)! -- [Last 10: ['N', 'N', 'N', 'N', 'N', 'N', 'N', 'NW', 'NE', 'NW']]
 * Selected element is (4, 0) with value 5.19
Next element is NW with direction 5.15
New matrix will be centered on 137,38 with depth 5.15
TREND IS ('N', {'N': 8.0, 'NW': 3, 'NE': 1, 'W': 1.5, 'E': 0.5}) --- (['N', 'N', 'N', 'N', 'N', 'N', 'NW', 'NE', 'NW', 'NW'])
============================================================
Iteration 95 with LAT_IDX: 137 and LON_IDX: 38 with DEPTH 5.1475916
 * Adding to the thalweg 137, 38 (depth 5.15)... Let's look at his neighborhood...
 * The extracted matrix is:
[LINE 4]		5.8 		5.67		5.47		5.3 		5.16		
[LINE 3]		nan 		5.46		5.3 		5.16		5.05		
[LINE 2]		nan 		5.29		-inf		5.02		4.96		
[LINE 1]		nan 		nan 		5.0 		4.96		4.95		
[LINE 0]		nan 		nan 		4.99		5.02		-inf		
 * Ranking:
 ---> {'coords': (4, 0), 'dir': 'NW', 'score': 19}
 ---> {'coords': (4, 0), 'dir': 'NW', 'score': 19}
 * Selected, based on ranking: {'coords': (4, 0), 'dir': 'NW', 'score': 19}
 * The candidate has value 5.8 and coords (4, 0)
 * Checking direction:
 ---> Trend is: N
 ---> Complex Trend is: {'N': 8.0, 'NW': 3, 'NE': 1, 'W': 1.5, 'E': 0.5}
 ---> Allowed dirs based on Complex Trend are: ['NW', 'N', 'NE']
 ---> Direction NW ok (last was NW)! -- [Last 10: ['N', 'N', 'N', 'N', 'N', 'N', 'NW', 'NE', 'NW', 'NW']]
 * Selected element is (4, 0) with value 5.8
Next element is NW with direction 5.8
New matrix will be centered on 139,36 with depth 5.8
TREND IS ('N', {'N': 7.5, 'NW': 4, 'NE': 1, 'W': 2.0, 'E': 0.5}) --- (['N', 'N', 'N', 'N', 'N', 'NW', 'NE', 'NW', 'NW', 'NW'])
============================================================
Iteration 96 with LAT_IDX: 139 and LON_IDX: 36 with DEPTH 5.8042197
 * Adding to the thalweg 139, 36 (depth 5.8)... Let's look at his neighborhood...
 * The extracted matrix is:
[LINE 4]		nan 		5.9 		5.88		5.78		5.66		
[LINE 3]		nan 		nan 		5.89		5.78		5.62		
[LINE 2]		nan 		nan 		-inf		5.67		5.47		
[LINE 1]		nan 		nan 		nan 		5.46		5.3 		
[LINE 0]		nan 		nan 		nan 		5.29		-inf		
 * Ranking:
 ---> {'coords': (3, 2), 'dir': 'N', 'score': 15}
 ---> {'coords': (3, 2), 'dir': 'N', 'score': 15}
 ---> {'coords': (4, 1), 'dir': 'NW', 'score': 19}
 ---> {'coords': (4, 1), 'dir': 'NW', 'score': 19}
 ---> {'coords': (4, 2), 'dir': 'N', 'score': 15}
 ---> {'coords': (4, 2), 'dir': 'N', 'score': 15}
 * Selected, based on ranking: {'coords': (4, 1), 'dir': 'NW', 'score': 19}
 * The candidate has value 5.9 and coords (4, 1)
 * Checking direction:
 ---> Trend is: N
 ---> Complex Trend is: {'N': 7.5, 'NW': 4, 'NE': 1, 'W': 2.0, 'E': 0.5}
 ---> Allowed dirs based on Complex Trend are: ['NW', 'N', 'NE']
 ---> Direction NW ok (last was NW)! -- [Last 10: ['N', 'N', 'N', 'N', 'N', 'NW', 'NE', 'NW', 'NW', 'NW']]
 * Selected element is (4, 1) with value 5.9
Next element is NW with direction 5.9
New matrix will be centered on 141,35 with depth 5.9
TREND IS ('NW', {'NW': 5, 'N': 7.0, 'NE': 1, 'W': 2.5, 'E': 0.5}) --- (['N', 'N', 'N', 'N', 'NW', 'NE', 'NW', 'NW', 'NW', 'NW'])
============================================================
Iteration 97 with LAT_IDX: 141 and LON_IDX: 35 with DEPTH 5.9003725
 * Adding to the thalweg 141, 35 (depth 5.9)... Let's look at his neighborhood...
 * The extracted matrix is:
[LINE 4]		nan 		5.56		5.57		5.52		5.5 		
[LINE 3]		nan 		nan 		5.77		5.76		5.68		
[LINE 2]		nan 		nan 		-inf		5.88		5.78		
[LINE 1]		nan 		nan 		nan 		5.89		5.78		
[LINE 0]		nan 		nan 		nan 		-inf		5.67		
 * Ranking:
 ---> {'coords': (1, 3), 'dir': 'SE', 'score': 0}
 ---> {'coords': (1, 3), 'dir': 'SE', 'score': 0}
 ---> {'coords': (2, 3), 'dir': 'E', 'score': 0}
 ---> {'coords': (2, 3), 'dir': 'E', 'score': 0}
 * Selected, based on ranking: {'coords': (1, 3), 'dir': 'SE', 'score': 0}
 * The candidate has value 5.89 and coords (1, 3)
 * Checking direction:
 ---> Trend is: NW
 ---> Complex Trend is: {'NW': 5, 'N': 7.0, 'NE': 1, 'W': 2.5, 'E': 0.5}
 ---> Allowed dirs based on Complex Trend are: ['NW', 'N', 'NE']
 ---> Direction SE IS NOT ok! Last was NW [last 10: ['N', 'N', 'N', 'N', 'NW', 'NE', 'NW', 'NW', 'NW', 'NW']] -- Modifying matrix...
[LINE 4]		nan 		5.56		5.57		5.52		5.5 		
[LINE 3]		nan 		nan 		5.77		5.76		5.68		
[LINE 2]		nan 		nan 		-inf		5.88		5.78		
[LINE 1]		nan 		nan 		nan 		nan 		5.78		
[LINE 0]		nan 		nan 		nan 		-inf		5.67		
 * Ranking:
 ---> {'coords': (1, 4), 'dir': 'SE', 'score': 0}
 ---> {'coords': (1, 4), 'dir': 'SE', 'score': 0}
 ---> {'coords': (2, 3), 'dir': 'E', 'score': 0}
 ---> {'coords': (2, 3), 'dir': 'E', 'score': 0}
 ---> {'coords': (2, 4), 'dir': 'E', 'score': 0}
 ---> {'coords': (2, 4), 'dir': 'E', 'score': 0}
 * Selected, based on ranking: {'coords': (1, 4), 'dir': 'SE', 'score': 0}
 * The candidate has value 5.88 and coords (1, 4)
 * Checking direction:
 ---> Trend is: NW
 ---> Complex Trend is: {'NW': 5, 'N': 7.0, 'NE': 1, 'W': 2.5, 'E': 0.5}
 ---> Allowed dirs based on Complex Trend are: ['NW', 'N', 'NE']
 ---> Direction SE IS NOT ok! Last was NW [last 10: ['N', 'N', 'N', 'N', 'NW', 'NE', 'NW', 'NW', 'NW', 'NW']] -- Modifying matrix...
[LINE 4]		nan 		5.56		5.57		5.52		5.5 		
[LINE 3]		nan 		nan 		5.77		5.76		5.68		
[LINE 2]		nan 		nan 		-inf		5.88		5.78		
[LINE 1]		nan 		nan 		nan 		nan 		nan 		
[LINE 0]		nan 		nan 		nan 		-inf		5.67		
 * Ranking:
 ---> {'coords': (2, 3), 'dir': 'E', 'score': 0}
 ---> {'coords': (2, 3), 'dir': 'E', 'score': 0}
 ---> {'coords': (2, 4), 'dir': 'E', 'score': 0}
 ---> {'coords': (2, 4), 'dir': 'E', 'score': 0}
 * Selected, based on ranking: {'coords': (2, 3), 'dir': 'E', 'score': 0}
 * The candidate has value 5.88 and coords (2, 3)
 * Checking direction:
 ---> Trend is: NW
 ---> Complex Trend is: {'NW': 5, 'N': 7.0, 'NE': 1, 'W': 2.5, 'E': 0.5}
 ---> Allowed dirs based on Complex Trend are: ['NW', 'N', 'NE']
 ---> Direction E IS NOT ok! Last was NW [last 10: ['N', 'N', 'N', 'N', 'NW', 'NE', 'NW', 'NW', 'NW', 'NW']] -- Modifying matrix...
[LINE 4]		nan 		5.56		5.57		5.52		5.5 		
[LINE 3]		nan 		nan 		5.77		5.76		5.68		
[LINE 2]		nan 		nan 		-inf		nan 		5.78		
[LINE 1]		nan 		nan 		nan 		nan 		nan 		
[LINE 0]		nan 		nan 		nan 		-inf		5.67		
 * Ranking:
 ---> {'coords': (2, 4), 'dir': 'E', 'score': 0}
 ---> {'coords': (2, 4), 'dir': 'E', 'score': 0}
 ---> {'coords': (3, 2), 'dir': 'N', 'score': 15}
 ---> {'coords': (3, 2), 'dir': 'N', 'score': 15}
 ---> {'coords': (3, 3), 'dir': 'NE', 'score': 11}
 ---> {'coords': (3, 3), 'dir': 'NE', 'score': 11}
 * Selected, based on ranking: {'coords': (3, 2), 'dir': 'N', 'score': 15}
 * The candidate has value 5.78 and coords (3, 2)
 * Checking direction:
 ---> Trend is: NW
 ---> Complex Trend is: {'NW': 5, 'N': 7.0, 'NE': 1, 'W': 2.5, 'E': 0.5}
 ---> Allowed dirs based on Complex Trend are: ['NW', 'N', 'NE']
 ---> Direction N ok (last was NW)! -- [Last 10: ['N', 'N', 'N', 'N', 'NW', 'NE', 'NW', 'NW', 'NW', 'NW']]
 * Selected element is (3, 2) with value 5.78
Next element is N with direction 5.77
New matrix will be centered on 142,35 with depth 5.77
TREND IS ('NW', {'NW': 5, 'N': 7.0, 'NE': 1, 'W': 2.5, 'E': 0.5}) --- (['N', 'N', 'N', 'NW', 'NE', 'NW', 'NW', 'NW', 'NW', 'N'])
============================================================
Iteration 98 with LAT_IDX: 142 and LON_IDX: 35 with DEPTH 5.772637
 * Adding to the thalweg 142, 35 (depth 5.77)... Let's look at his neighborhood...
 * The extracted matrix is:
[LINE 4]		5.02		5.24		5.27		5.27		5.29		
[LINE 3]		nan 		5.56		5.57		5.52		5.5 		
[LINE 2]		nan 		nan 		-inf		5.76		5.68		
[LINE 1]		nan 		nan 		-inf		5.88		5.78		
[LINE 0]		nan 		nan 		nan 		5.89		5.78		
 * Ranking:
 ---> {'coords': (0, 3), 'dir': 'SE', 'score': 0}
 ---> {'coords': (0, 3), 'dir': 'SE', 'score': 0}
 ---> {'coords': (1, 3), 'dir': 'SE', 'score': 0}
 ---> {'coords': (1, 3), 'dir': 'SE', 'score': 0}
 * Selected, based on ranking: {'coords': (0, 3), 'dir': 'SE', 'score': 0}
 * The candidate has value 5.89 and coords (0, 3)
 * Checking direction:
 ---> Trend is: NW
 ---> Complex Trend is: {'NW': 5, 'N': 7.0, 'NE': 1, 'W': 2.5, 'E': 0.5}
 ---> Allowed dirs based on Complex Trend are: ['NW', 'N', 'NE']
 ---> Direction SE IS NOT ok! Last was N [last 10: ['N', 'N', 'N', 'NW', 'NE', 'NW', 'NW', 'NW', 'NW', 'N']] -- Modifying matrix...
[LINE 4]		5.02		5.24		5.27		5.27		5.29		
[LINE 3]		nan 		5.56		5.57		5.52		5.5 		
[LINE 2]		nan 		nan 		-inf		5.76		5.68		
[LINE 1]		nan 		nan 		-inf		5.88		5.78		
[LINE 0]		nan 		nan 		nan 		nan 		5.78		
 * Ranking:
 ---> {'coords': (0, 4), 'dir': 'SE', 'score': 0}
 ---> {'coords': (0, 4), 'dir': 'SE', 'score': 0}
 ---> {'coords': (1, 3), 'dir': 'SE', 'score': 0}
 ---> {'coords': (1, 3), 'dir': 'SE', 'score': 0}
 ---> {'coords': (1, 4), 'dir': 'SE', 'score': 0}
 ---> {'coords': (1, 4), 'dir': 'SE', 'score': 0}
 * Selected, based on ranking: {'coords': (0, 4), 'dir': 'SE', 'score': 0}
 * The candidate has value 5.88 and coords (0, 4)
 * Checking direction:
 ---> Trend is: NW
 ---> Complex Trend is: {'NW': 5, 'N': 7.0, 'NE': 1, 'W': 2.5, 'E': 0.5}
 ---> Allowed dirs based on Complex Trend are: ['NW', 'N', 'NE']
 ---> Direction SE IS NOT ok! Last was N [last 10: ['N', 'N', 'N', 'NW', 'NE', 'NW', 'NW', 'NW', 'NW', 'N']] -- Modifying matrix...
[LINE 4]		5.02		5.24		5.27		5.27		5.29		
[LINE 3]		nan 		5.56		5.57		5.52		5.5 		
[LINE 2]		nan 		nan 		-inf		5.76		5.68		
[LINE 1]		nan 		nan 		-inf		5.88		5.78		
[LINE 0]		nan 		nan 		nan 		nan 		nan 		
 * Ranking:
 ---> {'coords': (1, 3), 'dir': 'SE', 'score': 0}
 ---> {'coords': (1, 3), 'dir': 'SE', 'score': 0}
 ---> {'coords': (1, 4), 'dir': 'SE', 'score': 0}
 ---> {'coords': (1, 4), 'dir': 'SE', 'score': 0}
 * Selected, based on ranking: {'coords': (1, 3), 'dir': 'SE', 'score': 0}
 * The candidate has value 5.88 and coords (1, 3)
 * Checking direction:
 ---> Trend is: NW
 ---> Complex Trend is: {'NW': 5, 'N': 7.0, 'NE': 1, 'W': 2.5, 'E': 0.5}
 ---> Allowed dirs based on Complex Trend are: ['NW', 'N', 'NE']
 ---> Direction SE IS NOT ok! Last was N [last 10: ['N', 'N', 'N', 'NW', 'NE', 'NW', 'NW', 'NW', 'NW', 'N']] -- Modifying matrix...
[LINE 4]		5.02		5.24		5.27		5.27		5.29		
[LINE 3]		nan 		5.56		5.57		5.52		5.5 		
[LINE 2]		nan 		nan 		-inf		5.76		5.68		
[LINE 1]		nan 		nan 		-inf		nan 		5.78		
[LINE 0]		nan 		nan 		nan 		nan 		nan 		
 * Ranking:
 ---> {'coords': (1, 4), 'dir': 'SE', 'score': 0}
 ---> {'coords': (1, 4), 'dir': 'SE', 'score': 0}
 ---> {'coords': (2, 3), 'dir': 'E', 'score': 1}
 ---> {'coords': (2, 3), 'dir': 'E', 'score': 1}
 * Selected, based on ranking: {'coords': (2, 3), 'dir': 'E', 'score': 1}
 * The candidate has value 5.78 and coords (2, 3)
 * Checking direction:
 ---> Trend is: NW
 ---> Complex Trend is: {'NW': 5, 'N': 7.0, 'NE': 1, 'W': 2.5, 'E': 0.5}
 ---> Allowed dirs based on Complex Trend are: ['NW', 'N', 'NE']
 ---> Direction E IS NOT ok! Last was N [last 10: ['N', 'N', 'N', 'NW', 'NE', 'NW', 'NW', 'NW', 'NW', 'N']] -- Modifying matrix...
[LINE 4]		5.02		5.24		5.27		5.27		5.29		
[LINE 3]		nan 		5.56		5.57		5.52		5.5 		
[LINE 2]		nan 		nan 		-inf		nan 		5.68		
[LINE 1]		nan 		nan 		-inf		nan 		5.78		
[LINE 0]		nan 		nan 		nan 		nan 		nan 		
 * Ranking:
 ---> {'coords': (1, 4), 'dir': 'SE', 'score': 0}
 ---> {'coords': (1, 4), 'dir': 'SE', 'score': 0}
 * Selected, based on ranking: {'coords': (1, 4), 'dir': 'SE', 'score': 0}
 * The candidate has value 5.78 and coords (1, 4)
 * Checking direction:
 ---> Trend is: NW
 ---> Complex Trend is: {'NW': 5, 'N': 7.0, 'NE': 1, 'W': 2.5, 'E': 0.5}
 ---> Allowed dirs based on Complex Trend are: ['NW', 'N', 'NE']
 ---> Direction SE IS NOT ok! Last was N [last 10: ['N', 'N', 'N', 'NW', 'NE', 'NW', 'NW', 'NW', 'NW', 'N']] -- Modifying matrix...
[LINE 4]		5.02		5.24		5.27		5.27		5.29		
[LINE 3]		nan 		5.56		5.57		5.52		5.5 		
[LINE 2]		nan 		nan 		-inf		nan 		5.68		
[LINE 1]		nan 		nan 		-inf		nan 		nan 		
[LINE 0]		nan 		nan 		nan 		nan 		nan 		
 * Ranking:
 ---> {'coords': (2, 4), 'dir': 'E', 'score': 1}
 ---> {'coords': (2, 4), 'dir': 'E', 'score': 1}
 * Selected, based on ranking: {'coords': (2, 4), 'dir': 'E', 'score': 1}
 * The candidate has value 5.68 and coords (2, 4)
 * Checking direction:
 ---> Trend is: NW
 ---> Complex Trend is: {'NW': 5, 'N': 7.0, 'NE': 1, 'W': 2.5, 'E': 0.5}
 ---> Allowed dirs based on Complex Trend are: ['NW', 'N', 'NE']
 ---> Direction E IS NOT ok! Last was N [last 10: ['N', 'N', 'N', 'NW', 'NE', 'NW', 'NW', 'NW', 'NW', 'N']] -- Modifying matrix...
[LINE 4]		5.02		5.24		5.27		5.27		5.29		
[LINE 3]		nan 		5.56		5.57		5.52		5.5 		
[LINE 2]		nan 		nan 		-inf		nan 		nan 		
[LINE 1]		nan 		nan 		-inf		nan 		nan 		
[LINE 0]		nan 		nan 		nan 		nan 		nan 		
 * Ranking:
 ---> {'coords': (3, 1), 'dir': 'NW', 'score': 15}
 ---> {'coords': (3, 1), 'dir': 'NW', 'score': 15}
 ---> {'coords': (3, 2), 'dir': 'N', 'score': 19}
 ---> {'coords': (3, 2), 'dir': 'N', 'score': 19}
 ---> {'coords': (3, 3), 'dir': 'NE', 'score': 15}
 ---> {'coords': (3, 3), 'dir': 'NE', 'score': 15}
 ---> {'coords': (3, 4), 'dir': 'NE', 'score': 15}
 ---> {'coords': (3, 4), 'dir': 'NE', 'score': 15}
 * Selected, based on ranking: {'coords': (3, 2), 'dir': 'N', 'score': 19}
 * The candidate has value 5.57 and coords (3, 2)
 * Checking direction:
 ---> Trend is: NW
 ---> Complex Trend is: {'NW': 5, 'N': 7.0, 'NE': 1, 'W': 2.5, 'E': 0.5}
 ---> Allowed dirs based on Complex Trend are: ['NW', 'N', 'NE']
 ---> Direction N ok (last was N)! -- [Last 10: ['N', 'N', 'N', 'NW', 'NE', 'NW', 'NW', 'NW', 'NW', 'N']]
 * Selected element is (3, 2) with value 5.57
Next element is N with direction 5.57
New matrix will be centered on 143,35 with depth 5.57
TREND IS ('NW', {'NW': 5, 'N': 7.0, 'NE': 1, 'W': 2.5, 'E': 0.5}) --- (['N', 'N', 'NW', 'NE', 'NW', 'NW', 'NW', 'NW', 'N', 'N'])
============================================================
Iteration 99 with LAT_IDX: 143 and LON_IDX: 35 with DEPTH 5.5660033
 * Adding to the thalweg 143, 35 (depth 5.57)... Let's look at his neighborhood...
 * The extracted matrix is:
[LINE 4]		4.69		4.82		4.92		5.01		nan 		
[LINE 3]		5.02		5.24		5.27		5.27		5.29		
[LINE 2]		nan 		5.56		-inf		5.52		5.5 		
[LINE 1]		nan 		nan 		-inf		5.76		5.68		
[LINE 0]		nan 		nan 		-inf		5.88		5.78		
 * Ranking:
 ---> {'coords': (0, 3), 'dir': 'SE', 'score': 0}
 ---> {'coords': (0, 3), 'dir': 'SE', 'score': 0}
 ---> {'coords': (0, 4), 'dir': 'SE', 'score': 0}
 ---> {'coords': (0, 4), 'dir': 'SE', 'score': 0}
 * Selected, based on ranking: {'coords': (0, 3), 'dir': 'SE', 'score': 0}
 * The candidate has value 5.88 and coords (0, 3)
 * Checking direction:
 ---> Trend is: NW
 ---> Complex Trend is: {'NW': 5, 'N': 7.0, 'NE': 1, 'W': 2.5, 'E': 0.5}
 ---> Allowed dirs based on Complex Trend are: ['NW', 'N', 'NE']
 ---> Direction SE IS NOT ok! Last was N [last 10: ['N', 'N', 'NW', 'NE', 'NW', 'NW', 'NW', 'NW', 'N', 'N']] -- Modifying matrix...
[LINE 4]		4.69		4.82		4.92		5.01		nan 		
[LINE 3]		5.02		5.24		5.27		5.27		5.29		
[LINE 2]		nan 		5.56		-inf		5.52		5.5 		
[LINE 1]		nan 		nan 		-inf		5.76		5.68		
[LINE 0]		nan 		nan 		-inf		nan 		5.78		
 * Ranking:
 ---> {'coords': (0, 4), 'dir': 'SE', 'score': 0}
 ---> {'coords': (0, 4), 'dir': 'SE', 'score': 0}
 ---> {'coords': (1, 3), 'dir': 'SE', 'score': 0}
 ---> {'coords': (1, 3), 'dir': 'SE', 'score': 0}
 * Selected, based on ranking: {'coords': (0, 4), 'dir': 'SE', 'score': 0}
 * The candidate has value 5.78 and coords (0, 4)
 * Checking direction:
 ---> Trend is: NW
 ---> Complex Trend is: {'NW': 5, 'N': 7.0, 'NE': 1, 'W': 2.5, 'E': 0.5}
 ---> Allowed dirs based on Complex Trend are: ['NW', 'N', 'NE']
 ---> Direction SE IS NOT ok! Last was N [last 10: ['N', 'N', 'NW', 'NE', 'NW', 'NW', 'NW', 'NW', 'N', 'N']] -- Modifying matrix...
[LINE 4]		4.69		4.82		4.92		5.01		nan 		
[LINE 3]		5.02		5.24		5.27		5.27		5.29		
[LINE 2]		nan 		5.56		-inf		5.52		5.5 		
[LINE 1]		nan 		nan 		-inf		5.76		5.68		
[LINE 0]		nan 		nan 		-inf		nan 		nan 		
 * Ranking:
 ---> {'coords': (1, 3), 'dir': 'SE', 'score': 0}
 ---> {'coords': (1, 3), 'dir': 'SE', 'score': 0}
 ---> {'coords': (1, 4), 'dir': 'SE', 'score': 0}
 ---> {'coords': (1, 4), 'dir': 'SE', 'score': 0}
 * Selected, based on ranking: {'coords': (1, 3), 'dir': 'SE', 'score': 0}
 * The candidate has value 5.76 and coords (1, 3)
 * Checking direction:
 ---> Trend is: NW
 ---> Complex Trend is: {'NW': 5, 'N': 7.0, 'NE': 1, 'W': 2.5, 'E': 0.5}
 ---> Allowed dirs based on Complex Trend are: ['NW', 'N', 'NE']
 ---> Direction SE IS NOT ok! Last was N [last 10: ['N', 'N', 'NW', 'NE', 'NW', 'NW', 'NW', 'NW', 'N', 'N']] -- Modifying matrix...
[LINE 4]		4.69		4.82		4.92		5.01		nan 		
[LINE 3]		5.02		5.24		5.27		5.27		5.29		
[LINE 2]		nan 		5.56		-inf		5.52		5.5 		
[LINE 1]		nan 		nan 		-inf		nan 		5.68		
[LINE 0]		nan 		nan 		-inf		nan 		nan 		
 * Ranking:
 ---> {'coords': (1, 4), 'dir': 'SE', 'score': 0}
 ---> {'coords': (1, 4), 'dir': 'SE', 'score': 0}
 * Selected, based on ranking: {'coords': (1, 4), 'dir': 'SE', 'score': 0}
 * The candidate has value 5.68 and coords (1, 4)
 * Checking direction:
 ---> Trend is: NW
 ---> Complex Trend is: {'NW': 5, 'N': 7.0, 'NE': 1, 'W': 2.5, 'E': 0.5}
 ---> Allowed dirs based on Complex Trend are: ['NW', 'N', 'NE']
 ---> Direction SE IS NOT ok! Last was N [last 10: ['N', 'N', 'NW', 'NE', 'NW', 'NW', 'NW', 'NW', 'N', 'N']] -- Modifying matrix...
[LINE 4]		4.69		4.82		4.92		5.01		nan 		
[LINE 3]		5.02		5.24		5.27		5.27		5.29		
[LINE 2]		nan 		5.56		-inf		5.52		5.5 		
[LINE 1]		nan 		nan 		-inf		nan 		nan 		
[LINE 0]		nan 		nan 		-inf		nan 		nan 		
 * Ranking:
 ---> {'coords': (2, 1), 'dir': 'W', 'score': 1}
 ---> {'coords': (2, 1), 'dir': 'W', 'score': 1}
 ---> {'coords': (2, 3), 'dir': 'E', 'score': 1}
 ---> {'coords': (2, 3), 'dir': 'E', 'score': 1}
 ---> {'coords': (2, 4), 'dir': 'E', 'score': 1}
 ---> {'coords': (2, 4), 'dir': 'E', 'score': 1}
 * Selected, based on ranking: {'coords': (2, 1), 'dir': 'W', 'score': 1}
 * The candidate has value 5.56 and coords (2, 1)
 * Checking direction:
 ---> Trend is: NW
 ---> Complex Trend is: {'NW': 5, 'N': 7.0, 'NE': 1, 'W': 2.5, 'E': 0.5}
 ---> Allowed dirs based on Complex Trend are: ['NW', 'N', 'NE']
 ---> Direction W IS NOT ok! Last was N [last 10: ['N', 'N', 'NW', 'NE', 'NW', 'NW', 'NW', 'NW', 'N', 'N']] -- Modifying matrix...
[LINE 4]		4.69		4.82		4.92		5.01		nan 		
[LINE 3]		5.02		5.24		5.27		5.27		5.29		
[LINE 2]		nan 		nan 		-inf		5.52		5.5 		
[LINE 1]		nan 		nan 		-inf		nan 		nan 		
[LINE 0]		nan 		nan 		-inf		nan 		nan 		
 * Ranking:
 ---> {'coords': (2, 3), 'dir': 'E', 'score': 1}
 ---> {'coords': (2, 3), 'dir': 'E', 'score': 1}
 ---> {'coords': (2, 4), 'dir': 'E', 'score': 1}
 ---> {'coords': (2, 4), 'dir': 'E', 'score': 1}
 * Selected, based on ranking: {'coords': (2, 3), 'dir': 'E', 'score': 1}
 * The candidate has value 5.52 and coords (2, 3)
 * Checking direction:
 ---> Trend is: NW
 ---> Complex Trend is: {'NW': 5, 'N': 7.0, 'NE': 1, 'W': 2.5, 'E': 0.5}
 ---> Allowed dirs based on Complex Trend are: ['NW', 'N', 'NE']
 ---> Direction E IS NOT ok! Last was N [last 10: ['N', 'N', 'NW', 'NE', 'NW', 'NW', 'NW', 'NW', 'N', 'N']] -- Modifying matrix...
[LINE 4]		4.69		4.82		4.92		5.01		nan 		
[LINE 3]		5.02		5.24		5.27		5.27		5.29		
[LINE 2]		nan 		nan 		-inf		nan 		5.5 		
[LINE 1]		nan 		nan 		-inf		nan 		nan 		
[LINE 0]		nan 		nan 		-inf		nan 		nan 		
 * Ranking:
 ---> {'coords': (2, 4), 'dir': 'E', 'score': 1}
 ---> {'coords': (2, 4), 'dir': 'E', 'score': 1}
 * Selected, based on ranking: {'coords': (2, 4), 'dir': 'E', 'score': 1}
 * The candidate has value 5.5 and coords (2, 4)
 * Checking direction:
 ---> Trend is: NW
 ---> Complex Trend is: {'NW': 5, 'N': 7.0, 'NE': 1, 'W': 2.5, 'E': 0.5}
 ---> Allowed dirs based on Complex Trend are: ['NW', 'N', 'NE']
 ---> Direction E IS NOT ok! Last was N [last 10: ['N', 'N', 'NW', 'NE', 'NW', 'NW', 'NW', 'NW', 'N', 'N']] -- Modifying matrix...
[LINE 4]		4.69		4.82		4.92		5.01		nan 		
[LINE 3]		5.02		5.24		5.27		5.27		5.29		
[LINE 2]		nan 		nan 		-inf		nan 		nan 		
[LINE 1]		nan 		nan 		-inf		nan 		nan 		
[LINE 0]		nan 		nan 		-inf		nan 		nan 		
 * Ranking:
 ---> {'coords': (3, 1), 'dir': 'NW', 'score': 15}
 ---> {'coords': (3, 1), 'dir': 'NW', 'score': 15}
 ---> {'coords': (3, 2), 'dir': 'N', 'score': 19}
 ---> {'coords': (3, 2), 'dir': 'N', 'score': 19}
 ---> {'coords': (3, 3), 'dir': 'NE', 'score': 15}
 ---> {'coords': (3, 3), 'dir': 'NE', 'score': 15}
 ---> {'coords': (3, 4), 'dir': 'NE', 'score': 15}
 ---> {'coords': (3, 4), 'dir': 'NE', 'score': 15}
 * Selected, based on ranking: {'coords': (3, 2), 'dir': 'N', 'score': 19}
 * The candidate has value 5.29 and coords (3, 2)
 * Checking direction:
 ---> Trend is: NW
 ---> Complex Trend is: {'NW': 5, 'N': 7.0, 'NE': 1, 'W': 2.5, 'E': 0.5}
 ---> Allowed dirs based on Complex Trend are: ['NW', 'N', 'NE']
 ---> Direction N ok (last was N)! -- [Last 10: ['N', 'N', 'NW', 'NE', 'NW', 'NW', 'NW', 'NW', 'N', 'N']]
 * Selected element is (3, 2) with value 5.29
Next element is N with direction 5.27
New matrix will be centered on 144,35 with depth 5.27
TREND IS ('NW', {'NW': 5, 'N': 7.0, 'NE': 1, 'W': 2.5, 'E': 0.5}) --- (['N', 'NW', 'NE', 'NW', 'NW', 'NW', 'NW', 'N', 'N', 'N'])
============================================================
Iteration 100 with LAT_IDX: 144 and LON_IDX: 35 with DEPTH 5.267317
 * Adding to the thalweg 144, 35 (depth 5.27)... Let's look at his neighborhood...
 * The extracted matrix is:
[LINE 4]		4.32		4.28		4.43		nan 		nan 		
[LINE 3]		4.69		4.82		4.92		5.01		nan 		
[LINE 2]		5.02		5.24		-inf		5.27		5.29		
[LINE 1]		nan 		5.56		-inf		5.52		5.5 		
[LINE 0]		nan 		nan 		-inf		5.76		5.68		
 * Ranking:
 ---> {'coords': (0, 3), 'dir': 'SE', 'score': 0}
 ---> {'coords': (0, 3), 'dir': 'SE', 'score': 0}
 ---> {'coords': (0, 4), 'dir': 'SE', 'score': 0}
 ---> {'coords': (0, 4), 'dir': 'SE', 'score': 0}
 * Selected, based on ranking: {'coords': (0, 3), 'dir': 'SE', 'score': 0}
 * The candidate has value 5.76 and coords (0, 3)
 * Checking direction:
 ---> Trend is: NW
 ---> Complex Trend is: {'NW': 5, 'N': 7.0, 'NE': 1, 'W': 2.5, 'E': 0.5}
 ---> Allowed dirs based on Complex Trend are: ['NW', 'N', 'NE']
 ---> Direction SE IS NOT ok! Last was N [last 10: ['N', 'NW', 'NE', 'NW', 'NW', 'NW', 'NW', 'N', 'N', 'N']] -- Modifying matrix...
[LINE 4]		4.32		4.28		4.43		nan 		nan 		
[LINE 3]		4.69		4.82		4.92		5.01		nan 		
[LINE 2]		5.02		5.24		-inf		5.27		5.29		
[LINE 1]		nan 		5.56		-inf		5.52		5.5 		
[LINE 0]		nan 		nan 		-inf		nan 		5.68		
 * Ranking:
 ---> {'coords': (0, 4), 'dir': 'SE', 'score': 0}
 ---> {'coords': (0, 4), 'dir': 'SE', 'score': 0}
 * Selected, based on ranking: {'coords': (0, 4), 'dir': 'SE', 'score': 0}
 * The candidate has value 5.68 and coords (0, 4)
 * Checking direction:
 ---> Trend is: NW
 ---> Complex Trend is: {'NW': 5, 'N': 7.0, 'NE': 1, 'W': 2.5, 'E': 0.5}
 ---> Allowed dirs based on Complex Trend are: ['NW', 'N', 'NE']
 ---> Direction SE IS NOT ok! Last was N [last 10: ['N', 'NW', 'NE', 'NW', 'NW', 'NW', 'NW', 'N', 'N', 'N']] -- Modifying matrix...
[LINE 4]		4.32		4.28		4.43		nan 		nan 		
[LINE 3]		4.69		4.82		4.92		5.01		nan 		
[LINE 2]		5.02		5.24		-inf		5.27		5.29		
[LINE 1]		nan 		5.56		-inf		5.52		5.5 		
[LINE 0]		nan 		nan 		-inf		nan 		nan 		
 * Ranking:
 ---> {'coords': (1, 1), 'dir': 'SW', 'score': 0}
 ---> {'coords': (1, 1), 'dir': 'SW', 'score': 0}
 ---> {'coords': (1, 3), 'dir': 'SE', 'score': 0}
 ---> {'coords': (1, 3), 'dir': 'SE', 'score': 0}
 ---> {'coords': (1, 4), 'dir': 'SE', 'score': 0}
 ---> {'coords': (1, 4), 'dir': 'SE', 'score': 0}
 * Selected, based on ranking: {'coords': (1, 1), 'dir': 'SW', 'score': 0}
 * The candidate has value 5.56 and coords (1, 1)
 * Checking direction:
 ---> Trend is: NW
 ---> Complex Trend is: {'NW': 5, 'N': 7.0, 'NE': 1, 'W': 2.5, 'E': 0.5}
 ---> Allowed dirs based on Complex Trend are: ['NW', 'N', 'NE']
 ---> Direction SW IS NOT ok! Last was N [last 10: ['N', 'NW', 'NE', 'NW', 'NW', 'NW', 'NW', 'N', 'N', 'N']] -- Modifying matrix...
[LINE 4]		4.32		4.28		4.43		nan 		nan 		
[LINE 3]		4.69		4.82		4.92		5.01		nan 		
[LINE 2]		5.02		5.24		-inf		5.27		5.29		
[LINE 1]		nan 		nan 		-inf		5.52		5.5 		
[LINE 0]		nan 		nan 		-inf		nan 		nan 		
 * Ranking:
 ---> {'coords': (1, 3), 'dir': 'SE', 'score': 0}
 ---> {'coords': (1, 3), 'dir': 'SE', 'score': 0}
 ---> {'coords': (1, 4), 'dir': 'SE', 'score': 0}
 ---> {'coords': (1, 4), 'dir': 'SE', 'score': 0}
 * Selected, based on ranking: {'coords': (1, 3), 'dir': 'SE', 'score': 0}
 * The candidate has value 5.52 and coords (1, 3)
 * Checking direction:
 ---> Trend is: NW
 ---> Complex Trend is: {'NW': 5, 'N': 7.0, 'NE': 1, 'W': 2.5, 'E': 0.5}
 ---> Allowed dirs based on Complex Trend are: ['NW', 'N', 'NE']
 ---> Direction SE IS NOT ok! Last was N [last 10: ['N', 'NW', 'NE', 'NW', 'NW', 'NW', 'NW', 'N', 'N', 'N']] -- Modifying matrix...
[LINE 4]		4.32		4.28		4.43		nan 		nan 		
[LINE 3]		4.69		4.82		4.92		5.01		nan 		
[LINE 2]		5.02		5.24		-inf		5.27		5.29		
[LINE 1]		nan 		nan 		-inf		nan 		5.5 		
[LINE 0]		nan 		nan 		-inf		nan 		nan 		
 * Ranking:
 ---> {'coords': (1, 4), 'dir': 'SE', 'score': 0}
 ---> {'coords': (1, 4), 'dir': 'SE', 'score': 0}
 * Selected, based on ranking: {'coords': (1, 4), 'dir': 'SE', 'score': 0}
 * The candidate has value 5.5 and coords (1, 4)
 * Checking direction:
 ---> Trend is: NW
 ---> Complex Trend is: {'NW': 5, 'N': 7.0, 'NE': 1, 'W': 2.5, 'E': 0.5}
 ---> Allowed dirs based on Complex Trend are: ['NW', 'N', 'NE']
 ---> Direction SE IS NOT ok! Last was N [last 10: ['N', 'NW', 'NE', 'NW', 'NW', 'NW', 'NW', 'N', 'N', 'N']] -- Modifying matrix...
[LINE 4]		4.32		4.28		4.43		nan 		nan 		
[LINE 3]		4.69		4.82		4.92		5.01		nan 		
[LINE 2]		5.02		5.24		-inf		5.27		5.29		
[LINE 1]		nan 		nan 		-inf		nan 		nan 		
[LINE 0]		nan 		nan 		-inf		nan 		nan 		
 * Ranking:
 ---> {'coords': (2, 1), 'dir': 'W', 'score': 1}
 ---> {'coords': (2, 1), 'dir': 'W', 'score': 1}
 ---> {'coords': (2, 3), 'dir': 'E', 'score': 1}
 ---> {'coords': (2, 3), 'dir': 'E', 'score': 1}
 ---> {'coords': (2, 4), 'dir': 'E', 'score': 1}
 ---> {'coords': (2, 4), 'dir': 'E', 'score': 1}
 * Selected, based on ranking: {'coords': (2, 1), 'dir': 'W', 'score': 1}
 * The candidate has value 5.29 and coords (2, 1)
 * Checking direction:
 ---> Trend is: NW
 ---> Complex Trend is: {'NW': 5, 'N': 7.0, 'NE': 1, 'W': 2.5, 'E': 0.5}
 ---> Allowed dirs based on Complex Trend are: ['NW', 'N', 'NE']
 ---> Direction W IS NOT ok! Last was N [last 10: ['N', 'NW', 'NE', 'NW', 'NW', 'NW', 'NW', 'N', 'N', 'N']] -- Modifying matrix...
[LINE 4]		4.32		4.28		4.43		nan 		nan 		
[LINE 3]		4.69		4.82		4.92		5.01		nan 		
[LINE 2]		5.02		nan 		-inf		5.27		5.29		
[LINE 1]		nan 		nan 		-inf		nan 		nan 		
[LINE 0]		nan 		nan 		-inf		nan 		nan 		
 * Ranking:
 ---> {'coords': (2, 3), 'dir': 'E', 'score': 1}
 ---> {'coords': (2, 3), 'dir': 'E', 'score': 1}
 ---> {'coords': (2, 4), 'dir': 'E', 'score': 1}
 ---> {'coords': (2, 4), 'dir': 'E', 'score': 1}
 * Selected, based on ranking: {'coords': (2, 3), 'dir': 'E', 'score': 1}
 * The candidate has value 5.29 and coords (2, 3)
 * Checking direction:
 ---> Trend is: NW
 ---> Complex Trend is: {'NW': 5, 'N': 7.0, 'NE': 1, 'W': 2.5, 'E': 0.5}
 ---> Allowed dirs based on Complex Trend are: ['NW', 'N', 'NE']
 ---> Direction E IS NOT ok! Last was N [last 10: ['N', 'NW', 'NE', 'NW', 'NW', 'NW', 'NW', 'N', 'N', 'N']] -- Modifying matrix...
[LINE 4]		4.32		4.28		4.43		nan 		nan 		
[LINE 3]		4.69		4.82		4.92		5.01		nan 		
[LINE 2]		5.02		nan 		-inf		nan 		5.29		
[LINE 1]		nan 		nan 		-inf		nan 		nan 		
[LINE 0]		nan 		nan 		-inf		nan 		nan 		
 * Ranking:
 ---> {'coords': (2, 4), 'dir': 'E', 'score': 1}
 ---> {'coords': (2, 4), 'dir': 'E', 'score': 1}
 * Selected, based on ranking: {'coords': (2, 4), 'dir': 'E', 'score': 1}
 * The candidate has value 5.29 and coords (2, 4)
 * Checking direction:
 ---> Trend is: NW
 ---> Complex Trend is: {'NW': 5, 'N': 7.0, 'NE': 1, 'W': 2.5, 'E': 0.5}
 ---> Allowed dirs based on Complex Trend are: ['NW', 'N', 'NE']
 ---> Direction E IS NOT ok! Last was N [last 10: ['N', 'NW', 'NE', 'NW', 'NW', 'NW', 'NW', 'N', 'N', 'N']] -- Modifying matrix...
[LINE 4]		4.32		4.28		4.43		nan 		nan 		
[LINE 3]		4.69		4.82		4.92		5.01		nan 		
[LINE 2]		5.02		nan 		-inf		nan 		nan 		
[LINE 1]		nan 		nan 		-inf		nan 		nan 		
[LINE 0]		nan 		nan 		-inf		nan 		nan 		
 * Ranking:
 ---> {'coords': (2, 0), 'dir': 'W', 'score': 1}
 ---> {'coords': (2, 0), 'dir': 'W', 'score': 1}
 ---> {'coords': (3, 2), 'dir': 'N', 'score': 19}
 ---> {'coords': (3, 2), 'dir': 'N', 'score': 19}
 ---> {'coords': (3, 3), 'dir': 'NE', 'score': 15}
 ---> {'coords': (3, 3), 'dir': 'NE', 'score': 15}
 * Selected, based on ranking: {'coords': (3, 2), 'dir': 'N', 'score': 19}
 * The candidate has value 5.02 and coords (3, 2)
 * Checking direction:
 ---> Trend is: NW
 ---> Complex Trend is: {'NW': 5, 'N': 7.0, 'NE': 1, 'W': 2.5, 'E': 0.5}
 ---> Allowed dirs based on Complex Trend are: ['NW', 'N', 'NE']
 ---> Direction N ok (last was N)! -- [Last 10: ['N', 'NW', 'NE', 'NW', 'NW', 'NW', 'NW', 'N', 'N', 'N']]
 * Selected element is (3, 2) with value 5.02
Next element is N with direction 4.92
New matrix will be centered on 145,35 with depth 4.92
TREND IS ('NW', {'NW': 5, 'N': 7.0, 'NE': 1, 'W': 2.5, 'E': 0.5}) --- (['NW', 'NE', 'NW', 'NW', 'NW', 'NW', 'N', 'N', 'N', 'N'])
============================================================
Iteration 101 with LAT_IDX: 145 and LON_IDX: 35 with DEPTH 4.9167027
 * Adding to the thalweg 145, 35 (depth 4.92)... Let's look at his neighborhood...
 * The extracted matrix is:
[LINE 4]		3.52		3.62		3.84		nan 		nan 		
[LINE 3]		4.32		4.28		4.43		nan 		nan 		
[LINE 2]		4.69		4.82		-inf		5.01		nan 		
[LINE 1]		5.02		5.24		-inf		5.27		5.29		
[LINE 0]		nan 		5.56		-inf		5.52		5.5 		
 * Ranking:
 ---> {'coords': (0, 1), 'dir': 'SW', 'score': 0}
 ---> {'coords': (0, 1), 'dir': 'SW', 'score': 0}
 ---> {'coords': (0, 3), 'dir': 'SE', 'score': 0}
 ---> {'coords': (0, 3), 'dir': 'SE', 'score': 0}
 ---> {'coords': (0, 4), 'dir': 'SE', 'score': 0}
 ---> {'coords': (0, 4), 'dir': 'SE', 'score': 0}
 * Selected, based on ranking: {'coords': (0, 1), 'dir': 'SW', 'score': 0}
 * The candidate has value 5.56 and coords (0, 1)
 * Checking direction:
 ---> Trend is: NW
 ---> Complex Trend is: {'NW': 5, 'N': 7.0, 'NE': 1, 'W': 2.5, 'E': 0.5}
 ---> Allowed dirs based on Complex Trend are: ['NW', 'N', 'NE']
 ---> Direction SW IS NOT ok! Last was N [last 10: ['NW', 'NE', 'NW', 'NW', 'NW', 'NW', 'N', 'N', 'N', 'N']] -- Modifying matrix...
[LINE 4]		3.52		3.62		3.84		nan 		nan 		
[LINE 3]		4.32		4.28		4.43		nan 		nan 		
[LINE 2]		4.69		4.82		-inf		5.01		nan 		
[LINE 1]		5.02		5.24		-inf		5.27		5.29		
[LINE 0]		nan 		nan 		-inf		5.52		5.5 		
 * Ranking:
 ---> {'coords': (0, 3), 'dir': 'SE', 'score': 0}
 ---> {'coords': (0, 3), 'dir': 'SE', 'score': 0}
 ---> {'coords': (0, 4), 'dir': 'SE', 'score': 0}
 ---> {'coords': (0, 4), 'dir': 'SE', 'score': 0}
 * Selected, based on ranking: {'coords': (0, 3), 'dir': 'SE', 'score': 0}
 * The candidate has value 5.52 and coords (0, 3)
 * Checking direction:
 ---> Trend is: NW
 ---> Complex Trend is: {'NW': 5, 'N': 7.0, 'NE': 1, 'W': 2.5, 'E': 0.5}
 ---> Allowed dirs based on Complex Trend are: ['NW', 'N', 'NE']
 ---> Direction SE IS NOT ok! Last was N [last 10: ['NW', 'NE', 'NW', 'NW', 'NW', 'NW', 'N', 'N', 'N', 'N']] -- Modifying matrix...
[LINE 4]		3.52		3.62		3.84		nan 		nan 		
[LINE 3]		4.32		4.28		4.43		nan 		nan 		
[LINE 2]		4.69		4.82		-inf		5.01		nan 		
[LINE 1]		5.02		5.24		-inf		5.27		5.29		
[LINE 0]		nan 		nan 		-inf		nan 		5.5 		
 * Ranking:
 ---> {'coords': (0, 4), 'dir': 'SE', 'score': 0}
 ---> {'coords': (0, 4), 'dir': 'SE', 'score': 0}
 * Selected, based on ranking: {'coords': (0, 4), 'dir': 'SE', 'score': 0}
 * The candidate has value 5.5 and coords (0, 4)
 * Checking direction:
 ---> Trend is: NW
 ---> Complex Trend is: {'NW': 5, 'N': 7.0, 'NE': 1, 'W': 2.5, 'E': 0.5}
 ---> Allowed dirs based on Complex Trend are: ['NW', 'N', 'NE']
 ---> Direction SE IS NOT ok! Last was N [last 10: ['NW', 'NE', 'NW', 'NW', 'NW', 'NW', 'N', 'N', 'N', 'N']] -- Modifying matrix...
[LINE 4]		3.52		3.62		3.84		nan 		nan 		
[LINE 3]		4.32		4.28		4.43		nan 		nan 		
[LINE 2]		4.69		4.82		-inf		5.01		nan 		
[LINE 1]		5.02		5.24		-inf		5.27		5.29		
[LINE 0]		nan 		nan 		-inf		nan 		nan 		
 * Ranking:
 ---> {'coords': (1, 1), 'dir': 'SW', 'score': 0}
 ---> {'coords': (1, 1), 'dir': 'SW', 'score': 0}
 ---> {'coords': (1, 3), 'dir': 'SE', 'score': 0}
 ---> {'coords': (1, 3), 'dir': 'SE', 'score': 0}
 ---> {'coords': (1, 4), 'dir': 'SE', 'score': 0}
 ---> {'coords': (1, 4), 'dir': 'SE', 'score': 0}
 * Selected, based on ranking: {'coords': (1, 1), 'dir': 'SW', 'score': 0}
 * The candidate has value 5.29 and coords (1, 1)
 * Checking direction:
 ---> Trend is: NW
 ---> Complex Trend is: {'NW': 5, 'N': 7.0, 'NE': 1, 'W': 2.5, 'E': 0.5}
 ---> Allowed dirs based on Complex Trend are: ['NW', 'N', 'NE']
 ---> Direction SW IS NOT ok! Last was N [last 10: ['NW', 'NE', 'NW', 'NW', 'NW', 'NW', 'N', 'N', 'N', 'N']] -- Modifying matrix...
[LINE 4]		3.52		3.62		3.84		nan 		nan 		
[LINE 3]		4.32		4.28		4.43		nan 		nan 		
[LINE 2]		4.69		4.82		-inf		5.01		nan 		
[LINE 1]		5.02		nan 		-inf		5.27		5.29		
[LINE 0]		nan 		nan 		-inf		nan 		nan 		
 * Ranking:
 ---> {'coords': (1, 3), 'dir': 'SE', 'score': 0}
 ---> {'coords': (1, 3), 'dir': 'SE', 'score': 0}
 ---> {'coords': (1, 4), 'dir': 'SE', 'score': 0}
 ---> {'coords': (1, 4), 'dir': 'SE', 'score': 0}
 * Selected, based on ranking: {'coords': (1, 3), 'dir': 'SE', 'score': 0}
 * The candidate has value 5.29 and coords (1, 3)
 * Checking direction:
 ---> Trend is: NW
 ---> Complex Trend is: {'NW': 5, 'N': 7.0, 'NE': 1, 'W': 2.5, 'E': 0.5}
 ---> Allowed dirs based on Complex Trend are: ['NW', 'N', 'NE']
 ---> Direction SE IS NOT ok! Last was N [last 10: ['NW', 'NE', 'NW', 'NW', 'NW', 'NW', 'N', 'N', 'N', 'N']] -- Modifying matrix...
[LINE 4]		3.52		3.62		3.84		nan 		nan 		
[LINE 3]		4.32		4.28		4.43		nan 		nan 		
[LINE 2]		4.69		4.82		-inf		5.01		nan 		
[LINE 1]		5.02		nan 		-inf		nan 		5.29		
[LINE 0]		nan 		nan 		-inf		nan 		nan 		
 * Ranking:
 ---> {'coords': (1, 4), 'dir': 'SE', 'score': 0}
 ---> {'coords': (1, 4), 'dir': 'SE', 'score': 0}
 * Selected, based on ranking: {'coords': (1, 4), 'dir': 'SE', 'score': 0}
 * The candidate has value 5.29 and coords (1, 4)
 * Checking direction:
 ---> Trend is: NW
 ---> Complex Trend is: {'NW': 5, 'N': 7.0, 'NE': 1, 'W': 2.5, 'E': 0.5}
 ---> Allowed dirs based on Complex Trend are: ['NW', 'N', 'NE']
 ---> Direction SE IS NOT ok! Last was N [last 10: ['NW', 'NE', 'NW', 'NW', 'NW', 'NW', 'N', 'N', 'N', 'N']] -- Modifying matrix...
[LINE 4]		3.52		3.62		3.84		nan 		nan 		
[LINE 3]		4.32		4.28		4.43		nan 		nan 		
[LINE 2]		4.69		4.82		-inf		5.01		nan 		
[LINE 1]		5.02		nan 		-inf		nan 		nan 		
[LINE 0]		nan 		nan 		-inf		nan 		nan 		
 * Ranking:
 ---> {'coords': (1, 0), 'dir': 'SW', 'score': 0}
 ---> {'coords': (1, 0), 'dir': 'SW', 'score': 0}
 ---> {'coords': (2, 3), 'dir': 'E', 'score': 1}
 ---> {'coords': (2, 3), 'dir': 'E', 'score': 1}
 * Selected, based on ranking: {'coords': (2, 3), 'dir': 'E', 'score': 1}
 * The candidate has value 5.02 and coords (2, 3)
 * Checking direction:
 ---> Trend is: NW
 ---> Complex Trend is: {'NW': 5, 'N': 7.0, 'NE': 1, 'W': 2.5, 'E': 0.5}
 ---> Allowed dirs based on Complex Trend are: ['NW', 'N', 'NE']
 ---> Direction E IS NOT ok! Last was N [last 10: ['NW', 'NE', 'NW', 'NW', 'NW', 'NW', 'N', 'N', 'N', 'N']] -- Modifying matrix...
[LINE 4]		3.52		3.62		3.84		nan 		nan 		
[LINE 3]		4.32		4.28		4.43		nan 		nan 		
[LINE 2]		4.69		4.82		-inf		nan 		nan 		
[LINE 1]		5.02		nan 		-inf		nan 		nan 		
[LINE 0]		nan 		nan 		-inf		nan 		nan 		
 * Ranking:
 ---> {'coords': (1, 0), 'dir': 'SW', 'score': 0}
 ---> {'coords': (1, 0), 'dir': 'SW', 'score': 0}
 * Selected, based on ranking: {'coords': (1, 0), 'dir': 'SW', 'score': 0}
 * The candidate has value 5.02 and coords (1, 0)
 * Checking direction:
 ---> Trend is: NW
 ---> Complex Trend is: {'NW': 5, 'N': 7.0, 'NE': 1, 'W': 2.5, 'E': 0.5}
 ---> Allowed dirs based on Complex Trend are: ['NW', 'N', 'NE']
 ---> Direction SW IS NOT ok! Last was N [last 10: ['NW', 'NE', 'NW', 'NW', 'NW', 'NW', 'N', 'N', 'N', 'N']] -- Modifying matrix...
[LINE 4]		3.52		3.62		3.84		nan 		nan 		
[LINE 3]		4.32		4.28		4.43		nan 		nan 		
[LINE 2]		4.69		4.82		-inf		nan 		nan 		
[LINE 1]		nan 		nan 		-inf		nan 		nan 		
[LINE 0]		nan 		nan 		-inf		nan 		nan 		
 * Ranking:
 ---> {'coords': (2, 1), 'dir': 'W', 'score': 1}
 ---> {'coords': (2, 1), 'dir': 'W', 'score': 1}
 * Selected, based on ranking: {'coords': (2, 1), 'dir': 'W', 'score': 1}
 * The candidate has value 4.82 and coords (2, 1)
 * Checking direction:
 ---> Trend is: NW
 ---> Complex Trend is: {'NW': 5, 'N': 7.0, 'NE': 1, 'W': 2.5, 'E': 0.5}
 ---> Allowed dirs based on Complex Trend are: ['NW', 'N', 'NE']
 ---> Direction W IS NOT ok! Last was N [last 10: ['NW', 'NE', 'NW', 'NW', 'NW', 'NW', 'N', 'N', 'N', 'N']] -- Modifying matrix...
[LINE 4]		3.52		3.62		3.84		nan 		nan 		
[LINE 3]		4.32		4.28		4.43		nan 		nan 		
[LINE 2]		4.69		nan 		-inf		nan 		nan 		
[LINE 1]		nan 		nan 		-inf		nan 		nan 		
[LINE 0]		nan 		nan 		-inf		nan 		nan 		
 * Ranking:
 ---> {'coords': (2, 0), 'dir': 'W', 'score': 1}
 ---> {'coords': (2, 0), 'dir': 'W', 'score': 1}
 * Selected, based on ranking: {'coords': (2, 0), 'dir': 'W', 'score': 1}
 * The candidate has value 4.69 and coords (2, 0)
 * Checking direction:
 ---> Trend is: NW
 ---> Complex Trend is: {'NW': 5, 'N': 7.0, 'NE': 1, 'W': 2.5, 'E': 0.5}
 ---> Allowed dirs based on Complex Trend are: ['NW', 'N', 'NE']
 ---> Direction W IS NOT ok! Last was N [last 10: ['NW', 'NE', 'NW', 'NW', 'NW', 'NW', 'N', 'N', 'N', 'N']] -- Modifying matrix...
[LINE 4]		3.52		3.62		3.84		nan 		nan 		
[LINE 3]		4.32		4.28		4.43		nan 		nan 		
[LINE 2]		nan 		nan 		-inf		nan 		nan 		
[LINE 1]		nan 		nan 		-inf		nan 		nan 		
[LINE 0]		nan 		nan 		-inf		nan 		nan 		
 * Ranking:
 ---> {'coords': (3, 2), 'dir': 'N', 'score': 19}
 ---> {'coords': (3, 2), 'dir': 'N', 'score': 19}
 * Selected, based on ranking: {'coords': (3, 2), 'dir': 'N', 'score': 19}
 * The candidate has value 4.43 and coords (3, 2)
 * Checking direction:
 ---> Trend is: NW
 ---> Complex Trend is: {'NW': 5, 'N': 7.0, 'NE': 1, 'W': 2.5, 'E': 0.5}
 ---> Allowed dirs based on Complex Trend are: ['NW', 'N', 'NE']
 ---> Direction N ok (last was N)! -- [Last 10: ['NW', 'NE', 'NW', 'NW', 'NW', 'NW', 'N', 'N', 'N', 'N']]
 * Selected element is (3, 2) with value 4.43
Next element is N with direction 4.43
New matrix will be centered on 146,35 with depth 4.43
TREND IS ('N', {'N': 7.5, 'NW': 4, 'NE': 1, 'W': 2.0, 'E': 0.5}) --- (['NE', 'NW', 'NW', 'NW', 'NW', 'N', 'N', 'N', 'N', 'N'])
============================================================
Iteration 102 with LAT_IDX: 146 and LON_IDX: 35 with DEPTH 4.4347143
 * Adding to the thalweg 146, 35 (depth 4.43)... Let's look at his neighborhood...
 * The extracted matrix is:
[LINE 4]		2.71		2.8 		nan 		nan 		nan 		
[LINE 3]		3.52		3.62		3.84		nan 		nan 		
[LINE 2]		4.32		4.28		-inf		nan 		nan 		
[LINE 1]		4.69		4.82		-inf		5.01		nan 		
[LINE 0]		5.02		5.24		-inf		5.27		5.29		
 * Ranking:
 ---> {'coords': (0, 1), 'dir': 'SW', 'score': 0}
 ---> {'coords': (0, 1), 'dir': 'SW', 'score': 0}
 ---> {'coords': (0, 3), 'dir': 'SE', 'score': 0}
 ---> {'coords': (0, 3), 'dir': 'SE', 'score': 0}
 ---> {'coords': (0, 4), 'dir': 'SE', 'score': 0}
 ---> {'coords': (0, 4), 'dir': 'SE', 'score': 0}
 * Selected, based on ranking: {'coords': (0, 1), 'dir': 'SW', 'score': 0}
 * The candidate has value 5.29 and coords (0, 1)
 * Checking direction:
 ---> Trend is: N
 ---> Complex Trend is: {'N': 7.5, 'NW': 4, 'NE': 1, 'W': 2.0, 'E': 0.5}
 ---> Allowed dirs based on Complex Trend are: ['NW', 'N', 'NE']
 ---> Direction SW IS NOT ok! Last was N [last 10: ['NE', 'NW', 'NW', 'NW', 'NW', 'N', 'N', 'N', 'N', 'N']] -- Modifying matrix...
[LINE 4]		2.71		2.8 		nan 		nan 		nan 		
[LINE 3]		3.52		3.62		3.84		nan 		nan 		
[LINE 2]		4.32		4.28		-inf		nan 		nan 		
[LINE 1]		4.69		4.82		-inf		5.01		nan 		
[LINE 0]		5.02		nan 		-inf		5.27		5.29		
 * Ranking:
 ---> {'coords': (0, 3), 'dir': 'SE', 'score': 0}
 ---> {'coords': (0, 3), 'dir': 'SE', 'score': 0}
 ---> {'coords': (0, 4), 'dir': 'SE', 'score': 0}
 ---> {'coords': (0, 4), 'dir': 'SE', 'score': 0}
 * Selected, based on ranking: {'coords': (0, 3), 'dir': 'SE', 'score': 0}
 * The candidate has value 5.29 and coords (0, 3)
 * Checking direction:
 ---> Trend is: N
 ---> Complex Trend is: {'N': 7.5, 'NW': 4, 'NE': 1, 'W': 2.0, 'E': 0.5}
 ---> Allowed dirs based on Complex Trend are: ['NW', 'N', 'NE']
 ---> Direction SE IS NOT ok! Last was N [last 10: ['NE', 'NW', 'NW', 'NW', 'NW', 'N', 'N', 'N', 'N', 'N']] -- Modifying matrix...
[LINE 4]		2.71		2.8 		nan 		nan 		nan 		
[LINE 3]		3.52		3.62		3.84		nan 		nan 		
[LINE 2]		4.32		4.28		-inf		nan 		nan 		
[LINE 1]		4.69		4.82		-inf		5.01		nan 		
[LINE 0]		5.02		nan 		-inf		nan 		5.29		
 * Ranking:
 ---> {'coords': (0, 4), 'dir': 'SE', 'score': 0}
 ---> {'coords': (0, 4), 'dir': 'SE', 'score': 0}
 * Selected, based on ranking: {'coords': (0, 4), 'dir': 'SE', 'score': 0}
 * The candidate has value 5.29 and coords (0, 4)
 * Checking direction:
 ---> Trend is: N
 ---> Complex Trend is: {'N': 7.5, 'NW': 4, 'NE': 1, 'W': 2.0, 'E': 0.5}
 ---> Allowed dirs based on Complex Trend are: ['NW', 'N', 'NE']
 ---> Direction SE IS NOT ok! Last was N [last 10: ['NE', 'NW', 'NW', 'NW', 'NW', 'N', 'N', 'N', 'N', 'N']] -- Modifying matrix...
[LINE 4]		2.71		2.8 		nan 		nan 		nan 		
[LINE 3]		3.52		3.62		3.84		nan 		nan 		
[LINE 2]		4.32		4.28		-inf		nan 		nan 		
[LINE 1]		4.69		4.82		-inf		5.01		nan 		
[LINE 0]		5.02		nan 		-inf		nan 		nan 		
 * Ranking:
 ---> {'coords': (0, 0), 'dir': 'SW', 'score': 0}
 ---> {'coords': (0, 0), 'dir': 'SW', 'score': 0}
 ---> {'coords': (1, 3), 'dir': 'SE', 'score': 0}
 ---> {'coords': (1, 3), 'dir': 'SE', 'score': 0}
 * Selected, based on ranking: {'coords': (0, 0), 'dir': 'SW', 'score': 0}
 * The candidate has value 5.02 and coords (0, 0)
 * Checking direction:
 ---> Trend is: N
 ---> Complex Trend is: {'N': 7.5, 'NW': 4, 'NE': 1, 'W': 2.0, 'E': 0.5}
 ---> Allowed dirs based on Complex Trend are: ['NW', 'N', 'NE']
 ---> Direction SW IS NOT ok! Last was N [last 10: ['NE', 'NW', 'NW', 'NW', 'NW', 'N', 'N', 'N', 'N', 'N']] -- Modifying matrix...
[LINE 4]		2.71		2.8 		nan 		nan 		nan 		
[LINE 3]		3.52		3.62		3.84		nan 		nan 		
[LINE 2]		4.32		4.28		-inf		nan 		nan 		
[LINE 1]		4.69		4.82		-inf		5.01		nan 		
[LINE 0]		nan 		nan 		-inf		nan 		nan 		
 * Ranking:
 ---> {'coords': (1, 3), 'dir': 'SE', 'score': 0}
 ---> {'coords': (1, 3), 'dir': 'SE', 'score': 0}
 * Selected, based on ranking: {'coords': (1, 3), 'dir': 'SE', 'score': 0}
 * The candidate has value 5.01 and coords (1, 3)
 * Checking direction:
 ---> Trend is: N
 ---> Complex Trend is: {'N': 7.5, 'NW': 4, 'NE': 1, 'W': 2.0, 'E': 0.5}
 ---> Allowed dirs based on Complex Trend are: ['NW', 'N', 'NE']
 ---> Direction SE IS NOT ok! Last was N [last 10: ['NE', 'NW', 'NW', 'NW', 'NW', 'N', 'N', 'N', 'N', 'N']] -- Modifying matrix...
[LINE 4]		2.71		2.8 		nan 		nan 		nan 		
[LINE 3]		3.52		3.62		3.84		nan 		nan 		
[LINE 2]		4.32		4.28		-inf		nan 		nan 		
[LINE 1]		4.69		4.82		-inf		nan 		nan 		
[LINE 0]		nan 		nan 		-inf		nan 		nan 		
 * Ranking:
 ---> {'coords': (1, 1), 'dir': 'SW', 'score': 0}
 ---> {'coords': (1, 1), 'dir': 'SW', 'score': 0}
 * Selected, based on ranking: {'coords': (1, 1), 'dir': 'SW', 'score': 0}
 * The candidate has value 4.82 and coords (1, 1)
 * Checking direction:
 ---> Trend is: N
 ---> Complex Trend is: {'N': 7.5, 'NW': 4, 'NE': 1, 'W': 2.0, 'E': 0.5}
 ---> Allowed dirs based on Complex Trend are: ['NW', 'N', 'NE']
 ---> Direction SW IS NOT ok! Last was N [last 10: ['NE', 'NW', 'NW', 'NW', 'NW', 'N', 'N', 'N', 'N', 'N']] -- Modifying matrix...
[LINE 4]		2.71		2.8 		nan 		nan 		nan 		
[LINE 3]		3.52		3.62		3.84		nan 		nan 		
[LINE 2]		4.32		4.28		-inf		nan 		nan 		
[LINE 1]		4.69		nan 		-inf		nan 		nan 		
[LINE 0]		nan 		nan 		-inf		nan 		nan 		
 * Ranking:
 ---> {'coords': (1, 0), 'dir': 'SW', 'score': 0}
 ---> {'coords': (1, 0), 'dir': 'SW', 'score': 0}
 * Selected, based on ranking: {'coords': (1, 0), 'dir': 'SW', 'score': 0}
 * The candidate has value 4.69 and coords (1, 0)
 * Checking direction:
 ---> Trend is: N
 ---> Complex Trend is: {'N': 7.5, 'NW': 4, 'NE': 1, 'W': 2.0, 'E': 0.5}
 ---> Allowed dirs based on Complex Trend are: ['NW', 'N', 'NE']
 ---> Direction SW IS NOT ok! Last was N [last 10: ['NE', 'NW', 'NW', 'NW', 'NW', 'N', 'N', 'N', 'N', 'N']] -- Modifying matrix...
[LINE 4]		2.71		2.8 		nan 		nan 		nan 		
[LINE 3]		3.52		3.62		3.84		nan 		nan 		
[LINE 2]		4.32		4.28		-inf		nan 		nan 		
[LINE 1]		nan 		nan 		-inf		nan 		nan 		
[LINE 0]		nan 		nan 		-inf		nan 		nan 		
 * Ranking:
 ---> {'coords': (2, 0), 'dir': 'W', 'score': 1}
 ---> {'coords': (2, 0), 'dir': 'W', 'score': 1}
 ---> {'coords': (2, 1), 'dir': 'W', 'score': 1}
 ---> {'coords': (2, 1), 'dir': 'W', 'score': 1}
 * Selected, based on ranking: {'coords': (2, 0), 'dir': 'W', 'score': 1}
 * The candidate has value 4.32 and coords (2, 0)
 * Checking direction:
 ---> Trend is: N
 ---> Complex Trend is: {'N': 7.5, 'NW': 4, 'NE': 1, 'W': 2.0, 'E': 0.5}
 ---> Allowed dirs based on Complex Trend are: ['NW', 'N', 'NE']
 ---> Direction W IS NOT ok! Last was N [last 10: ['NE', 'NW', 'NW', 'NW', 'NW', 'N', 'N', 'N', 'N', 'N']] -- Modifying matrix...
[LINE 4]		2.71		2.8 		nan 		nan 		nan 		
[LINE 3]		3.52		3.62		3.84		nan 		nan 		
[LINE 2]		nan 		4.28		-inf		nan 		nan 		
[LINE 1]		nan 		nan 		-inf		nan 		nan 		
[LINE 0]		nan 		nan 		-inf		nan 		nan 		
 * Ranking:
 ---> {'coords': (2, 1), 'dir': 'W', 'score': 1}
 ---> {'coords': (2, 1), 'dir': 'W', 'score': 1}
 * Selected, based on ranking: {'coords': (2, 1), 'dir': 'W', 'score': 1}
 * The candidate has value 4.28 and coords (2, 1)
 * Checking direction:
 ---> Trend is: N
 ---> Complex Trend is: {'N': 7.5, 'NW': 4, 'NE': 1, 'W': 2.0, 'E': 0.5}
 ---> Allowed dirs based on Complex Trend are: ['NW', 'N', 'NE']
 ---> Direction W IS NOT ok! Last was N [last 10: ['NE', 'NW', 'NW', 'NW', 'NW', 'N', 'N', 'N', 'N', 'N']] -- Modifying matrix...
[LINE 4]		2.71		2.8 		nan 		nan 		nan 		
[LINE 3]		3.52		3.62		3.84		nan 		nan 		
[LINE 2]		nan 		nan 		-inf		nan 		nan 		
[LINE 1]		nan 		nan 		-inf		nan 		nan 		
[LINE 0]		nan 		nan 		-inf		nan 		nan 		
 * Ranking:
 ---> {'coords': (3, 2), 'dir': 'N', 'score': 19}
 ---> {'coords': (3, 2), 'dir': 'N', 'score': 19}
 * Selected, based on ranking: {'coords': (3, 2), 'dir': 'N', 'score': 19}
 * The candidate has value 3.84 and coords (3, 2)
 * Checking direction:
 ---> Trend is: N
 ---> Complex Trend is: {'N': 7.5, 'NW': 4, 'NE': 1, 'W': 2.0, 'E': 0.5}
 ---> Allowed dirs based on Complex Trend are: ['NW', 'N', 'NE']
 ---> Direction N ok (last was N)! -- [Last 10: ['NE', 'NW', 'NW', 'NW', 'NW', 'N', 'N', 'N', 'N', 'N']]
 * Selected element is (3, 2) with value 3.84
Next element is N with direction 3.84
New matrix will be centered on 147,35 with depth 3.84
TREND IS ('N', {'N': 8.0, 'NW': 4, 'W': 2.0}) --- (['NW', 'NW', 'NW', 'NW', 'N', 'N', 'N', 'N', 'N', 'N'])
============================================================
Iteration 103 with LAT_IDX: 147 and LON_IDX: 35 with DEPTH 3.8417804
 * Adding to the thalweg 147, 35 (depth 3.84)... Let's look at his neighborhood...
 * The extracted matrix is:
[LINE 4]		2.25		nan 		nan 		nan 		nan 		
[LINE 3]		2.71		2.8 		nan 		nan 		nan 		
[LINE 2]		3.52		3.62		-inf		nan 		nan 		
[LINE 1]		4.32		4.28		-inf		nan 		nan 		
[LINE 0]		4.69		4.82		-inf		5.01		nan 		
 * Ranking:
 ---> {'coords': (0, 3), 'dir': 'SE', 'score': 0}
 ---> {'coords': (0, 3), 'dir': 'SE', 'score': 0}
 * Selected, based on ranking: {'coords': (0, 3), 'dir': 'SE', 'score': 0}
 * The candidate has value 5.01 and coords (0, 3)
 * Checking direction:
 ---> Trend is: N
 ---> Complex Trend is: {'N': 8.0, 'NW': 4, 'W': 2.0}
 ---> Allowed dirs based on Complex Trend are: ['NW', 'N', 'NE']
 ---> Direction SE IS NOT ok! Last was N [last 10: ['NW', 'NW', 'NW', 'NW', 'N', 'N', 'N', 'N', 'N', 'N']] -- Modifying matrix...
[LINE 4]		2.25		nan 		nan 		nan 		nan 		
[LINE 3]		2.71		2.8 		nan 		nan 		nan 		
[LINE 2]		3.52		3.62		-inf		nan 		nan 		
[LINE 1]		4.32		4.28		-inf		nan 		nan 		
[LINE 0]		4.69		4.82		-inf		nan 		nan 		
 * Ranking:
 ---> {'coords': (0, 1), 'dir': 'SW', 'score': 0}
 ---> {'coords': (0, 1), 'dir': 'SW', 'score': 0}
 * Selected, based on ranking: {'coords': (0, 1), 'dir': 'SW', 'score': 0}
 * The candidate has value 4.82 and coords (0, 1)
 * Checking direction:
 ---> Trend is: N
 ---> Complex Trend is: {'N': 8.0, 'NW': 4, 'W': 2.0}
 ---> Allowed dirs based on Complex Trend are: ['NW', 'N', 'NE']
 ---> Direction SW IS NOT ok! Last was N [last 10: ['NW', 'NW', 'NW', 'NW', 'N', 'N', 'N', 'N', 'N', 'N']] -- Modifying matrix...
[LINE 4]		2.25		nan 		nan 		nan 		nan 		
[LINE 3]		2.71		2.8 		nan 		nan 		nan 		
[LINE 2]		3.52		3.62		-inf		nan 		nan 		
[LINE 1]		4.32		4.28		-inf		nan 		nan 		
[LINE 0]		4.69		nan 		-inf		nan 		nan 		
 * Ranking:
 ---> {'coords': (0, 0), 'dir': 'SW', 'score': 0}
 ---> {'coords': (0, 0), 'dir': 'SW', 'score': 0}
 * Selected, based on ranking: {'coords': (0, 0), 'dir': 'SW', 'score': 0}
 * The candidate has value 4.69 and coords (0, 0)
 * Checking direction:
 ---> Trend is: N
 ---> Complex Trend is: {'N': 8.0, 'NW': 4, 'W': 2.0}
 ---> Allowed dirs based on Complex Trend are: ['NW', 'N', 'NE']
 ---> Direction SW IS NOT ok! Last was N [last 10: ['NW', 'NW', 'NW', 'NW', 'N', 'N', 'N', 'N', 'N', 'N']] -- Modifying matrix...
[LINE 4]		2.25		nan 		nan 		nan 		nan 		
[LINE 3]		2.71		2.8 		nan 		nan 		nan 		
[LINE 2]		3.52		3.62		-inf		nan 		nan 		
[LINE 1]		4.32		4.28		-inf		nan 		nan 		
[LINE 0]		nan 		nan 		-inf		nan 		nan 		
 * Ranking:
 ---> {'coords': (1, 0), 'dir': 'SW', 'score': 0}
 ---> {'coords': (1, 0), 'dir': 'SW', 'score': 0}
 ---> {'coords': (1, 1), 'dir': 'SW', 'score': 0}
 ---> {'coords': (1, 1), 'dir': 'SW', 'score': 0}
 * Selected, based on ranking: {'coords': (1, 0), 'dir': 'SW', 'score': 0}
 * The candidate has value 4.32 and coords (1, 0)
 * Checking direction:
 ---> Trend is: N
 ---> Complex Trend is: {'N': 8.0, 'NW': 4, 'W': 2.0}
 ---> Allowed dirs based on Complex Trend are: ['NW', 'N', 'NE']
 ---> Direction SW IS NOT ok! Last was N [last 10: ['NW', 'NW', 'NW', 'NW', 'N', 'N', 'N', 'N', 'N', 'N']] -- Modifying matrix...
[LINE 4]		2.25		nan 		nan 		nan 		nan 		
[LINE 3]		2.71		2.8 		nan 		nan 		nan 		
[LINE 2]		3.52		3.62		-inf		nan 		nan 		
[LINE 1]		nan 		4.28		-inf		nan 		nan 		
[LINE 0]		nan 		nan 		-inf		nan 		nan 		
 * Ranking:
 ---> {'coords': (1, 1), 'dir': 'SW', 'score': 0}
 ---> {'coords': (1, 1), 'dir': 'SW', 'score': 0}
 * Selected, based on ranking: {'coords': (1, 1), 'dir': 'SW', 'score': 0}
 * The candidate has value 4.28 and coords (1, 1)
 * Checking direction:
 ---> Trend is: N
 ---> Complex Trend is: {'N': 8.0, 'NW': 4, 'W': 2.0}
 ---> Allowed dirs based on Complex Trend are: ['NW', 'N', 'NE']
 ---> Direction SW IS NOT ok! Last was N [last 10: ['NW', 'NW', 'NW', 'NW', 'N', 'N', 'N', 'N', 'N', 'N']] -- Modifying matrix...
[LINE 4]		2.25		nan 		nan 		nan 		nan 		
[LINE 3]		2.71		2.8 		nan 		nan 		nan 		
[LINE 2]		3.52		3.62		-inf		nan 		nan 		
[LINE 1]		nan 		nan 		-inf		nan 		nan 		
[LINE 0]		nan 		nan 		-inf		nan 		nan 		
 * Ranking:
 ---> {'coords': (2, 0), 'dir': 'W', 'score': 1}
 ---> {'coords': (2, 0), 'dir': 'W', 'score': 1}
 ---> {'coords': (2, 1), 'dir': 'W', 'score': 1}
 ---> {'coords': (2, 1), 'dir': 'W', 'score': 1}
 * Selected, based on ranking: {'coords': (2, 0), 'dir': 'W', 'score': 1}
 * The candidate has value 3.62 and coords (2, 0)
 * Checking direction:
 ---> Trend is: N
 ---> Complex Trend is: {'N': 8.0, 'NW': 4, 'W': 2.0}
 ---> Allowed dirs based on Complex Trend are: ['NW', 'N', 'NE']
 ---> Direction W IS NOT ok! Last was N [last 10: ['NW', 'NW', 'NW', 'NW', 'N', 'N', 'N', 'N', 'N', 'N']] -- Modifying matrix...
[LINE 4]		2.25		nan 		nan 		nan 		nan 		
[LINE 3]		2.71		2.8 		nan 		nan 		nan 		
[LINE 2]		nan 		3.62		-inf		nan 		nan 		
[LINE 1]		nan 		nan 		-inf		nan 		nan 		
[LINE 0]		nan 		nan 		-inf		nan 		nan 		
 * Ranking:
 ---> {'coords': (2, 1), 'dir': 'W', 'score': 1}
 ---> {'coords': (2, 1), 'dir': 'W', 'score': 1}
 * Selected, based on ranking: {'coords': (2, 1), 'dir': 'W', 'score': 1}
 * The candidate has value 3.62 and coords (2, 1)
 * Checking direction:
 ---> Trend is: N
 ---> Complex Trend is: {'N': 8.0, 'NW': 4, 'W': 2.0}
 ---> Allowed dirs based on Complex Trend are: ['NW', 'N', 'NE']
 ---> Direction W IS NOT ok! Last was N [last 10: ['NW', 'NW', 'NW', 'NW', 'N', 'N', 'N', 'N', 'N', 'N']] -- Modifying matrix...
[LINE 4]		2.25		nan 		nan 		nan 		nan 		
[LINE 3]		2.71		2.8 		nan 		nan 		nan 		
[LINE 2]		nan 		nan 		-inf		nan 		nan 		
[LINE 1]		nan 		nan 		-inf		nan 		nan 		
[LINE 0]		nan 		nan 		-inf		nan 		nan 		
 * Ranking:
 ---> {'coords': (3, 0), 'dir': 'NW', 'score': 15}
 ---> {'coords': (3, 0), 'dir': 'NW', 'score': 15}
 ---> {'coords': (3, 1), 'dir': 'NW', 'score': 15}
 ---> {'coords': (3, 1), 'dir': 'NW', 'score': 15}
 * Selected, based on ranking: {'coords': (3, 0), 'dir': 'NW', 'score': 15}
 * The candidate has value 2.8 and coords (3, 0)
 * Checking direction:
 ---> Trend is: N
 ---> Complex Trend is: {'N': 8.0, 'NW': 4, 'W': 2.0}
 ---> Allowed dirs based on Complex Trend are: ['NW', 'N', 'NE']
 ---> Direction NW ok (last was N)! -- [Last 10: ['NW', 'NW', 'NW', 'NW', 'N', 'N', 'N', 'N', 'N', 'N']]
 * Selected element is (3, 0) with value 2.8
Next element is NW with direction 2.71
New matrix will be centered on 148,33 with depth 2.71
TREND IS ('N', {'N': 8.0, 'NW': 4, 'W': 2.0}) --- (['NW', 'NW', 'NW', 'N', 'N', 'N', 'N', 'N', 'N', 'NW'])
============================================================
Iteration 104 with LAT_IDX: 148 and LON_IDX: 33 with DEPTH 2.711652
 * Adding to the thalweg 148, 33 (depth 2.71)... Let's look at his neighborhood...
 * The extracted matrix is:
[LINE 4]		nan 		nan 		nan 		nan 		nan 		
[LINE 3]		1.95		2.21		2.25		nan 		nan 		
[LINE 2]		2.34		2.65		-inf		2.8 		nan 		
[LINE 1]		2.9 		3.3 		3.52		3.62		-inf		
[LINE 0]		3.52		4.06		4.32		4.28		-inf		
 * Ranking:
 ---> {'coords': (0, 2), 'dir': 'S', 'score': 0}
 ---> {'coords': (0, 2), 'dir': 'S', 'score': 0}
 ---> {'coords': (0, 3), 'dir': 'SE', 'score': 0}
 ---> {'coords': (0, 3), 'dir': 'SE', 'score': 0}
 * Selected, based on ranking: {'coords': (0, 2), 'dir': 'S', 'score': 0}
 * The candidate has value 4.32 and coords (0, 2)
 * Checking direction:
 ---> Trend is: N
 ---> Complex Trend is: {'N': 8.0, 'NW': 4, 'W': 2.0}
 ---> Allowed dirs based on Complex Trend are: ['NW', 'N', 'NE']
 ---> Direction S IS NOT ok! Last was NW [last 10: ['NW', 'NW', 'NW', 'N', 'N', 'N', 'N', 'N', 'N', 'NW']] -- Modifying matrix...
[LINE 4]		nan 		nan 		nan 		nan 		nan 		
[LINE 3]		1.95		2.21		2.25		nan 		nan 		
[LINE 2]		2.34		2.65		-inf		2.8 		nan 		
[LINE 1]		2.9 		3.3 		3.52		3.62		-inf		
[LINE 0]		3.52		4.06		nan 		4.28		-inf		
 * Ranking:
 ---> {'coords': (0, 3), 'dir': 'SE', 'score': 0}
 ---> {'coords': (0, 3), 'dir': 'SE', 'score': 0}
 * Selected, based on ranking: {'coords': (0, 3), 'dir': 'SE', 'score': 0}
 * The candidate has value 4.28 and coords (0, 3)
 * Checking direction:
 ---> Trend is: N
 ---> Complex Trend is: {'N': 8.0, 'NW': 4, 'W': 2.0}
 ---> Allowed dirs based on Complex Trend are: ['NW', 'N', 'NE']
 ---> Direction SE IS NOT ok! Last was NW [last 10: ['NW', 'NW', 'NW', 'N', 'N', 'N', 'N', 'N', 'N', 'NW']] -- Modifying matrix...
[LINE 4]		nan 		nan 		nan 		nan 		nan 		
[LINE 3]		1.95		2.21		2.25		nan 		nan 		
[LINE 2]		2.34		2.65		-inf		2.8 		nan 		
[LINE 1]		2.9 		3.3 		3.52		3.62		-inf		
[LINE 0]		3.52		4.06		nan 		nan 		-inf		
 * Ranking:
 ---> {'coords': (0, 1), 'dir': 'SW', 'score': 1}
 ---> {'coords': (0, 1), 'dir': 'SW', 'score': 1}
 * Selected, based on ranking: {'coords': (0, 1), 'dir': 'SW', 'score': 1}
 * The candidate has value 4.06 and coords (0, 1)
 * Checking direction:
 ---> Trend is: N
 ---> Complex Trend is: {'N': 8.0, 'NW': 4, 'W': 2.0}
 ---> Allowed dirs based on Complex Trend are: ['NW', 'N', 'NE']
 ---> Direction SW IS NOT ok! Last was NW [last 10: ['NW', 'NW', 'NW', 'N', 'N', 'N', 'N', 'N', 'N', 'NW']] -- Modifying matrix...
[LINE 4]		nan 		nan 		nan 		nan 		nan 		
[LINE 3]		1.95		2.21		2.25		nan 		nan 		
[LINE 2]		2.34		2.65		-inf		2.8 		nan 		
[LINE 1]		2.9 		3.3 		3.52		3.62		-inf		
[LINE 0]		3.52		nan 		nan 		nan 		-inf		
 * Ranking:
 ---> {'coords': (0, 0), 'dir': 'SW', 'score': 1}
 ---> {'coords': (0, 0), 'dir': 'SW', 'score': 1}
 ---> {'coords': (1, 2), 'dir': 'S', 'score': 0}
 ---> {'coords': (1, 2), 'dir': 'S', 'score': 0}
 ---> {'coords': (1, 3), 'dir': 'SE', 'score': 0}
 ---> {'coords': (1, 3), 'dir': 'SE', 'score': 0}
 * Selected, based on ranking: {'coords': (0, 0), 'dir': 'SW', 'score': 1}
 * The candidate has value 3.62 and coords (0, 0)
 * Checking direction:
 ---> Trend is: N
 ---> Complex Trend is: {'N': 8.0, 'NW': 4, 'W': 2.0}
 ---> Allowed dirs based on Complex Trend are: ['NW', 'N', 'NE']
 ---> Direction SW IS NOT ok! Last was NW [last 10: ['NW', 'NW', 'NW', 'N', 'N', 'N', 'N', 'N', 'N', 'NW']] -- Modifying matrix...
[LINE 4]		nan 		nan 		nan 		nan 		nan 		
[LINE 3]		1.95		2.21		2.25		nan 		nan 		
[LINE 2]		2.34		2.65		-inf		2.8 		nan 		
[LINE 1]		2.9 		3.3 		3.52		3.62		-inf		
[LINE 0]		nan 		nan 		nan 		nan 		-inf		
 * Ranking:
 ---> {'coords': (1, 2), 'dir': 'S', 'score': 0}
 ---> {'coords': (1, 2), 'dir': 'S', 'score': 0}
 ---> {'coords': (1, 3), 'dir': 'SE', 'score': 0}
 ---> {'coords': (1, 3), 'dir': 'SE', 'score': 0}
 * Selected, based on ranking: {'coords': (1, 2), 'dir': 'S', 'score': 0}
 * The candidate has value 3.62 and coords (1, 2)
 * Checking direction:
 ---> Trend is: N
 ---> Complex Trend is: {'N': 8.0, 'NW': 4, 'W': 2.0}
 ---> Allowed dirs based on Complex Trend are: ['NW', 'N', 'NE']
 ---> Direction S IS NOT ok! Last was NW [last 10: ['NW', 'NW', 'NW', 'N', 'N', 'N', 'N', 'N', 'N', 'NW']] -- Modifying matrix...
[LINE 4]		nan 		nan 		nan 		nan 		nan 		
[LINE 3]		1.95		2.21		2.25		nan 		nan 		
[LINE 2]		2.34		2.65		-inf		2.8 		nan 		
[LINE 1]		2.9 		3.3 		nan 		3.62		-inf		
[LINE 0]		nan 		nan 		nan 		nan 		-inf		
 * Ranking:
 ---> {'coords': (1, 3), 'dir': 'SE', 'score': 0}
 ---> {'coords': (1, 3), 'dir': 'SE', 'score': 0}
 * Selected, based on ranking: {'coords': (1, 3), 'dir': 'SE', 'score': 0}
 * The candidate has value 3.62 and coords (1, 3)
 * Checking direction:
 ---> Trend is: N
 ---> Complex Trend is: {'N': 8.0, 'NW': 4, 'W': 2.0}
 ---> Allowed dirs based on Complex Trend are: ['NW', 'N', 'NE']
 ---> Direction SE IS NOT ok! Last was NW [last 10: ['NW', 'NW', 'NW', 'N', 'N', 'N', 'N', 'N', 'N', 'NW']] -- Modifying matrix...
[LINE 4]		nan 		nan 		nan 		nan 		nan 		
[LINE 3]		1.95		2.21		2.25		nan 		nan 		
[LINE 2]		2.34		2.65		-inf		2.8 		nan 		
[LINE 1]		2.9 		3.3 		nan 		nan 		-inf		
[LINE 0]		nan 		nan 		nan 		nan 		-inf		
 * Ranking:
 ---> {'coords': (1, 1), 'dir': 'SW', 'score': 1}
 ---> {'coords': (1, 1), 'dir': 'SW', 'score': 1}
 * Selected, based on ranking: {'coords': (1, 1), 'dir': 'SW', 'score': 1}
 * The candidate has value 3.3 and coords (1, 1)
 * Checking direction:
 ---> Trend is: N
 ---> Complex Trend is: {'N': 8.0, 'NW': 4, 'W': 2.0}
 ---> Allowed dirs based on Complex Trend are: ['NW', 'N', 'NE']
 ---> Direction SW IS NOT ok! Last was NW [last 10: ['NW', 'NW', 'NW', 'N', 'N', 'N', 'N', 'N', 'N', 'NW']] -- Modifying matrix...
[LINE 4]		nan 		nan 		nan 		nan 		nan 		
[LINE 3]		1.95		2.21		2.25		nan 		nan 		
[LINE 2]		2.34		2.65		-inf		2.8 		nan 		
[LINE 1]		2.9 		nan 		nan 		nan 		-inf		
[LINE 0]		nan 		nan 		nan 		nan 		-inf		
 * Ranking:
 ---> {'coords': (1, 0), 'dir': 'SW', 'score': 1}
 ---> {'coords': (1, 0), 'dir': 'SW', 'score': 1}
 * Selected, based on ranking: {'coords': (1, 0), 'dir': 'SW', 'score': 1}
 * The candidate has value 2.9 and coords (1, 0)
 * Checking direction:
 ---> Trend is: N
 ---> Complex Trend is: {'N': 8.0, 'NW': 4, 'W': 2.0}
 ---> Allowed dirs based on Complex Trend are: ['NW', 'N', 'NE']
 ---> Direction SW IS NOT ok! Last was NW [last 10: ['NW', 'NW', 'NW', 'N', 'N', 'N', 'N', 'N', 'N', 'NW']] -- Modifying matrix...
[LINE 4]		nan 		nan 		nan 		nan 		nan 		
[LINE 3]		1.95		2.21		2.25		nan 		nan 		
[LINE 2]		2.34		2.65		-inf		2.8 		nan 		
[LINE 1]		nan 		nan 		nan 		nan 		-inf		
[LINE 0]		nan 		nan 		nan 		nan 		-inf		
 * Ranking:
 ---> {'coords': (2, 3), 'dir': 'E', 'score': 0}
 ---> {'coords': (2, 3), 'dir': 'E', 'score': 0}
 * Selected, based on ranking: {'coords': (2, 3), 'dir': 'E', 'score': 0}
 * The candidate has value 2.8 and coords (2, 3)
 * Checking direction:
 ---> Trend is: N
 ---> Complex Trend is: {'N': 8.0, 'NW': 4, 'W': 2.0}
 ---> Allowed dirs based on Complex Trend are: ['NW', 'N', 'NE']
 ---> Direction E IS NOT ok! Last was NW [last 10: ['NW', 'NW', 'NW', 'N', 'N', 'N', 'N', 'N', 'N', 'NW']] -- Modifying matrix...
[LINE 4]		nan 		nan 		nan 		nan 		nan 		
[LINE 3]		1.95		2.21		2.25		nan 		nan 		
[LINE 2]		2.34		2.65		-inf		nan 		nan 		
[LINE 1]		nan 		nan 		nan 		nan 		-inf		
[LINE 0]		nan 		nan 		nan 		nan 		-inf		
 * Ranking:
 ---> {'coords': (2, 1), 'dir': 'W', 'score': 5}
 ---> {'coords': (2, 1), 'dir': 'W', 'score': 5}
 * Selected, based on ranking: {'coords': (2, 1), 'dir': 'W', 'score': 5}
 * The candidate has value 2.65 and coords (2, 1)
 * Checking direction:
 ---> Trend is: N
 ---> Complex Trend is: {'N': 8.0, 'NW': 4, 'W': 2.0}
 ---> Allowed dirs based on Complex Trend are: ['NW', 'N', 'NE']
 ---> Direction W IS NOT ok! Last was NW [last 10: ['NW', 'NW', 'NW', 'N', 'N', 'N', 'N', 'N', 'N', 'NW']] -- Modifying matrix...
[LINE 4]		nan 		nan 		nan 		nan 		nan 		
[LINE 3]		1.95		2.21		2.25		nan 		nan 		
[LINE 2]		2.34		nan 		-inf		nan 		nan 		
[LINE 1]		nan 		nan 		nan 		nan 		-inf		
[LINE 0]		nan 		nan 		nan 		nan 		-inf		
 * Ranking:
 ---> {'coords': (2, 0), 'dir': 'W', 'score': 5}
 ---> {'coords': (2, 0), 'dir': 'W', 'score': 5}
 ---> {'coords': (3, 2), 'dir': 'N', 'score': 15}
 ---> {'coords': (3, 2), 'dir': 'N', 'score': 15}
 * Selected, based on ranking: {'coords': (3, 2), 'dir': 'N', 'score': 15}
 * The candidate has value 2.34 and coords (3, 2)
 * Checking direction:
 ---> Trend is: N
 ---> Complex Trend is: {'N': 8.0, 'NW': 4, 'W': 2.0}
 ---> Allowed dirs based on Complex Trend are: ['NW', 'N', 'NE']
 ---> Direction N ok (last was NW)! -- [Last 10: ['NW', 'NW', 'NW', 'N', 'N', 'N', 'N', 'N', 'N', 'NW']]
 * Selected element is (3, 2) with value 2.34
Next element is N with direction 2.25
New matrix will be centered on 149,33 with depth 2.25
TREND IS ('N', {'N': 8.5, 'NW': 3, 'W': 1.5}) --- (['NW', 'NW', 'N', 'N', 'N', 'N', 'N', 'N', 'NW', 'N'])
============================================================
Iteration 105 with LAT_IDX: 149 and LON_IDX: 33 with DEPTH 2.2506528
 * Adding to the thalweg 149, 33 (depth 2.25)... Let's look at his neighborhood...
 * The extracted matrix is:
[LINE 4]		nan 		nan 		nan 		nan 		nan 		
[LINE 3]		nan 		nan 		nan 		nan 		nan 		
[LINE 2]		1.95		2.21		-inf		nan 		nan 		
[LINE 1]		2.34		2.65		-inf		2.8 		nan 		
[LINE 0]		2.9 		3.3 		3.52		3.62		-inf		
 * Ranking:
 ---> {'coords': (0, 2), 'dir': 'S', 'score': 0}
 ---> {'coords': (0, 2), 'dir': 'S', 'score': 0}
 ---> {'coords': (0, 3), 'dir': 'SE', 'score': 0}
 ---> {'coords': (0, 3), 'dir': 'SE', 'score': 0}
 * Selected, based on ranking: {'coords': (0, 2), 'dir': 'S', 'score': 0}
 * The candidate has value 3.62 and coords (0, 2)
 * Checking direction:
 ---> Trend is: N
 ---> Complex Trend is: {'N': 8.5, 'NW': 3, 'W': 1.5}
 ---> Allowed dirs based on Complex Trend are: ['NW', 'N', 'NE']
 ---> Direction S IS NOT ok! Last was N [last 10: ['NW', 'NW', 'N', 'N', 'N', 'N', 'N', 'N', 'NW', 'N']] -- Modifying matrix...
[LINE 4]		nan 		nan 		nan 		nan 		nan 		
[LINE 3]		nan 		nan 		nan 		nan 		nan 		
[LINE 2]		1.95		2.21		-inf		nan 		nan 		
[LINE 1]		2.34		2.65		-inf		2.8 		nan 		
[LINE 0]		2.9 		3.3 		nan 		3.62		-inf		
 * Ranking:
 ---> {'coords': (0, 3), 'dir': 'SE', 'score': 0}
 ---> {'coords': (0, 3), 'dir': 'SE', 'score': 0}
 * Selected, based on ranking: {'coords': (0, 3), 'dir': 'SE', 'score': 0}
 * The candidate has value 3.62 and coords (0, 3)
 * Checking direction:
 ---> Trend is: N
 ---> Complex Trend is: {'N': 8.5, 'NW': 3, 'W': 1.5}
 ---> Allowed dirs based on Complex Trend are: ['NW', 'N', 'NE']
 ---> Direction SE IS NOT ok! Last was N [last 10: ['NW', 'NW', 'N', 'N', 'N', 'N', 'N', 'N', 'NW', 'N']] -- Modifying matrix...
[LINE 4]		nan 		nan 		nan 		nan 		nan 		
[LINE 3]		nan 		nan 		nan 		nan 		nan 		
[LINE 2]		1.95		2.21		-inf		nan 		nan 		
[LINE 1]		2.34		2.65		-inf		2.8 		nan 		
[LINE 0]		2.9 		3.3 		nan 		nan 		-inf		
 * Ranking:
 ---> {'coords': (0, 1), 'dir': 'SW', 'score': 0}
 ---> {'coords': (0, 1), 'dir': 'SW', 'score': 0}
 * Selected, based on ranking: {'coords': (0, 1), 'dir': 'SW', 'score': 0}
 * The candidate has value 3.3 and coords (0, 1)
 * Checking direction:
 ---> Trend is: N
 ---> Complex Trend is: {'N': 8.5, 'NW': 3, 'W': 1.5}
 ---> Allowed dirs based on Complex Trend are: ['NW', 'N', 'NE']
 ---> Direction SW IS NOT ok! Last was N [last 10: ['NW', 'NW', 'N', 'N', 'N', 'N', 'N', 'N', 'NW', 'N']] -- Modifying matrix...
[LINE 4]		nan 		nan 		nan 		nan 		nan 		
[LINE 3]		nan 		nan 		nan 		nan 		nan 		
[LINE 2]		1.95		2.21		-inf		nan 		nan 		
[LINE 1]		2.34		2.65		-inf		2.8 		nan 		
[LINE 0]		2.9 		nan 		nan 		nan 		-inf		
 * Ranking:
 ---> {'coords': (0, 0), 'dir': 'SW', 'score': 0}
 ---> {'coords': (0, 0), 'dir': 'SW', 'score': 0}
 * Selected, based on ranking: {'coords': (0, 0), 'dir': 'SW', 'score': 0}
 * The candidate has value 2.9 and coords (0, 0)
 * Checking direction:
 ---> Trend is: N
 ---> Complex Trend is: {'N': 8.5, 'NW': 3, 'W': 1.5}
 ---> Allowed dirs based on Complex Trend are: ['NW', 'N', 'NE']
 ---> Direction SW IS NOT ok! Last was N [last 10: ['NW', 'NW', 'N', 'N', 'N', 'N', 'N', 'N', 'NW', 'N']] -- Modifying matrix...
[LINE 4]		nan 		nan 		nan 		nan 		nan 		
[LINE 3]		nan 		nan 		nan 		nan 		nan 		
[LINE 2]		1.95		2.21		-inf		nan 		nan 		
[LINE 1]		2.34		2.65		-inf		2.8 		nan 		
[LINE 0]		nan 		nan 		nan 		nan 		-inf		
 * Ranking:
 ---> {'coords': (1, 3), 'dir': 'SE', 'score': 0}
 ---> {'coords': (1, 3), 'dir': 'SE', 'score': 0}
 * Selected, based on ranking: {'coords': (1, 3), 'dir': 'SE', 'score': 0}
 * The candidate has value 2.8 and coords (1, 3)
 * Checking direction:
 ---> Trend is: N
 ---> Complex Trend is: {'N': 8.5, 'NW': 3, 'W': 1.5}
 ---> Allowed dirs based on Complex Trend are: ['NW', 'N', 'NE']
 ---> Direction SE IS NOT ok! Last was N [last 10: ['NW', 'NW', 'N', 'N', 'N', 'N', 'N', 'N', 'NW', 'N']] -- Modifying matrix...
[LINE 4]		nan 		nan 		nan 		nan 		nan 		
[LINE 3]		nan 		nan 		nan 		nan 		nan 		
[LINE 2]		1.95		2.21		-inf		nan 		nan 		
[LINE 1]		2.34		2.65		-inf		nan 		nan 		
[LINE 0]		nan 		nan 		nan 		nan 		-inf		
 * Ranking:
 ---> {'coords': (1, 1), 'dir': 'SW', 'score': 0}
 ---> {'coords': (1, 1), 'dir': 'SW', 'score': 0}
 * Selected, based on ranking: {'coords': (1, 1), 'dir': 'SW', 'score': 0}
 * The candidate has value 2.65 and coords (1, 1)
 * Checking direction:
 ---> Trend is: N
 ---> Complex Trend is: {'N': 8.5, 'NW': 3, 'W': 1.5}
 ---> Allowed dirs based on Complex Trend are: ['NW', 'N', 'NE']
 ---> Direction SW IS NOT ok! Last was N [last 10: ['NW', 'NW', 'N', 'N', 'N', 'N', 'N', 'N', 'NW', 'N']] -- Modifying matrix...
[LINE 4]		nan 		nan 		nan 		nan 		nan 		
[LINE 3]		nan 		nan 		nan 		nan 		nan 		
[LINE 2]		1.95		2.21		-inf		nan 		nan 		
[LINE 1]		2.34		nan 		-inf		nan 		nan 		
[LINE 0]		nan 		nan 		nan 		nan 		-inf		
 * Ranking:
 ---> {'coords': (1, 0), 'dir': 'SW', 'score': 0}
 ---> {'coords': (1, 0), 'dir': 'SW', 'score': 0}
 * Selected, based on ranking: {'coords': (1, 0), 'dir': 'SW', 'score': 0}
 * The candidate has value 2.34 and coords (1, 0)
 * Checking direction:
 ---> Trend is: N
 ---> Complex Trend is: {'N': 8.5, 'NW': 3, 'W': 1.5}
 ---> Allowed dirs based on Complex Trend are: ['NW', 'N', 'NE']
 ---> Direction SW IS NOT ok! Last was N [last 10: ['NW', 'NW', 'N', 'N', 'N', 'N', 'N', 'N', 'NW', 'N']] -- Modifying matrix...
[LINE 4]		nan 		nan 		nan 		nan 		nan 		
[LINE 3]		nan 		nan 		nan 		nan 		nan 		
[LINE 2]		1.95		2.21		-inf		nan 		nan 		
[LINE 1]		nan 		nan 		-inf		nan 		nan 		
[LINE 0]		nan 		nan 		nan 		nan 		-inf		
 * Ranking:
 ---> {'coords': (2, 1), 'dir': 'W', 'score': 1}
 ---> {'coords': (2, 1), 'dir': 'W', 'score': 1}
 * Selected, based on ranking: {'coords': (2, 1), 'dir': 'W', 'score': 1}
 * The candidate has value 2.21 and coords (2, 1)
 * Checking direction:
 ---> Trend is: N
 ---> Complex Trend is: {'N': 8.5, 'NW': 3, 'W': 1.5}
 ---> Allowed dirs based on Complex Trend are: ['NW', 'N', 'NE']
 ---> Direction W IS NOT ok! Last was N [last 10: ['NW', 'NW', 'N', 'N', 'N', 'N', 'N', 'N', 'NW', 'N']] -- Modifying matrix...
[LINE 4]		nan 		nan 		nan 		nan 		nan 		
[LINE 3]		nan 		nan 		nan 		nan 		nan 		
[LINE 2]		1.95		nan 		-inf		nan 		nan 		
[LINE 1]		nan 		nan 		-inf		nan 		nan 		
[LINE 0]		nan 		nan 		nan 		nan 		-inf		
 * Ranking:
 ---> {'coords': (2, 0), 'dir': 'W', 'score': 1}
 ---> {'coords': (2, 0), 'dir': 'W', 'score': 1}
 * Selected, based on ranking: {'coords': (2, 0), 'dir': 'W', 'score': 1}
 * The candidate has value 1.95 and coords (2, 0)
 * Checking direction:
 ---> Trend is: N
 ---> Complex Trend is: {'N': 8.5, 'NW': 3, 'W': 1.5}
 ---> Allowed dirs based on Complex Trend are: ['NW', 'N', 'NE']
 ---> Direction W IS NOT ok! Last was N [last 10: ['NW', 'NW', 'N', 'N', 'N', 'N', 'N', 'N', 'NW', 'N']] -- Modifying matrix...
[LINE 4]		nan 		nan 		nan 		nan 		nan 		
[LINE 3]		nan 		nan 		nan 		nan 		nan 		
[LINE 2]		nan 		nan 		-inf		nan 		nan 		
[LINE 1]		nan 		nan 		-inf		nan 		nan 		
[LINE 0]		nan 		nan 		nan 		nan 		-inf		
SIAMO NEL VALUEERROR
PROVO CON TT 3
 * Ranking:
 ---> {'coords': (0, 2), 'dir': 'S', 'score': 0}
 ---> {'coords': (0, 2), 'dir': 'S', 'score': 0}
 ---> {'coords': (0, 3), 'dir': 'SE', 'score': 0}
 ---> {'coords': (0, 3), 'dir': 'SE', 'score': 0}
 * Selected, based on ranking: {'coords': (0, 2), 'dir': 'S', 'score': 0}
 * The candidate has value 3.62 and coords (0, 2)
 * Checking direction:
 ---> Trend is: N
 ---> Complex Trend is: {'N': 8.5, 'NW': 3, 'W': 1.5}
 ---> Allowed dirs based on Complex Trend are: ['NW', 'N', 'NE', 'W', 'E']
 ---> Direction S IS NOT ok! Last was N [last 10: ['NW', 'NW', 'N', 'N', 'N', 'N', 'N', 'N', 'NW', 'N']] -- Modifying matrix...
[LINE 4]		nan 		nan 		nan 		nan 		nan 		
[LINE 3]		nan 		nan 		nan 		nan 		nan 		
[LINE 2]		1.95		2.21		-inf		nan 		nan 		
[LINE 1]		2.34		2.65		-inf		2.8 		nan 		
[LINE 0]		2.9 		3.3 		nan 		3.62		-inf		
 * Ranking:
 ---> {'coords': (0, 3), 'dir': 'SE', 'score': 0}
 ---> {'coords': (0, 3), 'dir': 'SE', 'score': 0}
 * Selected, based on ranking: {'coords': (0, 3), 'dir': 'SE', 'score': 0}
 * The candidate has value 3.62 and coords (0, 3)
 * Checking direction:
 ---> Trend is: N
 ---> Complex Trend is: {'N': 8.5, 'NW': 3, 'W': 1.5}
 ---> Allowed dirs based on Complex Trend are: ['NW', 'N', 'NE', 'W', 'E']
 ---> Direction SE IS NOT ok! Last was N [last 10: ['NW', 'NW', 'N', 'N', 'N', 'N', 'N', 'N', 'NW', 'N']] -- Modifying matrix...
[LINE 4]		nan 		nan 		nan 		nan 		nan 		
[LINE 3]		nan 		nan 		nan 		nan 		nan 		
[LINE 2]		1.95		2.21		-inf		nan 		nan 		
[LINE 1]		2.34		2.65		-inf		2.8 		nan 		
[LINE 0]		2.9 		3.3 		nan 		nan 		-inf		
 * Ranking:
 ---> {'coords': (0, 1), 'dir': 'SW', 'score': 0}
 ---> {'coords': (0, 1), 'dir': 'SW', 'score': 0}
 * Selected, based on ranking: {'coords': (0, 1), 'dir': 'SW', 'score': 0}
 * The candidate has value 3.3 and coords (0, 1)
 * Checking direction:
 ---> Trend is: N
 ---> Complex Trend is: {'N': 8.5, 'NW': 3, 'W': 1.5}
 ---> Allowed dirs based on Complex Trend are: ['NW', 'N', 'NE', 'W', 'E']
 ---> Direction SW IS NOT ok! Last was N [last 10: ['NW', 'NW', 'N', 'N', 'N', 'N', 'N', 'N', 'NW', 'N']] -- Modifying matrix...
[LINE 4]		nan 		nan 		nan 		nan 		nan 		
[LINE 3]		nan 		nan 		nan 		nan 		nan 		
[LINE 2]		1.95		2.21		-inf		nan 		nan 		
[LINE 1]		2.34		2.65		-inf		2.8 		nan 		
[LINE 0]		2.9 		nan 		nan 		nan 		-inf		
 * Ranking:
 ---> {'coords': (0, 0), 'dir': 'SW', 'score': 0}
 ---> {'coords': (0, 0), 'dir': 'SW', 'score': 0}
 * Selected, based on ranking: {'coords': (0, 0), 'dir': 'SW', 'score': 0}
 * The candidate has value 2.9 and coords (0, 0)
 * Checking direction:
 ---> Trend is: N
 ---> Complex Trend is: {'N': 8.5, 'NW': 3, 'W': 1.5}
 ---> Allowed dirs based on Complex Trend are: ['NW', 'N', 'NE', 'W', 'E']
 ---> Direction SW IS NOT ok! Last was N [last 10: ['NW', 'NW', 'N', 'N', 'N', 'N', 'N', 'N', 'NW', 'N']] -- Modifying matrix...
[LINE 4]		nan 		nan 		nan 		nan 		nan 		
[LINE 3]		nan 		nan 		nan 		nan 		nan 		
[LINE 2]		1.95		2.21		-inf		nan 		nan 		
[LINE 1]		2.34		2.65		-inf		2.8 		nan 		
[LINE 0]		nan 		nan 		nan 		nan 		-inf		
 * Ranking:
 ---> {'coords': (1, 3), 'dir': 'SE', 'score': 0}
 ---> {'coords': (1, 3), 'dir': 'SE', 'score': 0}
 * Selected, based on ranking: {'coords': (1, 3), 'dir': 'SE', 'score': 0}
 * The candidate has value 2.8 and coords (1, 3)
 * Checking direction:
 ---> Trend is: N
 ---> Complex Trend is: {'N': 8.5, 'NW': 3, 'W': 1.5}
 ---> Allowed dirs based on Complex Trend are: ['NW', 'N', 'NE', 'W', 'E']
 ---> Direction SE IS NOT ok! Last was N [last 10: ['NW', 'NW', 'N', 'N', 'N', 'N', 'N', 'N', 'NW', 'N']] -- Modifying matrix...
[LINE 4]		nan 		nan 		nan 		nan 		nan 		
[LINE 3]		nan 		nan 		nan 		nan 		nan 		
[LINE 2]		1.95		2.21		-inf		nan 		nan 		
[LINE 1]		2.34		2.65		-inf		nan 		nan 		
[LINE 0]		nan 		nan 		nan 		nan 		-inf		
 * Ranking:
 ---> {'coords': (1, 1), 'dir': 'SW', 'score': 0}
 ---> {'coords': (1, 1), 'dir': 'SW', 'score': 0}
 * Selected, based on ranking: {'coords': (1, 1), 'dir': 'SW', 'score': 0}
 * The candidate has value 2.65 and coords (1, 1)
 * Checking direction:
 ---> Trend is: N
 ---> Complex Trend is: {'N': 8.5, 'NW': 3, 'W': 1.5}
 ---> Allowed dirs based on Complex Trend are: ['NW', 'N', 'NE', 'W', 'E']
 ---> Direction SW IS NOT ok! Last was N [last 10: ['NW', 'NW', 'N', 'N', 'N', 'N', 'N', 'N', 'NW', 'N']] -- Modifying matrix...
[LINE 4]		nan 		nan 		nan 		nan 		nan 		
[LINE 3]		nan 		nan 		nan 		nan 		nan 		
[LINE 2]		1.95		2.21		-inf		nan 		nan 		
[LINE 1]		2.34		nan 		-inf		nan 		nan 		
[LINE 0]		nan 		nan 		nan 		nan 		-inf		
 * Ranking:
 ---> {'coords': (1, 0), 'dir': 'SW', 'score': 0}
 ---> {'coords': (1, 0), 'dir': 'SW', 'score': 0}
 * Selected, based on ranking: {'coords': (1, 0), 'dir': 'SW', 'score': 0}
 * The candidate has value 2.34 and coords (1, 0)
 * Checking direction:
 ---> Trend is: N
 ---> Complex Trend is: {'N': 8.5, 'NW': 3, 'W': 1.5}
 ---> Allowed dirs based on Complex Trend are: ['NW', 'N', 'NE', 'W', 'E']
 ---> Direction SW IS NOT ok! Last was N [last 10: ['NW', 'NW', 'N', 'N', 'N', 'N', 'N', 'N', 'NW', 'N']] -- Modifying matrix...
[LINE 4]		nan 		nan 		nan 		nan 		nan 		
[LINE 3]		nan 		nan 		nan 		nan 		nan 		
[LINE 2]		1.95		2.21		-inf		nan 		nan 		
[LINE 1]		nan 		nan 		-inf		nan 		nan 		
[LINE 0]		nan 		nan 		nan 		nan 		-inf		
 * Ranking:
 ---> {'coords': (2, 1), 'dir': 'W', 'score': 11}
 ---> {'coords': (2, 1), 'dir': 'W', 'score': 11}
 * Selected, based on ranking: {'coords': (2, 1), 'dir': 'W', 'score': 11}
 * The candidate has value 2.21 and coords (2, 1)
 * Checking direction:
 ---> Trend is: N
 ---> Complex Trend is: {'N': 8.5, 'NW': 3, 'W': 1.5}
 ---> Allowed dirs based on Complex Trend are: ['NW', 'N', 'NE', 'W', 'E']
 ---> Direction W ok (last was N)! -- [Last 10: ['NW', 'NW', 'N', 'N', 'N', 'N', 'N', 'N', 'NW', 'N']]
 * Selected element is (2, 1) with value 2.21
Next element is W with direction 2.21
New matrix will be centered on 149,32 with depth 2.21
TREND IS ('N', {'N': 8.0, 'NW': 2, 'W': 2.0}) --- (['NW', 'N', 'N', 'N', 'N', 'N', 'N', 'NW', 'N', 'W'])
============================================================
Iteration 106 with LAT_IDX: 149 and LON_IDX: 32 with DEPTH 2.2124305
 * Adding to the thalweg 149, 32 (depth 2.21)... Let's look at his neighborhood...
 * The extracted matrix is:
[LINE 4]		nan 		nan 		nan 		nan 		nan 		
[LINE 3]		nan 		nan 		nan 		nan 		nan 		
[LINE 2]		1.77		1.95		-inf		-inf		nan 		
[LINE 1]		2.19		2.34		2.65		-inf		2.8 		
[LINE 0]		2.56		2.9 		3.3 		3.52		3.62		
 * Ranking:
 ---> {'coords': (0, 3), 'dir': 'SE', 'score': 0}
 ---> {'coords': (0, 3), 'dir': 'SE', 'score': 0}
 ---> {'coords': (0, 4), 'dir': 'SE', 'score': 0}
 ---> {'coords': (0, 4), 'dir': 'SE', 'score': 0}
 * Selected, based on ranking: {'coords': (0, 3), 'dir': 'SE', 'score': 0}
 * The candidate has value 3.62 and coords (0, 3)
 * Checking direction:
 ---> Trend is: N
 ---> Complex Trend is: {'N': 8.0, 'NW': 2, 'W': 2.0}
 ---> Allowed dirs based on Complex Trend are: ['NW', 'N', 'NE']
 ---> Direction SE IS NOT ok! Last was W [last 10: ['NW', 'N', 'N', 'N', 'N', 'N', 'N', 'NW', 'N', 'W']] -- Modifying matrix...
[LINE 4]		nan 		nan 		nan 		nan 		nan 		
[LINE 3]		nan 		nan 		nan 		nan 		nan 		
[LINE 2]		1.77		1.95		-inf		-inf		nan 		
[LINE 1]		2.19		2.34		2.65		-inf		2.8 		
[LINE 0]		2.56		2.9 		3.3 		nan 		3.62		
 * Ranking:
 ---> {'coords': (0, 4), 'dir': 'SE', 'score': 0}
 ---> {'coords': (0, 4), 'dir': 'SE', 'score': 0}
 * Selected, based on ranking: {'coords': (0, 4), 'dir': 'SE', 'score': 0}
 * The candidate has value 3.62 and coords (0, 4)
 * Checking direction:
 ---> Trend is: N
 ---> Complex Trend is: {'N': 8.0, 'NW': 2, 'W': 2.0}
 ---> Allowed dirs based on Complex Trend are: ['NW', 'N', 'NE']
 ---> Direction SE IS NOT ok! Last was W [last 10: ['NW', 'N', 'N', 'N', 'N', 'N', 'N', 'NW', 'N', 'W']] -- Modifying matrix...
[LINE 4]		nan 		nan 		nan 		nan 		nan 		
[LINE 3]		nan 		nan 		nan 		nan 		nan 		
[LINE 2]		1.77		1.95		-inf		-inf		nan 		
[LINE 1]		2.19		2.34		2.65		-inf		2.8 		
[LINE 0]		2.56		2.9 		3.3 		nan 		nan 		
 * Ranking:
 ---> {'coords': (0, 2), 'dir': 'S', 'score': 1}
 ---> {'coords': (0, 2), 'dir': 'S', 'score': 1}
 * Selected, based on ranking: {'coords': (0, 2), 'dir': 'S', 'score': 1}
 * The candidate has value 3.3 and coords (0, 2)
 * Checking direction:
 ---> Trend is: N
 ---> Complex Trend is: {'N': 8.0, 'NW': 2, 'W': 2.0}
 ---> Allowed dirs based on Complex Trend are: ['NW', 'N', 'NE']
 ---> Direction S IS NOT ok! Last was W [last 10: ['NW', 'N', 'N', 'N', 'N', 'N', 'N', 'NW', 'N', 'W']] -- Modifying matrix...
[LINE 4]		nan 		nan 		nan 		nan 		nan 		
[LINE 3]		nan 		nan 		nan 		nan 		nan 		
[LINE 2]		1.77		1.95		-inf		-inf		nan 		
[LINE 1]		2.19		2.34		2.65		-inf		2.8 		
[LINE 0]		2.56		2.9 		nan 		nan 		nan 		
 * Ranking:
 ---> {'coords': (0, 1), 'dir': 'SW', 'score': 5}
 ---> {'coords': (0, 1), 'dir': 'SW', 'score': 5}
 * Selected, based on ranking: {'coords': (0, 1), 'dir': 'SW', 'score': 5}
 * The candidate has value 2.9 and coords (0, 1)
 * Checking direction:
 ---> Trend is: N
 ---> Complex Trend is: {'N': 8.0, 'NW': 2, 'W': 2.0}
 ---> Allowed dirs based on Complex Trend are: ['NW', 'N', 'NE']
 ---> Direction SW IS NOT ok! Last was W [last 10: ['NW', 'N', 'N', 'N', 'N', 'N', 'N', 'NW', 'N', 'W']] -- Modifying matrix...
[LINE 4]		nan 		nan 		nan 		nan 		nan 		
[LINE 3]		nan 		nan 		nan 		nan 		nan 		
[LINE 2]		1.77		1.95		-inf		-inf		nan 		
[LINE 1]		2.19		2.34		2.65		-inf		2.8 		
[LINE 0]		2.56		nan 		nan 		nan 		nan 		
 * Ranking:
 ---> {'coords': (1, 4), 'dir': 'SE', 'score': 0}
 ---> {'coords': (1, 4), 'dir': 'SE', 'score': 0}
 * Selected, based on ranking: {'coords': (1, 4), 'dir': 'SE', 'score': 0}
 * The candidate has value 2.8 and coords (1, 4)
 * Checking direction:
 ---> Trend is: N
 ---> Complex Trend is: {'N': 8.0, 'NW': 2, 'W': 2.0}
 ---> Allowed dirs based on Complex Trend are: ['NW', 'N', 'NE']
 ---> Direction SE IS NOT ok! Last was W [last 10: ['NW', 'N', 'N', 'N', 'N', 'N', 'N', 'NW', 'N', 'W']] -- Modifying matrix...
[LINE 4]		nan 		nan 		nan 		nan 		nan 		
[LINE 3]		nan 		nan 		nan 		nan 		nan 		
[LINE 2]		1.77		1.95		-inf		-inf		nan 		
[LINE 1]		2.19		2.34		2.65		-inf		nan 		
[LINE 0]		2.56		nan 		nan 		nan 		nan 		
 * Ranking:
 ---> {'coords': (0, 0), 'dir': 'SW', 'score': 5}
 ---> {'coords': (0, 0), 'dir': 'SW', 'score': 5}
 ---> {'coords': (1, 2), 'dir': 'S', 'score': 1}
 ---> {'coords': (1, 2), 'dir': 'S', 'score': 1}
 * Selected, based on ranking: {'coords': (0, 0), 'dir': 'SW', 'score': 5}
 * The candidate has value 2.65 and coords (0, 0)
 * Checking direction:
 ---> Trend is: N
 ---> Complex Trend is: {'N': 8.0, 'NW': 2, 'W': 2.0}
 ---> Allowed dirs based on Complex Trend are: ['NW', 'N', 'NE']
 ---> Direction SW IS NOT ok! Last was W [last 10: ['NW', 'N', 'N', 'N', 'N', 'N', 'N', 'NW', 'N', 'W']] -- Modifying matrix...
[LINE 4]		nan 		nan 		nan 		nan 		nan 		
[LINE 3]		nan 		nan 		nan 		nan 		nan 		
[LINE 2]		1.77		1.95		-inf		-inf		nan 		
[LINE 1]		2.19		2.34		2.65		-inf		nan 		
[LINE 0]		nan 		nan 		nan 		nan 		nan 		
 * Ranking:
 ---> {'coords': (1, 2), 'dir': 'S', 'score': 1}
 ---> {'coords': (1, 2), 'dir': 'S', 'score': 1}
 * Selected, based on ranking: {'coords': (1, 2), 'dir': 'S', 'score': 1}
 * The candidate has value 2.65 and coords (1, 2)
 * Checking direction:
 ---> Trend is: N
 ---> Complex Trend is: {'N': 8.0, 'NW': 2, 'W': 2.0}
 ---> Allowed dirs based on Complex Trend are: ['NW', 'N', 'NE']
 ---> Direction S IS NOT ok! Last was W [last 10: ['NW', 'N', 'N', 'N', 'N', 'N', 'N', 'NW', 'N', 'W']] -- Modifying matrix...
[LINE 4]		nan 		nan 		nan 		nan 		nan 		
[LINE 3]		nan 		nan 		nan 		nan 		nan 		
[LINE 2]		1.77		1.95		-inf		-inf		nan 		
[LINE 1]		2.19		2.34		nan 		-inf		nan 		
[LINE 0]		nan 		nan 		nan 		nan 		nan 		
 * Ranking:
 ---> {'coords': (1, 1), 'dir': 'SW', 'score': 5}
 ---> {'coords': (1, 1), 'dir': 'SW', 'score': 5}
 * Selected, based on ranking: {'coords': (1, 1), 'dir': 'SW', 'score': 5}
 * The candidate has value 2.34 and coords (1, 1)
 * Checking direction:
 ---> Trend is: N
 ---> Complex Trend is: {'N': 8.0, 'NW': 2, 'W': 2.0}
 ---> Allowed dirs based on Complex Trend are: ['NW', 'N', 'NE']
 ---> Direction SW IS NOT ok! Last was W [last 10: ['NW', 'N', 'N', 'N', 'N', 'N', 'N', 'NW', 'N', 'W']] -- Modifying matrix...
[LINE 4]		nan 		nan 		nan 		nan 		nan 		
[LINE 3]		nan 		nan 		nan 		nan 		nan 		
[LINE 2]		1.77		1.95		-inf		-inf		nan 		
[LINE 1]		2.19		nan 		nan 		-inf		nan 		
[LINE 0]		nan 		nan 		nan 		nan 		nan 		
 * Ranking:
 ---> {'coords': (1, 0), 'dir': 'SW', 'score': 5}
 ---> {'coords': (1, 0), 'dir': 'SW', 'score': 5}
 * Selected, based on ranking: {'coords': (1, 0), 'dir': 'SW', 'score': 5}
 * The candidate has value 2.19 and coords (1, 0)
 * Checking direction:
 ---> Trend is: N
 ---> Complex Trend is: {'N': 8.0, 'NW': 2, 'W': 2.0}
 ---> Allowed dirs based on Complex Trend are: ['NW', 'N', 'NE']
 ---> Direction SW IS NOT ok! Last was W [last 10: ['NW', 'N', 'N', 'N', 'N', 'N', 'N', 'NW', 'N', 'W']] -- Modifying matrix...
[LINE 4]		nan 		nan 		nan 		nan 		nan 		
[LINE 3]		nan 		nan 		nan 		nan 		nan 		
[LINE 2]		1.77		1.95		-inf		-inf		nan 		
[LINE 1]		nan 		nan 		nan 		-inf		nan 		
[LINE 0]		nan 		nan 		nan 		nan 		nan 		
 * Ranking:
 ---> {'coords': (2, 1), 'dir': 'W', 'score': 9}
 ---> {'coords': (2, 1), 'dir': 'W', 'score': 9}
 * Selected, based on ranking: {'coords': (2, 1), 'dir': 'W', 'score': 9}
 * The candidate has value 1.95 and coords (2, 1)
 * Checking direction:
 ---> Trend is: N
 ---> Complex Trend is: {'N': 8.0, 'NW': 2, 'W': 2.0}
 ---> Allowed dirs based on Complex Trend are: ['NW', 'N', 'NE']
 ---> Direction W IS NOT ok! Last was W [last 10: ['NW', 'N', 'N', 'N', 'N', 'N', 'N', 'NW', 'N', 'W']] -- Modifying matrix...
[LINE 4]		nan 		nan 		nan 		nan 		nan 		
[LINE 3]		nan 		nan 		nan 		nan 		nan 		
[LINE 2]		1.77		nan 		-inf		-inf		nan 		
[LINE 1]		nan 		nan 		nan 		-inf		nan 		
[LINE 0]		nan 		nan 		nan 		nan 		nan 		
 * Ranking:
 ---> {'coords': (2, 0), 'dir': 'W', 'score': 9}
 ---> {'coords': (2, 0), 'dir': 'W', 'score': 9}
 * Selected, based on ranking: {'coords': (2, 0), 'dir': 'W', 'score': 9}
 * The candidate has value 1.77 and coords (2, 0)
 * Checking direction:
 ---> Trend is: N
 ---> Complex Trend is: {'N': 8.0, 'NW': 2, 'W': 2.0}
 ---> Allowed dirs based on Complex Trend are: ['NW', 'N', 'NE']
 ---> Direction W IS NOT ok! Last was W [last 10: ['NW', 'N', 'N', 'N', 'N', 'N', 'N', 'NW', 'N', 'W']] -- Modifying matrix...
[LINE 4]		nan 		nan 		nan 		nan 		nan 		
[LINE 3]		nan 		nan 		nan 		nan 		nan 		
[LINE 2]		nan 		nan 		-inf		-inf		nan 		
[LINE 1]		nan 		nan 		nan 		-inf		nan 		
[LINE 0]		nan 		nan 		nan 		nan 		nan 		
SIAMO NEL VALUEERROR
PROVO CON TT 3
 * Ranking:
 ---> {'coords': (0, 3), 'dir': 'SE', 'score': 0}
 ---> {'coords': (0, 3), 'dir': 'SE', 'score': 0}
 ---> {'coords': (0, 4), 'dir': 'SE', 'score': 0}
 ---> {'coords': (0, 4), 'dir': 'SE', 'score': 0}
 * Selected, based on ranking: {'coords': (0, 3), 'dir': 'SE', 'score': 0}
 * The candidate has value 3.62 and coords (0, 3)
 * Checking direction:
 ---> Trend is: N
 ---> Complex Trend is: {'N': 8.0, 'NW': 2, 'W': 2.0}
 ---> Allowed dirs based on Complex Trend are: ['NW', 'N', 'NE', 'W', 'E']
 ---> Direction SE IS NOT ok! Last was W [last 10: ['NW', 'N', 'N', 'N', 'N', 'N', 'N', 'NW', 'N', 'W']] -- Modifying matrix...
[LINE 4]		nan 		nan 		nan 		nan 		nan 		
[LINE 3]		nan 		nan 		nan 		nan 		nan 		
[LINE 2]		1.77		1.95		-inf		-inf		nan 		
[LINE 1]		2.19		2.34		2.65		-inf		2.8 		
[LINE 0]		2.56		2.9 		3.3 		nan 		3.62		
 * Ranking:
 ---> {'coords': (0, 4), 'dir': 'SE', 'score': 0}
 ---> {'coords': (0, 4), 'dir': 'SE', 'score': 0}
 * Selected, based on ranking: {'coords': (0, 4), 'dir': 'SE', 'score': 0}
 * The candidate has value 3.62 and coords (0, 4)
 * Checking direction:
 ---> Trend is: N
 ---> Complex Trend is: {'N': 8.0, 'NW': 2, 'W': 2.0}
 ---> Allowed dirs based on Complex Trend are: ['NW', 'N', 'NE', 'W', 'E']
 ---> Direction SE IS NOT ok! Last was W [last 10: ['NW', 'N', 'N', 'N', 'N', 'N', 'N', 'NW', 'N', 'W']] -- Modifying matrix...
[LINE 4]		nan 		nan 		nan 		nan 		nan 		
[LINE 3]		nan 		nan 		nan 		nan 		nan 		
[LINE 2]		1.77		1.95		-inf		-inf		nan 		
[LINE 1]		2.19		2.34		2.65		-inf		2.8 		
[LINE 0]		2.56		2.9 		3.3 		nan 		nan 		
 * Ranking:
 ---> {'coords': (0, 2), 'dir': 'S', 'score': 1}
 ---> {'coords': (0, 2), 'dir': 'S', 'score': 1}
 * Selected, based on ranking: {'coords': (0, 2), 'dir': 'S', 'score': 1}
 * The candidate has value 3.3 and coords (0, 2)
 * Checking direction:
 ---> Trend is: N
 ---> Complex Trend is: {'N': 8.0, 'NW': 2, 'W': 2.0}
 ---> Allowed dirs based on Complex Trend are: ['NW', 'N', 'NE', 'W', 'E']
 ---> Direction S IS NOT ok! Last was W [last 10: ['NW', 'N', 'N', 'N', 'N', 'N', 'N', 'NW', 'N', 'W']] -- Modifying matrix...
[LINE 4]		nan 		nan 		nan 		nan 		nan 		
[LINE 3]		nan 		nan 		nan 		nan 		nan 		
[LINE 2]		1.77		1.95		-inf		-inf		nan 		
[LINE 1]		2.19		2.34		2.65		-inf		2.8 		
[LINE 0]		2.56		2.9 		nan 		nan 		nan 		
 * Ranking:
 ---> {'coords': (0, 1), 'dir': 'SW', 'score': 5}
 ---> {'coords': (0, 1), 'dir': 'SW', 'score': 5}
 * Selected, based on ranking: {'coords': (0, 1), 'dir': 'SW', 'score': 5}
 * The candidate has value 2.9 and coords (0, 1)
 * Checking direction:
 ---> Trend is: N
 ---> Complex Trend is: {'N': 8.0, 'NW': 2, 'W': 2.0}
 ---> Allowed dirs based on Complex Trend are: ['NW', 'N', 'NE', 'W', 'E']
 ---> Direction SW IS NOT ok! Last was W [last 10: ['NW', 'N', 'N', 'N', 'N', 'N', 'N', 'NW', 'N', 'W']] -- Modifying matrix...
[LINE 4]		nan 		nan 		nan 		nan 		nan 		
[LINE 3]		nan 		nan 		nan 		nan 		nan 		
[LINE 2]		1.77		1.95		-inf		-inf		nan 		
[LINE 1]		2.19		2.34		2.65		-inf		2.8 		
[LINE 0]		2.56		nan 		nan 		nan 		nan 		
 * Ranking:
 ---> {'coords': (1, 4), 'dir': 'SE', 'score': 0}
 ---> {'coords': (1, 4), 'dir': 'SE', 'score': 0}
 * Selected, based on ranking: {'coords': (1, 4), 'dir': 'SE', 'score': 0}
 * The candidate has value 2.8 and coords (1, 4)
 * Checking direction:
 ---> Trend is: N
 ---> Complex Trend is: {'N': 8.0, 'NW': 2, 'W': 2.0}
 ---> Allowed dirs based on Complex Trend are: ['NW', 'N', 'NE', 'W', 'E']
 ---> Direction SE IS NOT ok! Last was W [last 10: ['NW', 'N', 'N', 'N', 'N', 'N', 'N', 'NW', 'N', 'W']] -- Modifying matrix...
[LINE 4]		nan 		nan 		nan 		nan 		nan 		
[LINE 3]		nan 		nan 		nan 		nan 		nan 		
[LINE 2]		1.77		1.95		-inf		-inf		nan 		
[LINE 1]		2.19		2.34		2.65		-inf		nan 		
[LINE 0]		2.56		nan 		nan 		nan 		nan 		
 * Ranking:
 ---> {'coords': (0, 0), 'dir': 'SW', 'score': 5}
 ---> {'coords': (0, 0), 'dir': 'SW', 'score': 5}
 ---> {'coords': (1, 2), 'dir': 'S', 'score': 1}
 ---> {'coords': (1, 2), 'dir': 'S', 'score': 1}
 * Selected, based on ranking: {'coords': (0, 0), 'dir': 'SW', 'score': 5}
 * The candidate has value 2.65 and coords (0, 0)
 * Checking direction:
 ---> Trend is: N
 ---> Complex Trend is: {'N': 8.0, 'NW': 2, 'W': 2.0}
 ---> Allowed dirs based on Complex Trend are: ['NW', 'N', 'NE', 'W', 'E']
 ---> Direction SW IS NOT ok! Last was W [last 10: ['NW', 'N', 'N', 'N', 'N', 'N', 'N', 'NW', 'N', 'W']] -- Modifying matrix...
[LINE 4]		nan 		nan 		nan 		nan 		nan 		
[LINE 3]		nan 		nan 		nan 		nan 		nan 		
[LINE 2]		1.77		1.95		-inf		-inf		nan 		
[LINE 1]		2.19		2.34		2.65		-inf		nan 		
[LINE 0]		nan 		nan 		nan 		nan 		nan 		
 * Ranking:
 ---> {'coords': (1, 2), 'dir': 'S', 'score': 1}
 ---> {'coords': (1, 2), 'dir': 'S', 'score': 1}
 * Selected, based on ranking: {'coords': (1, 2), 'dir': 'S', 'score': 1}
 * The candidate has value 2.65 and coords (1, 2)
 * Checking direction:
 ---> Trend is: N
 ---> Complex Trend is: {'N': 8.0, 'NW': 2, 'W': 2.0}
 ---> Allowed dirs based on Complex Trend are: ['NW', 'N', 'NE', 'W', 'E']
 ---> Direction S IS NOT ok! Last was W [last 10: ['NW', 'N', 'N', 'N', 'N', 'N', 'N', 'NW', 'N', 'W']] -- Modifying matrix...
[LINE 4]		nan 		nan 		nan 		nan 		nan 		
[LINE 3]		nan 		nan 		nan 		nan 		nan 		
[LINE 2]		1.77		1.95		-inf		-inf		nan 		
[LINE 1]		2.19		2.34		nan 		-inf		nan 		
[LINE 0]		nan 		nan 		nan 		nan 		nan 		
 * Ranking:
 ---> {'coords': (1, 1), 'dir': 'SW', 'score': 5}
 ---> {'coords': (1, 1), 'dir': 'SW', 'score': 5}
 * Selected, based on ranking: {'coords': (1, 1), 'dir': 'SW', 'score': 5}
 * The candidate has value 2.34 and coords (1, 1)
 * Checking direction:
 ---> Trend is: N
 ---> Complex Trend is: {'N': 8.0, 'NW': 2, 'W': 2.0}
 ---> Allowed dirs based on Complex Trend are: ['NW', 'N', 'NE', 'W', 'E']
 ---> Direction SW IS NOT ok! Last was W [last 10: ['NW', 'N', 'N', 'N', 'N', 'N', 'N', 'NW', 'N', 'W']] -- Modifying matrix...
[LINE 4]		nan 		nan 		nan 		nan 		nan 		
[LINE 3]		nan 		nan 		nan 		nan 		nan 		
[LINE 2]		1.77		1.95		-inf		-inf		nan 		
[LINE 1]		2.19		nan 		nan 		-inf		nan 		
[LINE 0]		nan 		nan 		nan 		nan 		nan 		
 * Ranking:
 ---> {'coords': (1, 0), 'dir': 'SW', 'score': 5}
 ---> {'coords': (1, 0), 'dir': 'SW', 'score': 5}
 * Selected, based on ranking: {'coords': (1, 0), 'dir': 'SW', 'score': 5}
 * The candidate has value 2.19 and coords (1, 0)
 * Checking direction:
 ---> Trend is: N
 ---> Complex Trend is: {'N': 8.0, 'NW': 2, 'W': 2.0}
 ---> Allowed dirs based on Complex Trend are: ['NW', 'N', 'NE', 'W', 'E']
 ---> Direction SW IS NOT ok! Last was W [last 10: ['NW', 'N', 'N', 'N', 'N', 'N', 'N', 'NW', 'N', 'W']] -- Modifying matrix...
[LINE 4]		nan 		nan 		nan 		nan 		nan 		
[LINE 3]		nan 		nan 		nan 		nan 		nan 		
[LINE 2]		1.77		1.95		-inf		-inf		nan 		
[LINE 1]		nan 		nan 		nan 		-inf		nan 		
[LINE 0]		nan 		nan 		nan 		nan 		nan 		
 * Ranking:
 ---> {'coords': (2, 1), 'dir': 'W', 'score': 19}
 ---> {'coords': (2, 1), 'dir': 'W', 'score': 19}
 * Selected, based on ranking: {'coords': (2, 1), 'dir': 'W', 'score': 19}
 * The candidate has value 1.95 and coords (2, 1)
 * Checking direction:
 ---> Trend is: N
 ---> Complex Trend is: {'N': 8.0, 'NW': 2, 'W': 2.0}
 ---> Allowed dirs based on Complex Trend are: ['NW', 'N', 'NE', 'W', 'E']
 ---> Direction W ok (last was W)! -- [Last 10: ['NW', 'N', 'N', 'N', 'N', 'N', 'N', 'NW', 'N', 'W']]
 * Selected element is (2, 1) with value 1.95
Next element is W with direction 1.95
New matrix will be centered on 149,31 with depth 1.95
TREND IS ('N', {'N': 7.5, 'W': 2.5, 'NW': 1}) --- (['N', 'N', 'N', 'N', 'N', 'N', 'NW', 'N', 'W', 'W'])
============================================================
Iteration 107 with LAT_IDX: 149 and LON_IDX: 31 with DEPTH 1.9525654
 * Adding to the thalweg 149, 31 (depth 1.95)... Let's look at his neighborhood...
 * The extracted matrix is:
[LINE 4]		nan 		nan 		nan 		nan 		nan 		
[LINE 3]		nan 		nan 		nan 		nan 		nan 		
[LINE 2]		nan 		1.77		-inf		-inf		-inf		
[LINE 1]		1.79		2.19		2.34		2.65		-inf		
[LINE 0]		nan 		2.56		2.9 		3.3 		3.52		
 * Ranking:
 ---> {'coords': (0, 4), 'dir': 'SE', 'score': 0}
 ---> {'coords': (0, 4), 'dir': 'SE', 'score': 0}
 * Selected, based on ranking: {'coords': (0, 4), 'dir': 'SE', 'score': 0}
 * The candidate has value 3.52 and coords (0, 4)
 * Checking direction:
 ---> Trend is: N
 ---> Complex Trend is: {'N': 7.5, 'W': 2.5, 'NW': 1}
 ---> Allowed dirs based on Complex Trend are: ['NW', 'N', 'NE']
 ---> Direction SE IS NOT ok! Last was W [last 10: ['N', 'N', 'N', 'N', 'N', 'N', 'NW', 'N', 'W', 'W']] -- Modifying matrix...
[LINE 4]		nan 		nan 		nan 		nan 		nan 		
[LINE 3]		nan 		nan 		nan 		nan 		nan 		
[LINE 2]		nan 		1.77		-inf		-inf		-inf		
[LINE 1]		1.79		2.19		2.34		2.65		-inf		
[LINE 0]		nan 		2.56		2.9 		3.3 		nan 		
 * Ranking:
 ---> {'coords': (0, 3), 'dir': 'SE', 'score': 0}
 ---> {'coords': (0, 3), 'dir': 'SE', 'score': 0}
 * Selected, based on ranking: {'coords': (0, 3), 'dir': 'SE', 'score': 0}
 * The candidate has value 3.3 and coords (0, 3)
 * Checking direction:
 ---> Trend is: N
 ---> Complex Trend is: {'N': 7.5, 'W': 2.5, 'NW': 1}
 ---> Allowed dirs based on Complex Trend are: ['NW', 'N', 'NE']
 ---> Direction SE IS NOT ok! Last was W [last 10: ['N', 'N', 'N', 'N', 'N', 'N', 'NW', 'N', 'W', 'W']] -- Modifying matrix...
[LINE 4]		nan 		nan 		nan 		nan 		nan 		
[LINE 3]		nan 		nan 		nan 		nan 		nan 		
[LINE 2]		nan 		1.77		-inf		-inf		-inf		
[LINE 1]		1.79		2.19		2.34		2.65		-inf		
[LINE 0]		nan 		2.56		2.9 		nan 		nan 		
 * Ranking:
 ---> {'coords': (0, 2), 'dir': 'S', 'score': 1}
 ---> {'coords': (0, 2), 'dir': 'S', 'score': 1}
 * Selected, based on ranking: {'coords': (0, 2), 'dir': 'S', 'score': 1}
 * The candidate has value 2.9 and coords (0, 2)
 * Checking direction:
 ---> Trend is: N
 ---> Complex Trend is: {'N': 7.5, 'W': 2.5, 'NW': 1}
 ---> Allowed dirs based on Complex Trend are: ['NW', 'N', 'NE']
 ---> Direction S IS NOT ok! Last was W [last 10: ['N', 'N', 'N', 'N', 'N', 'N', 'NW', 'N', 'W', 'W']] -- Modifying matrix...
[LINE 4]		nan 		nan 		nan 		nan 		nan 		
[LINE 3]		nan 		nan 		nan 		nan 		nan 		
[LINE 2]		nan 		1.77		-inf		-inf		-inf		
[LINE 1]		1.79		2.19		2.34		2.65		-inf		
[LINE 0]		nan 		2.56		nan 		nan 		nan 		
 * Ranking:
 ---> {'coords': (0, 1), 'dir': 'SW', 'score': 5}
 ---> {'coords': (0, 1), 'dir': 'SW', 'score': 5}
 ---> {'coords': (1, 3), 'dir': 'SE', 'score': 0}
 ---> {'coords': (1, 3), 'dir': 'SE', 'score': 0}
 * Selected, based on ranking: {'coords': (0, 1), 'dir': 'SW', 'score': 5}
 * The candidate has value 2.65 and coords (0, 1)
 * Checking direction:
 ---> Trend is: N
 ---> Complex Trend is: {'N': 7.5, 'W': 2.5, 'NW': 1}
 ---> Allowed dirs based on Complex Trend are: ['NW', 'N', 'NE']
 ---> Direction SW IS NOT ok! Last was W [last 10: ['N', 'N', 'N', 'N', 'N', 'N', 'NW', 'N', 'W', 'W']] -- Modifying matrix...
[LINE 4]		nan 		nan 		nan 		nan 		nan 		
[LINE 3]		nan 		nan 		nan 		nan 		nan 		
[LINE 2]		nan 		1.77		-inf		-inf		-inf		
[LINE 1]		1.79		2.19		2.34		2.65		-inf		
[LINE 0]		nan 		nan 		nan 		nan 		nan 		
 * Ranking:
 ---> {'coords': (1, 3), 'dir': 'SE', 'score': 0}
 ---> {'coords': (1, 3), 'dir': 'SE', 'score': 0}
 * Selected, based on ranking: {'coords': (1, 3), 'dir': 'SE', 'score': 0}
 * The candidate has value 2.65 and coords (1, 3)
 * Checking direction:
 ---> Trend is: N
 ---> Complex Trend is: {'N': 7.5, 'W': 2.5, 'NW': 1}
 ---> Allowed dirs based on Complex Trend are: ['NW', 'N', 'NE']
 ---> Direction SE IS NOT ok! Last was W [last 10: ['N', 'N', 'N', 'N', 'N', 'N', 'NW', 'N', 'W', 'W']] -- Modifying matrix...
[LINE 4]		nan 		nan 		nan 		nan 		nan 		
[LINE 3]		nan 		nan 		nan 		nan 		nan 		
[LINE 2]		nan 		1.77		-inf		-inf		-inf		
[LINE 1]		1.79		2.19		2.34		nan 		-inf		
[LINE 0]		nan 		nan 		nan 		nan 		nan 		
 * Ranking:
 ---> {'coords': (1, 2), 'dir': 'S', 'score': 1}
 ---> {'coords': (1, 2), 'dir': 'S', 'score': 1}
 * Selected, based on ranking: {'coords': (1, 2), 'dir': 'S', 'score': 1}
 * The candidate has value 2.34 and coords (1, 2)
 * Checking direction:
 ---> Trend is: N
 ---> Complex Trend is: {'N': 7.5, 'W': 2.5, 'NW': 1}
 ---> Allowed dirs based on Complex Trend are: ['NW', 'N', 'NE']
 ---> Direction S IS NOT ok! Last was W [last 10: ['N', 'N', 'N', 'N', 'N', 'N', 'NW', 'N', 'W', 'W']] -- Modifying matrix...
[LINE 4]		nan 		nan 		nan 		nan 		nan 		
[LINE 3]		nan 		nan 		nan 		nan 		nan 		
[LINE 2]		nan 		1.77		-inf		-inf		-inf		
[LINE 1]		1.79		2.19		nan 		nan 		-inf		
[LINE 0]		nan 		nan 		nan 		nan 		nan 		
 * Ranking:
 ---> {'coords': (1, 1), 'dir': 'SW', 'score': 5}
 ---> {'coords': (1, 1), 'dir': 'SW', 'score': 5}
 * Selected, based on ranking: {'coords': (1, 1), 'dir': 'SW', 'score': 5}
 * The candidate has value 2.19 and coords (1, 1)
 * Checking direction:
 ---> Trend is: N
 ---> Complex Trend is: {'N': 7.5, 'W': 2.5, 'NW': 1}
 ---> Allowed dirs based on Complex Trend are: ['NW', 'N', 'NE']
 ---> Direction SW IS NOT ok! Last was W [last 10: ['N', 'N', 'N', 'N', 'N', 'N', 'NW', 'N', 'W', 'W']] -- Modifying matrix...
[LINE 4]		nan 		nan 		nan 		nan 		nan 		
[LINE 3]		nan 		nan 		nan 		nan 		nan 		
[LINE 2]		nan 		1.77		-inf		-inf		-inf		
[LINE 1]		1.79		nan 		nan 		nan 		-inf		
[LINE 0]		nan 		nan 		nan 		nan 		nan 		
 * Ranking:
 ---> {'coords': (1, 0), 'dir': 'SW', 'score': 5}
 ---> {'coords': (1, 0), 'dir': 'SW', 'score': 5}
 ---> {'coords': (2, 1), 'dir': 'W', 'score': 9}
 ---> {'coords': (2, 1), 'dir': 'W', 'score': 9}
 * Selected, based on ranking: {'coords': (2, 1), 'dir': 'W', 'score': 9}
 * The candidate has value 1.79 and coords (2, 1)
 * Checking direction:
 ---> Trend is: N
 ---> Complex Trend is: {'N': 7.5, 'W': 2.5, 'NW': 1}
 ---> Allowed dirs based on Complex Trend are: ['NW', 'N', 'NE']
 ---> Direction W IS NOT ok! Last was W [last 10: ['N', 'N', 'N', 'N', 'N', 'N', 'NW', 'N', 'W', 'W']] -- Modifying matrix...
[LINE 4]		nan 		nan 		nan 		nan 		nan 		
[LINE 3]		nan 		nan 		nan 		nan 		nan 		
[LINE 2]		nan 		nan 		-inf		-inf		-inf		
[LINE 1]		1.79		nan 		nan 		nan 		-inf		
[LINE 0]		nan 		nan 		nan 		nan 		nan 		
 * Ranking:
 ---> {'coords': (1, 0), 'dir': 'SW', 'score': 5}
 ---> {'coords': (1, 0), 'dir': 'SW', 'score': 5}
 * Selected, based on ranking: {'coords': (1, 0), 'dir': 'SW', 'score': 5}
 * The candidate has value 1.79 and coords (1, 0)
 * Checking direction:
 ---> Trend is: N
 ---> Complex Trend is: {'N': 7.5, 'W': 2.5, 'NW': 1}
 ---> Allowed dirs based on Complex Trend are: ['NW', 'N', 'NE']
 ---> Direction SW IS NOT ok! Last was W [last 10: ['N', 'N', 'N', 'N', 'N', 'N', 'NW', 'N', 'W', 'W']] -- Modifying matrix...
[LINE 4]		nan 		nan 		nan 		nan 		nan 		
[LINE 3]		nan 		nan 		nan 		nan 		nan 		
[LINE 2]		nan 		nan 		-inf		-inf		-inf		
[LINE 1]		nan 		nan 		nan 		nan 		-inf		
[LINE 0]		nan 		nan 		nan 		nan 		nan 		
SIAMO NEL VALUEERROR
PROVO CON TT 3
 * Ranking:
 ---> {'coords': (0, 4), 'dir': 'SE', 'score': 0}
 ---> {'coords': (0, 4), 'dir': 'SE', 'score': 0}
 * Selected, based on ranking: {'coords': (0, 4), 'dir': 'SE', 'score': 0}
 * The candidate has value 3.52 and coords (0, 4)
 * Checking direction:
 ---> Trend is: N
 ---> Complex Trend is: {'N': 7.5, 'W': 2.5, 'NW': 1}
 ---> Allowed dirs based on Complex Trend are: ['NW', 'N', 'NE', 'W', 'E']
 ---> Direction SE IS NOT ok! Last was W [last 10: ['N', 'N', 'N', 'N', 'N', 'N', 'NW', 'N', 'W', 'W']] -- Modifying matrix...
[LINE 4]		nan 		nan 		nan 		nan 		nan 		
[LINE 3]		nan 		nan 		nan 		nan 		nan 		
[LINE 2]		nan 		1.77		-inf		-inf		-inf		
[LINE 1]		1.79		2.19		2.34		2.65		-inf		
[LINE 0]		nan 		2.56		2.9 		3.3 		nan 		
 * Ranking:
 ---> {'coords': (0, 3), 'dir': 'SE', 'score': 0}
 ---> {'coords': (0, 3), 'dir': 'SE', 'score': 0}
 * Selected, based on ranking: {'coords': (0, 3), 'dir': 'SE', 'score': 0}
 * The candidate has value 3.3 and coords (0, 3)
 * Checking direction:
 ---> Trend is: N
 ---> Complex Trend is: {'N': 7.5, 'W': 2.5, 'NW': 1}
 ---> Allowed dirs based on Complex Trend are: ['NW', 'N', 'NE', 'W', 'E']
 ---> Direction SE IS NOT ok! Last was W [last 10: ['N', 'N', 'N', 'N', 'N', 'N', 'NW', 'N', 'W', 'W']] -- Modifying matrix...
[LINE 4]		nan 		nan 		nan 		nan 		nan 		
[LINE 3]		nan 		nan 		nan 		nan 		nan 		
[LINE 2]		nan 		1.77		-inf		-inf		-inf		
[LINE 1]		1.79		2.19		2.34		2.65		-inf		
[LINE 0]		nan 		2.56		2.9 		nan 		nan 		
 * Ranking:
 ---> {'coords': (0, 2), 'dir': 'S', 'score': 1}
 ---> {'coords': (0, 2), 'dir': 'S', 'score': 1}
 * Selected, based on ranking: {'coords': (0, 2), 'dir': 'S', 'score': 1}
 * The candidate has value 2.9 and coords (0, 2)
 * Checking direction:
 ---> Trend is: N
 ---> Complex Trend is: {'N': 7.5, 'W': 2.5, 'NW': 1}
 ---> Allowed dirs based on Complex Trend are: ['NW', 'N', 'NE', 'W', 'E']
 ---> Direction S IS NOT ok! Last was W [last 10: ['N', 'N', 'N', 'N', 'N', 'N', 'NW', 'N', 'W', 'W']] -- Modifying matrix...
[LINE 4]		nan 		nan 		nan 		nan 		nan 		
[LINE 3]		nan 		nan 		nan 		nan 		nan 		
[LINE 2]		nan 		1.77		-inf		-inf		-inf		
[LINE 1]		1.79		2.19		2.34		2.65		-inf		
[LINE 0]		nan 		2.56		nan 		nan 		nan 		
 * Ranking:
 ---> {'coords': (0, 1), 'dir': 'SW', 'score': 5}
 ---> {'coords': (0, 1), 'dir': 'SW', 'score': 5}
 ---> {'coords': (1, 3), 'dir': 'SE', 'score': 0}
 ---> {'coords': (1, 3), 'dir': 'SE', 'score': 0}
 * Selected, based on ranking: {'coords': (0, 1), 'dir': 'SW', 'score': 5}
 * The candidate has value 2.65 and coords (0, 1)
 * Checking direction:
 ---> Trend is: N
 ---> Complex Trend is: {'N': 7.5, 'W': 2.5, 'NW': 1}
 ---> Allowed dirs based on Complex Trend are: ['NW', 'N', 'NE', 'W', 'E']
 ---> Direction SW IS NOT ok! Last was W [last 10: ['N', 'N', 'N', 'N', 'N', 'N', 'NW', 'N', 'W', 'W']] -- Modifying matrix...
[LINE 4]		nan 		nan 		nan 		nan 		nan 		
[LINE 3]		nan 		nan 		nan 		nan 		nan 		
[LINE 2]		nan 		1.77		-inf		-inf		-inf		
[LINE 1]		1.79		2.19		2.34		2.65		-inf		
[LINE 0]		nan 		nan 		nan 		nan 		nan 		
 * Ranking:
 ---> {'coords': (1, 3), 'dir': 'SE', 'score': 0}
 ---> {'coords': (1, 3), 'dir': 'SE', 'score': 0}
 * Selected, based on ranking: {'coords': (1, 3), 'dir': 'SE', 'score': 0}
 * The candidate has value 2.65 and coords (1, 3)
 * Checking direction:
 ---> Trend is: N
 ---> Complex Trend is: {'N': 7.5, 'W': 2.5, 'NW': 1}
 ---> Allowed dirs based on Complex Trend are: ['NW', 'N', 'NE', 'W', 'E']
 ---> Direction SE IS NOT ok! Last was W [last 10: ['N', 'N', 'N', 'N', 'N', 'N', 'NW', 'N', 'W', 'W']] -- Modifying matrix...
[LINE 4]		nan 		nan 		nan 		nan 		nan 		
[LINE 3]		nan 		nan 		nan 		nan 		nan 		
[LINE 2]		nan 		1.77		-inf		-inf		-inf		
[LINE 1]		1.79		2.19		2.34		nan 		-inf		
[LINE 0]		nan 		nan 		nan 		nan 		nan 		
 * Ranking:
 ---> {'coords': (1, 2), 'dir': 'S', 'score': 1}
 ---> {'coords': (1, 2), 'dir': 'S', 'score': 1}
 * Selected, based on ranking: {'coords': (1, 2), 'dir': 'S', 'score': 1}
 * The candidate has value 2.34 and coords (1, 2)
 * Checking direction:
 ---> Trend is: N
 ---> Complex Trend is: {'N': 7.5, 'W': 2.5, 'NW': 1}
 ---> Allowed dirs based on Complex Trend are: ['NW', 'N', 'NE', 'W', 'E']
 ---> Direction S IS NOT ok! Last was W [last 10: ['N', 'N', 'N', 'N', 'N', 'N', 'NW', 'N', 'W', 'W']] -- Modifying matrix...
[LINE 4]		nan 		nan 		nan 		nan 		nan 		
[LINE 3]		nan 		nan 		nan 		nan 		nan 		
[LINE 2]		nan 		1.77		-inf		-inf		-inf		
[LINE 1]		1.79		2.19		nan 		nan 		-inf		
[LINE 0]		nan 		nan 		nan 		nan 		nan 		
 * Ranking:
 ---> {'coords': (1, 1), 'dir': 'SW', 'score': 5}
 ---> {'coords': (1, 1), 'dir': 'SW', 'score': 5}
 * Selected, based on ranking: {'coords': (1, 1), 'dir': 'SW', 'score': 5}
 * The candidate has value 2.19 and coords (1, 1)
 * Checking direction:
 ---> Trend is: N
 ---> Complex Trend is: {'N': 7.5, 'W': 2.5, 'NW': 1}
 ---> Allowed dirs based on Complex Trend are: ['NW', 'N', 'NE', 'W', 'E']
 ---> Direction SW IS NOT ok! Last was W [last 10: ['N', 'N', 'N', 'N', 'N', 'N', 'NW', 'N', 'W', 'W']] -- Modifying matrix...
[LINE 4]		nan 		nan 		nan 		nan 		nan 		
[LINE 3]		nan 		nan 		nan 		nan 		nan 		
[LINE 2]		nan 		1.77		-inf		-inf		-inf		
[LINE 1]		1.79		nan 		nan 		nan 		-inf		
[LINE 0]		nan 		nan 		nan 		nan 		nan 		
 * Ranking:
 ---> {'coords': (1, 0), 'dir': 'SW', 'score': 5}
 ---> {'coords': (1, 0), 'dir': 'SW', 'score': 5}
 ---> {'coords': (2, 1), 'dir': 'W', 'score': 19}
 ---> {'coords': (2, 1), 'dir': 'W', 'score': 19}
 * Selected, based on ranking: {'coords': (2, 1), 'dir': 'W', 'score': 19}
 * The candidate has value 1.79 and coords (2, 1)
 * Checking direction:
 ---> Trend is: N
 ---> Complex Trend is: {'N': 7.5, 'W': 2.5, 'NW': 1}
 ---> Allowed dirs based on Complex Trend are: ['NW', 'N', 'NE', 'W', 'E']
 ---> Direction W ok (last was W)! -- [Last 10: ['N', 'N', 'N', 'N', 'N', 'N', 'NW', 'N', 'W', 'W']]
 * Selected element is (2, 1) with value 1.79
Next element is W with direction 1.77
New matrix will be centered on 149,30 with depth 1.77
TREND IS ('N', {'N': 6.5, 'W': 3.5, 'NW': 1}) --- (['N', 'N', 'N', 'N', 'N', 'NW', 'N', 'W', 'W', 'W'])
============================================================
Iteration 108 with LAT_IDX: 149 and LON_IDX: 30 with DEPTH 1.774497
 * Adding to the thalweg 149, 30 (depth 1.77)... Let's look at his neighborhood...
 * The extracted matrix is:
[LINE 4]		nan 		nan 		nan 		nan 		nan 		
[LINE 3]		nan 		nan 		nan 		nan 		nan 		
[LINE 2]		1.35		nan 		-inf		-inf		-inf		
[LINE 1]		1.47		1.79		2.19		2.34		2.65		
[LINE 0]		nan 		nan 		2.56		2.9 		3.3 		
 * Ranking:
 ---> {'coords': (0, 4), 'dir': 'SE', 'score': 0}
 ---> {'coords': (0, 4), 'dir': 'SE', 'score': 0}
 * Selected, based on ranking: {'coords': (0, 4), 'dir': 'SE', 'score': 0}
 * The candidate has value 3.3 and coords (0, 4)
 * Checking direction:
 ---> Trend is: N
 ---> Complex Trend is: {'N': 6.5, 'W': 3.5, 'NW': 1}
 ---> Allowed dirs based on Complex Trend are: ['NW', 'N', 'NE']
 ---> Direction SE IS NOT ok! Last was W [last 10: ['N', 'N', 'N', 'N', 'N', 'NW', 'N', 'W', 'W', 'W']] -- Modifying matrix...
[LINE 4]		nan 		nan 		nan 		nan 		nan 		
[LINE 3]		nan 		nan 		nan 		nan 		nan 		
[LINE 2]		1.35		nan 		-inf		-inf		-inf		
[LINE 1]		1.47		1.79		2.19		2.34		2.65		
[LINE 0]		nan 		nan 		2.56		2.9 		nan 		
 * Ranking:
 ---> {'coords': (0, 3), 'dir': 'SE', 'score': 0}
 ---> {'coords': (0, 3), 'dir': 'SE', 'score': 0}
 * Selected, based on ranking: {'coords': (0, 3), 'dir': 'SE', 'score': 0}
 * The candidate has value 2.9 and coords (0, 3)
 * Checking direction:
 ---> Trend is: N
 ---> Complex Trend is: {'N': 6.5, 'W': 3.5, 'NW': 1}
 ---> Allowed dirs based on Complex Trend are: ['NW', 'N', 'NE']
 ---> Direction SE IS NOT ok! Last was W [last 10: ['N', 'N', 'N', 'N', 'N', 'NW', 'N', 'W', 'W', 'W']] -- Modifying matrix...
[LINE 4]		nan 		nan 		nan 		nan 		nan 		
[LINE 3]		nan 		nan 		nan 		nan 		nan 		
[LINE 2]		1.35		nan 		-inf		-inf		-inf		
[LINE 1]		1.47		1.79		2.19		2.34		2.65		
[LINE 0]		nan 		nan 		2.56		nan 		nan 		
 * Ranking:
 ---> {'coords': (0, 2), 'dir': 'S', 'score': 1}
 ---> {'coords': (0, 2), 'dir': 'S', 'score': 1}
 ---> {'coords': (1, 4), 'dir': 'SE', 'score': 0}
 ---> {'coords': (1, 4), 'dir': 'SE', 'score': 0}
 * Selected, based on ranking: {'coords': (0, 2), 'dir': 'S', 'score': 1}
 * The candidate has value 2.65 and coords (0, 2)
 * Checking direction:
 ---> Trend is: N
 ---> Complex Trend is: {'N': 6.5, 'W': 3.5, 'NW': 1}
 ---> Allowed dirs based on Complex Trend are: ['NW', 'N', 'NE']
 ---> Direction S IS NOT ok! Last was W [last 10: ['N', 'N', 'N', 'N', 'N', 'NW', 'N', 'W', 'W', 'W']] -- Modifying matrix...
[LINE 4]		nan 		nan 		nan 		nan 		nan 		
[LINE 3]		nan 		nan 		nan 		nan 		nan 		
[LINE 2]		1.35		nan 		-inf		-inf		-inf		
[LINE 1]		1.47		1.79		2.19		2.34		2.65		
[LINE 0]		nan 		nan 		nan 		nan 		nan 		
 * Ranking:
 ---> {'coords': (1, 4), 'dir': 'SE', 'score': 0}
 ---> {'coords': (1, 4), 'dir': 'SE', 'score': 0}
 * Selected, based on ranking: {'coords': (1, 4), 'dir': 'SE', 'score': 0}
 * The candidate has value 2.65 and coords (1, 4)
 * Checking direction:
 ---> Trend is: N
 ---> Complex Trend is: {'N': 6.5, 'W': 3.5, 'NW': 1}
 ---> Allowed dirs based on Complex Trend are: ['NW', 'N', 'NE']
 ---> Direction SE IS NOT ok! Last was W [last 10: ['N', 'N', 'N', 'N', 'N', 'NW', 'N', 'W', 'W', 'W']] -- Modifying matrix...
[LINE 4]		nan 		nan 		nan 		nan 		nan 		
[LINE 3]		nan 		nan 		nan 		nan 		nan 		
[LINE 2]		1.35		nan 		-inf		-inf		-inf		
[LINE 1]		1.47		1.79		2.19		2.34		nan 		
[LINE 0]		nan 		nan 		nan 		nan 		nan 		
 * Ranking:
 ---> {'coords': (1, 3), 'dir': 'SE', 'score': 0}
 ---> {'coords': (1, 3), 'dir': 'SE', 'score': 0}
 * Selected, based on ranking: {'coords': (1, 3), 'dir': 'SE', 'score': 0}
 * The candidate has value 2.34 and coords (1, 3)
 * Checking direction:
 ---> Trend is: N
 ---> Complex Trend is: {'N': 6.5, 'W': 3.5, 'NW': 1}
 ---> Allowed dirs based on Complex Trend are: ['NW', 'N', 'NE']
 ---> Direction SE IS NOT ok! Last was W [last 10: ['N', 'N', 'N', 'N', 'N', 'NW', 'N', 'W', 'W', 'W']] -- Modifying matrix...
[LINE 4]		nan 		nan 		nan 		nan 		nan 		
[LINE 3]		nan 		nan 		nan 		nan 		nan 		
[LINE 2]		1.35		nan 		-inf		-inf		-inf		
[LINE 1]		1.47		1.79		2.19		nan 		nan 		
[LINE 0]		nan 		nan 		nan 		nan 		nan 		
 * Ranking:
 ---> {'coords': (1, 2), 'dir': 'S', 'score': 1}
 ---> {'coords': (1, 2), 'dir': 'S', 'score': 1}
 * Selected, based on ranking: {'coords': (1, 2), 'dir': 'S', 'score': 1}
 * The candidate has value 2.19 and coords (1, 2)
 * Checking direction:
 ---> Trend is: N
 ---> Complex Trend is: {'N': 6.5, 'W': 3.5, 'NW': 1}
 ---> Allowed dirs based on Complex Trend are: ['NW', 'N', 'NE']
 ---> Direction S IS NOT ok! Last was W [last 10: ['N', 'N', 'N', 'N', 'N', 'NW', 'N', 'W', 'W', 'W']] -- Modifying matrix...
[LINE 4]		nan 		nan 		nan 		nan 		nan 		
[LINE 3]		nan 		nan 		nan 		nan 		nan 		
[LINE 2]		1.35		nan 		-inf		-inf		-inf		
[LINE 1]		1.47		1.79		nan 		nan 		nan 		
[LINE 0]		nan 		nan 		nan 		nan 		nan 		
 * Ranking:
 ---> {'coords': (1, 1), 'dir': 'SW', 'score': 5}
 ---> {'coords': (1, 1), 'dir': 'SW', 'score': 5}
 * Selected, based on ranking: {'coords': (1, 1), 'dir': 'SW', 'score': 5}
 * The candidate has value 1.79 and coords (1, 1)
 * Checking direction:
 ---> Trend is: N
 ---> Complex Trend is: {'N': 6.5, 'W': 3.5, 'NW': 1}
 ---> Allowed dirs based on Complex Trend are: ['NW', 'N', 'NE']
 ---> Direction SW IS NOT ok! Last was W [last 10: ['N', 'N', 'N', 'N', 'N', 'NW', 'N', 'W', 'W', 'W']] -- Modifying matrix...
[LINE 4]		nan 		nan 		nan 		nan 		nan 		
[LINE 3]		nan 		nan 		nan 		nan 		nan 		
[LINE 2]		1.35		nan 		-inf		-inf		-inf		
[LINE 1]		1.47		nan 		nan 		nan 		nan 		
[LINE 0]		nan 		nan 		nan 		nan 		nan 		
 * Ranking:
 ---> {'coords': (1, 0), 'dir': 'SW', 'score': 5}
 ---> {'coords': (1, 0), 'dir': 'SW', 'score': 5}
 * Selected, based on ranking: {'coords': (1, 0), 'dir': 'SW', 'score': 5}
 * The candidate has value 1.47 and coords (1, 0)
 * Checking direction:
 ---> Trend is: N
 ---> Complex Trend is: {'N': 6.5, 'W': 3.5, 'NW': 1}
 ---> Allowed dirs based on Complex Trend are: ['NW', 'N', 'NE']
 ---> Direction SW IS NOT ok! Last was W [last 10: ['N', 'N', 'N', 'N', 'N', 'NW', 'N', 'W', 'W', 'W']] -- Modifying matrix...
[LINE 4]		nan 		nan 		nan 		nan 		nan 		
[LINE 3]		nan 		nan 		nan 		nan 		nan 		
[LINE 2]		1.35		nan 		-inf		-inf		-inf		
[LINE 1]		nan 		nan 		nan 		nan 		nan 		
[LINE 0]		nan 		nan 		nan 		nan 		nan 		
 * Ranking:
 ---> {'coords': (2, 0), 'dir': 'W', 'score': 9}
 ---> {'coords': (2, 0), 'dir': 'W', 'score': 9}
 * Selected, based on ranking: {'coords': (2, 0), 'dir': 'W', 'score': 9}
 * The candidate has value 1.35 and coords (2, 0)
 * Checking direction:
 ---> Trend is: N
 ---> Complex Trend is: {'N': 6.5, 'W': 3.5, 'NW': 1}
 ---> Allowed dirs based on Complex Trend are: ['NW', 'N', 'NE']
 ---> Direction W IS NOT ok! Last was W [last 10: ['N', 'N', 'N', 'N', 'N', 'NW', 'N', 'W', 'W', 'W']] -- Modifying matrix...
[LINE 4]		nan 		nan 		nan 		nan 		nan 		
[LINE 3]		nan 		nan 		nan 		nan 		nan 		
[LINE 2]		nan 		nan 		-inf		-inf		-inf		
[LINE 1]		nan 		nan 		nan 		nan 		nan 		
[LINE 0]		nan 		nan 		nan 		nan 		nan 		
SIAMO NEL VALUEERROR
PROVO CON TT 3
 * Ranking:
 ---> {'coords': (0, 4), 'dir': 'SE', 'score': 0}
 ---> {'coords': (0, 4), 'dir': 'SE', 'score': 0}
 * Selected, based on ranking: {'coords': (0, 4), 'dir': 'SE', 'score': 0}
 * The candidate has value 3.3 and coords (0, 4)
 * Checking direction:
 ---> Trend is: N
 ---> Complex Trend is: {'N': 6.5, 'W': 3.5, 'NW': 1}
 ---> Allowed dirs based on Complex Trend are: ['NW', 'N', 'NE', 'W', 'E']
 ---> Direction SE IS NOT ok! Last was W [last 10: ['N', 'N', 'N', 'N', 'N', 'NW', 'N', 'W', 'W', 'W']] -- Modifying matrix...
[LINE 4]		nan 		nan 		nan 		nan 		nan 		
[LINE 3]		nan 		nan 		nan 		nan 		nan 		
[LINE 2]		1.35		nan 		-inf		-inf		-inf		
[LINE 1]		1.47		1.79		2.19		2.34		2.65		
[LINE 0]		nan 		nan 		2.56		2.9 		nan 		
 * Ranking:
 ---> {'coords': (0, 3), 'dir': 'SE', 'score': 0}
 ---> {'coords': (0, 3), 'dir': 'SE', 'score': 0}
 * Selected, based on ranking: {'coords': (0, 3), 'dir': 'SE', 'score': 0}
 * The candidate has value 2.9 and coords (0, 3)
 * Checking direction:
 ---> Trend is: N
 ---> Complex Trend is: {'N': 6.5, 'W': 3.5, 'NW': 1}
 ---> Allowed dirs based on Complex Trend are: ['NW', 'N', 'NE', 'W', 'E']
 ---> Direction SE IS NOT ok! Last was W [last 10: ['N', 'N', 'N', 'N', 'N', 'NW', 'N', 'W', 'W', 'W']] -- Modifying matrix...
[LINE 4]		nan 		nan 		nan 		nan 		nan 		
[LINE 3]		nan 		nan 		nan 		nan 		nan 		
[LINE 2]		1.35		nan 		-inf		-inf		-inf		
[LINE 1]		1.47		1.79		2.19		2.34		2.65		
[LINE 0]		nan 		nan 		2.56		nan 		nan 		
 * Ranking:
 ---> {'coords': (0, 2), 'dir': 'S', 'score': 1}
 ---> {'coords': (0, 2), 'dir': 'S', 'score': 1}
 ---> {'coords': (1, 4), 'dir': 'SE', 'score': 0}
 ---> {'coords': (1, 4), 'dir': 'SE', 'score': 0}
 * Selected, based on ranking: {'coords': (0, 2), 'dir': 'S', 'score': 1}
 * The candidate has value 2.65 and coords (0, 2)
 * Checking direction:
 ---> Trend is: N
 ---> Complex Trend is: {'N': 6.5, 'W': 3.5, 'NW': 1}
 ---> Allowed dirs based on Complex Trend are: ['NW', 'N', 'NE', 'W', 'E']
 ---> Direction S IS NOT ok! Last was W [last 10: ['N', 'N', 'N', 'N', 'N', 'NW', 'N', 'W', 'W', 'W']] -- Modifying matrix...
[LINE 4]		nan 		nan 		nan 		nan 		nan 		
[LINE 3]		nan 		nan 		nan 		nan 		nan 		
[LINE 2]		1.35		nan 		-inf		-inf		-inf		
[LINE 1]		1.47		1.79		2.19		2.34		2.65		
[LINE 0]		nan 		nan 		nan 		nan 		nan 		
 * Ranking:
 ---> {'coords': (1, 4), 'dir': 'SE', 'score': 0}
 ---> {'coords': (1, 4), 'dir': 'SE', 'score': 0}
 * Selected, based on ranking: {'coords': (1, 4), 'dir': 'SE', 'score': 0}
 * The candidate has value 2.65 and coords (1, 4)
 * Checking direction:
 ---> Trend is: N
 ---> Complex Trend is: {'N': 6.5, 'W': 3.5, 'NW': 1}
 ---> Allowed dirs based on Complex Trend are: ['NW', 'N', 'NE', 'W', 'E']
 ---> Direction SE IS NOT ok! Last was W [last 10: ['N', 'N', 'N', 'N', 'N', 'NW', 'N', 'W', 'W', 'W']] -- Modifying matrix...
[LINE 4]		nan 		nan 		nan 		nan 		nan 		
[LINE 3]		nan 		nan 		nan 		nan 		nan 		
[LINE 2]		1.35		nan 		-inf		-inf		-inf		
[LINE 1]		1.47		1.79		2.19		2.34		nan 		
[LINE 0]		nan 		nan 		nan 		nan 		nan 		
 * Ranking:
 ---> {'coords': (1, 3), 'dir': 'SE', 'score': 0}
 ---> {'coords': (1, 3), 'dir': 'SE', 'score': 0}
 * Selected, based on ranking: {'coords': (1, 3), 'dir': 'SE', 'score': 0}
 * The candidate has value 2.34 and coords (1, 3)
 * Checking direction:
 ---> Trend is: N
 ---> Complex Trend is: {'N': 6.5, 'W': 3.5, 'NW': 1}
 ---> Allowed dirs based on Complex Trend are: ['NW', 'N', 'NE', 'W', 'E']
 ---> Direction SE IS NOT ok! Last was W [last 10: ['N', 'N', 'N', 'N', 'N', 'NW', 'N', 'W', 'W', 'W']] -- Modifying matrix...
[LINE 4]		nan 		nan 		nan 		nan 		nan 		
[LINE 3]		nan 		nan 		nan 		nan 		nan 		
[LINE 2]		1.35		nan 		-inf		-inf		-inf		
[LINE 1]		1.47		1.79		2.19		nan 		nan 		
[LINE 0]		nan 		nan 		nan 		nan 		nan 		
 * Ranking:
 ---> {'coords': (1, 2), 'dir': 'S', 'score': 1}
 ---> {'coords': (1, 2), 'dir': 'S', 'score': 1}
 * Selected, based on ranking: {'coords': (1, 2), 'dir': 'S', 'score': 1}
 * The candidate has value 2.19 and coords (1, 2)
 * Checking direction:
 ---> Trend is: N
 ---> Complex Trend is: {'N': 6.5, 'W': 3.5, 'NW': 1}
 ---> Allowed dirs based on Complex Trend are: ['NW', 'N', 'NE', 'W', 'E']
 ---> Direction S IS NOT ok! Last was W [last 10: ['N', 'N', 'N', 'N', 'N', 'NW', 'N', 'W', 'W', 'W']] -- Modifying matrix...
[LINE 4]		nan 		nan 		nan 		nan 		nan 		
[LINE 3]		nan 		nan 		nan 		nan 		nan 		
[LINE 2]		1.35		nan 		-inf		-inf		-inf		
[LINE 1]		1.47		1.79		nan 		nan 		nan 		
[LINE 0]		nan 		nan 		nan 		nan 		nan 		
 * Ranking:
 ---> {'coords': (1, 1), 'dir': 'SW', 'score': 5}
 ---> {'coords': (1, 1), 'dir': 'SW', 'score': 5}
 * Selected, based on ranking: {'coords': (1, 1), 'dir': 'SW', 'score': 5}
 * The candidate has value 1.79 and coords (1, 1)
 * Checking direction:
 ---> Trend is: N
 ---> Complex Trend is: {'N': 6.5, 'W': 3.5, 'NW': 1}
 ---> Allowed dirs based on Complex Trend are: ['NW', 'N', 'NE', 'W', 'E']
 ---> Direction SW IS NOT ok! Last was W [last 10: ['N', 'N', 'N', 'N', 'N', 'NW', 'N', 'W', 'W', 'W']] -- Modifying matrix...
[LINE 4]		nan 		nan 		nan 		nan 		nan 		
[LINE 3]		nan 		nan 		nan 		nan 		nan 		
[LINE 2]		1.35		nan 		-inf		-inf		-inf		
[LINE 1]		1.47		nan 		nan 		nan 		nan 		
[LINE 0]		nan 		nan 		nan 		nan 		nan 		
 * Ranking:
 ---> {'coords': (1, 0), 'dir': 'SW', 'score': 5}
 ---> {'coords': (1, 0), 'dir': 'SW', 'score': 5}
 * Selected, based on ranking: {'coords': (1, 0), 'dir': 'SW', 'score': 5}
 * The candidate has value 1.47 and coords (1, 0)
 * Checking direction:
 ---> Trend is: N
 ---> Complex Trend is: {'N': 6.5, 'W': 3.5, 'NW': 1}
 ---> Allowed dirs based on Complex Trend are: ['NW', 'N', 'NE', 'W', 'E']
 ---> Direction SW IS NOT ok! Last was W [last 10: ['N', 'N', 'N', 'N', 'N', 'NW', 'N', 'W', 'W', 'W']] -- Modifying matrix...
[LINE 4]		nan 		nan 		nan 		nan 		nan 		
[LINE 3]		nan 		nan 		nan 		nan 		nan 		
[LINE 2]		1.35		nan 		-inf		-inf		-inf		
[LINE 1]		nan 		nan 		nan 		nan 		nan 		
[LINE 0]		nan 		nan 		nan 		nan 		nan 		
 * Ranking:
 ---> {'coords': (2, 0), 'dir': 'W', 'score': 19}
 ---> {'coords': (2, 0), 'dir': 'W', 'score': 19}
 * Selected, based on ranking: {'coords': (2, 0), 'dir': 'W', 'score': 19}
 * The candidate has value 1.35 and coords (2, 0)
 * Checking direction:
 ---> Trend is: N
 ---> Complex Trend is: {'N': 6.5, 'W': 3.5, 'NW': 1}
 ---> Allowed dirs based on Complex Trend are: ['NW', 'N', 'NE', 'W', 'E']
 ---> Direction W ok (last was W)! -- [Last 10: ['N', 'N', 'N', 'N', 'N', 'NW', 'N', 'W', 'W', 'W']]
 * Selected element is (2, 0) with value 1.35
Next element is W with direction 1.35
New matrix will be centered on 149,28 with depth 1.35
TREND IS ('N', {'N': 5.5, 'W': 4.5, 'NW': 1}) --- (['N', 'N', 'N', 'N', 'NW', 'N', 'W', 'W', 'W', 'W'])
============================================================
Iteration 109 with LAT_IDX: 149 and LON_IDX: 28 with DEPTH 1.3522747
 * Adding to the thalweg 149, 28 (depth 1.35)... Let's look at his neighborhood...
 * The extracted matrix is:
[LINE 4]		nan 		nan 		nan 		nan 		nan 		
[LINE 3]		nan 		nan 		nan 		nan 		nan 		
[LINE 2]		nan 		1.28		-inf		nan 		-inf		
[LINE 1]		nan 		nan 		1.47		1.79		2.19		
[LINE 0]		nan 		nan 		nan 		nan 		2.56		
 * Ranking:
 ---> {'coords': (0, 4), 'dir': 'SE', 'score': 0}
 ---> {'coords': (0, 4), 'dir': 'SE', 'score': 0}
 * Selected, based on ranking: {'coords': (0, 4), 'dir': 'SE', 'score': 0}
 * The candidate has value 2.56 and coords (0, 4)
 * Checking direction:
 ---> Trend is: N
 ---> Complex Trend is: {'N': 5.5, 'W': 4.5, 'NW': 1}
 ---> Allowed dirs based on Complex Trend are: ['NW', 'N', 'NE']
 ---> Direction SE IS NOT ok! Last was W [last 10: ['N', 'N', 'N', 'N', 'NW', 'N', 'W', 'W', 'W', 'W']] -- Modifying matrix...
[LINE 4]		nan 		nan 		nan 		nan 		nan 		
[LINE 3]		nan 		nan 		nan 		nan 		nan 		
[LINE 2]		nan 		1.28		-inf		nan 		-inf		
[LINE 1]		nan 		nan 		1.47		1.79		2.19		
[LINE 0]		nan 		nan 		nan 		nan 		nan 		
 * Ranking:
 ---> {'coords': (1, 4), 'dir': 'SE', 'score': 0}
 ---> {'coords': (1, 4), 'dir': 'SE', 'score': 0}
 * Selected, based on ranking: {'coords': (1, 4), 'dir': 'SE', 'score': 0}
 * The candidate has value 2.19 and coords (1, 4)
 * Checking direction:
 ---> Trend is: N
 ---> Complex Trend is: {'N': 5.5, 'W': 4.5, 'NW': 1}
 ---> Allowed dirs based on Complex Trend are: ['NW', 'N', 'NE']
 ---> Direction SE IS NOT ok! Last was W [last 10: ['N', 'N', 'N', 'N', 'NW', 'N', 'W', 'W', 'W', 'W']] -- Modifying matrix...
[LINE 4]		nan 		nan 		nan 		nan 		nan 		
[LINE 3]		nan 		nan 		nan 		nan 		nan 		
[LINE 2]		nan 		1.28		-inf		nan 		-inf		
[LINE 1]		nan 		nan 		1.47		1.79		nan 		
[LINE 0]		nan 		nan 		nan 		nan 		nan 		
 * Ranking:
 ---> {'coords': (1, 3), 'dir': 'SE', 'score': 0}
 ---> {'coords': (1, 3), 'dir': 'SE', 'score': 0}
 * Selected, based on ranking: {'coords': (1, 3), 'dir': 'SE', 'score': 0}
 * The candidate has value 1.79 and coords (1, 3)
 * Checking direction:
 ---> Trend is: N
 ---> Complex Trend is: {'N': 5.5, 'W': 4.5, 'NW': 1}
 ---> Allowed dirs based on Complex Trend are: ['NW', 'N', 'NE']
 ---> Direction SE IS NOT ok! Last was W [last 10: ['N', 'N', 'N', 'N', 'NW', 'N', 'W', 'W', 'W', 'W']] -- Modifying matrix...
[LINE 4]		nan 		nan 		nan 		nan 		nan 		
[LINE 3]		nan 		nan 		nan 		nan 		nan 		
[LINE 2]		nan 		1.28		-inf		nan 		-inf		
[LINE 1]		nan 		nan 		1.47		nan 		nan 		
[LINE 0]		nan 		nan 		nan 		nan 		nan 		
 * Ranking:
 ---> {'coords': (1, 2), 'dir': 'S', 'score': 1}
 ---> {'coords': (1, 2), 'dir': 'S', 'score': 1}
 * Selected, based on ranking: {'coords': (1, 2), 'dir': 'S', 'score': 1}
 * The candidate has value 1.47 and coords (1, 2)
 * Checking direction:
 ---> Trend is: N
 ---> Complex Trend is: {'N': 5.5, 'W': 4.5, 'NW': 1}
 ---> Allowed dirs based on Complex Trend are: ['NW', 'N', 'NE']
 ---> Direction S IS NOT ok! Last was W [last 10: ['N', 'N', 'N', 'N', 'NW', 'N', 'W', 'W', 'W', 'W']] -- Modifying matrix...
[LINE 4]		nan 		nan 		nan 		nan 		nan 		
[LINE 3]		nan 		nan 		nan 		nan 		nan 		
[LINE 2]		nan 		1.28		-inf		nan 		-inf		
[LINE 1]		nan 		nan 		nan 		nan 		nan 		
[LINE 0]		nan 		nan 		nan 		nan 		nan 		
 * Ranking:
 ---> {'coords': (2, 1), 'dir': 'W', 'score': 9}
 ---> {'coords': (2, 1), 'dir': 'W', 'score': 9}
 * Selected, based on ranking: {'coords': (2, 1), 'dir': 'W', 'score': 9}
 * The candidate has value 1.28 and coords (2, 1)
 * Checking direction:
 ---> Trend is: N
 ---> Complex Trend is: {'N': 5.5, 'W': 4.5, 'NW': 1}
 ---> Allowed dirs based on Complex Trend are: ['NW', 'N', 'NE']
 ---> Direction W IS NOT ok! Last was W [last 10: ['N', 'N', 'N', 'N', 'NW', 'N', 'W', 'W', 'W', 'W']] -- Modifying matrix...
[LINE 4]		nan 		nan 		nan 		nan 		nan 		
[LINE 3]		nan 		nan 		nan 		nan 		nan 		
[LINE 2]		nan 		nan 		-inf		nan 		-inf		
[LINE 1]		nan 		nan 		nan 		nan 		nan 		
[LINE 0]		nan 		nan 		nan 		nan 		nan 		
SIAMO NEL VALUEERROR
PROVO CON TT 3
 * Ranking:
 ---> {'coords': (0, 4), 'dir': 'SE', 'score': 0}
 ---> {'coords': (0, 4), 'dir': 'SE', 'score': 0}
 * Selected, based on ranking: {'coords': (0, 4), 'dir': 'SE', 'score': 0}
 * The candidate has value 2.56 and coords (0, 4)
 * Checking direction:
 ---> Trend is: N
 ---> Complex Trend is: {'N': 5.5, 'W': 4.5, 'NW': 1}
 ---> Allowed dirs based on Complex Trend are: ['NW', 'N', 'NE', 'W', 'E', 'W', 'SW', 'S', 'N', 'S']
 ---> Direction SE IS NOT ok! Last was W [last 10: ['N', 'N', 'N', 'N', 'NW', 'N', 'W', 'W', 'W', 'W']] -- Modifying matrix...
[LINE 4]		nan 		nan 		nan 		nan 		nan 		
[LINE 3]		nan 		nan 		nan 		nan 		nan 		
[LINE 2]		nan 		1.28		-inf		nan 		-inf		
[LINE 1]		nan 		nan 		1.47		1.79		2.19		
[LINE 0]		nan 		nan 		nan 		nan 		nan 		
 * Ranking:
 ---> {'coords': (1, 4), 'dir': 'SE', 'score': 0}
 ---> {'coords': (1, 4), 'dir': 'SE', 'score': 0}
 * Selected, based on ranking: {'coords': (1, 4), 'dir': 'SE', 'score': 0}
 * The candidate has value 2.19 and coords (1, 4)
 * Checking direction:
 ---> Trend is: N
 ---> Complex Trend is: {'N': 5.5, 'W': 4.5, 'NW': 1}
 ---> Allowed dirs based on Complex Trend are: ['NW', 'N', 'NE', 'W', 'E', 'W', 'SW', 'S', 'N', 'S']
 ---> Direction SE IS NOT ok! Last was W [last 10: ['N', 'N', 'N', 'N', 'NW', 'N', 'W', 'W', 'W', 'W']] -- Modifying matrix...
[LINE 4]		nan 		nan 		nan 		nan 		nan 		
[LINE 3]		nan 		nan 		nan 		nan 		nan 		
[LINE 2]		nan 		1.28		-inf		nan 		-inf		
[LINE 1]		nan 		nan 		1.47		1.79		nan 		
[LINE 0]		nan 		nan 		nan 		nan 		nan 		
 * Ranking:
 ---> {'coords': (1, 3), 'dir': 'SE', 'score': 0}
 ---> {'coords': (1, 3), 'dir': 'SE', 'score': 0}
 * Selected, based on ranking: {'coords': (1, 3), 'dir': 'SE', 'score': 0}
 * The candidate has value 1.79 and coords (1, 3)
 * Checking direction:
 ---> Trend is: N
 ---> Complex Trend is: {'N': 5.5, 'W': 4.5, 'NW': 1}
 ---> Allowed dirs based on Complex Trend are: ['NW', 'N', 'NE', 'W', 'E', 'W', 'SW', 'S', 'N', 'S']
 ---> Direction SE IS NOT ok! Last was W [last 10: ['N', 'N', 'N', 'N', 'NW', 'N', 'W', 'W', 'W', 'W']] -- Modifying matrix...
[LINE 4]		nan 		nan 		nan 		nan 		nan 		
[LINE 3]		nan 		nan 		nan 		nan 		nan 		
[LINE 2]		nan 		1.28		-inf		nan 		-inf		
[LINE 1]		nan 		nan 		1.47		nan 		nan 		
[LINE 0]		nan 		nan 		nan 		nan 		nan 		
 * Ranking:
 ---> {'coords': (1, 2), 'dir': 'S', 'score': 11}
 ---> {'coords': (1, 2), 'dir': 'S', 'score': 11}
 * Selected, based on ranking: {'coords': (1, 2), 'dir': 'S', 'score': 11}
 * The candidate has value 1.47 and coords (1, 2)
 * Checking direction:
 ---> Trend is: N
 ---> Complex Trend is: {'N': 5.5, 'W': 4.5, 'NW': 1}
 ---> Allowed dirs based on Complex Trend are: ['NW', 'N', 'NE', 'W', 'E', 'W', 'SW', 'S', 'N', 'S']
 ---> Direction S ok (last was W)! -- [Last 10: ['N', 'N', 'N', 'N', 'NW', 'N', 'W', 'W', 'W', 'W']]
 * Selected element is (1, 2) with value 1.47
Next element is S with direction 1.47
New matrix will be centered on 148,28 with depth 1.47
TREND IS ('N', {'N': 4.5, 'W': 4.5, 'NW': 1, 'S': 1}) --- (['N', 'N', 'N', 'NW', 'N', 'W', 'W', 'W', 'W', 'S'])
============================================================
Iteration 110 with LAT_IDX: 148 and LON_IDX: 28 with DEPTH 1.4681891
 * Adding to the thalweg 148, 28 (depth 1.47)... Let's look at his neighborhood...
 * The extracted matrix is:
[LINE 4]		nan 		nan 		nan 		nan 		nan 		
[LINE 3]		nan 		1.28		-inf		nan 		-inf		
[LINE 2]		nan 		nan 		-inf		1.79		2.19		
[LINE 1]		nan 		nan 		nan 		nan 		2.56		
[LINE 0]		nan 		nan 		nan 		nan 		nan 		
 * Ranking:
 ---> {'coords': (1, 4), 'dir': 'SE', 'score': 5}
 ---> {'coords': (1, 4), 'dir': 'SE', 'score': 5}
 * Selected, based on ranking: {'coords': (1, 4), 'dir': 'SE', 'score': 5}
 * The candidate has value 2.56 and coords (1, 4)
 * Checking direction:
 ---> Trend is: N
 ---> Complex Trend is: {'N': 4.5, 'W': 4.5, 'NW': 1, 'S': 1}
 ---> Allowed dirs based on Complex Trend are: ['NW', 'N', 'NE', 'W', 'SW', 'S']
 ---> Direction SE IS NOT ok! Last was S [last 10: ['N', 'N', 'N', 'NW', 'N', 'W', 'W', 'W', 'W', 'S']] -- Modifying matrix...
[LINE 4]		nan 		nan 		nan 		nan 		nan 		
[LINE 3]		nan 		1.28		-inf		nan 		-inf		
[LINE 2]		nan 		nan 		-inf		1.79		2.19		
[LINE 1]		nan 		nan 		nan 		nan 		nan 		
[LINE 0]		nan 		nan 		nan 		nan 		nan 		
 * Ranking:
 ---> {'coords': (2, 4), 'dir': 'E', 'score': 1}
 ---> {'coords': (2, 4), 'dir': 'E', 'score': 1}
 * Selected, based on ranking: {'coords': (2, 4), 'dir': 'E', 'score': 1}
 * The candidate has value 2.19 and coords (2, 4)
 * Checking direction:
 ---> Trend is: N
 ---> Complex Trend is: {'N': 4.5, 'W': 4.5, 'NW': 1, 'S': 1}
 ---> Allowed dirs based on Complex Trend are: ['NW', 'N', 'NE', 'W', 'SW', 'S']
 ---> Direction E IS NOT ok! Last was S [last 10: ['N', 'N', 'N', 'NW', 'N', 'W', 'W', 'W', 'W', 'S']] -- Modifying matrix...
[LINE 4]		nan 		nan 		nan 		nan 		nan 		
[LINE 3]		nan 		1.28		-inf		nan 		-inf		
[LINE 2]		nan 		nan 		-inf		1.79		nan 		
[LINE 1]		nan 		nan 		nan 		nan 		nan 		
[LINE 0]		nan 		nan 		nan 		nan 		nan 		
 * Ranking:
 ---> {'coords': (2, 3), 'dir': 'E', 'score': 1}
 ---> {'coords': (2, 3), 'dir': 'E', 'score': 1}
 * Selected, based on ranking: {'coords': (2, 3), 'dir': 'E', 'score': 1}
 * The candidate has value 1.79 and coords (2, 3)
 * Checking direction:
 ---> Trend is: N
 ---> Complex Trend is: {'N': 4.5, 'W': 4.5, 'NW': 1, 'S': 1}
 ---> Allowed dirs based on Complex Trend are: ['NW', 'N', 'NE', 'W', 'SW', 'S']
 ---> Direction E IS NOT ok! Last was S [last 10: ['N', 'N', 'N', 'NW', 'N', 'W', 'W', 'W', 'W', 'S']] -- Modifying matrix...
[LINE 4]		nan 		nan 		nan 		nan 		nan 		
[LINE 3]		nan 		1.28		-inf		nan 		-inf		
[LINE 2]		nan 		nan 		-inf		nan 		nan 		
[LINE 1]		nan 		nan 		nan 		nan 		nan 		
[LINE 0]		nan 		nan 		nan 		nan 		nan 		
 * Ranking:
 ---> {'coords': (3, 1), 'dir': 'NW', 'score': 10}
 ---> {'coords': (3, 1), 'dir': 'NW', 'score': 10}
 * Selected, based on ranking: {'coords': (3, 1), 'dir': 'NW', 'score': 10}
 * The candidate has value 1.28 and coords (3, 1)
 * Checking direction:
 ---> Trend is: N
 ---> Complex Trend is: {'N': 4.5, 'W': 4.5, 'NW': 1, 'S': 1}
 ---> Allowed dirs based on Complex Trend are: ['NW', 'N', 'NE', 'W', 'SW', 'S']
 ---> Direction NW ok (last was S)! -- [Last 10: ['N', 'N', 'N', 'NW', 'N', 'W', 'W', 'W', 'W', 'S']]
 * Selected element is (3, 1) with value 1.28
Next element is NW with direction 1.28
New matrix will be centered on 149,27 with depth 1.28
TREND IS ('W', {'W': 5.0, 'N': 4.0, 'NW': 2, 'S': 1}) --- (['N', 'N', 'NW', 'N', 'W', 'W', 'W', 'W', 'S', 'NW'])
============================================================
Iteration 111 with LAT_IDX: 149 and LON_IDX: 27 with DEPTH 1.2792926
 * Adding to the thalweg 149, 27 (depth 1.28)... Let's look at his neighborhood...
 * The extracted matrix is:
[LINE 4]		nan 		nan 		nan 		nan 		nan 		
[LINE 3]		nan 		nan 		nan 		nan 		nan 		
[LINE 2]		nan 		nan 		-inf		-inf		nan 		
[LINE 1]		nan 		nan 		nan 		-inf		1.79		
[LINE 0]		nan 		nan 		nan 		nan 		nan 		
 * Ranking:
 ---> {'coords': (1, 4), 'dir': 'SE', 'score': 0}
 ---> {'coords': (1, 4), 'dir': 'SE', 'score': 0}
 * Selected, based on ranking: {'coords': (1, 4), 'dir': 'SE', 'score': 0}
 * The candidate has value 1.79 and coords (1, 4)
 * Checking direction:
 ---> Trend is: W
 ---> Complex Trend is: {'W': 5.0, 'N': 4.0, 'NW': 2, 'S': 1}
 ---> Allowed dirs based on Complex Trend are: ['W', 'SW', 'S']
 ---> Direction SE IS NOT ok! Last was NW [last 10: ['N', 'N', 'NW', 'N', 'W', 'W', 'W', 'W', 'S', 'NW']] -- Modifying matrix...
[LINE 4]		nan 		nan 		nan 		nan 		nan 		
[LINE 3]		nan 		nan 		nan 		nan 		nan 		
[LINE 2]		nan 		nan 		-inf		-inf		nan 		
[LINE 1]		nan 		nan 		nan 		-inf		nan 		
[LINE 0]		nan 		nan 		nan 		nan 		nan 		
SIAMO NEL VALUEERROR
PROVO CON TT 3
 * Ranking:
 ---> {'coords': (1, 4), 'dir': 'SE', 'score': 0}
 ---> {'coords': (1, 4), 'dir': 'SE', 'score': 0}
 * Selected, based on ranking: {'coords': (1, 4), 'dir': 'SE', 'score': 0}
 * The candidate has value 1.79 and coords (1, 4)
 * Checking direction:
 ---> Trend is: W
 ---> Complex Trend is: {'W': 5.0, 'N': 4.0, 'NW': 2, 'S': 1}
 ---> Allowed dirs based on Complex Trend are: ['W', 'SW', 'S', 'N', 'S', 'NW', 'N', 'NE', 'W', 'E']
 ---> Direction SE IS NOT ok! Last was NW [last 10: ['N', 'N', 'NW', 'N', 'W', 'W', 'W', 'W', 'S', 'NW']] -- Modifying matrix...
[LINE 4]		nan 		nan 		nan 		nan 		nan 		
[LINE 3]		nan 		nan 		nan 		nan 		nan 		
[LINE 2]		nan 		nan 		-inf		-inf		nan 		
[LINE 1]		nan 		nan 		nan 		-inf		nan 		
[LINE 0]		nan 		nan 		nan 		nan 		nan 		
SIAMO NEL VALUEERROR
MI ARRENDO
Next element is None with direction None
Our next element is None. END OF THALWEG GENERATION!
The log of directions is:
0) - (28, 117) [1.5] -- DIRECTION NW
1) - (29, 115) [1.52] -- DIRECTION NW
2) - (30, 114) [1.46] -- DIRECTION NW
3) - (32, 112) [2.01] -- DIRECTION NW
4) - (34, 110) [4.42] -- DIRECTION NW
5) - (35, 108) [5.17] -- DIRECTION NW
6) - (36, 106) [5.42] -- DIRECTION NW
7) - (37, 104) [5.48] -- DIRECTION W
8) - (37, 103) [5.48] -- DIRECTION N
9) - (38, 103) [5.36] -- DIRECTION W
10) - (38, 102) [5.28] -- DIRECTION N
11) - (39, 102) [5.14] -- DIRECTION N
12) - (40, 102) [4.88] -- DIRECTION NE
13) - (41, 104) [4.81] -- DIRECTION N
14) - (42, 104) [4.69] -- DIRECTION NW
15) - (43, 102) [4.14] -- DIRECTION NW
16) - (44, 100) [3.44] -- DIRECTION NW
17) - (45, 99) [2.82] -- DIRECTION NW
18) - (46, 97) [1.93] -- DIRECTION NW
19) - (47, 95) [1.58] -- DIRECTION NW
20) - (48, 93) [1.56] -- DIRECTION NW
21) - (49, 91) [1.74] -- DIRECTION NW
22) - (51, 89) [2.16] -- DIRECTION NW
23) - (52, 87) [2.63] -- DIRECTION W
24) - (52, 85) [2.97] -- DIRECTION W
25) - (52, 83) [3.47] -- DIRECTION NW
26) - (53, 81) [3.77] -- DIRECTION NW
27) - (54, 80) [3.93] -- DIRECTION NW
28) - (56, 78) [4.23] -- DIRECTION NW
29) - (58, 76) [4.73] -- DIRECTION NW
30) - (59, 75) [4.69] -- DIRECTION W
31) - (59, 74) [4.62] -- DIRECTION N
32) - (60, 74) [4.5] -- DIRECTION N
33) - (61, 74) [4.4] -- DIRECTION NW
34) - (62, 72) [4.43] -- DIRECTION NW
35) - (63, 70) [4.59] -- DIRECTION W
36) - (63, 69) [4.54] -- DIRECTION N
37) - (64, 69) [4.46] -- DIRECTION W
38) - (64, 68) [4.32] -- DIRECTION N
39) - (65, 68) [4.16] -- DIRECTION NW
40) - (66, 67) [3.92] -- DIRECTION NW
41) - (67, 66) [3.68] -- DIRECTION N
42) - (68, 66) [3.53] -- DIRECTION NW
43) - (69, 64) [3.36] -- DIRECTION NW
44) - (71, 62) [3.7] -- DIRECTION NW
45) - (73, 60) [4.57] -- DIRECTION NW
46) - (74, 58) [4.91] -- DIRECTION NW
47) - (76, 57) [5.07] -- DIRECTION N
48) - (78, 57) [5.4] -- DIRECTION N
49) - (80, 57) [5.66] -- DIRECTION N
50) - (81, 57) [5.74] -- DIRECTION N
51) - (82, 57) [5.79] -- DIRECTION N
52) - (83, 57) [5.81] -- DIRECTION N
53) - (84, 57) [5.79] -- DIRECTION NW
54) - (85, 56) [5.75] -- DIRECTION N
55) - (86, 56) [5.66] -- DIRECTION N
56) - (87, 56) [5.52] -- DIRECTION N
57) - (88, 56) [5.4] -- DIRECTION N
58) - (89, 56) [5.3] -- DIRECTION N
59) - (90, 56) [5.11] -- DIRECTION N
60) - (91, 56) [4.9] -- DIRECTION N
61) - (92, 56) [4.75] -- DIRECTION NW
62) - (93, 54) [4.65] -- DIRECTION NW
63) - (95, 52) [4.82] -- DIRECTION NW
64) - (96, 51) [5.0] -- DIRECTION N
65) - (98, 51) [5.19] -- DIRECTION N
66) - (99, 51) [5.23] -- DIRECTION N
67) - (100, 51) [5.25] -- DIRECTION N
68) - (101, 51) [5.29] -- DIRECTION N
69) - (103, 51) [5.43] -- DIRECTION N
70) - (105, 51) [5.79] -- DIRECTION N
71) - (107, 51) [6.15] -- DIRECTION N
72) - (109, 51) [6.29] -- DIRECTION NW
73) - (110, 50) [6.27] -- DIRECTION NW
74) - (111, 49) [6.03] -- DIRECTION N
75) - (112, 49) [5.81] -- DIRECTION N
76) - (113, 49) [5.65] -- DIRECTION N
77) - (114, 49) [5.45] -- DIRECTION NW
78) - (116, 48) [5.49] -- DIRECTION NW
79) - (118, 47) [5.97] -- DIRECTION NW
80) - (120, 46) [6.44] -- DIRECTION NW
81) - (121, 45) [6.75] -- DIRECTION NW
82) - (123, 44) [6.82] -- DIRECTION NW
83) - (124, 43) [6.71] -- DIRECTION N
84) - (125, 43) [6.58] -- DIRECTION N
85) - (126, 43) [6.48] -- DIRECTION N
86) - (127, 43) [6.39] -- DIRECTION N
87) - (128, 43) [6.3] -- DIRECTION N
88) - (129, 43) [6.22] -- DIRECTION N
89) - (130, 43) [6.1] -- DIRECTION N
90) - (131, 43) [5.94] -- DIRECTION N
91) - (132, 43) [5.76] -- DIRECTION NW
92) - (133, 41) [5.43] -- DIRECTION NE
93) - (134, 42) [5.25] -- DIRECTION NW
94) - (135, 40) [5.02] -- DIRECTION NW
95) - (137, 38) [5.15] -- DIRECTION NW
96) - (139, 36) [5.8] -- DIRECTION NW
97) - (141, 35) [5.9] -- DIRECTION N
98) - (142, 35) [5.77] -- DIRECTION N
99) - (143, 35) [5.57] -- DIRECTION N
100) - (144, 35) [5.27] -- DIRECTION N
101) - (145, 35) [4.92] -- DIRECTION N
102) - (146, 35) [4.43] -- DIRECTION N
103) - (147, 35) [3.84] -- DIRECTION NW
104) - (148, 33) [2.71] -- DIRECTION N
105) - (149, 33) [2.25] -- DIRECTION W
106) - (149, 32) [2.21] -- DIRECTION W
107) - (149, 31) [1.95] -- DIRECTION W
108) - (149, 30) [1.77] -- DIRECTION W
109) - (149, 28) [1.35] -- DIRECTION S
110) - (148, 28) [1.47] -- DIRECTION NW
111) - (149, 27) [1.28] -- DIRECTION None
Length of the thalweg: 17401.51 m
Generation of plot complete.
