============================================================
Iteration 0 with LAT_IDX: 23 and LON_IDX: 127 with DEPTH 1.3757463
 * Adding to the thalweg 23, 127 (depth 1.38)... Let's look at his neighborhood...
 * The extracted matrix is:
[LINE 4]		1.81		1.81		1.75		nan 		nan 		
[LINE 3]		1.53		1.57		1.57		nan 		nan 		
[LINE 2]		1.27		1.34		-inf		1.37		nan 		
[LINE 1]		1.11		1.19		1.21		nan 		nan 		
[LINE 0]		nan 		nan 		nan 		nan 		nan 		
 * Ranking:
 ---> {'coords': (4, 0), 'dir': 'NW', 'score': 9}
 ---> {'coords': (4, 1), 'dir': 'NW', 'score': 9}
 ---> {'coords': (4, 2), 'dir': 'N', 'score': 5}
 * Selected, based on ranking: {'coords': (4, 0), 'dir': 'NW', 'score': 9}
 * The candidate has value 1.81 and coords (4, 0)
 * Checking direction:
 ---> Direction NW ok (last was None)!
 * Selected element is (4, 0) with value 1.81
Next element is NW with direction 1.81
New matrix will be centered on 25,125 with depth 1.81
============================================================
Iteration 1 with LAT_IDX: 25 and LON_IDX: 125 with DEPTH 1.810296
 * Adding to the thalweg 25, 125 (depth 1.81)... Let's look at his neighborhood...
 * The extracted matrix is:
[LINE 4]		2.46		2.46		2.35		2.13		1.9 		
[LINE 3]		2.24		2.27		2.14		2.01		1.86		
[LINE 2]		1.85		1.84		-inf		1.81		1.75		
[LINE 1]		1.48		1.47		1.53		1.57		1.57		
[LINE 0]		1.25		1.24		1.27		1.34		-inf		
 * Ranking:
 ---> {'coords': (4, 0), 'dir': 'NW', 'score': 9}
 ---> {'coords': (4, 1), 'dir': 'NW', 'score': 9}
 * Selected, based on ranking: {'coords': (4, 0), 'dir': 'NW', 'score': 9}
 * The candidate has value 2.46 and coords (4, 0)
 * Checking direction:
 ---> Direction NW ok (last was NW)! -- [Last 10: ['NW']]
 * Selected element is (4, 0) with value 2.46
Next element is NW with direction 2.46
New matrix will be centered on 27,123 with depth 2.46
============================================================
Iteration 2 with LAT_IDX: 27 and LON_IDX: 123 with DEPTH 2.4607801
 * Adding to the thalweg 27, 123 (depth 2.46)... Let's look at his neighborhood...
 * The extracted matrix is:
[LINE 4]		2.75		2.77		2.75		2.67		2.46		
[LINE 3]		2.62		2.67		2.66		2.62		2.47		
[LINE 2]		2.38		2.45		-inf		2.46		2.35		
[LINE 1]		2.11		2.12		2.24		2.27		2.14		
[LINE 0]		1.84		1.79		1.85		1.84		-inf		
 * Ranking:
 ---> {'coords': (3, 1), 'dir': 'NW', 'score': 9}
 ---> {'coords': (4, 0), 'dir': 'NW', 'score': 9}
 ---> {'coords': (4, 1), 'dir': 'NW', 'score': 9}
 ---> {'coords': (4, 2), 'dir': 'N', 'score': 5}
 ---> {'coords': (4, 3), 'dir': 'NE', 'score': 1}
 * Selected, based on ranking: {'coords': (3, 1), 'dir': 'NW', 'score': 9}
 * The candidate has value 2.77 and coords (3, 1)
 * Checking direction:
 ---> Direction NW ok (last was NW)! -- [Last 10: ['NW', 'NW']]
 * Selected element is (3, 1) with value 2.77
Next element is NW with direction 2.67
New matrix will be centered on 28,122 with depth 2.67
============================================================
Iteration 3 with LAT_IDX: 28 and LON_IDX: 122 with DEPTH 2.6663551
 * Adding to the thalweg 28, 122 (depth 2.67)... Let's look at his neighborhood...
 * The extracted matrix is:
[LINE 4]		nan 		nan 		nan 		nan 		nan 		
[LINE 3]		2.76		2.75		2.77		2.75		2.67		
[LINE 2]		2.62		2.62		-inf		2.66		2.62		
[LINE 1]		2.38		2.38		2.45		-inf		2.46		
[LINE 0]		2.19		2.11		2.12		2.24		2.27		
 * Ranking:
 ---> {'coords': (3, 0), 'dir': 'NW', 'score': 9}
 ---> {'coords': (3, 1), 'dir': 'NW', 'score': 9}
 ---> {'coords': (3, 2), 'dir': 'N', 'score': 5}
 ---> {'coords': (3, 3), 'dir': 'NE', 'score': 1}
 ---> {'coords': (3, 4), 'dir': 'NE', 'score': 1}
 * Selected, based on ranking: {'coords': (3, 0), 'dir': 'NW', 'score': 9}
 * The candidate has value 2.77 and coords (3, 0)
 * Checking direction:
 ---> Direction NW ok (last was NW)! -- [Last 10: ['NW', 'NW', 'NW']]
 * Selected element is (3, 0) with value 2.77
Next element is NW with direction 2.76
New matrix will be centered on 29,120 with depth 2.76
============================================================
Iteration 4 with LAT_IDX: 29 and LON_IDX: 120 with DEPTH 2.7582312
 * Adding to the thalweg 29, 120 (depth 2.76)... Let's look at his neighborhood...
 * The extracted matrix is:
[LINE 4]		nan 		nan 		nan 		nan 		nan 		
[LINE 3]		nan 		nan 		nan 		nan 		nan 		
[LINE 2]		2.86		2.8 		-inf		2.75		2.77		
[LINE 1]		2.8 		2.71		2.62		2.62		-inf		
[LINE 0]		nan 		2.52		2.38		2.38		2.45		
 * Ranking:
 ---> {'coords': (1, 0), 'dir': 'SW', 'score': 1}
 ---> {'coords': (2, 0), 'dir': 'W', 'score': 5}
 ---> {'coords': (2, 1), 'dir': 'W', 'score': 5}
 ---> {'coords': (2, 4), 'dir': 'E', 'score': 0}
 * Selected, based on ranking: {'coords': (2, 0), 'dir': 'W', 'score': 5}
 * The candidate has value 2.86 and coords (2, 0)
 * Checking direction:
 ---> Direction W ok (last was NW)! -- [Last 10: ['NW', 'NW', 'NW', 'NW']]
 * Selected element is (2, 0) with value 2.86
Next element is W with direction 2.86
New matrix will be centered on 29,118 with depth 2.86
============================================================
Iteration 5 with LAT_IDX: 29 and LON_IDX: 118 with DEPTH 2.8602061
 * Adding to the thalweg 29, 118 (depth 2.86)... Let's look at his neighborhood...
 * The extracted matrix is:
[LINE 4]		nan 		nan 		nan 		nan 		nan 		
[LINE 3]		nan 		nan 		nan 		nan 		nan 		
[LINE 2]		2.94		2.91		-inf		2.8 		-inf		
[LINE 1]		2.92		2.88		2.8 		2.71		2.62		
[LINE 0]		nan 		nan 		nan 		2.52		2.38		
 * Ranking:
 ---> {'coords': (1, 0), 'dir': 'SW', 'score': 1}
 ---> {'coords': (1, 1), 'dir': 'SW', 'score': 1}
 ---> {'coords': (2, 0), 'dir': 'W', 'score': 5}
 ---> {'coords': (2, 1), 'dir': 'W', 'score': 5}
 * Selected, based on ranking: {'coords': (2, 0), 'dir': 'W', 'score': 5}
 * The candidate has value 2.94 and coords (2, 0)
 * Checking direction:
 ---> Direction W ok (last was W)! -- [Last 10: ['NW', 'NW', 'NW', 'NW', 'W']]
 * Selected element is (2, 0) with value 2.94
Next element is W with direction 2.94
New matrix will be centered on 29,116 with depth 2.94
============================================================
Iteration 6 with LAT_IDX: 29 and LON_IDX: 116 with DEPTH 2.9441903
 * Adding to the thalweg 29, 116 (depth 2.94)... Let's look at his neighborhood...
 * The extracted matrix is:
[LINE 4]		nan 		nan 		nan 		nan 		nan 		
[LINE 3]		nan 		nan 		nan 		nan 		nan 		
[LINE 2]		2.93		2.95		-inf		2.91		-inf		
[LINE 1]		nan 		2.94		2.92		2.88		2.8 		
[LINE 0]		nan 		nan 		nan 		nan 		nan 		
 * Ranking:
 ---> {'coords': (1, 1), 'dir': 'SW', 'score': 1}
 ---> {'coords': (1, 2), 'dir': 'S', 'score': 0}
 ---> {'coords': (1, 3), 'dir': 'SE', 'score': 0}
 ---> {'coords': (2, 0), 'dir': 'W', 'score': 5}
 ---> {'coords': (2, 1), 'dir': 'W', 'score': 5}
 ---> {'coords': (2, 3), 'dir': 'E', 'score': 0}
 * Selected, based on ranking: {'coords': (2, 0), 'dir': 'W', 'score': 5}
 * The candidate has value 2.95 and coords (2, 0)
 * Checking direction:
 ---> Direction W ok (last was W)! -- [Last 10: ['NW', 'NW', 'NW', 'NW', 'W', 'W']]
 * Selected element is (2, 0) with value 2.95
Next element is W with direction 2.93
New matrix will be centered on 29,114 with depth 2.93
============================================================
Iteration 7 with LAT_IDX: 29 and LON_IDX: 114 with DEPTH 2.9321856
 * Adding to the thalweg 29, 114 (depth 2.93)... Let's look at his neighborhood...
 * The extracted matrix is:
[LINE 4]		nan 		nan 		nan 		nan 		nan 		
[LINE 3]		2.74		2.83		nan 		nan 		nan 		
[LINE 2]		2.75		2.84		-inf		2.95		-inf		
[LINE 1]		nan 		nan 		nan 		2.94		2.92		
[LINE 0]		nan 		nan 		nan 		nan 		nan 		
 * Ranking:
 ---> {'coords': (1, 3), 'dir': 'SE', 'score': 0}
 ---> {'coords': (1, 4), 'dir': 'SE', 'score': 0}
 ---> {'coords': (2, 3), 'dir': 'E', 'score': 0}
 * Selected, based on ranking: {'coords': (1, 3), 'dir': 'SE', 'score': 0}
 * The candidate has value 2.95 and coords (1, 3)
 * Checking direction:
 ---> Direction SE IS NOT ok! Last was W [last 10: ['NW', 'NW', 'NW', 'NW', 'W', 'W', 'W']] -- Modifying matrix...
[LINE 4]		nan 		nan 		nan 		nan 		nan 		
[LINE 3]		2.74		2.83		nan 		nan 		nan 		
[LINE 2]		2.75		2.84		-inf		2.95		-inf		
[LINE 1]		nan 		nan 		nan 		nan 		2.92		
[LINE 0]		nan 		nan 		nan 		nan 		nan 		
 * Ranking:
 ---> {'coords': (1, 4), 'dir': 'SE', 'score': 0}
 ---> {'coords': (2, 3), 'dir': 'E', 'score': 0}
 * Selected, based on ranking: {'coords': (1, 4), 'dir': 'SE', 'score': 0}
 * The candidate has value 2.95 and coords (1, 4)
 * Checking direction:
 ---> Direction SE IS NOT ok! Last was W [last 10: ['NW', 'NW', 'NW', 'NW', 'W', 'W', 'W']] -- Modifying matrix...
[LINE 4]		nan 		nan 		nan 		nan 		nan 		
[LINE 3]		2.74		2.83		nan 		nan 		nan 		
[LINE 2]		2.75		2.84		-inf		2.95		-inf		
[LINE 1]		nan 		nan 		nan 		nan 		nan 		
[LINE 0]		nan 		nan 		nan 		nan 		nan 		
 * Ranking:
 ---> {'coords': (2, 3), 'dir': 'E', 'score': 0}
 * Selected, based on ranking: {'coords': (2, 3), 'dir': 'E', 'score': 0}
 * The candidate has value 2.95 and coords (2, 3)
 * Checking direction:
 ---> Direction E IS NOT ok! Last was W [last 10: ['NW', 'NW', 'NW', 'NW', 'W', 'W', 'W']] -- Modifying matrix...
[LINE 4]		nan 		nan 		nan 		nan 		nan 		
[LINE 3]		2.74		2.83		nan 		nan 		nan 		
[LINE 2]		2.75		2.84		-inf		nan 		-inf		
[LINE 1]		nan 		nan 		nan 		nan 		nan 		
[LINE 0]		nan 		nan 		nan 		nan 		nan 		
 * Ranking:
 ---> {'coords': (2, 0), 'dir': 'W', 'score': 5}
 ---> {'coords': (2, 1), 'dir': 'W', 'score': 5}
 ---> {'coords': (3, 0), 'dir': 'NW', 'score': 9}
 ---> {'coords': (3, 1), 'dir': 'NW', 'score': 9}
 * Selected, based on ranking: {'coords': (3, 0), 'dir': 'NW', 'score': 9}
 * The candidate has value 2.84 and coords (3, 0)
 * Checking direction:
 ---> Direction NW ok (last was W)! -- [Last 10: ['NW', 'NW', 'NW', 'NW', 'W', 'W', 'W']]
 * Selected element is (3, 0) with value 2.84
Next element is NW with direction 2.74
New matrix will be centered on 30,112 with depth 2.74
============================================================
Iteration 8 with LAT_IDX: 30 and LON_IDX: 112 with DEPTH 2.7443645
 * Adding to the thalweg 30, 112 (depth 2.74)... Let's look at his neighborhood...
 * The extracted matrix is:
[LINE 4]		nan 		nan 		nan 		nan 		nan 		
[LINE 3]		nan 		nan 		nan 		nan 		nan 		
[LINE 2]		2.61		2.68		-inf		2.83		nan 		
[LINE 1]		2.61		2.67		2.75		2.84		-inf		
[LINE 0]		nan 		nan 		nan 		nan 		nan 		
 * Ranking:
 ---> {'coords': (1, 2), 'dir': 'S', 'score': 0}
 ---> {'coords': (1, 3), 'dir': 'SE', 'score': 0}
 ---> {'coords': (2, 3), 'dir': 'E', 'score': 0}
 * Selected, based on ranking: {'coords': (1, 2), 'dir': 'S', 'score': 0}
 * The candidate has value 2.84 and coords (1, 2)
 * Checking direction:
 ---> Direction S IS NOT ok! Last was NW [last 10: ['NW', 'NW', 'NW', 'NW', 'W', 'W', 'W', 'NW']] -- Modifying matrix...
[LINE 4]		nan 		nan 		nan 		nan 		nan 		
[LINE 3]		nan 		nan 		nan 		nan 		nan 		
[LINE 2]		2.61		2.68		-inf		2.83		nan 		
[LINE 1]		2.61		2.67		nan 		2.84		-inf		
[LINE 0]		nan 		nan 		nan 		nan 		nan 		
 * Ranking:
 ---> {'coords': (1, 3), 'dir': 'SE', 'score': 0}
 ---> {'coords': (2, 3), 'dir': 'E', 'score': 0}
 * Selected, based on ranking: {'coords': (1, 3), 'dir': 'SE', 'score': 0}
 * The candidate has value 2.84 and coords (1, 3)
 * Checking direction:
 ---> Direction SE IS NOT ok! Last was NW [last 10: ['NW', 'NW', 'NW', 'NW', 'W', 'W', 'W', 'NW']] -- Modifying matrix...
[LINE 4]		nan 		nan 		nan 		nan 		nan 		
[LINE 3]		nan 		nan 		nan 		nan 		nan 		
[LINE 2]		2.61		2.68		-inf		2.83		nan 		
[LINE 1]		2.61		2.67		nan 		nan 		-inf		
[LINE 0]		nan 		nan 		nan 		nan 		nan 		
 * Ranking:
 ---> {'coords': (2, 3), 'dir': 'E', 'score': 0}
 * Selected, based on ranking: {'coords': (2, 3), 'dir': 'E', 'score': 0}
 * The candidate has value 2.83 and coords (2, 3)
 * Checking direction:
 ---> Direction E IS NOT ok! Last was NW [last 10: ['NW', 'NW', 'NW', 'NW', 'W', 'W', 'W', 'NW']] -- Modifying matrix...
[LINE 4]		nan 		nan 		nan 		nan 		nan 		
[LINE 3]		nan 		nan 		nan 		nan 		nan 		
[LINE 2]		2.61		2.68		-inf		nan 		nan 		
[LINE 1]		2.61		2.67		nan 		nan 		-inf		
[LINE 0]		nan 		nan 		nan 		nan 		nan 		
 * Ranking:
 ---> {'coords': (1, 0), 'dir': 'SW', 'score': 1}
 ---> {'coords': (1, 1), 'dir': 'SW', 'score': 1}
 ---> {'coords': (2, 0), 'dir': 'W', 'score': 5}
 ---> {'coords': (2, 1), 'dir': 'W', 'score': 5}
 * Selected, based on ranking: {'coords': (2, 0), 'dir': 'W', 'score': 5}
 * The candidate has value 2.68 and coords (2, 0)
 * Checking direction:
 ---> Direction W ok (last was NW)! -- [Last 10: ['NW', 'NW', 'NW', 'NW', 'W', 'W', 'W', 'NW']]
 * Selected element is (2, 0) with value 2.68
Next element is W with direction 2.61
New matrix will be centered on 30,110 with depth 2.61
============================================================
Iteration 9 with LAT_IDX: 30 and LON_IDX: 110 with DEPTH 2.6106532
 * Adding to the thalweg 30, 110 (depth 2.61)... Let's look at his neighborhood...
 * The extracted matrix is:
[LINE 4]		nan 		nan 		nan 		nan 		nan 		
[LINE 3]		nan 		nan 		nan 		nan 		nan 		
[LINE 2]		2.49		2.53		-inf		2.68		-inf		
[LINE 1]		2.49		2.54		2.61		2.67		2.75		
[LINE 0]		nan 		nan 		nan 		nan 		nan 		
 * Ranking:
 ---> {'coords': (1, 3), 'dir': 'SE', 'score': 0}
 ---> {'coords': (1, 4), 'dir': 'SE', 'score': 0}
 ---> {'coords': (2, 3), 'dir': 'E', 'score': 0}
 * Selected, based on ranking: {'coords': (1, 3), 'dir': 'SE', 'score': 0}
 * The candidate has value 2.75 and coords (1, 3)
 * Checking direction:
 ---> Direction SE IS NOT ok! Last was W [last 10: ['NW', 'NW', 'NW', 'NW', 'W', 'W', 'W', 'NW', 'W']] -- Modifying matrix...
[LINE 4]		nan 		nan 		nan 		nan 		nan 		
[LINE 3]		nan 		nan 		nan 		nan 		nan 		
[LINE 2]		2.49		2.53		-inf		2.68		-inf		
[LINE 1]		2.49		2.54		2.61		nan 		2.75		
[LINE 0]		nan 		nan 		nan 		nan 		nan 		
 * Ranking:
 ---> {'coords': (1, 4), 'dir': 'SE', 'score': 0}
 ---> {'coords': (2, 3), 'dir': 'E', 'score': 0}
 * Selected, based on ranking: {'coords': (1, 4), 'dir': 'SE', 'score': 0}
 * The candidate has value 2.75 and coords (1, 4)
 * Checking direction:
 ---> Direction SE IS NOT ok! Last was W [last 10: ['NW', 'NW', 'NW', 'NW', 'W', 'W', 'W', 'NW', 'W']] -- Modifying matrix...
[LINE 4]		nan 		nan 		nan 		nan 		nan 		
[LINE 3]		nan 		nan 		nan 		nan 		nan 		
[LINE 2]		2.49		2.53		-inf		2.68		-inf		
[LINE 1]		2.49		2.54		2.61		nan 		nan 		
[LINE 0]		nan 		nan 		nan 		nan 		nan 		
 * Ranking:
 ---> {'coords': (1, 2), 'dir': 'S', 'score': 0}
 ---> {'coords': (2, 3), 'dir': 'E', 'score': 0}
 * Selected, based on ranking: {'coords': (1, 2), 'dir': 'S', 'score': 0}
 * The candidate has value 2.68 and coords (1, 2)
 * Checking direction:
 ---> Direction S ok (last was W)! -- [Last 10: ['NW', 'NW', 'NW', 'NW', 'W', 'W', 'W', 'NW', 'W']]
 * Selected element is (1, 2) with value 2.68
Next element is S with direction 2.61
New matrix will be centered on 29,110 with depth 2.61
============================================================
Iteration 10 with LAT_IDX: 29 and LON_IDX: 110 with DEPTH 2.6119497
 * Adding to the thalweg 29, 110 (depth 2.61)... Let's look at his neighborhood...
 * The extracted matrix is:
[LINE 4]		nan 		nan 		nan 		nan 		nan 		
[LINE 3]		2.49		2.53		-inf		2.68		-inf		
[LINE 2]		2.49		2.54		-inf		2.67		2.75		
[LINE 1]		nan 		nan 		nan 		nan 		nan 		
[LINE 0]		nan 		nan 		nan 		nan 		nan 		
 * Ranking:
 ---> {'coords': (2, 3), 'dir': 'E', 'score': 1}
 ---> {'coords': (2, 4), 'dir': 'E', 'score': 1}
 ---> {'coords': (3, 3), 'dir': 'NE', 'score': 0}
 * Selected, based on ranking: {'coords': (2, 3), 'dir': 'E', 'score': 1}
 * The candidate has value 2.75 and coords (2, 3)
 * Checking direction:
 ---> Direction E ok (last was S)! -- [Last 10: ['NW', 'NW', 'NW', 'NW', 'W', 'W', 'W', 'NW', 'W', 'S']]
 * Selected element is (2, 3) with value 2.75
Next element is E with direction 2.67
New matrix will be centered on 29,111 with depth 2.67
TREND IS ('NW', {'NW': 4, 'W': 6.0, 'S': 1, 'E': 1, 'N': 2.0}) --- (['NW', 'NW', 'NW', 'W', 'W', 'W', 'NW', 'W', 'S', 'E'])
============================================================
Iteration 11 with LAT_IDX: 29 and LON_IDX: 111 with DEPTH 2.6677923
 * Adding to the thalweg 29, 111 (depth 2.67)... Let's look at his neighborhood...
 * The extracted matrix is:
[LINE 4]		nan 		nan 		nan 		nan 		nan 		
[LINE 3]		2.53		-inf		2.68		-inf		2.83		
[LINE 2]		2.54		-inf		-inf		2.75		2.84		
[LINE 1]		nan 		nan 		nan 		nan 		nan 		
[LINE 0]		nan 		nan 		nan 		nan 		nan 		
 * Ranking:
 ---> {'coords': (2, 3), 'dir': 'E', 'score': 9}
 ---> {'coords': (2, 3), 'dir': 'E', 'score': 9}
 ---> {'coords': (2, 4), 'dir': 'E', 'score': 9}
 ---> {'coords': (2, 4), 'dir': 'E', 'score': 9}
 ---> {'coords': (3, 4), 'dir': 'NE', 'score': 5}
 ---> {'coords': (3, 4), 'dir': 'NE', 'score': 5}
 * Selected, based on ranking: {'coords': (2, 3), 'dir': 'E', 'score': 9}
 * The candidate has value 2.84 and coords (2, 3)
 * Checking direction:
 ---> Trend is: NW
 ---> Complex Trend is: {'NW': 4, 'W': 6.0, 'S': 1, 'E': 1, 'N': 2.0}
 ---> Allowed dirs based on Complex Trend are: ['W', 'SW', 'S']
 ---> Direction E IS NOT ok! Last was E [last 10: ['NW', 'NW', 'NW', 'W', 'W', 'W', 'NW', 'W', 'S', 'E']] -- Modifying matrix...
[LINE 4]		nan 		nan 		nan 		nan 		nan 		
[LINE 3]		2.53		-inf		2.68		-inf		2.83		
[LINE 2]		2.54		-inf		-inf		nan 		2.84		
[LINE 1]		nan 		nan 		nan 		nan 		nan 		
[LINE 0]		nan 		nan 		nan 		nan 		nan 		
 * Ranking:
 ---> {'coords': (2, 4), 'dir': 'E', 'score': 9}
 ---> {'coords': (2, 4), 'dir': 'E', 'score': 9}
 ---> {'coords': (3, 4), 'dir': 'NE', 'score': 5}
 ---> {'coords': (3, 4), 'dir': 'NE', 'score': 5}
 * Selected, based on ranking: {'coords': (2, 4), 'dir': 'E', 'score': 9}
 * The candidate has value 2.84 and coords (2, 4)
 * Checking direction:
 ---> Trend is: NW
 ---> Complex Trend is: {'NW': 4, 'W': 6.0, 'S': 1, 'E': 1, 'N': 2.0}
 ---> Allowed dirs based on Complex Trend are: ['W', 'SW', 'S']
 ---> Direction E IS NOT ok! Last was E [last 10: ['NW', 'NW', 'NW', 'W', 'W', 'W', 'NW', 'W', 'S', 'E']] -- Modifying matrix...
[LINE 4]		nan 		nan 		nan 		nan 		nan 		
[LINE 3]		2.53		-inf		2.68		-inf		2.83		
[LINE 2]		2.54		-inf		-inf		nan 		nan 		
[LINE 1]		nan 		nan 		nan 		nan 		nan 		
[LINE 0]		nan 		nan 		nan 		nan 		nan 		
 * Ranking:
 ---> {'coords': (3, 4), 'dir': 'NE', 'score': 5}
 ---> {'coords': (3, 4), 'dir': 'NE', 'score': 5}
 * Selected, based on ranking: {'coords': (3, 4), 'dir': 'NE', 'score': 5}
 * The candidate has value 2.83 and coords (3, 4)
 * Checking direction:
 ---> Trend is: NW
 ---> Complex Trend is: {'NW': 4, 'W': 6.0, 'S': 1, 'E': 1, 'N': 2.0}
 ---> Allowed dirs based on Complex Trend are: ['W', 'SW', 'S']
 ---> Direction NE IS NOT ok! Last was E [last 10: ['NW', 'NW', 'NW', 'W', 'W', 'W', 'NW', 'W', 'S', 'E']] -- Modifying matrix...
[LINE 4]		nan 		nan 		nan 		nan 		nan 		
[LINE 3]		2.53		-inf		2.68		-inf		nan 		
[LINE 2]		2.54		-inf		-inf		nan 		nan 		
[LINE 1]		nan 		nan 		nan 		nan 		nan 		
[LINE 0]		nan 		nan 		nan 		nan 		nan 		
 * Ranking:
 ---> {'coords': (3, 2), 'dir': 'N', 'score': 1}
 ---> {'coords': (3, 2), 'dir': 'N', 'score': 1}
 * Selected, based on ranking: {'coords': (3, 2), 'dir': 'N', 'score': 1}
 * The candidate has value 2.68 and coords (3, 2)
 * Checking direction:
 ---> Trend is: NW
 ---> Complex Trend is: {'NW': 4, 'W': 6.0, 'S': 1, 'E': 1, 'N': 2.0}
 ---> Allowed dirs based on Complex Trend are: ['W', 'SW', 'S']
 ---> Direction N IS NOT ok! Last was E [last 10: ['NW', 'NW', 'NW', 'W', 'W', 'W', 'NW', 'W', 'S', 'E']] -- Modifying matrix...
[LINE 4]		nan 		nan 		nan 		nan 		nan 		
[LINE 3]		2.53		-inf		nan 		-inf		nan 		
[LINE 2]		2.54		-inf		-inf		nan 		nan 		
[LINE 1]		nan 		nan 		nan 		nan 		nan 		
[LINE 0]		nan 		nan 		nan 		nan 		nan 		
 * Ranking:
 ---> {'coords': (2, 0), 'dir': 'W', 'score': 10}
 ---> {'coords': (2, 0), 'dir': 'W', 'score': 10}
 ---> {'coords': (3, 0), 'dir': 'NW', 'score': 0}
 ---> {'coords': (3, 0), 'dir': 'NW', 'score': 0}
 * Selected, based on ranking: {'coords': (2, 0), 'dir': 'W', 'score': 10}
 * The candidate has value 2.54 and coords (2, 0)
 * Checking direction:
 ---> Trend is: NW
 ---> Complex Trend is: {'NW': 4, 'W': 6.0, 'S': 1, 'E': 1, 'N': 2.0}
 ---> Allowed dirs based on Complex Trend are: ['W', 'SW', 'S']
 ---> Direction W ok (last was E)! -- [Last 10: ['NW', 'NW', 'NW', 'W', 'W', 'W', 'NW', 'W', 'S', 'E']]
 * Selected element is (2, 0) with value 2.54
Next element is W with direction 2.54
New matrix will be centered on 29,109 with depth 2.54
TREND IS ('W', {'W': 6.5, 'NW': 3, 'S': 1, 'E': 1, 'N': 1.5}) --- (['NW', 'NW', 'W', 'W', 'W', 'NW', 'W', 'S', 'E', 'W'])
============================================================
Iteration 12 with LAT_IDX: 29 and LON_IDX: 109 with DEPTH 2.5407221
 * Adding to the thalweg 29, 109 (depth 2.54)... Let's look at his neighborhood...
 * The extracted matrix is:
[LINE 4]		nan 		nan 		nan 		nan 		nan 		
[LINE 3]		2.46		2.49		2.53		-inf		2.68		
[LINE 2]		2.46		2.49		-inf		-inf		-inf		
[LINE 1]		nan 		nan 		nan 		nan 		nan 		
[LINE 0]		nan 		nan 		nan 		nan 		nan 		
 * Ranking:
 ---> {'coords': (3, 4), 'dir': 'NE', 'score': 0}
 ---> {'coords': (3, 4), 'dir': 'NE', 'score': 0}
 * Selected, based on ranking: {'coords': (3, 4), 'dir': 'NE', 'score': 0}
 * The candidate has value 2.68 and coords (3, 4)
 * Checking direction:
 ---> Trend is: W
 ---> Complex Trend is: {'W': 6.5, 'NW': 3, 'S': 1, 'E': 1, 'N': 1.5}
 ---> Allowed dirs based on Complex Trend are: ['W', 'SW', 'S']
 ---> Direction NE IS NOT ok! Last was W [last 10: ['NW', 'NW', 'W', 'W', 'W', 'NW', 'W', 'S', 'E', 'W']] -- Modifying matrix...
[LINE 4]		nan 		nan 		nan 		nan 		nan 		
[LINE 3]		2.46		2.49		2.53		-inf		nan 		
[LINE 2]		2.46		2.49		-inf		-inf		-inf		
[LINE 1]		nan 		nan 		nan 		nan 		nan 		
[LINE 0]		nan 		nan 		nan 		nan 		nan 		
 * Ranking:
 ---> {'coords': (2, 0), 'dir': 'W', 'score': 19}
 ---> {'coords': (2, 0), 'dir': 'W', 'score': 19}
 ---> {'coords': (2, 1), 'dir': 'W', 'score': 19}
 ---> {'coords': (2, 1), 'dir': 'W', 'score': 19}
 ---> {'coords': (3, 0), 'dir': 'NW', 'score': 5}
 ---> {'coords': (3, 0), 'dir': 'NW', 'score': 5}
 ---> {'coords': (3, 1), 'dir': 'NW', 'score': 5}
 ---> {'coords': (3, 1), 'dir': 'NW', 'score': 5}
 ---> {'coords': (3, 2), 'dir': 'N', 'score': 1}
 ---> {'coords': (3, 2), 'dir': 'N', 'score': 1}
 * Selected, based on ranking: {'coords': (2, 0), 'dir': 'W', 'score': 19}
 * The candidate has value 2.53 and coords (2, 0)
 * Checking direction:
 ---> Trend is: W
 ---> Complex Trend is: {'W': 6.5, 'NW': 3, 'S': 1, 'E': 1, 'N': 1.5}
 ---> Allowed dirs based on Complex Trend are: ['W', 'SW', 'S']
 ---> Direction W ok (last was W)! -- [Last 10: ['NW', 'NW', 'W', 'W', 'W', 'NW', 'W', 'S', 'E', 'W']]
 * Selected element is (2, 0) with value 2.53
Next element is W with direction 2.46
New matrix will be centered on 29,107 with depth 2.46
TREND IS ('W', {'W': 7.0, 'NW': 2, 'S': 1, 'E': 1, 'N': 1.0}) --- (['NW', 'W', 'W', 'W', 'NW', 'W', 'S', 'E', 'W', 'W'])
============================================================
Iteration 13 with LAT_IDX: 29 and LON_IDX: 107 with DEPTH 2.4588168
 * Adding to the thalweg 29, 107 (depth 2.46)... Let's look at his neighborhood...
 * The extracted matrix is:
[LINE 4]		nan 		nan 		nan 		nan 		nan 		
[LINE 3]		2.46		2.44		2.46		2.49		2.53		
[LINE 2]		2.46		2.44		-inf		2.49		-inf		
[LINE 1]		nan 		nan 		nan 		nan 		nan 		
[LINE 0]		nan 		nan 		nan 		nan 		nan 		
 * Ranking:
 ---> {'coords': (2, 0), 'dir': 'W', 'score': 19}
 ---> {'coords': (2, 0), 'dir': 'W', 'score': 19}
 ---> {'coords': (2, 1), 'dir': 'W', 'score': 19}
 ---> {'coords': (2, 1), 'dir': 'W', 'score': 19}
 ---> {'coords': (2, 3), 'dir': 'E', 'score': 0}
 ---> {'coords': (2, 3), 'dir': 'E', 'score': 0}
 ---> {'coords': (3, 0), 'dir': 'NW', 'score': 5}
 ---> {'coords': (3, 0), 'dir': 'NW', 'score': 5}
 ---> {'coords': (3, 1), 'dir': 'NW', 'score': 5}
 ---> {'coords': (3, 1), 'dir': 'NW', 'score': 5}
 ---> {'coords': (3, 2), 'dir': 'N', 'score': 1}
 ---> {'coords': (3, 2), 'dir': 'N', 'score': 1}
 ---> {'coords': (3, 3), 'dir': 'NE', 'score': 0}
 ---> {'coords': (3, 3), 'dir': 'NE', 'score': 0}
 ---> {'coords': (3, 4), 'dir': 'NE', 'score': 0}
 ---> {'coords': (3, 4), 'dir': 'NE', 'score': 0}
 * Selected, based on ranking: {'coords': (2, 0), 'dir': 'W', 'score': 19}
 * The candidate has value 2.53 and coords (2, 0)
 * Checking direction:
 ---> Trend is: W
 ---> Complex Trend is: {'W': 7.0, 'NW': 2, 'S': 1, 'E': 1, 'N': 1.0}
 ---> Allowed dirs based on Complex Trend are: ['W', 'SW', 'S']
 ---> Direction W ok (last was W)! -- [Last 10: ['NW', 'W', 'W', 'W', 'NW', 'W', 'S', 'E', 'W', 'W']]
 * Selected element is (2, 0) with value 2.53
Next element is W with direction 2.46
New matrix will be centered on 29,105 with depth 2.46
TREND IS ('W', {'W': 7.5, 'NW': 1, 'S': 1, 'E': 1, 'N': 0.5}) --- (['W', 'W', 'W', 'NW', 'W', 'S', 'E', 'W', 'W', 'W'])
============================================================
Iteration 14 with LAT_IDX: 29 and LON_IDX: 105 with DEPTH 2.4576914
 * Adding to the thalweg 29, 105 (depth 2.46)... Let's look at his neighborhood...
 * The extracted matrix is:
[LINE 4]		nan 		nan 		nan 		nan 		nan 		
[LINE 3]		2.6 		2.51		2.46		2.44		2.46		
[LINE 2]		nan 		2.52		-inf		2.44		-inf		
[LINE 1]		nan 		nan 		nan 		nan 		nan 		
[LINE 0]		nan 		nan 		nan 		nan 		nan 		
 * Ranking:
 ---> {'coords': (2, 1), 'dir': 'W', 'score': 19}
 ---> {'coords': (2, 1), 'dir': 'W', 'score': 19}
 ---> {'coords': (3, 0), 'dir': 'NW', 'score': 5}
 ---> {'coords': (3, 0), 'dir': 'NW', 'score': 5}
 ---> {'coords': (3, 1), 'dir': 'NW', 'score': 5}
 ---> {'coords': (3, 1), 'dir': 'NW', 'score': 5}
 * Selected, based on ranking: {'coords': (2, 1), 'dir': 'W', 'score': 19}
 * The candidate has value 2.6 and coords (2, 1)
 * Checking direction:
 ---> Trend is: W
 ---> Complex Trend is: {'W': 7.5, 'NW': 1, 'S': 1, 'E': 1, 'N': 0.5}
 ---> Allowed dirs based on Complex Trend are: ['W', 'SW', 'S']
 ---> Direction W ok (last was W)! -- [Last 10: ['W', 'W', 'W', 'NW', 'W', 'S', 'E', 'W', 'W', 'W']]
 * Selected element is (2, 1) with value 2.6
Next element is W with direction 2.52
New matrix will be centered on 29,104 with depth 2.52
TREND IS ('W', {'W': 7.5, 'NW': 1, 'S': 1, 'E': 1, 'N': 0.5}) --- (['W', 'W', 'NW', 'W', 'S', 'E', 'W', 'W', 'W', 'W'])
============================================================
Iteration 15 with LAT_IDX: 29 and LON_IDX: 104 with DEPTH 2.519662
 * Adding to the thalweg 29, 104 (depth 2.52)... Let's look at his neighborhood...
 * The extracted matrix is:
[LINE 4]		nan 		nan 		nan 		nan 		nan 		
[LINE 3]		2.69		2.6 		2.51		2.46		2.44		
[LINE 2]		nan 		nan 		-inf		-inf		2.44		
[LINE 1]		nan 		nan 		nan 		nan 		nan 		
[LINE 0]		nan 		nan 		nan 		nan 		nan 		
 * Ranking:
 ---> {'coords': (3, 0), 'dir': 'NW', 'score': 5}
 ---> {'coords': (3, 0), 'dir': 'NW', 'score': 5}
 ---> {'coords': (3, 1), 'dir': 'NW', 'score': 5}
 ---> {'coords': (3, 1), 'dir': 'NW', 'score': 5}
 * Selected, based on ranking: {'coords': (3, 0), 'dir': 'NW', 'score': 5}
 * The candidate has value 2.69 and coords (3, 0)
 * Checking direction:
 ---> Trend is: W
 ---> Complex Trend is: {'W': 7.5, 'NW': 1, 'S': 1, 'E': 1, 'N': 0.5}
 ---> Allowed dirs based on Complex Trend are: ['W', 'SW', 'S']
 ---> Direction NW IS NOT ok! Last was W [last 10: ['W', 'W', 'NW', 'W', 'S', 'E', 'W', 'W', 'W', 'W']] -- Modifying matrix...
[LINE 4]		nan 		nan 		nan 		nan 		nan 		
[LINE 3]		nan 		2.6 		2.51		2.46		2.44		
[LINE 2]		nan 		nan 		-inf		-inf		2.44		
[LINE 1]		nan 		nan 		nan 		nan 		nan 		
[LINE 0]		nan 		nan 		nan 		nan 		nan 		
 * Ranking:
 ---> {'coords': (3, 1), 'dir': 'NW', 'score': 5}
 ---> {'coords': (3, 1), 'dir': 'NW', 'score': 5}
 ---> {'coords': (3, 2), 'dir': 'N', 'score': 1}
 ---> {'coords': (3, 2), 'dir': 'N', 'score': 1}
 * Selected, based on ranking: {'coords': (3, 1), 'dir': 'NW', 'score': 5}
 * The candidate has value 2.6 and coords (3, 1)
 * Checking direction:
 ---> Trend is: W
 ---> Complex Trend is: {'W': 7.5, 'NW': 1, 'S': 1, 'E': 1, 'N': 0.5}
 ---> Allowed dirs based on Complex Trend are: ['W', 'SW', 'S']
 ---> Direction NW IS NOT ok! Last was W [last 10: ['W', 'W', 'NW', 'W', 'S', 'E', 'W', 'W', 'W', 'W']] -- Modifying matrix...
[LINE 4]		nan 		nan 		nan 		nan 		nan 		
[LINE 3]		nan 		nan 		2.51		2.46		2.44		
[LINE 2]		nan 		nan 		-inf		-inf		2.44		
[LINE 1]		nan 		nan 		nan 		nan 		nan 		
[LINE 0]		nan 		nan 		nan 		nan 		nan 		
 * Ranking:
 ---> {'coords': (2, 4), 'dir': 'E', 'score': 0}
 ---> {'coords': (2, 4), 'dir': 'E', 'score': 0}
 ---> {'coords': (3, 2), 'dir': 'N', 'score': 1}
 ---> {'coords': (3, 2), 'dir': 'N', 'score': 1}
 ---> {'coords': (3, 3), 'dir': 'NE', 'score': 0}
 ---> {'coords': (3, 3), 'dir': 'NE', 'score': 0}
 ---> {'coords': (3, 4), 'dir': 'NE', 'score': 0}
 ---> {'coords': (3, 4), 'dir': 'NE', 'score': 0}
 * Selected, based on ranking: {'coords': (3, 2), 'dir': 'N', 'score': 1}
 * The candidate has value 2.51 and coords (3, 2)
 * Checking direction:
 ---> Trend is: W
 ---> Complex Trend is: {'W': 7.5, 'NW': 1, 'S': 1, 'E': 1, 'N': 0.5}
 ---> Allowed dirs based on Complex Trend are: ['W', 'SW', 'S']
 ---> Direction N IS NOT ok! Last was W [last 10: ['W', 'W', 'NW', 'W', 'S', 'E', 'W', 'W', 'W', 'W']] -- Modifying matrix...
[LINE 4]		nan 		nan 		nan 		nan 		nan 		
[LINE 3]		nan 		nan 		nan 		2.46		2.44		
[LINE 2]		nan 		nan 		-inf		-inf		2.44		
[LINE 1]		nan 		nan 		nan 		nan 		nan 		
[LINE 0]		nan 		nan 		nan 		nan 		nan 		
 * Ranking:
 ---> {'coords': (2, 4), 'dir': 'E', 'score': 0}
 ---> {'coords': (2, 4), 'dir': 'E', 'score': 0}
 ---> {'coords': (3, 3), 'dir': 'NE', 'score': 0}
 ---> {'coords': (3, 3), 'dir': 'NE', 'score': 0}
 ---> {'coords': (3, 4), 'dir': 'NE', 'score': 0}
 ---> {'coords': (3, 4), 'dir': 'NE', 'score': 0}
 * Selected, based on ranking: {'coords': (2, 4), 'dir': 'E', 'score': 0}
 * The candidate has value 2.46 and coords (2, 4)
 * Checking direction:
 ---> Trend is: W
 ---> Complex Trend is: {'W': 7.5, 'NW': 1, 'S': 1, 'E': 1, 'N': 0.5}
 ---> Allowed dirs based on Complex Trend are: ['W', 'SW', 'S']
 ---> Direction E IS NOT ok! Last was W [last 10: ['W', 'W', 'NW', 'W', 'S', 'E', 'W', 'W', 'W', 'W']] -- Modifying matrix...
[LINE 4]		nan 		nan 		nan 		nan 		nan 		
[LINE 3]		nan 		nan 		nan 		2.46		2.44		
[LINE 2]		nan 		nan 		-inf		-inf		nan 		
[LINE 1]		nan 		nan 		nan 		nan 		nan 		
[LINE 0]		nan 		nan 		nan 		nan 		nan 		
 * Ranking:
 ---> {'coords': (3, 3), 'dir': 'NE', 'score': 0}
 ---> {'coords': (3, 3), 'dir': 'NE', 'score': 0}
 ---> {'coords': (3, 4), 'dir': 'NE', 'score': 0}
 ---> {'coords': (3, 4), 'dir': 'NE', 'score': 0}
 * Selected, based on ranking: {'coords': (3, 3), 'dir': 'NE', 'score': 0}
 * The candidate has value 2.46 and coords (3, 3)
 * Checking direction:
 ---> Trend is: W
 ---> Complex Trend is: {'W': 7.5, 'NW': 1, 'S': 1, 'E': 1, 'N': 0.5}
 ---> Allowed dirs based on Complex Trend are: ['W', 'SW', 'S']
 ---> Direction NE IS NOT ok! Last was W [last 10: ['W', 'W', 'NW', 'W', 'S', 'E', 'W', 'W', 'W', 'W']] -- Modifying matrix...
[LINE 4]		nan 		nan 		nan 		nan 		nan 		
[LINE 3]		nan 		nan 		nan 		nan 		2.44		
[LINE 2]		nan 		nan 		-inf		-inf		nan 		
[LINE 1]		nan 		nan 		nan 		nan 		nan 		
[LINE 0]		nan 		nan 		nan 		nan 		nan 		
 * Ranking:
 ---> {'coords': (3, 4), 'dir': 'NE', 'score': 0}
 ---> {'coords': (3, 4), 'dir': 'NE', 'score': 0}
 * Selected, based on ranking: {'coords': (3, 4), 'dir': 'NE', 'score': 0}
 * The candidate has value 2.44 and coords (3, 4)
 * Checking direction:
 ---> Trend is: W
 ---> Complex Trend is: {'W': 7.5, 'NW': 1, 'S': 1, 'E': 1, 'N': 0.5}
 ---> Allowed dirs based on Complex Trend are: ['W', 'SW', 'S']
 ---> Direction NE IS NOT ok! Last was W [last 10: ['W', 'W', 'NW', 'W', 'S', 'E', 'W', 'W', 'W', 'W']] -- Modifying matrix...
[LINE 4]		nan 		nan 		nan 		nan 		nan 		
[LINE 3]		nan 		nan 		nan 		nan 		nan 		
[LINE 2]		nan 		nan 		-inf		-inf		nan 		
[LINE 1]		nan 		nan 		nan 		nan 		nan 		
[LINE 0]		nan 		nan 		nan 		nan 		nan 		
SIAMO NEL VALUEERROR
PROVO CON TT 3
 * Ranking:
 ---> {'coords': (3, 0), 'dir': 'NW', 'score': 5}
 ---> {'coords': (3, 0), 'dir': 'NW', 'score': 5}
 ---> {'coords': (3, 1), 'dir': 'NW', 'score': 5}
 ---> {'coords': (3, 1), 'dir': 'NW', 'score': 5}
 * Selected, based on ranking: {'coords': (3, 0), 'dir': 'NW', 'score': 5}
 * The candidate has value 2.69 and coords (3, 0)
 * Checking direction:
 ---> Trend is: W
 ---> Complex Trend is: {'W': 7.5, 'NW': 1, 'S': 1, 'E': 1, 'N': 0.5}
 ---> Allowed dirs based on Complex Trend are: ['W', 'SW', 'S', 'N', 'S']
 ---> Direction NW IS NOT ok! Last was W [last 10: ['W', 'W', 'NW', 'W', 'S', 'E', 'W', 'W', 'W', 'W']] -- Modifying matrix...
[LINE 4]		nan 		nan 		nan 		nan 		nan 		
[LINE 3]		nan 		2.6 		2.51		2.46		2.44		
[LINE 2]		nan 		nan 		-inf		-inf		2.44		
[LINE 1]		nan 		nan 		nan 		nan 		nan 		
[LINE 0]		nan 		nan 		nan 		nan 		nan 		
 * Ranking:
 ---> {'coords': (3, 1), 'dir': 'NW', 'score': 5}
 ---> {'coords': (3, 1), 'dir': 'NW', 'score': 5}
 ---> {'coords': (3, 2), 'dir': 'N', 'score': 11}
 ---> {'coords': (3, 2), 'dir': 'N', 'score': 11}
 * Selected, based on ranking: {'coords': (3, 2), 'dir': 'N', 'score': 11}
 * The candidate has value 2.6 and coords (3, 2)
 * Checking direction:
 ---> Trend is: W
 ---> Complex Trend is: {'W': 7.5, 'NW': 1, 'S': 1, 'E': 1, 'N': 0.5}
 ---> Allowed dirs based on Complex Trend are: ['W', 'SW', 'S', 'N', 'S']
 ---> Direction N ok (last was W)! -- [Last 10: ['W', 'W', 'NW', 'W', 'S', 'E', 'W', 'W', 'W', 'W']]
 * Selected element is (3, 2) with value 2.6
Next element is N with direction 2.51
New matrix will be centered on 30,104 with depth 2.51
TREND IS ('W', {'W': 6.5, 'NW': 1, 'S': 1, 'E': 1, 'N': 1.5}) --- (['W', 'NW', 'W', 'S', 'E', 'W', 'W', 'W', 'W', 'N'])
============================================================
Iteration 16 with LAT_IDX: 30 and LON_IDX: 104 with DEPTH 2.5097048
 * Adding to the thalweg 30, 104 (depth 2.51)... Let's look at his neighborhood...
 * The extracted matrix is:
[LINE 4]		nan 		nan 		nan 		nan 		nan 		
[LINE 3]		nan 		nan 		nan 		nan 		nan 		
[LINE 2]		2.69		2.6 		-inf		2.46		2.44		
[LINE 1]		nan 		nan 		-inf		-inf		2.44		
[LINE 0]		nan 		nan 		nan 		nan 		nan 		
 * Ranking:
 ---> {'coords': (2, 0), 'dir': 'W', 'score': 11}
 ---> {'coords': (2, 0), 'dir': 'W', 'score': 11}
 ---> {'coords': (2, 1), 'dir': 'W', 'score': 11}
 ---> {'coords': (2, 1), 'dir': 'W', 'score': 11}
 * Selected, based on ranking: {'coords': (2, 0), 'dir': 'W', 'score': 11}
 * The candidate has value 2.69 and coords (2, 0)
 * Checking direction:
 ---> Trend is: W
 ---> Complex Trend is: {'W': 6.5, 'NW': 1, 'S': 1, 'E': 1, 'N': 1.5}
 ---> Allowed dirs based on Complex Trend are: ['W', 'SW', 'S']
 ---> Direction W ok (last was N)! -- [Last 10: ['W', 'NW', 'W', 'S', 'E', 'W', 'W', 'W', 'W', 'N']]
 * Selected element is (2, 0) with value 2.69
Next element is W with direction 2.69
New matrix will be centered on 30,102 with depth 2.69
TREND IS ('W', {'W': 6.5, 'NW': 1, 'S': 1, 'E': 1, 'N': 1.5}) --- (['NW', 'W', 'S', 'E', 'W', 'W', 'W', 'W', 'N', 'W'])
============================================================
Iteration 17 with LAT_IDX: 30 and LON_IDX: 102 with DEPTH 2.6897795
 * Adding to the thalweg 30, 102 (depth 2.69)... Let's look at his neighborhood...
 * The extracted matrix is:
[LINE 4]		nan 		nan 		nan 		nan 		nan 		
[LINE 3]		2.79		2.75		nan 		nan 		nan 		
[LINE 2]		2.79		2.76		-inf		2.6 		-inf		
[LINE 1]		nan 		nan 		nan 		nan 		-inf		
[LINE 0]		nan 		nan 		nan 		nan 		nan 		
 * Ranking:
 ---> {'coords': (2, 0), 'dir': 'W', 'score': 19}
 ---> {'coords': (2, 0), 'dir': 'W', 'score': 19}
 ---> {'coords': (2, 1), 'dir': 'W', 'score': 19}
 ---> {'coords': (2, 1), 'dir': 'W', 'score': 19}
 ---> {'coords': (3, 0), 'dir': 'NW', 'score': 5}
 ---> {'coords': (3, 0), 'dir': 'NW', 'score': 5}
 ---> {'coords': (3, 1), 'dir': 'NW', 'score': 5}
 ---> {'coords': (3, 1), 'dir': 'NW', 'score': 5}
 * Selected, based on ranking: {'coords': (2, 0), 'dir': 'W', 'score': 19}
 * The candidate has value 2.79 and coords (2, 0)
 * Checking direction:
 ---> Trend is: W
 ---> Complex Trend is: {'W': 6.5, 'NW': 1, 'S': 1, 'E': 1, 'N': 1.5}
 ---> Allowed dirs based on Complex Trend are: ['W', 'SW', 'S']
 ---> Direction W ok (last was W)! -- [Last 10: ['NW', 'W', 'S', 'E', 'W', 'W', 'W', 'W', 'N', 'W']]
 * Selected element is (2, 0) with value 2.79
Next element is W with direction 2.79
New matrix will be centered on 30,100 with depth 2.79
TREND IS ('W', {'W': 7, 'S': 1, 'E': 1, 'N': 1}) --- (['W', 'S', 'E', 'W', 'W', 'W', 'W', 'N', 'W', 'W'])
============================================================
Iteration 18 with LAT_IDX: 30 and LON_IDX: 100 with DEPTH 2.7902098
 * Adding to the thalweg 30, 100 (depth 2.79)... Let's look at his neighborhood...
 * The extracted matrix is:
[LINE 4]		nan 		nan 		nan 		nan 		nan 		
[LINE 3]		2.71		2.77		2.79		2.75		nan 		
[LINE 2]		2.69		2.76		-inf		2.76		-inf		
[LINE 1]		nan 		nan 		nan 		nan 		nan 		
[LINE 0]		nan 		nan 		nan 		nan 		nan 		
 * Ranking:
 ---> {'coords': (2, 0), 'dir': 'W', 'score': 19}
 ---> {'coords': (2, 0), 'dir': 'W', 'score': 19}
 ---> {'coords': (2, 1), 'dir': 'W', 'score': 19}
 ---> {'coords': (2, 1), 'dir': 'W', 'score': 19}
 ---> {'coords': (2, 3), 'dir': 'E', 'score': 0}
 ---> {'coords': (2, 3), 'dir': 'E', 'score': 0}
 ---> {'coords': (3, 0), 'dir': 'NW', 'score': 5}
 ---> {'coords': (3, 0), 'dir': 'NW', 'score': 5}
 ---> {'coords': (3, 1), 'dir': 'NW', 'score': 5}
 ---> {'coords': (3, 1), 'dir': 'NW', 'score': 5}
 ---> {'coords': (3, 2), 'dir': 'N', 'score': 1}
 ---> {'coords': (3, 2), 'dir': 'N', 'score': 1}
 ---> {'coords': (3, 3), 'dir': 'NE', 'score': 0}
 ---> {'coords': (3, 3), 'dir': 'NE', 'score': 0}
 * Selected, based on ranking: {'coords': (2, 0), 'dir': 'W', 'score': 19}
 * The candidate has value 2.79 and coords (2, 0)
 * Checking direction:
 ---> Trend is: W
 ---> Complex Trend is: {'W': 7, 'S': 1, 'E': 1, 'N': 1}
 ---> Allowed dirs based on Complex Trend are: ['W', 'SW', 'S']
 ---> Direction W ok (last was W)! -- [Last 10: ['W', 'S', 'E', 'W', 'W', 'W', 'W', 'N', 'W', 'W']]
 * Selected element is (2, 0) with value 2.79
Next element is W with direction 2.69
New matrix will be centered on 30,98 with depth 2.69
TREND IS ('W', {'W': 7, 'S': 1, 'E': 1, 'N': 1}) --- (['S', 'E', 'W', 'W', 'W', 'W', 'N', 'W', 'W', 'W'])
============================================================
Iteration 19 with LAT_IDX: 30 and LON_IDX: 98 with DEPTH 2.6939957
 * Adding to the thalweg 30, 98 (depth 2.69)... Let's look at his neighborhood...
 * The extracted matrix is:
[LINE 4]		nan 		nan 		nan 		nan 		nan 		
[LINE 3]		2.54		2.61		2.71		2.77		2.79		
[LINE 2]		2.53		2.61		-inf		2.76		-inf		
[LINE 1]		nan 		nan 		nan 		nan 		nan 		
[LINE 0]		nan 		nan 		nan 		nan 		nan 		
 * Ranking:
 ---> {'coords': (2, 3), 'dir': 'E', 'score': 0}
 ---> {'coords': (2, 3), 'dir': 'E', 'score': 0}
 ---> {'coords': (3, 2), 'dir': 'N', 'score': 1}
 ---> {'coords': (3, 2), 'dir': 'N', 'score': 1}
 ---> {'coords': (3, 3), 'dir': 'NE', 'score': 0}
 ---> {'coords': (3, 3), 'dir': 'NE', 'score': 0}
 ---> {'coords': (3, 4), 'dir': 'NE', 'score': 0}
 ---> {'coords': (3, 4), 'dir': 'NE', 'score': 0}
 * Selected, based on ranking: {'coords': (3, 2), 'dir': 'N', 'score': 1}
 * The candidate has value 2.79 and coords (3, 2)
 * Checking direction:
 ---> Trend is: W
 ---> Complex Trend is: {'W': 7, 'S': 1, 'E': 1, 'N': 1}
 ---> Allowed dirs based on Complex Trend are: ['W', 'SW', 'S']
 ---> Direction N IS NOT ok! Last was W [last 10: ['S', 'E', 'W', 'W', 'W', 'W', 'N', 'W', 'W', 'W']] -- Modifying matrix...
[LINE 4]		nan 		nan 		nan 		nan 		nan 		
[LINE 3]		2.54		2.61		nan 		2.77		2.79		
[LINE 2]		2.53		2.61		-inf		2.76		-inf		
[LINE 1]		nan 		nan 		nan 		nan 		nan 		
[LINE 0]		nan 		nan 		nan 		nan 		nan 		
 * Ranking:
 ---> {'coords': (2, 3), 'dir': 'E', 'score': 0}
 ---> {'coords': (2, 3), 'dir': 'E', 'score': 0}
 ---> {'coords': (3, 3), 'dir': 'NE', 'score': 0}
 ---> {'coords': (3, 3), 'dir': 'NE', 'score': 0}
 ---> {'coords': (3, 4), 'dir': 'NE', 'score': 0}
 ---> {'coords': (3, 4), 'dir': 'NE', 'score': 0}
 * Selected, based on ranking: {'coords': (2, 3), 'dir': 'E', 'score': 0}
 * The candidate has value 2.79 and coords (2, 3)
 * Checking direction:
 ---> Trend is: W
 ---> Complex Trend is: {'W': 7, 'S': 1, 'E': 1, 'N': 1}
 ---> Allowed dirs based on Complex Trend are: ['W', 'SW', 'S']
 ---> Direction E IS NOT ok! Last was W [last 10: ['S', 'E', 'W', 'W', 'W', 'W', 'N', 'W', 'W', 'W']] -- Modifying matrix...
[LINE 4]		nan 		nan 		nan 		nan 		nan 		
[LINE 3]		2.54		2.61		nan 		2.77		2.79		
[LINE 2]		2.53		2.61		-inf		nan 		-inf		
[LINE 1]		nan 		nan 		nan 		nan 		nan 		
[LINE 0]		nan 		nan 		nan 		nan 		nan 		
 * Ranking:
 ---> {'coords': (3, 3), 'dir': 'NE', 'score': 0}
 ---> {'coords': (3, 3), 'dir': 'NE', 'score': 0}
 ---> {'coords': (3, 4), 'dir': 'NE', 'score': 0}
 ---> {'coords': (3, 4), 'dir': 'NE', 'score': 0}
 * Selected, based on ranking: {'coords': (3, 3), 'dir': 'NE', 'score': 0}
 * The candidate has value 2.79 and coords (3, 3)
 * Checking direction:
 ---> Trend is: W
 ---> Complex Trend is: {'W': 7, 'S': 1, 'E': 1, 'N': 1}
 ---> Allowed dirs based on Complex Trend are: ['W', 'SW', 'S']
 ---> Direction NE IS NOT ok! Last was W [last 10: ['S', 'E', 'W', 'W', 'W', 'W', 'N', 'W', 'W', 'W']] -- Modifying matrix...
[LINE 4]		nan 		nan 		nan 		nan 		nan 		
[LINE 3]		2.54		2.61		nan 		nan 		2.79		
[LINE 2]		2.53		2.61		-inf		nan 		-inf		
[LINE 1]		nan 		nan 		nan 		nan 		nan 		
[LINE 0]		nan 		nan 		nan 		nan 		nan 		
 * Ranking:
 ---> {'coords': (3, 4), 'dir': 'NE', 'score': 0}
 ---> {'coords': (3, 4), 'dir': 'NE', 'score': 0}
 * Selected, based on ranking: {'coords': (3, 4), 'dir': 'NE', 'score': 0}
 * The candidate has value 2.79 and coords (3, 4)
 * Checking direction:
 ---> Trend is: W
 ---> Complex Trend is: {'W': 7, 'S': 1, 'E': 1, 'N': 1}
 ---> Allowed dirs based on Complex Trend are: ['W', 'SW', 'S']
 ---> Direction NE IS NOT ok! Last was W [last 10: ['S', 'E', 'W', 'W', 'W', 'W', 'N', 'W', 'W', 'W']] -- Modifying matrix...
[LINE 4]		nan 		nan 		nan 		nan 		nan 		
[LINE 3]		2.54		2.61		nan 		nan 		nan 		
[LINE 2]		2.53		2.61		-inf		nan 		-inf		
[LINE 1]		nan 		nan 		nan 		nan 		nan 		
[LINE 0]		nan 		nan 		nan 		nan 		nan 		
 * Ranking:
 ---> {'coords': (2, 0), 'dir': 'W', 'score': 19}
 ---> {'coords': (2, 0), 'dir': 'W', 'score': 19}
 ---> {'coords': (2, 1), 'dir': 'W', 'score': 19}
 ---> {'coords': (2, 1), 'dir': 'W', 'score': 19}
 ---> {'coords': (3, 0), 'dir': 'NW', 'score': 5}
 ---> {'coords': (3, 0), 'dir': 'NW', 'score': 5}
 ---> {'coords': (3, 1), 'dir': 'NW', 'score': 5}
 ---> {'coords': (3, 1), 'dir': 'NW', 'score': 5}
 * Selected, based on ranking: {'coords': (2, 0), 'dir': 'W', 'score': 19}
 * The candidate has value 2.61 and coords (2, 0)
 * Checking direction:
 ---> Trend is: W
 ---> Complex Trend is: {'W': 7, 'S': 1, 'E': 1, 'N': 1}
 ---> Allowed dirs based on Complex Trend are: ['W', 'SW', 'S']
 ---> Direction W ok (last was W)! -- [Last 10: ['S', 'E', 'W', 'W', 'W', 'W', 'N', 'W', 'W', 'W']]
 * Selected element is (2, 0) with value 2.61
Next element is W with direction 2.53
New matrix will be centered on 30,96 with depth 2.53
TREND IS ('W', {'W': 8, 'E': 1, 'N': 1}) --- (['E', 'W', 'W', 'W', 'W', 'N', 'W', 'W', 'W', 'W'])
============================================================
Iteration 20 with LAT_IDX: 30 and LON_IDX: 96 with DEPTH 2.525798
 * Adding to the thalweg 30, 96 (depth 2.53)... Let's look at his neighborhood...
 * The extracted matrix is:
[LINE 4]		nan 		nan 		nan 		nan 		nan 		
[LINE 3]		2.27		nan 		2.54		2.61		2.71		
[LINE 2]		2.28		2.43		-inf		2.61		-inf		
[LINE 1]		nan 		nan 		nan 		nan 		nan 		
[LINE 0]		nan 		nan 		nan 		nan 		nan 		
 * Ranking:
 ---> {'coords': (3, 4), 'dir': 'NE', 'score': 0}
 ---> {'coords': (3, 4), 'dir': 'NE', 'score': 0}
 * Selected, based on ranking: {'coords': (3, 4), 'dir': 'NE', 'score': 0}
 * The candidate has value 2.71 and coords (3, 4)
 * Checking direction:
 ---> Trend is: W
 ---> Complex Trend is: {'W': 8, 'E': 1, 'N': 1}
 ---> Allowed dirs based on Complex Trend are: ['W', 'SW', 'S']
 ---> Direction NE IS NOT ok! Last was W [last 10: ['E', 'W', 'W', 'W', 'W', 'N', 'W', 'W', 'W', 'W']] -- Modifying matrix...
[LINE 4]		nan 		nan 		nan 		nan 		nan 		
[LINE 3]		2.27		nan 		2.54		2.61		nan 		
[LINE 2]		2.28		2.43		-inf		2.61		-inf		
[LINE 1]		nan 		nan 		nan 		nan 		nan 		
[LINE 0]		nan 		nan 		nan 		nan 		nan 		
 * Ranking:
 ---> {'coords': (2, 3), 'dir': 'E', 'score': 0}
 ---> {'coords': (2, 3), 'dir': 'E', 'score': 0}
 ---> {'coords': (3, 2), 'dir': 'N', 'score': 1}
 ---> {'coords': (3, 2), 'dir': 'N', 'score': 1}
 ---> {'coords': (3, 3), 'dir': 'NE', 'score': 0}
 ---> {'coords': (3, 3), 'dir': 'NE', 'score': 0}
 * Selected, based on ranking: {'coords': (3, 2), 'dir': 'N', 'score': 1}
 * The candidate has value 2.61 and coords (3, 2)
 * Checking direction:
 ---> Trend is: W
 ---> Complex Trend is: {'W': 8, 'E': 1, 'N': 1}
 ---> Allowed dirs based on Complex Trend are: ['W', 'SW', 'S']
 ---> Direction N IS NOT ok! Last was W [last 10: ['E', 'W', 'W', 'W', 'W', 'N', 'W', 'W', 'W', 'W']] -- Modifying matrix...
[LINE 4]		nan 		nan 		nan 		nan 		nan 		
[LINE 3]		2.27		nan 		nan 		2.61		nan 		
[LINE 2]		2.28		2.43		-inf		2.61		-inf		
[LINE 1]		nan 		nan 		nan 		nan 		nan 		
[LINE 0]		nan 		nan 		nan 		nan 		nan 		
 * Ranking:
 ---> {'coords': (2, 3), 'dir': 'E', 'score': 0}
 ---> {'coords': (2, 3), 'dir': 'E', 'score': 0}
 ---> {'coords': (3, 3), 'dir': 'NE', 'score': 0}
 ---> {'coords': (3, 3), 'dir': 'NE', 'score': 0}
 * Selected, based on ranking: {'coords': (2, 3), 'dir': 'E', 'score': 0}
 * The candidate has value 2.61 and coords (2, 3)
 * Checking direction:
 ---> Trend is: W
 ---> Complex Trend is: {'W': 8, 'E': 1, 'N': 1}
 ---> Allowed dirs based on Complex Trend are: ['W', 'SW', 'S']
 ---> Direction E IS NOT ok! Last was W [last 10: ['E', 'W', 'W', 'W', 'W', 'N', 'W', 'W', 'W', 'W']] -- Modifying matrix...
[LINE 4]		nan 		nan 		nan 		nan 		nan 		
[LINE 3]		2.27		nan 		nan 		2.61		nan 		
[LINE 2]		2.28		2.43		-inf		nan 		-inf		
[LINE 1]		nan 		nan 		nan 		nan 		nan 		
[LINE 0]		nan 		nan 		nan 		nan 		nan 		
 * Ranking:
 ---> {'coords': (3, 3), 'dir': 'NE', 'score': 0}
 ---> {'coords': (3, 3), 'dir': 'NE', 'score': 0}
 * Selected, based on ranking: {'coords': (3, 3), 'dir': 'NE', 'score': 0}
 * The candidate has value 2.61 and coords (3, 3)
 * Checking direction:
 ---> Trend is: W
 ---> Complex Trend is: {'W': 8, 'E': 1, 'N': 1}
 ---> Allowed dirs based on Complex Trend are: ['W', 'SW', 'S']
 ---> Direction NE IS NOT ok! Last was W [last 10: ['E', 'W', 'W', 'W', 'W', 'N', 'W', 'W', 'W', 'W']] -- Modifying matrix...
[LINE 4]		nan 		nan 		nan 		nan 		nan 		
[LINE 3]		2.27		nan 		nan 		nan 		nan 		
[LINE 2]		2.28		2.43		-inf		nan 		-inf		
[LINE 1]		nan 		nan 		nan 		nan 		nan 		
[LINE 0]		nan 		nan 		nan 		nan 		nan 		
 * Ranking:
 ---> {'coords': (2, 1), 'dir': 'W', 'score': 19}
 ---> {'coords': (2, 1), 'dir': 'W', 'score': 19}
 * Selected, based on ranking: {'coords': (2, 1), 'dir': 'W', 'score': 19}
 * The candidate has value 2.43 and coords (2, 1)
 * Checking direction:
 ---> Trend is: W
 ---> Complex Trend is: {'W': 8, 'E': 1, 'N': 1}
 ---> Allowed dirs based on Complex Trend are: ['W', 'SW', 'S']
 ---> Direction W ok (last was W)! -- [Last 10: ['E', 'W', 'W', 'W', 'W', 'N', 'W', 'W', 'W', 'W']]
 * Selected element is (2, 1) with value 2.43
Next element is W with direction 2.43
New matrix will be centered on 30,95 with depth 2.43
TREND IS ('W', {'W': 9, 'N': 1}) --- (['W', 'W', 'W', 'W', 'N', 'W', 'W', 'W', 'W', 'W'])
============================================================
Iteration 21 with LAT_IDX: 30 and LON_IDX: 95 with DEPTH 2.4307523
 * Adding to the thalweg 30, 95 (depth 2.43)... Let's look at his neighborhood...
 * The extracted matrix is:
[LINE 4]		nan 		nan 		nan 		nan 		nan 		
[LINE 3]		2.17		2.27		nan 		2.54		2.61		
[LINE 2]		2.17		2.28		-inf		-inf		2.61		
[LINE 1]		nan 		nan 		nan 		nan 		nan 		
[LINE 0]		nan 		nan 		nan 		nan 		nan 		
 * Ranking:
 ---> {'coords': (2, 4), 'dir': 'E', 'score': 0}
 ---> {'coords': (2, 4), 'dir': 'E', 'score': 0}
 ---> {'coords': (3, 3), 'dir': 'NE', 'score': 0}
 ---> {'coords': (3, 3), 'dir': 'NE', 'score': 0}
 ---> {'coords': (3, 4), 'dir': 'NE', 'score': 0}
 ---> {'coords': (3, 4), 'dir': 'NE', 'score': 0}
 * Selected, based on ranking: {'coords': (2, 4), 'dir': 'E', 'score': 0}
 * The candidate has value 2.61 and coords (2, 4)
 * Checking direction:
 ---> Trend is: W
 ---> Complex Trend is: {'W': 9, 'N': 1}
 ---> Allowed dirs based on Complex Trend are: ['W', 'SW', 'S']
 ---> Direction E IS NOT ok! Last was W [last 10: ['W', 'W', 'W', 'W', 'N', 'W', 'W', 'W', 'W', 'W']] -- Modifying matrix...
[LINE 4]		nan 		nan 		nan 		nan 		nan 		
[LINE 3]		2.17		2.27		nan 		2.54		2.61		
[LINE 2]		2.17		2.28		-inf		-inf		nan 		
[LINE 1]		nan 		nan 		nan 		nan 		nan 		
[LINE 0]		nan 		nan 		nan 		nan 		nan 		
 * Ranking:
 ---> {'coords': (3, 3), 'dir': 'NE', 'score': 0}
 ---> {'coords': (3, 3), 'dir': 'NE', 'score': 0}
 ---> {'coords': (3, 4), 'dir': 'NE', 'score': 0}
 ---> {'coords': (3, 4), 'dir': 'NE', 'score': 0}
 * Selected, based on ranking: {'coords': (3, 3), 'dir': 'NE', 'score': 0}
 * The candidate has value 2.61 and coords (3, 3)
 * Checking direction:
 ---> Trend is: W
 ---> Complex Trend is: {'W': 9, 'N': 1}
 ---> Allowed dirs based on Complex Trend are: ['W', 'SW', 'S']
 ---> Direction NE IS NOT ok! Last was W [last 10: ['W', 'W', 'W', 'W', 'N', 'W', 'W', 'W', 'W', 'W']] -- Modifying matrix...
[LINE 4]		nan 		nan 		nan 		nan 		nan 		
[LINE 3]		2.17		2.27		nan 		nan 		2.61		
[LINE 2]		2.17		2.28		-inf		-inf		nan 		
[LINE 1]		nan 		nan 		nan 		nan 		nan 		
[LINE 0]		nan 		nan 		nan 		nan 		nan 		
 * Ranking:
 ---> {'coords': (3, 4), 'dir': 'NE', 'score': 0}
 ---> {'coords': (3, 4), 'dir': 'NE', 'score': 0}
 * Selected, based on ranking: {'coords': (3, 4), 'dir': 'NE', 'score': 0}
 * The candidate has value 2.61 and coords (3, 4)
 * Checking direction:
 ---> Trend is: W
 ---> Complex Trend is: {'W': 9, 'N': 1}
 ---> Allowed dirs based on Complex Trend are: ['W', 'SW', 'S']
 ---> Direction NE IS NOT ok! Last was W [last 10: ['W', 'W', 'W', 'W', 'N', 'W', 'W', 'W', 'W', 'W']] -- Modifying matrix...
[LINE 4]		nan 		nan 		nan 		nan 		nan 		
[LINE 3]		2.17		2.27		nan 		nan 		nan 		
[LINE 2]		2.17		2.28		-inf		-inf		nan 		
[LINE 1]		nan 		nan 		nan 		nan 		nan 		
[LINE 0]		nan 		nan 		nan 		nan 		nan 		
 * Ranking:
 ---> {'coords': (2, 1), 'dir': 'W', 'score': 19}
 ---> {'coords': (2, 1), 'dir': 'W', 'score': 19}
 ---> {'coords': (3, 1), 'dir': 'NW', 'score': 5}
 ---> {'coords': (3, 1), 'dir': 'NW', 'score': 5}
 * Selected, based on ranking: {'coords': (2, 1), 'dir': 'W', 'score': 19}
 * The candidate has value 2.28 and coords (2, 1)
 * Checking direction:
 ---> Trend is: W
 ---> Complex Trend is: {'W': 9, 'N': 1}
 ---> Allowed dirs based on Complex Trend are: ['W', 'SW', 'S']
 ---> Direction W ok (last was W)! -- [Last 10: ['W', 'W', 'W', 'W', 'N', 'W', 'W', 'W', 'W', 'W']]
 * Selected element is (2, 1) with value 2.28
Next element is W with direction 2.28
New matrix will be centered on 30,94 with depth 2.28
TREND IS ('W', {'W': 9, 'N': 1}) --- (['W', 'W', 'W', 'N', 'W', 'W', 'W', 'W', 'W', 'W'])
============================================================
Iteration 22 with LAT_IDX: 30 and LON_IDX: 94 with DEPTH 2.2815707
 * Adding to the thalweg 30, 94 (depth 2.28)... Let's look at his neighborhood...
 * The extracted matrix is:
[LINE 4]		nan 		nan 		nan 		nan 		nan 		
[LINE 3]		2.06		2.17		2.27		nan 		2.54		
[LINE 2]		2.08		2.17		-inf		-inf		-inf		
[LINE 1]		nan 		nan 		nan 		nan 		nan 		
[LINE 0]		nan 		nan 		nan 		nan 		nan 		
 * Ranking:
 ---> {'coords': (3, 4), 'dir': 'NE', 'score': 0}
 ---> {'coords': (3, 4), 'dir': 'NE', 'score': 0}
 * Selected, based on ranking: {'coords': (3, 4), 'dir': 'NE', 'score': 0}
 * The candidate has value 2.54 and coords (3, 4)
 * Checking direction:
 ---> Trend is: W
 ---> Complex Trend is: {'W': 9, 'N': 1}
 ---> Allowed dirs based on Complex Trend are: ['W', 'SW', 'S']
 ---> Direction NE IS NOT ok! Last was W [last 10: ['W', 'W', 'W', 'N', 'W', 'W', 'W', 'W', 'W', 'W']] -- Modifying matrix...
[LINE 4]		nan 		nan 		nan 		nan 		nan 		
[LINE 3]		2.06		2.17		2.27		nan 		nan 		
[LINE 2]		2.08		2.17		-inf		-inf		-inf		
[LINE 1]		nan 		nan 		nan 		nan 		nan 		
[LINE 0]		nan 		nan 		nan 		nan 		nan 		
 * Ranking:
 ---> {'coords': (2, 1), 'dir': 'W', 'score': 19}
 ---> {'coords': (2, 1), 'dir': 'W', 'score': 19}
 ---> {'coords': (3, 1), 'dir': 'NW', 'score': 5}
 ---> {'coords': (3, 1), 'dir': 'NW', 'score': 5}
 ---> {'coords': (3, 2), 'dir': 'N', 'score': 1}
 ---> {'coords': (3, 2), 'dir': 'N', 'score': 1}
 * Selected, based on ranking: {'coords': (2, 1), 'dir': 'W', 'score': 19}
 * The candidate has value 2.27 and coords (2, 1)
 * Checking direction:
 ---> Trend is: W
 ---> Complex Trend is: {'W': 9, 'N': 1}
 ---> Allowed dirs based on Complex Trend are: ['W', 'SW', 'S']
 ---> Direction W ok (last was W)! -- [Last 10: ['W', 'W', 'W', 'N', 'W', 'W', 'W', 'W', 'W', 'W']]
 * Selected element is (2, 1) with value 2.27
Next element is W with direction 2.17
New matrix will be centered on 30,93 with depth 2.17
TREND IS ('W', {'W': 9, 'N': 1}) --- (['W', 'W', 'N', 'W', 'W', 'W', 'W', 'W', 'W', 'W'])
============================================================
Iteration 23 with LAT_IDX: 30 and LON_IDX: 93 with DEPTH 2.1728206
 * Adding to the thalweg 30, 93 (depth 2.17)... Let's look at his neighborhood...
 * The extracted matrix is:
[LINE 4]		nan 		nan 		nan 		nan 		nan 		
[LINE 3]		1.92		2.06		2.17		2.27		nan 		
[LINE 2]		1.94		2.08		-inf		-inf		-inf		
[LINE 1]		nan 		nan 		nan 		nan 		nan 		
[LINE 0]		nan 		nan 		nan 		nan 		nan 		
 * Ranking:
 ---> {'coords': (3, 2), 'dir': 'N', 'score': 1}
 ---> {'coords': (3, 2), 'dir': 'N', 'score': 1}
 ---> {'coords': (3, 3), 'dir': 'NE', 'score': 0}
 ---> {'coords': (3, 3), 'dir': 'NE', 'score': 0}
 * Selected, based on ranking: {'coords': (3, 2), 'dir': 'N', 'score': 1}
 * The candidate has value 2.27 and coords (3, 2)
 * Checking direction:
 ---> Trend is: W
 ---> Complex Trend is: {'W': 9, 'N': 1}
 ---> Allowed dirs based on Complex Trend are: ['W', 'SW', 'S']
 ---> Direction N IS NOT ok! Last was W [last 10: ['W', 'W', 'N', 'W', 'W', 'W', 'W', 'W', 'W', 'W']] -- Modifying matrix...
[LINE 4]		nan 		nan 		nan 		nan 		nan 		
[LINE 3]		1.92		2.06		nan 		2.27		nan 		
[LINE 2]		1.94		2.08		-inf		-inf		-inf		
[LINE 1]		nan 		nan 		nan 		nan 		nan 		
[LINE 0]		nan 		nan 		nan 		nan 		nan 		
 * Ranking:
 ---> {'coords': (3, 3), 'dir': 'NE', 'score': 0}
 ---> {'coords': (3, 3), 'dir': 'NE', 'score': 0}
 * Selected, based on ranking: {'coords': (3, 3), 'dir': 'NE', 'score': 0}
 * The candidate has value 2.27 and coords (3, 3)
 * Checking direction:
 ---> Trend is: W
 ---> Complex Trend is: {'W': 9, 'N': 1}
 ---> Allowed dirs based on Complex Trend are: ['W', 'SW', 'S']
 ---> Direction NE IS NOT ok! Last was W [last 10: ['W', 'W', 'N', 'W', 'W', 'W', 'W', 'W', 'W', 'W']] -- Modifying matrix...
[LINE 4]		nan 		nan 		nan 		nan 		nan 		
[LINE 3]		1.92		2.06		nan 		nan 		nan 		
[LINE 2]		1.94		2.08		-inf		-inf		-inf		
[LINE 1]		nan 		nan 		nan 		nan 		nan 		
[LINE 0]		nan 		nan 		nan 		nan 		nan 		
 * Ranking:
 ---> {'coords': (2, 1), 'dir': 'W', 'score': 19}
 ---> {'coords': (2, 1), 'dir': 'W', 'score': 19}
 ---> {'coords': (3, 1), 'dir': 'NW', 'score': 5}
 ---> {'coords': (3, 1), 'dir': 'NW', 'score': 5}
 * Selected, based on ranking: {'coords': (2, 1), 'dir': 'W', 'score': 19}
 * The candidate has value 2.08 and coords (2, 1)
 * Checking direction:
 ---> Trend is: W
 ---> Complex Trend is: {'W': 9, 'N': 1}
 ---> Allowed dirs based on Complex Trend are: ['W', 'SW', 'S']
 ---> Direction W ok (last was W)! -- [Last 10: ['W', 'W', 'N', 'W', 'W', 'W', 'W', 'W', 'W', 'W']]
 * Selected element is (2, 1) with value 2.08
Next element is W with direction 2.08
New matrix will be centered on 30,92 with depth 2.08
TREND IS ('W', {'W': 9, 'N': 1}) --- (['W', 'N', 'W', 'W', 'W', 'W', 'W', 'W', 'W', 'W'])
============================================================
Iteration 24 with LAT_IDX: 30 and LON_IDX: 92 with DEPTH 2.0787847
 * Adding to the thalweg 30, 92 (depth 2.08)... Let's look at his neighborhood...
 * The extracted matrix is:
[LINE 4]		1.84		nan 		nan 		nan 		nan 		
[LINE 3]		1.85		1.92		2.06		2.17		2.27		
[LINE 2]		nan 		1.94		-inf		-inf		-inf		
[LINE 1]		nan 		nan 		nan 		nan 		nan 		
[LINE 0]		nan 		nan 		nan 		nan 		nan 		
 * Ranking:
 ---> {'coords': (3, 3), 'dir': 'NE', 'score': 0}
 ---> {'coords': (3, 3), 'dir': 'NE', 'score': 0}
 ---> {'coords': (3, 4), 'dir': 'NE', 'score': 0}
 ---> {'coords': (3, 4), 'dir': 'NE', 'score': 0}
 * Selected, based on ranking: {'coords': (3, 3), 'dir': 'NE', 'score': 0}
 * The candidate has value 2.27 and coords (3, 3)
 * Checking direction:
 ---> Trend is: W
 ---> Complex Trend is: {'W': 9, 'N': 1}
 ---> Allowed dirs based on Complex Trend are: ['W', 'SW', 'S']
 ---> Direction NE IS NOT ok! Last was W [last 10: ['W', 'N', 'W', 'W', 'W', 'W', 'W', 'W', 'W', 'W']] -- Modifying matrix...
[LINE 4]		1.84		nan 		nan 		nan 		nan 		
[LINE 3]		1.85		1.92		2.06		nan 		2.27		
[LINE 2]		nan 		1.94		-inf		-inf		-inf		
[LINE 1]		nan 		nan 		nan 		nan 		nan 		
[LINE 0]		nan 		nan 		nan 		nan 		nan 		
 * Ranking:
 ---> {'coords': (3, 4), 'dir': 'NE', 'score': 0}
 ---> {'coords': (3, 4), 'dir': 'NE', 'score': 0}
 * Selected, based on ranking: {'coords': (3, 4), 'dir': 'NE', 'score': 0}
 * The candidate has value 2.27 and coords (3, 4)
 * Checking direction:
 ---> Trend is: W
 ---> Complex Trend is: {'W': 9, 'N': 1}
 ---> Allowed dirs based on Complex Trend are: ['W', 'SW', 'S']
 ---> Direction NE IS NOT ok! Last was W [last 10: ['W', 'N', 'W', 'W', 'W', 'W', 'W', 'W', 'W', 'W']] -- Modifying matrix...
[LINE 4]		1.84		nan 		nan 		nan 		nan 		
[LINE 3]		1.85		1.92		2.06		nan 		nan 		
[LINE 2]		nan 		1.94		-inf		-inf		-inf		
[LINE 1]		nan 		nan 		nan 		nan 		nan 		
[LINE 0]		nan 		nan 		nan 		nan 		nan 		
 * Ranking:
 ---> {'coords': (3, 2), 'dir': 'N', 'score': 1}
 ---> {'coords': (3, 2), 'dir': 'N', 'score': 1}
 * Selected, based on ranking: {'coords': (3, 2), 'dir': 'N', 'score': 1}
 * The candidate has value 2.06 and coords (3, 2)
 * Checking direction:
 ---> Trend is: W
 ---> Complex Trend is: {'W': 9, 'N': 1}
 ---> Allowed dirs based on Complex Trend are: ['W', 'SW', 'S']
 ---> Direction N IS NOT ok! Last was W [last 10: ['W', 'N', 'W', 'W', 'W', 'W', 'W', 'W', 'W', 'W']] -- Modifying matrix...
[LINE 4]		1.84		nan 		nan 		nan 		nan 		
[LINE 3]		1.85		1.92		nan 		nan 		nan 		
[LINE 2]		nan 		1.94		-inf		-inf		-inf		
[LINE 1]		nan 		nan 		nan 		nan 		nan 		
[LINE 0]		nan 		nan 		nan 		nan 		nan 		
 * Ranking:
 ---> {'coords': (2, 1), 'dir': 'W', 'score': 19}
 ---> {'coords': (2, 1), 'dir': 'W', 'score': 19}
 ---> {'coords': (3, 0), 'dir': 'NW', 'score': 5}
 ---> {'coords': (3, 0), 'dir': 'NW', 'score': 5}
 ---> {'coords': (3, 1), 'dir': 'NW', 'score': 5}
 ---> {'coords': (3, 1), 'dir': 'NW', 'score': 5}
 * Selected, based on ranking: {'coords': (2, 1), 'dir': 'W', 'score': 19}
 * The candidate has value 1.94 and coords (2, 1)
 * Checking direction:
 ---> Trend is: W
 ---> Complex Trend is: {'W': 9, 'N': 1}
 ---> Allowed dirs based on Complex Trend are: ['W', 'SW', 'S']
 ---> Direction W ok (last was W)! -- [Last 10: ['W', 'N', 'W', 'W', 'W', 'W', 'W', 'W', 'W', 'W']]
 * Selected element is (2, 1) with value 1.94
Next element is W with direction 1.94
New matrix will be centered on 30,91 with depth 1.94
TREND IS ('W', {'W': 9, 'N': 1}) --- (['N', 'W', 'W', 'W', 'W', 'W', 'W', 'W', 'W', 'W'])
============================================================
Iteration 25 with LAT_IDX: 30 and LON_IDX: 91 with DEPTH 1.9378737
 * Adding to the thalweg 30, 91 (depth 1.94)... Let's look at his neighborhood...
 * The extracted matrix is:
[LINE 4]		1.81		1.84		nan 		nan 		nan 		
[LINE 3]		1.81		1.85		1.92		2.06		2.17		
[LINE 2]		nan 		nan 		-inf		-inf		-inf		
[LINE 1]		nan 		nan 		nan 		nan 		nan 		
[LINE 0]		nan 		nan 		nan 		nan 		nan 		
 * Ranking:
 ---> {'coords': (3, 4), 'dir': 'NE', 'score': 0}
 ---> {'coords': (3, 4), 'dir': 'NE', 'score': 0}
 * Selected, based on ranking: {'coords': (3, 4), 'dir': 'NE', 'score': 0}
 * The candidate has value 2.17 and coords (3, 4)
 * Checking direction:
 ---> Trend is: W
 ---> Complex Trend is: {'W': 9, 'N': 1}
 ---> Allowed dirs based on Complex Trend are: ['W', 'SW', 'S']
 ---> Direction NE IS NOT ok! Last was W [last 10: ['N', 'W', 'W', 'W', 'W', 'W', 'W', 'W', 'W', 'W']] -- Modifying matrix...
[LINE 4]		1.81		1.84		nan 		nan 		nan 		
[LINE 3]		1.81		1.85		1.92		2.06		nan 		
[LINE 2]		nan 		nan 		-inf		-inf		-inf		
[LINE 1]		nan 		nan 		nan 		nan 		nan 		
[LINE 0]		nan 		nan 		nan 		nan 		nan 		
 * Ranking:
 ---> {'coords': (3, 3), 'dir': 'NE', 'score': 0}
 ---> {'coords': (3, 3), 'dir': 'NE', 'score': 0}
 * Selected, based on ranking: {'coords': (3, 3), 'dir': 'NE', 'score': 0}
 * The candidate has value 2.06 and coords (3, 3)
 * Checking direction:
 ---> Trend is: W
 ---> Complex Trend is: {'W': 9, 'N': 1}
 ---> Allowed dirs based on Complex Trend are: ['W', 'SW', 'S']
 ---> Direction NE IS NOT ok! Last was W [last 10: ['N', 'W', 'W', 'W', 'W', 'W', 'W', 'W', 'W', 'W']] -- Modifying matrix...
[LINE 4]		1.81		1.84		nan 		nan 		nan 		
[LINE 3]		1.81		1.85		1.92		nan 		nan 		
[LINE 2]		nan 		nan 		-inf		-inf		-inf		
[LINE 1]		nan 		nan 		nan 		nan 		nan 		
[LINE 0]		nan 		nan 		nan 		nan 		nan 		
 * Ranking:
 ---> {'coords': (3, 1), 'dir': 'NW', 'score': 5}
 ---> {'coords': (3, 1), 'dir': 'NW', 'score': 5}
 ---> {'coords': (3, 2), 'dir': 'N', 'score': 1}
 ---> {'coords': (3, 2), 'dir': 'N', 'score': 1}
 ---> {'coords': (4, 1), 'dir': 'NW', 'score': 5}
 ---> {'coords': (4, 1), 'dir': 'NW', 'score': 5}
 * Selected, based on ranking: {'coords': (3, 1), 'dir': 'NW', 'score': 5}
 * The candidate has value 1.92 and coords (3, 1)
 * Checking direction:
 ---> Trend is: W
 ---> Complex Trend is: {'W': 9, 'N': 1}
 ---> Allowed dirs based on Complex Trend are: ['W', 'SW', 'S']
 ---> Direction NW IS NOT ok! Last was W [last 10: ['N', 'W', 'W', 'W', 'W', 'W', 'W', 'W', 'W', 'W']] -- Modifying matrix...
[LINE 4]		1.81		1.84		nan 		nan 		nan 		
[LINE 3]		1.81		nan 		1.92		nan 		nan 		
[LINE 2]		nan 		nan 		-inf		-inf		-inf		
[LINE 1]		nan 		nan 		nan 		nan 		nan 		
[LINE 0]		nan 		nan 		nan 		nan 		nan 		
 * Ranking:
 ---> {'coords': (3, 2), 'dir': 'N', 'score': 1}
 ---> {'coords': (3, 2), 'dir': 'N', 'score': 1}
 ---> {'coords': (4, 1), 'dir': 'NW', 'score': 5}
 ---> {'coords': (4, 1), 'dir': 'NW', 'score': 5}
 * Selected, based on ranking: {'coords': (4, 1), 'dir': 'NW', 'score': 5}
 * The candidate has value 1.92 and coords (4, 1)
 * Checking direction:
 ---> Trend is: W
 ---> Complex Trend is: {'W': 9, 'N': 1}
 ---> Allowed dirs based on Complex Trend are: ['W', 'SW', 'S']
 ---> Direction NW IS NOT ok! Last was W [last 10: ['N', 'W', 'W', 'W', 'W', 'W', 'W', 'W', 'W', 'W']] -- Modifying matrix...
[LINE 4]		1.81		nan 		nan 		nan 		nan 		
[LINE 3]		1.81		nan 		1.92		nan 		nan 		
[LINE 2]		nan 		nan 		-inf		-inf		-inf		
[LINE 1]		nan 		nan 		nan 		nan 		nan 		
[LINE 0]		nan 		nan 		nan 		nan 		nan 		
 * Ranking:
 ---> {'coords': (3, 2), 'dir': 'N', 'score': 1}
 ---> {'coords': (3, 2), 'dir': 'N', 'score': 1}
 * Selected, based on ranking: {'coords': (3, 2), 'dir': 'N', 'score': 1}
 * The candidate has value 1.92 and coords (3, 2)
 * Checking direction:
 ---> Trend is: W
 ---> Complex Trend is: {'W': 9, 'N': 1}
 ---> Allowed dirs based on Complex Trend are: ['W', 'SW', 'S']
 ---> Direction N IS NOT ok! Last was W [last 10: ['N', 'W', 'W', 'W', 'W', 'W', 'W', 'W', 'W', 'W']] -- Modifying matrix...
[LINE 4]		1.81		nan 		nan 		nan 		nan 		
[LINE 3]		1.81		nan 		nan 		nan 		nan 		
[LINE 2]		nan 		nan 		-inf		-inf		-inf		
[LINE 1]		nan 		nan 		nan 		nan 		nan 		
[LINE 0]		nan 		nan 		nan 		nan 		nan 		
 * Ranking:
 ---> {'coords': (3, 0), 'dir': 'NW', 'score': 5}
 ---> {'coords': (3, 0), 'dir': 'NW', 'score': 5}
 ---> {'coords': (4, 0), 'dir': 'NW', 'score': 5}
 ---> {'coords': (4, 0), 'dir': 'NW', 'score': 5}
 * Selected, based on ranking: {'coords': (3, 0), 'dir': 'NW', 'score': 5}
 * The candidate has value 1.81 and coords (3, 0)
 * Checking direction:
 ---> Trend is: W
 ---> Complex Trend is: {'W': 9, 'N': 1}
 ---> Allowed dirs based on Complex Trend are: ['W', 'SW', 'S']
 ---> Direction NW IS NOT ok! Last was W [last 10: ['N', 'W', 'W', 'W', 'W', 'W', 'W', 'W', 'W', 'W']] -- Modifying matrix...
[LINE 4]		1.81		nan 		nan 		nan 		nan 		
[LINE 3]		nan 		nan 		nan 		nan 		nan 		
[LINE 2]		nan 		nan 		-inf		-inf		-inf		
[LINE 1]		nan 		nan 		nan 		nan 		nan 		
[LINE 0]		nan 		nan 		nan 		nan 		nan 		
 * Ranking:
 ---> {'coords': (4, 0), 'dir': 'NW', 'score': 5}
 ---> {'coords': (4, 0), 'dir': 'NW', 'score': 5}
 * Selected, based on ranking: {'coords': (4, 0), 'dir': 'NW', 'score': 5}
 * The candidate has value 1.81 and coords (4, 0)
 * Checking direction:
 ---> Trend is: W
 ---> Complex Trend is: {'W': 9, 'N': 1}
 ---> Allowed dirs based on Complex Trend are: ['W', 'SW', 'S']
 ---> Direction NW IS NOT ok! Last was W [last 10: ['N', 'W', 'W', 'W', 'W', 'W', 'W', 'W', 'W', 'W']] -- Modifying matrix...
[LINE 4]		nan 		nan 		nan 		nan 		nan 		
[LINE 3]		nan 		nan 		nan 		nan 		nan 		
[LINE 2]		nan 		nan 		-inf		-inf		-inf		
[LINE 1]		nan 		nan 		nan 		nan 		nan 		
[LINE 0]		nan 		nan 		nan 		nan 		nan 		
SIAMO NEL VALUEERROR
PROVO CON TT 3
 * Ranking:
 ---> {'coords': (3, 4), 'dir': 'NE', 'score': 0}
 ---> {'coords': (3, 4), 'dir': 'NE', 'score': 0}
 * Selected, based on ranking: {'coords': (3, 4), 'dir': 'NE', 'score': 0}
 * The candidate has value 2.17 and coords (3, 4)
 * Checking direction:
 ---> Trend is: W
 ---> Complex Trend is: {'W': 9, 'N': 1}
 ---> Allowed dirs based on Complex Trend are: ['W', 'SW', 'S', 'N', 'S']
 ---> Direction NE IS NOT ok! Last was W [last 10: ['N', 'W', 'W', 'W', 'W', 'W', 'W', 'W', 'W', 'W']] -- Modifying matrix...
[LINE 4]		1.81		1.84		nan 		nan 		nan 		
[LINE 3]		1.81		1.85		1.92		2.06		nan 		
[LINE 2]		nan 		nan 		-inf		-inf		-inf		
[LINE 1]		nan 		nan 		nan 		nan 		nan 		
[LINE 0]		nan 		nan 		nan 		nan 		nan 		
 * Ranking:
 ---> {'coords': (3, 3), 'dir': 'NE', 'score': 0}
 ---> {'coords': (3, 3), 'dir': 'NE', 'score': 0}
 * Selected, based on ranking: {'coords': (3, 3), 'dir': 'NE', 'score': 0}
 * The candidate has value 2.06 and coords (3, 3)
 * Checking direction:
 ---> Trend is: W
 ---> Complex Trend is: {'W': 9, 'N': 1}
 ---> Allowed dirs based on Complex Trend are: ['W', 'SW', 'S', 'N', 'S']
 ---> Direction NE IS NOT ok! Last was W [last 10: ['N', 'W', 'W', 'W', 'W', 'W', 'W', 'W', 'W', 'W']] -- Modifying matrix...
[LINE 4]		1.81		1.84		nan 		nan 		nan 		
[LINE 3]		1.81		1.85		1.92		nan 		nan 		
[LINE 2]		nan 		nan 		-inf		-inf		-inf		
[LINE 1]		nan 		nan 		nan 		nan 		nan 		
[LINE 0]		nan 		nan 		nan 		nan 		nan 		
 * Ranking:
 ---> {'coords': (3, 1), 'dir': 'NW', 'score': 5}
 ---> {'coords': (3, 1), 'dir': 'NW', 'score': 5}
 ---> {'coords': (3, 2), 'dir': 'N', 'score': 11}
 ---> {'coords': (3, 2), 'dir': 'N', 'score': 11}
 ---> {'coords': (4, 1), 'dir': 'NW', 'score': 5}
 ---> {'coords': (4, 1), 'dir': 'NW', 'score': 5}
 * Selected, based on ranking: {'coords': (3, 2), 'dir': 'N', 'score': 11}
 * The candidate has value 1.92 and coords (3, 2)
 * Checking direction:
 ---> Trend is: W
 ---> Complex Trend is: {'W': 9, 'N': 1}
 ---> Allowed dirs based on Complex Trend are: ['W', 'SW', 'S', 'N', 'S']
 ---> Direction N ok (last was W)! -- [Last 10: ['N', 'W', 'W', 'W', 'W', 'W', 'W', 'W', 'W', 'W']]
 * Selected element is (3, 2) with value 1.92
Next element is N with direction 1.92
New matrix will be centered on 31,91 with depth 1.92
TREND IS ('W', {'W': 9, 'N': 1}) --- (['W', 'W', 'W', 'W', 'W', 'W', 'W', 'W', 'W', 'N'])
============================================================
Iteration 26 with LAT_IDX: 31 and LON_IDX: 91 with DEPTH 1.9156784
 * Adding to the thalweg 31, 91 (depth 1.92)... Let's look at his neighborhood...
 * The extracted matrix is:
[LINE 4]		nan 		nan 		nan 		nan 		nan 		
[LINE 3]		1.81		1.84		nan 		nan 		nan 		
[LINE 2]		1.81		1.85		-inf		2.06		2.17		
[LINE 1]		nan 		nan 		-inf		-inf		-inf		
[LINE 0]		nan 		nan 		nan 		nan 		nan 		
 * Ranking:
 ---> {'coords': (2, 4), 'dir': 'E', 'score': 1}
 ---> {'coords': (2, 4), 'dir': 'E', 'score': 1}
 * Selected, based on ranking: {'coords': (2, 4), 'dir': 'E', 'score': 1}
 * The candidate has value 2.17 and coords (2, 4)
 * Checking direction:
 ---> Trend is: W
 ---> Complex Trend is: {'W': 9, 'N': 1}
 ---> Allowed dirs based on Complex Trend are: ['W', 'SW', 'S']
 ---> Direction E IS NOT ok! Last was N [last 10: ['W', 'W', 'W', 'W', 'W', 'W', 'W', 'W', 'W', 'N']] -- Modifying matrix...
[LINE 4]		nan 		nan 		nan 		nan 		nan 		
[LINE 3]		1.81		1.84		nan 		nan 		nan 		
[LINE 2]		1.81		1.85		-inf		2.06		nan 		
[LINE 1]		nan 		nan 		-inf		-inf		-inf		
[LINE 0]		nan 		nan 		nan 		nan 		nan 		
 * Ranking:
 ---> {'coords': (2, 3), 'dir': 'E', 'score': 1}
 ---> {'coords': (2, 3), 'dir': 'E', 'score': 1}
 * Selected, based on ranking: {'coords': (2, 3), 'dir': 'E', 'score': 1}
 * The candidate has value 2.06 and coords (2, 3)
 * Checking direction:
 ---> Trend is: W
 ---> Complex Trend is: {'W': 9, 'N': 1}
 ---> Allowed dirs based on Complex Trend are: ['W', 'SW', 'S']
 ---> Direction E IS NOT ok! Last was N [last 10: ['W', 'W', 'W', 'W', 'W', 'W', 'W', 'W', 'W', 'N']] -- Modifying matrix...
[LINE 4]		nan 		nan 		nan 		nan 		nan 		
[LINE 3]		1.81		1.84		nan 		nan 		nan 		
[LINE 2]		1.81		1.85		-inf		nan 		nan 		
[LINE 1]		nan 		nan 		-inf		-inf		-inf		
[LINE 0]		nan 		nan 		nan 		nan 		nan 		
 * Ranking:
 ---> {'coords': (2, 0), 'dir': 'W', 'score': 11}
 ---> {'coords': (2, 0), 'dir': 'W', 'score': 11}
 ---> {'coords': (2, 1), 'dir': 'W', 'score': 11}
 ---> {'coords': (2, 1), 'dir': 'W', 'score': 11}
 ---> {'coords': (3, 0), 'dir': 'NW', 'score': 5}
 ---> {'coords': (3, 0), 'dir': 'NW', 'score': 5}
 ---> {'coords': (3, 1), 'dir': 'NW', 'score': 5}
 ---> {'coords': (3, 1), 'dir': 'NW', 'score': 5}
 * Selected, based on ranking: {'coords': (2, 0), 'dir': 'W', 'score': 11}
 * The candidate has value 1.85 and coords (2, 0)
 * Checking direction:
 ---> Trend is: W
 ---> Complex Trend is: {'W': 9, 'N': 1}
 ---> Allowed dirs based on Complex Trend are: ['W', 'SW', 'S']
 ---> Direction W ok (last was N)! -- [Last 10: ['W', 'W', 'W', 'W', 'W', 'W', 'W', 'W', 'W', 'N']]
 * Selected element is (2, 0) with value 1.85
Next element is W with direction 1.81
New matrix will be centered on 31,89 with depth 1.81
TREND IS ('W', {'W': 9, 'N': 1}) --- (['W', 'W', 'W', 'W', 'W', 'W', 'W', 'W', 'N', 'W'])
============================================================
Iteration 27 with LAT_IDX: 31 and LON_IDX: 89 with DEPTH 1.8142676
 * Adding to the thalweg 31, 89 (depth 1.81)... Let's look at his neighborhood...
 * The extracted matrix is:
[LINE 4]		1.85		nan 		nan 		nan 		nan 		
[LINE 3]		1.84		1.81		1.81		1.84		nan 		
[LINE 2]		nan 		1.81		-inf		1.85		-inf		
[LINE 1]		nan 		nan 		nan 		nan 		-inf		
[LINE 0]		nan 		nan 		nan 		nan 		nan 		
 * Ranking:
 ---> {'coords': (2, 1), 'dir': 'W', 'score': 19}
 ---> {'coords': (2, 1), 'dir': 'W', 'score': 19}
 ---> {'coords': (2, 3), 'dir': 'E', 'score': 0}
 ---> {'coords': (2, 3), 'dir': 'E', 'score': 0}
 ---> {'coords': (3, 0), 'dir': 'NW', 'score': 5}
 ---> {'coords': (3, 0), 'dir': 'NW', 'score': 5}
 ---> {'coords': (3, 1), 'dir': 'NW', 'score': 5}
 ---> {'coords': (3, 1), 'dir': 'NW', 'score': 5}
 ---> {'coords': (3, 2), 'dir': 'N', 'score': 1}
 ---> {'coords': (3, 2), 'dir': 'N', 'score': 1}
 ---> {'coords': (3, 3), 'dir': 'NE', 'score': 0}
 ---> {'coords': (3, 3), 'dir': 'NE', 'score': 0}
 ---> {'coords': (4, 0), 'dir': 'NW', 'score': 5}
 ---> {'coords': (4, 0), 'dir': 'NW', 'score': 5}
 * Selected, based on ranking: {'coords': (2, 1), 'dir': 'W', 'score': 19}
 * The candidate has value 1.85 and coords (2, 1)
 * Checking direction:
 ---> Trend is: W
 ---> Complex Trend is: {'W': 9, 'N': 1}
 ---> Allowed dirs based on Complex Trend are: ['W', 'SW', 'S']
 ---> Direction W ok (last was W)! -- [Last 10: ['W', 'W', 'W', 'W', 'W', 'W', 'W', 'W', 'N', 'W']]
 * Selected element is (2, 1) with value 1.85
Next element is W with direction 1.81
New matrix will be centered on 31,88 with depth 1.81
TREND IS ('W', {'W': 9, 'N': 1}) --- (['W', 'W', 'W', 'W', 'W', 'W', 'W', 'N', 'W', 'W'])
============================================================
Iteration 28 with LAT_IDX: 31 and LON_IDX: 88 with DEPTH 1.8105704
 * Adding to the thalweg 31, 88 (depth 1.81)... Let's look at his neighborhood...
 * The extracted matrix is:
[LINE 4]		1.92		1.85		nan 		nan 		nan 		
[LINE 3]		1.91		1.84		1.81		1.81		1.84		
[LINE 2]		nan 		nan 		-inf		-inf		1.85		
[LINE 1]		nan 		nan 		nan 		nan 		nan 		
[LINE 0]		nan 		nan 		nan 		nan 		nan 		
 * Ranking:
 ---> {'coords': (2, 4), 'dir': 'E', 'score': 0}
 ---> {'coords': (2, 4), 'dir': 'E', 'score': 0}
 ---> {'coords': (3, 0), 'dir': 'NW', 'score': 5}
 ---> {'coords': (3, 0), 'dir': 'NW', 'score': 5}
 ---> {'coords': (3, 1), 'dir': 'NW', 'score': 5}
 ---> {'coords': (3, 1), 'dir': 'NW', 'score': 5}
 ---> {'coords': (3, 4), 'dir': 'NE', 'score': 0}
 ---> {'coords': (3, 4), 'dir': 'NE', 'score': 0}
 ---> {'coords': (4, 0), 'dir': 'NW', 'score': 5}
 ---> {'coords': (4, 0), 'dir': 'NW', 'score': 5}
 ---> {'coords': (4, 1), 'dir': 'NW', 'score': 5}
 ---> {'coords': (4, 1), 'dir': 'NW', 'score': 5}
 * Selected, based on ranking: {'coords': (3, 0), 'dir': 'NW', 'score': 5}
 * The candidate has value 1.92 and coords (3, 0)
 * Checking direction:
 ---> Trend is: W
 ---> Complex Trend is: {'W': 9, 'N': 1}
 ---> Allowed dirs based on Complex Trend are: ['W', 'SW', 'S']
 ---> Direction NW IS NOT ok! Last was W [last 10: ['W', 'W', 'W', 'W', 'W', 'W', 'W', 'N', 'W', 'W']] -- Modifying matrix...
[LINE 4]		1.92		1.85		nan 		nan 		nan 		
[LINE 3]		nan 		1.84		1.81		1.81		1.84		
[LINE 2]		nan 		nan 		-inf		-inf		1.85		
[LINE 1]		nan 		nan 		nan 		nan 		nan 		
[LINE 0]		nan 		nan 		nan 		nan 		nan 		
 * Ranking:
 ---> {'coords': (2, 4), 'dir': 'E', 'score': 0}
 ---> {'coords': (2, 4), 'dir': 'E', 'score': 0}
 ---> {'coords': (3, 1), 'dir': 'NW', 'score': 5}
 ---> {'coords': (3, 1), 'dir': 'NW', 'score': 5}
 ---> {'coords': (3, 4), 'dir': 'NE', 'score': 0}
 ---> {'coords': (3, 4), 'dir': 'NE', 'score': 0}
 ---> {'coords': (4, 0), 'dir': 'NW', 'score': 5}
 ---> {'coords': (4, 0), 'dir': 'NW', 'score': 5}
 ---> {'coords': (4, 1), 'dir': 'NW', 'score': 5}
 ---> {'coords': (4, 1), 'dir': 'NW', 'score': 5}
 * Selected, based on ranking: {'coords': (3, 1), 'dir': 'NW', 'score': 5}
 * The candidate has value 1.92 and coords (3, 1)
 * Checking direction:
 ---> Trend is: W
 ---> Complex Trend is: {'W': 9, 'N': 1}
 ---> Allowed dirs based on Complex Trend are: ['W', 'SW', 'S']
 ---> Direction NW IS NOT ok! Last was W [last 10: ['W', 'W', 'W', 'W', 'W', 'W', 'W', 'N', 'W', 'W']] -- Modifying matrix...
[LINE 4]		1.92		1.85		nan 		nan 		nan 		
[LINE 3]		nan 		nan 		1.81		1.81		1.84		
[LINE 2]		nan 		nan 		-inf		-inf		1.85		
[LINE 1]		nan 		nan 		nan 		nan 		nan 		
[LINE 0]		nan 		nan 		nan 		nan 		nan 		
 * Ranking:
 ---> {'coords': (2, 4), 'dir': 'E', 'score': 0}
 ---> {'coords': (2, 4), 'dir': 'E', 'score': 0}
 ---> {'coords': (3, 4), 'dir': 'NE', 'score': 0}
 ---> {'coords': (3, 4), 'dir': 'NE', 'score': 0}
 ---> {'coords': (4, 0), 'dir': 'NW', 'score': 5}
 ---> {'coords': (4, 0), 'dir': 'NW', 'score': 5}
 ---> {'coords': (4, 1), 'dir': 'NW', 'score': 5}
 ---> {'coords': (4, 1), 'dir': 'NW', 'score': 5}
 * Selected, based on ranking: {'coords': (4, 0), 'dir': 'NW', 'score': 5}
 * The candidate has value 1.92 and coords (4, 0)
 * Checking direction:
 ---> Trend is: W
 ---> Complex Trend is: {'W': 9, 'N': 1}
 ---> Allowed dirs based on Complex Trend are: ['W', 'SW', 'S']
 ---> Direction NW IS NOT ok! Last was W [last 10: ['W', 'W', 'W', 'W', 'W', 'W', 'W', 'N', 'W', 'W']] -- Modifying matrix...
[LINE 4]		nan 		1.85		nan 		nan 		nan 		
[LINE 3]		nan 		nan 		1.81		1.81		1.84		
[LINE 2]		nan 		nan 		-inf		-inf		1.85		
[LINE 1]		nan 		nan 		nan 		nan 		nan 		
[LINE 0]		nan 		nan 		nan 		nan 		nan 		
 * Ranking:
 ---> {'coords': (2, 4), 'dir': 'E', 'score': 0}
 ---> {'coords': (2, 4), 'dir': 'E', 'score': 0}
 ---> {'coords': (3, 2), 'dir': 'N', 'score': 1}
 ---> {'coords': (3, 2), 'dir': 'N', 'score': 1}
 ---> {'coords': (3, 3), 'dir': 'NE', 'score': 0}
 ---> {'coords': (3, 3), 'dir': 'NE', 'score': 0}
 ---> {'coords': (3, 4), 'dir': 'NE', 'score': 0}
 ---> {'coords': (3, 4), 'dir': 'NE', 'score': 0}
 ---> {'coords': (4, 1), 'dir': 'NW', 'score': 5}
 ---> {'coords': (4, 1), 'dir': 'NW', 'score': 5}
 * Selected, based on ranking: {'coords': (4, 1), 'dir': 'NW', 'score': 5}
 * The candidate has value 1.85 and coords (4, 1)
 * Checking direction:
 ---> Trend is: W
 ---> Complex Trend is: {'W': 9, 'N': 1}
 ---> Allowed dirs based on Complex Trend are: ['W', 'SW', 'S']
 ---> Direction NW IS NOT ok! Last was W [last 10: ['W', 'W', 'W', 'W', 'W', 'W', 'W', 'N', 'W', 'W']] -- Modifying matrix...
[LINE 4]		nan 		nan 		nan 		nan 		nan 		
[LINE 3]		nan 		nan 		1.81		1.81		1.84		
[LINE 2]		nan 		nan 		-inf		-inf		1.85		
[LINE 1]		nan 		nan 		nan 		nan 		nan 		
[LINE 0]		nan 		nan 		nan 		nan 		nan 		
 * Ranking:
 ---> {'coords': (2, 4), 'dir': 'E', 'score': 0}
 ---> {'coords': (2, 4), 'dir': 'E', 'score': 0}
 ---> {'coords': (3, 2), 'dir': 'N', 'score': 1}
 ---> {'coords': (3, 2), 'dir': 'N', 'score': 1}
 ---> {'coords': (3, 3), 'dir': 'NE', 'score': 0}
 ---> {'coords': (3, 3), 'dir': 'NE', 'score': 0}
 ---> {'coords': (3, 4), 'dir': 'NE', 'score': 0}
 ---> {'coords': (3, 4), 'dir': 'NE', 'score': 0}
 * Selected, based on ranking: {'coords': (3, 2), 'dir': 'N', 'score': 1}
 * The candidate has value 1.85 and coords (3, 2)
 * Checking direction:
 ---> Trend is: W
 ---> Complex Trend is: {'W': 9, 'N': 1}
 ---> Allowed dirs based on Complex Trend are: ['W', 'SW', 'S']
 ---> Direction N IS NOT ok! Last was W [last 10: ['W', 'W', 'W', 'W', 'W', 'W', 'W', 'N', 'W', 'W']] -- Modifying matrix...
[LINE 4]		nan 		nan 		nan 		nan 		nan 		
[LINE 3]		nan 		nan 		nan 		1.81		1.84		
[LINE 2]		nan 		nan 		-inf		-inf		1.85		
[LINE 1]		nan 		nan 		nan 		nan 		nan 		
[LINE 0]		nan 		nan 		nan 		nan 		nan 		
 * Ranking:
 ---> {'coords': (2, 4), 'dir': 'E', 'score': 0}
 ---> {'coords': (2, 4), 'dir': 'E', 'score': 0}
 ---> {'coords': (3, 3), 'dir': 'NE', 'score': 0}
 ---> {'coords': (3, 3), 'dir': 'NE', 'score': 0}
 ---> {'coords': (3, 4), 'dir': 'NE', 'score': 0}
 ---> {'coords': (3, 4), 'dir': 'NE', 'score': 0}
 * Selected, based on ranking: {'coords': (2, 4), 'dir': 'E', 'score': 0}
 * The candidate has value 1.85 and coords (2, 4)
 * Checking direction:
 ---> Trend is: W
 ---> Complex Trend is: {'W': 9, 'N': 1}
 ---> Allowed dirs based on Complex Trend are: ['W', 'SW', 'S']
 ---> Direction E IS NOT ok! Last was W [last 10: ['W', 'W', 'W', 'W', 'W', 'W', 'W', 'N', 'W', 'W']] -- Modifying matrix...
[LINE 4]		nan 		nan 		nan 		nan 		nan 		
[LINE 3]		nan 		nan 		nan 		1.81		1.84		
[LINE 2]		nan 		nan 		-inf		-inf		nan 		
[LINE 1]		nan 		nan 		nan 		nan 		nan 		
[LINE 0]		nan 		nan 		nan 		nan 		nan 		
 * Ranking:
 ---> {'coords': (3, 3), 'dir': 'NE', 'score': 0}
 ---> {'coords': (3, 3), 'dir': 'NE', 'score': 0}
 ---> {'coords': (3, 4), 'dir': 'NE', 'score': 0}
 ---> {'coords': (3, 4), 'dir': 'NE', 'score': 0}
 * Selected, based on ranking: {'coords': (3, 3), 'dir': 'NE', 'score': 0}
 * The candidate has value 1.84 and coords (3, 3)
 * Checking direction:
 ---> Trend is: W
 ---> Complex Trend is: {'W': 9, 'N': 1}
 ---> Allowed dirs based on Complex Trend are: ['W', 'SW', 'S']
 ---> Direction NE IS NOT ok! Last was W [last 10: ['W', 'W', 'W', 'W', 'W', 'W', 'W', 'N', 'W', 'W']] -- Modifying matrix...
[LINE 4]		nan 		nan 		nan 		nan 		nan 		
[LINE 3]		nan 		nan 		nan 		nan 		1.84		
[LINE 2]		nan 		nan 		-inf		-inf		nan 		
[LINE 1]		nan 		nan 		nan 		nan 		nan 		
[LINE 0]		nan 		nan 		nan 		nan 		nan 		
 * Ranking:
 ---> {'coords': (3, 4), 'dir': 'NE', 'score': 0}
 ---> {'coords': (3, 4), 'dir': 'NE', 'score': 0}
 * Selected, based on ranking: {'coords': (3, 4), 'dir': 'NE', 'score': 0}
 * The candidate has value 1.84 and coords (3, 4)
 * Checking direction:
 ---> Trend is: W
 ---> Complex Trend is: {'W': 9, 'N': 1}
 ---> Allowed dirs based on Complex Trend are: ['W', 'SW', 'S']
 ---> Direction NE IS NOT ok! Last was W [last 10: ['W', 'W', 'W', 'W', 'W', 'W', 'W', 'N', 'W', 'W']] -- Modifying matrix...
[LINE 4]		nan 		nan 		nan 		nan 		nan 		
[LINE 3]		nan 		nan 		nan 		nan 		nan 		
[LINE 2]		nan 		nan 		-inf		-inf		nan 		
[LINE 1]		nan 		nan 		nan 		nan 		nan 		
[LINE 0]		nan 		nan 		nan 		nan 		nan 		
SIAMO NEL VALUEERROR
PROVO CON TT 3
 * Ranking:
 ---> {'coords': (2, 4), 'dir': 'E', 'score': 0}
 ---> {'coords': (2, 4), 'dir': 'E', 'score': 0}
 ---> {'coords': (3, 0), 'dir': 'NW', 'score': 5}
 ---> {'coords': (3, 0), 'dir': 'NW', 'score': 5}
 ---> {'coords': (3, 1), 'dir': 'NW', 'score': 5}
 ---> {'coords': (3, 1), 'dir': 'NW', 'score': 5}
 ---> {'coords': (3, 4), 'dir': 'NE', 'score': 0}
 ---> {'coords': (3, 4), 'dir': 'NE', 'score': 0}
 ---> {'coords': (4, 0), 'dir': 'NW', 'score': 5}
 ---> {'coords': (4, 0), 'dir': 'NW', 'score': 5}
 ---> {'coords': (4, 1), 'dir': 'NW', 'score': 5}
 ---> {'coords': (4, 1), 'dir': 'NW', 'score': 5}
 * Selected, based on ranking: {'coords': (3, 0), 'dir': 'NW', 'score': 5}
 * The candidate has value 1.92 and coords (3, 0)
 * Checking direction:
 ---> Trend is: W
 ---> Complex Trend is: {'W': 9, 'N': 1}
 ---> Allowed dirs based on Complex Trend are: ['W', 'SW', 'S', 'N', 'S']
 ---> Direction NW IS NOT ok! Last was W [last 10: ['W', 'W', 'W', 'W', 'W', 'W', 'W', 'N', 'W', 'W']] -- Modifying matrix...
[LINE 4]		1.92		1.85		nan 		nan 		nan 		
[LINE 3]		nan 		1.84		1.81		1.81		1.84		
[LINE 2]		nan 		nan 		-inf		-inf		1.85		
[LINE 1]		nan 		nan 		nan 		nan 		nan 		
[LINE 0]		nan 		nan 		nan 		nan 		nan 		
 * Ranking:
 ---> {'coords': (2, 4), 'dir': 'E', 'score': 0}
 ---> {'coords': (2, 4), 'dir': 'E', 'score': 0}
 ---> {'coords': (3, 1), 'dir': 'NW', 'score': 5}
 ---> {'coords': (3, 1), 'dir': 'NW', 'score': 5}
 ---> {'coords': (3, 4), 'dir': 'NE', 'score': 0}
 ---> {'coords': (3, 4), 'dir': 'NE', 'score': 0}
 ---> {'coords': (4, 0), 'dir': 'NW', 'score': 5}
 ---> {'coords': (4, 0), 'dir': 'NW', 'score': 5}
 ---> {'coords': (4, 1), 'dir': 'NW', 'score': 5}
 ---> {'coords': (4, 1), 'dir': 'NW', 'score': 5}
 * Selected, based on ranking: {'coords': (3, 1), 'dir': 'NW', 'score': 5}
 * The candidate has value 1.92 and coords (3, 1)
 * Checking direction:
 ---> Trend is: W
 ---> Complex Trend is: {'W': 9, 'N': 1}
 ---> Allowed dirs based on Complex Trend are: ['W', 'SW', 'S', 'N', 'S']
 ---> Direction NW IS NOT ok! Last was W [last 10: ['W', 'W', 'W', 'W', 'W', 'W', 'W', 'N', 'W', 'W']] -- Modifying matrix...
[LINE 4]		1.92		1.85		nan 		nan 		nan 		
[LINE 3]		nan 		nan 		1.81		1.81		1.84		
[LINE 2]		nan 		nan 		-inf		-inf		1.85		
[LINE 1]		nan 		nan 		nan 		nan 		nan 		
[LINE 0]		nan 		nan 		nan 		nan 		nan 		
 * Ranking:
 ---> {'coords': (2, 4), 'dir': 'E', 'score': 0}
 ---> {'coords': (2, 4), 'dir': 'E', 'score': 0}
 ---> {'coords': (3, 4), 'dir': 'NE', 'score': 0}
 ---> {'coords': (3, 4), 'dir': 'NE', 'score': 0}
 ---> {'coords': (4, 0), 'dir': 'NW', 'score': 5}
 ---> {'coords': (4, 0), 'dir': 'NW', 'score': 5}
 ---> {'coords': (4, 1), 'dir': 'NW', 'score': 5}
 ---> {'coords': (4, 1), 'dir': 'NW', 'score': 5}
 * Selected, based on ranking: {'coords': (4, 0), 'dir': 'NW', 'score': 5}
 * The candidate has value 1.92 and coords (4, 0)
 * Checking direction:
 ---> Trend is: W
 ---> Complex Trend is: {'W': 9, 'N': 1}
 ---> Allowed dirs based on Complex Trend are: ['W', 'SW', 'S', 'N', 'S']
 ---> Direction NW IS NOT ok! Last was W [last 10: ['W', 'W', 'W', 'W', 'W', 'W', 'W', 'N', 'W', 'W']] -- Modifying matrix...
[LINE 4]		nan 		1.85		nan 		nan 		nan 		
[LINE 3]		nan 		nan 		1.81		1.81		1.84		
[LINE 2]		nan 		nan 		-inf		-inf		1.85		
[LINE 1]		nan 		nan 		nan 		nan 		nan 		
[LINE 0]		nan 		nan 		nan 		nan 		nan 		
 * Ranking:
 ---> {'coords': (2, 4), 'dir': 'E', 'score': 0}
 ---> {'coords': (2, 4), 'dir': 'E', 'score': 0}
 ---> {'coords': (3, 2), 'dir': 'N', 'score': 11}
 ---> {'coords': (3, 2), 'dir': 'N', 'score': 11}
 ---> {'coords': (3, 3), 'dir': 'NE', 'score': 0}
 ---> {'coords': (3, 3), 'dir': 'NE', 'score': 0}
 ---> {'coords': (3, 4), 'dir': 'NE', 'score': 0}
 ---> {'coords': (3, 4), 'dir': 'NE', 'score': 0}
 ---> {'coords': (4, 1), 'dir': 'NW', 'score': 5}
 ---> {'coords': (4, 1), 'dir': 'NW', 'score': 5}
 * Selected, based on ranking: {'coords': (3, 2), 'dir': 'N', 'score': 11}
 * The candidate has value 1.85 and coords (3, 2)
 * Checking direction:
 ---> Trend is: W
 ---> Complex Trend is: {'W': 9, 'N': 1}
 ---> Allowed dirs based on Complex Trend are: ['W', 'SW', 'S', 'N', 'S']
 ---> Direction N ok (last was W)! -- [Last 10: ['W', 'W', 'W', 'W', 'W', 'W', 'W', 'N', 'W', 'W']]
 * Selected element is (3, 2) with value 1.85
Next element is N with direction 1.81
New matrix will be centered on 32,88 with depth 1.81
TREND IS ('W', {'W': 8, 'N': 2}) --- (['W', 'W', 'W', 'W', 'W', 'W', 'N', 'W', 'W', 'N'])
============================================================
Iteration 29 with LAT_IDX: 32 and LON_IDX: 88 with DEPTH 1.8075112
 * Adding to the thalweg 32, 88 (depth 1.81)... Let's look at his neighborhood...
 * The extracted matrix is:
[LINE 4]		nan 		nan 		nan 		nan 		nan 		
[LINE 3]		1.92		1.85		nan 		nan 		nan 		
[LINE 2]		1.91		1.84		-inf		1.81		1.84		
[LINE 1]		nan 		nan 		-inf		-inf		1.85		
[LINE 0]		nan 		nan 		nan 		nan 		nan 		
 * Ranking:
 ---> {'coords': (1, 4), 'dir': 'SE', 'score': 0}
 ---> {'coords': (1, 4), 'dir': 'SE', 'score': 0}
 ---> {'coords': (2, 0), 'dir': 'W', 'score': 11}
 ---> {'coords': (2, 0), 'dir': 'W', 'score': 11}
 ---> {'coords': (2, 1), 'dir': 'W', 'score': 11}
 ---> {'coords': (2, 1), 'dir': 'W', 'score': 11}
 ---> {'coords': (2, 4), 'dir': 'E', 'score': 1}
 ---> {'coords': (2, 4), 'dir': 'E', 'score': 1}
 ---> {'coords': (3, 0), 'dir': 'NW', 'score': 5}
 ---> {'coords': (3, 0), 'dir': 'NW', 'score': 5}
 ---> {'coords': (3, 1), 'dir': 'NW', 'score': 5}
 ---> {'coords': (3, 1), 'dir': 'NW', 'score': 5}
 * Selected, based on ranking: {'coords': (2, 0), 'dir': 'W', 'score': 11}
 * The candidate has value 1.92 and coords (2, 0)
 * Checking direction:
 ---> Trend is: W
 ---> Complex Trend is: {'W': 8, 'N': 2}
 ---> Allowed dirs based on Complex Trend are: ['W', 'SW', 'S']
 ---> Direction W ok (last was N)! -- [Last 10: ['W', 'W', 'W', 'W', 'W', 'W', 'N', 'W', 'W', 'N']]
 * Selected element is (2, 0) with value 1.92
Next element is W with direction 1.91
New matrix will be centered on 32,86 with depth 1.91
TREND IS ('W', {'W': 8, 'N': 2}) --- (['W', 'W', 'W', 'W', 'W', 'N', 'W', 'W', 'N', 'W'])
============================================================
Iteration 30 with LAT_IDX: 32 and LON_IDX: 86 with DEPTH 1.9053856
 * Adding to the thalweg 32, 86 (depth 1.91)... Let's look at his neighborhood...
 * The extracted matrix is:
[LINE 4]		1.97		nan 		nan 		nan 		nan 		
[LINE 3]		1.97		1.96		1.92		1.85		nan 		
[LINE 2]		nan 		1.95		-inf		1.84		-inf		
[LINE 1]		nan 		nan 		nan 		nan 		-inf		
[LINE 0]		nan 		nan 		nan 		nan 		nan 		
 * Ranking:
 ---> {'coords': (2, 1), 'dir': 'W', 'score': 19}
 ---> {'coords': (2, 1), 'dir': 'W', 'score': 19}
 ---> {'coords': (3, 0), 'dir': 'NW', 'score': 5}
 ---> {'coords': (3, 0), 'dir': 'NW', 'score': 5}
 ---> {'coords': (3, 1), 'dir': 'NW', 'score': 5}
 ---> {'coords': (3, 1), 'dir': 'NW', 'score': 5}
 ---> {'coords': (3, 2), 'dir': 'N', 'score': 1}
 ---> {'coords': (3, 2), 'dir': 'N', 'score': 1}
 ---> {'coords': (4, 0), 'dir': 'NW', 'score': 5}
 ---> {'coords': (4, 0), 'dir': 'NW', 'score': 5}
 * Selected, based on ranking: {'coords': (2, 1), 'dir': 'W', 'score': 19}
 * The candidate has value 1.97 and coords (2, 1)
 * Checking direction:
 ---> Trend is: W
 ---> Complex Trend is: {'W': 8, 'N': 2}
 ---> Allowed dirs based on Complex Trend are: ['W', 'SW', 'S']
 ---> Direction W ok (last was W)! -- [Last 10: ['W', 'W', 'W', 'W', 'W', 'N', 'W', 'W', 'N', 'W']]
 * Selected element is (2, 1) with value 1.97
Next element is W with direction 1.95
New matrix will be centered on 32,85 with depth 1.95
TREND IS ('W', {'W': 8, 'N': 2}) --- (['W', 'W', 'W', 'W', 'N', 'W', 'W', 'N', 'W', 'W'])
============================================================
Iteration 31 with LAT_IDX: 32 and LON_IDX: 85 with DEPTH 1.9494636
 * Adding to the thalweg 32, 85 (depth 1.95)... Let's look at his neighborhood...
 * The extracted matrix is:
[LINE 4]		1.97		1.97		nan 		nan 		nan 		
[LINE 3]		1.97		1.97		1.96		1.92		1.85		
[LINE 2]		nan 		nan 		-inf		-inf		1.84		
[LINE 1]		nan 		nan 		nan 		nan 		nan 		
[LINE 0]		nan 		nan 		nan 		nan 		nan 		
 * Ranking:
 ---> {'coords': (3, 0), 'dir': 'NW', 'score': 5}
 ---> {'coords': (3, 0), 'dir': 'NW', 'score': 5}
 ---> {'coords': (3, 1), 'dir': 'NW', 'score': 5}
 ---> {'coords': (3, 1), 'dir': 'NW', 'score': 5}
 ---> {'coords': (3, 2), 'dir': 'N', 'score': 1}
 ---> {'coords': (3, 2), 'dir': 'N', 'score': 1}
 ---> {'coords': (3, 3), 'dir': 'NE', 'score': 0}
 ---> {'coords': (3, 3), 'dir': 'NE', 'score': 0}
 ---> {'coords': (4, 0), 'dir': 'NW', 'score': 5}
 ---> {'coords': (4, 0), 'dir': 'NW', 'score': 5}
 ---> {'coords': (4, 1), 'dir': 'NW', 'score': 5}
 ---> {'coords': (4, 1), 'dir': 'NW', 'score': 5}
 * Selected, based on ranking: {'coords': (3, 0), 'dir': 'NW', 'score': 5}
 * The candidate has value 1.97 and coords (3, 0)
 * Checking direction:
 ---> Trend is: W
 ---> Complex Trend is: {'W': 8, 'N': 2}
 ---> Allowed dirs based on Complex Trend are: ['W', 'SW', 'S']
 ---> Direction NW IS NOT ok! Last was W [last 10: ['W', 'W', 'W', 'W', 'N', 'W', 'W', 'N', 'W', 'W']] -- Modifying matrix...
[LINE 4]		1.97		1.97		nan 		nan 		nan 		
[LINE 3]		nan 		1.97		1.96		1.92		1.85		
[LINE 2]		nan 		nan 		-inf		-inf		1.84		
[LINE 1]		nan 		nan 		nan 		nan 		nan 		
[LINE 0]		nan 		nan 		nan 		nan 		nan 		
 * Ranking:
 ---> {'coords': (3, 1), 'dir': 'NW', 'score': 5}
 ---> {'coords': (3, 1), 'dir': 'NW', 'score': 5}
 ---> {'coords': (3, 2), 'dir': 'N', 'score': 1}
 ---> {'coords': (3, 2), 'dir': 'N', 'score': 1}
 ---> {'coords': (3, 3), 'dir': 'NE', 'score': 0}
 ---> {'coords': (3, 3), 'dir': 'NE', 'score': 0}
 ---> {'coords': (4, 0), 'dir': 'NW', 'score': 5}
 ---> {'coords': (4, 0), 'dir': 'NW', 'score': 5}
 ---> {'coords': (4, 1), 'dir': 'NW', 'score': 5}
 ---> {'coords': (4, 1), 'dir': 'NW', 'score': 5}
 * Selected, based on ranking: {'coords': (3, 1), 'dir': 'NW', 'score': 5}
 * The candidate has value 1.97 and coords (3, 1)
 * Checking direction:
 ---> Trend is: W
 ---> Complex Trend is: {'W': 8, 'N': 2}
 ---> Allowed dirs based on Complex Trend are: ['W', 'SW', 'S']
 ---> Direction NW IS NOT ok! Last was W [last 10: ['W', 'W', 'W', 'W', 'N', 'W', 'W', 'N', 'W', 'W']] -- Modifying matrix...
[LINE 4]		1.97		1.97		nan 		nan 		nan 		
[LINE 3]		nan 		nan 		1.96		1.92		1.85		
[LINE 2]		nan 		nan 		-inf		-inf		1.84		
[LINE 1]		nan 		nan 		nan 		nan 		nan 		
[LINE 0]		nan 		nan 		nan 		nan 		nan 		
 * Ranking:
 ---> {'coords': (3, 2), 'dir': 'N', 'score': 1}
 ---> {'coords': (3, 2), 'dir': 'N', 'score': 1}
 ---> {'coords': (3, 3), 'dir': 'NE', 'score': 0}
 ---> {'coords': (3, 3), 'dir': 'NE', 'score': 0}
 ---> {'coords': (4, 0), 'dir': 'NW', 'score': 5}
 ---> {'coords': (4, 0), 'dir': 'NW', 'score': 5}
 ---> {'coords': (4, 1), 'dir': 'NW', 'score': 5}
 ---> {'coords': (4, 1), 'dir': 'NW', 'score': 5}
 * Selected, based on ranking: {'coords': (4, 0), 'dir': 'NW', 'score': 5}
 * The candidate has value 1.97 and coords (4, 0)
 * Checking direction:
 ---> Trend is: W
 ---> Complex Trend is: {'W': 8, 'N': 2}
 ---> Allowed dirs based on Complex Trend are: ['W', 'SW', 'S']
 ---> Direction NW IS NOT ok! Last was W [last 10: ['W', 'W', 'W', 'W', 'N', 'W', 'W', 'N', 'W', 'W']] -- Modifying matrix...
[LINE 4]		nan 		1.97		nan 		nan 		nan 		
[LINE 3]		nan 		nan 		1.96		1.92		1.85		
[LINE 2]		nan 		nan 		-inf		-inf		1.84		
[LINE 1]		nan 		nan 		nan 		nan 		nan 		
[LINE 0]		nan 		nan 		nan 		nan 		nan 		
 * Ranking:
 ---> {'coords': (3, 2), 'dir': 'N', 'score': 1}
 ---> {'coords': (3, 2), 'dir': 'N', 'score': 1}
 ---> {'coords': (3, 3), 'dir': 'NE', 'score': 0}
 ---> {'coords': (3, 3), 'dir': 'NE', 'score': 0}
 ---> {'coords': (4, 1), 'dir': 'NW', 'score': 5}
 ---> {'coords': (4, 1), 'dir': 'NW', 'score': 5}
 * Selected, based on ranking: {'coords': (4, 1), 'dir': 'NW', 'score': 5}
 * The candidate has value 1.97 and coords (4, 1)
 * Checking direction:
 ---> Trend is: W
 ---> Complex Trend is: {'W': 8, 'N': 2}
 ---> Allowed dirs based on Complex Trend are: ['W', 'SW', 'S']
 ---> Direction NW IS NOT ok! Last was W [last 10: ['W', 'W', 'W', 'W', 'N', 'W', 'W', 'N', 'W', 'W']] -- Modifying matrix...
[LINE 4]		nan 		nan 		nan 		nan 		nan 		
[LINE 3]		nan 		nan 		1.96		1.92		1.85		
[LINE 2]		nan 		nan 		-inf		-inf		1.84		
[LINE 1]		nan 		nan 		nan 		nan 		nan 		
[LINE 0]		nan 		nan 		nan 		nan 		nan 		
 * Ranking:
 ---> {'coords': (3, 2), 'dir': 'N', 'score': 1}
 ---> {'coords': (3, 2), 'dir': 'N', 'score': 1}
 ---> {'coords': (3, 3), 'dir': 'NE', 'score': 0}
 ---> {'coords': (3, 3), 'dir': 'NE', 'score': 0}
 * Selected, based on ranking: {'coords': (3, 2), 'dir': 'N', 'score': 1}
 * The candidate has value 1.96 and coords (3, 2)
 * Checking direction:
 ---> Trend is: W
 ---> Complex Trend is: {'W': 8, 'N': 2}
 ---> Allowed dirs based on Complex Trend are: ['W', 'SW', 'S']
 ---> Direction N IS NOT ok! Last was W [last 10: ['W', 'W', 'W', 'W', 'N', 'W', 'W', 'N', 'W', 'W']] -- Modifying matrix...
[LINE 4]		nan 		nan 		nan 		nan 		nan 		
[LINE 3]		nan 		nan 		nan 		1.92		1.85		
[LINE 2]		nan 		nan 		-inf		-inf		1.84		
[LINE 1]		nan 		nan 		nan 		nan 		nan 		
[LINE 0]		nan 		nan 		nan 		nan 		nan 		
 * Ranking:
 ---> {'coords': (2, 4), 'dir': 'E', 'score': 0}
 ---> {'coords': (2, 4), 'dir': 'E', 'score': 0}
 ---> {'coords': (3, 3), 'dir': 'NE', 'score': 0}
 ---> {'coords': (3, 3), 'dir': 'NE', 'score': 0}
 ---> {'coords': (3, 4), 'dir': 'NE', 'score': 0}
 ---> {'coords': (3, 4), 'dir': 'NE', 'score': 0}
 * Selected, based on ranking: {'coords': (2, 4), 'dir': 'E', 'score': 0}
 * The candidate has value 1.92 and coords (2, 4)
 * Checking direction:
 ---> Trend is: W
 ---> Complex Trend is: {'W': 8, 'N': 2}
 ---> Allowed dirs based on Complex Trend are: ['W', 'SW', 'S']
 ---> Direction E IS NOT ok! Last was W [last 10: ['W', 'W', 'W', 'W', 'N', 'W', 'W', 'N', 'W', 'W']] -- Modifying matrix...
[LINE 4]		nan 		nan 		nan 		nan 		nan 		
[LINE 3]		nan 		nan 		nan 		1.92		1.85		
[LINE 2]		nan 		nan 		-inf		-inf		nan 		
[LINE 1]		nan 		nan 		nan 		nan 		nan 		
[LINE 0]		nan 		nan 		nan 		nan 		nan 		
 * Ranking:
 ---> {'coords': (3, 3), 'dir': 'NE', 'score': 0}
 ---> {'coords': (3, 3), 'dir': 'NE', 'score': 0}
 ---> {'coords': (3, 4), 'dir': 'NE', 'score': 0}
 ---> {'coords': (3, 4), 'dir': 'NE', 'score': 0}
 * Selected, based on ranking: {'coords': (3, 3), 'dir': 'NE', 'score': 0}
 * The candidate has value 1.92 and coords (3, 3)
 * Checking direction:
 ---> Trend is: W
 ---> Complex Trend is: {'W': 8, 'N': 2}
 ---> Allowed dirs based on Complex Trend are: ['W', 'SW', 'S']
 ---> Direction NE IS NOT ok! Last was W [last 10: ['W', 'W', 'W', 'W', 'N', 'W', 'W', 'N', 'W', 'W']] -- Modifying matrix...
[LINE 4]		nan 		nan 		nan 		nan 		nan 		
[LINE 3]		nan 		nan 		nan 		nan 		1.85		
[LINE 2]		nan 		nan 		-inf		-inf		nan 		
[LINE 1]		nan 		nan 		nan 		nan 		nan 		
[LINE 0]		nan 		nan 		nan 		nan 		nan 		
 * Ranking:
 ---> {'coords': (3, 4), 'dir': 'NE', 'score': 0}
 ---> {'coords': (3, 4), 'dir': 'NE', 'score': 0}
 * Selected, based on ranking: {'coords': (3, 4), 'dir': 'NE', 'score': 0}
 * The candidate has value 1.85 and coords (3, 4)
 * Checking direction:
 ---> Trend is: W
 ---> Complex Trend is: {'W': 8, 'N': 2}
 ---> Allowed dirs based on Complex Trend are: ['W', 'SW', 'S']
 ---> Direction NE IS NOT ok! Last was W [last 10: ['W', 'W', 'W', 'W', 'N', 'W', 'W', 'N', 'W', 'W']] -- Modifying matrix...
[LINE 4]		nan 		nan 		nan 		nan 		nan 		
[LINE 3]		nan 		nan 		nan 		nan 		nan 		
[LINE 2]		nan 		nan 		-inf		-inf		nan 		
[LINE 1]		nan 		nan 		nan 		nan 		nan 		
[LINE 0]		nan 		nan 		nan 		nan 		nan 		
SIAMO NEL VALUEERROR
PROVO CON TT 3
 * Ranking:
 ---> {'coords': (3, 0), 'dir': 'NW', 'score': 5}
 ---> {'coords': (3, 0), 'dir': 'NW', 'score': 5}
 ---> {'coords': (3, 1), 'dir': 'NW', 'score': 5}
 ---> {'coords': (3, 1), 'dir': 'NW', 'score': 5}
 ---> {'coords': (3, 2), 'dir': 'N', 'score': 11}
 ---> {'coords': (3, 2), 'dir': 'N', 'score': 11}
 ---> {'coords': (3, 3), 'dir': 'NE', 'score': 0}
 ---> {'coords': (3, 3), 'dir': 'NE', 'score': 0}
 ---> {'coords': (4, 0), 'dir': 'NW', 'score': 5}
 ---> {'coords': (4, 0), 'dir': 'NW', 'score': 5}
 ---> {'coords': (4, 1), 'dir': 'NW', 'score': 5}
 ---> {'coords': (4, 1), 'dir': 'NW', 'score': 5}
 * Selected, based on ranking: {'coords': (3, 2), 'dir': 'N', 'score': 11}
 * The candidate has value 1.97 and coords (3, 2)
 * Checking direction:
 ---> Trend is: W
 ---> Complex Trend is: {'W': 8, 'N': 2}
 ---> Allowed dirs based on Complex Trend are: ['W', 'SW', 'S', 'N', 'S']
 ---> Direction N ok (last was W)! -- [Last 10: ['W', 'W', 'W', 'W', 'N', 'W', 'W', 'N', 'W', 'W']]
 * Selected element is (3, 2) with value 1.97
Next element is N with direction 1.96
New matrix will be centered on 33,85 with depth 1.96
TREND IS ('W', {'W': 7, 'N': 3}) --- (['W', 'W', 'W', 'N', 'W', 'W', 'N', 'W', 'W', 'N'])
============================================================
Iteration 32 with LAT_IDX: 33 and LON_IDX: 85 with DEPTH 1.956283
 * Adding to the thalweg 33, 85 (depth 1.96)... Let's look at his neighborhood...
 * The extracted matrix is:
[LINE 4]		nan 		nan 		nan 		nan 		nan 		
[LINE 3]		1.97		1.97		nan 		nan 		nan 		
[LINE 2]		1.97		1.97		-inf		1.92		1.85		
[LINE 1]		nan 		nan 		-inf		-inf		1.84		
[LINE 0]		nan 		nan 		nan 		nan 		nan 		
 * Ranking:
 ---> {'coords': (2, 0), 'dir': 'W', 'score': 11}
 ---> {'coords': (2, 0), 'dir': 'W', 'score': 11}
 ---> {'coords': (2, 1), 'dir': 'W', 'score': 11}
 ---> {'coords': (2, 1), 'dir': 'W', 'score': 11}
 ---> {'coords': (2, 3), 'dir': 'E', 'score': 1}
 ---> {'coords': (2, 3), 'dir': 'E', 'score': 1}
 ---> {'coords': (3, 0), 'dir': 'NW', 'score': 5}
 ---> {'coords': (3, 0), 'dir': 'NW', 'score': 5}
 ---> {'coords': (3, 1), 'dir': 'NW', 'score': 5}
 ---> {'coords': (3, 1), 'dir': 'NW', 'score': 5}
 * Selected, based on ranking: {'coords': (2, 0), 'dir': 'W', 'score': 11}
 * The candidate has value 1.97 and coords (2, 0)
 * Checking direction:
 ---> Trend is: W
 ---> Complex Trend is: {'W': 7, 'N': 3}
 ---> Allowed dirs based on Complex Trend are: ['W', 'SW', 'S']
 ---> Direction W ok (last was N)! -- [Last 10: ['W', 'W', 'W', 'N', 'W', 'W', 'N', 'W', 'W', 'N']]
 * Selected element is (2, 0) with value 1.97
Next element is W with direction 1.97
New matrix will be centered on 33,83 with depth 1.97
TREND IS ('W', {'W': 7, 'N': 3}) --- (['W', 'W', 'N', 'W', 'W', 'N', 'W', 'W', 'N', 'W'])
============================================================
Iteration 33 with LAT_IDX: 33 and LON_IDX: 83 with DEPTH 1.9705249
 * Adding to the thalweg 33, 83 (depth 1.97)... Let's look at his neighborhood...
 * The extracted matrix is:
[LINE 4]		1.97		nan 		nan 		nan 		nan 		
[LINE 3]		1.97		1.96		1.97		1.97		nan 		
[LINE 2]		nan 		nan 		-inf		1.97		-inf		
[LINE 1]		nan 		nan 		nan 		nan 		-inf		
[LINE 0]		nan 		nan 		nan 		nan 		nan 		
 * Ranking:
 ---> {'coords': (2, 3), 'dir': 'E', 'score': 0}
 ---> {'coords': (2, 3), 'dir': 'E', 'score': 0}
 ---> {'coords': (3, 0), 'dir': 'NW', 'score': 5}
 ---> {'coords': (3, 0), 'dir': 'NW', 'score': 5}
 ---> {'coords': (3, 1), 'dir': 'NW', 'score': 5}
 ---> {'coords': (3, 1), 'dir': 'NW', 'score': 5}
 ---> {'coords': (3, 2), 'dir': 'N', 'score': 1}
 ---> {'coords': (3, 2), 'dir': 'N', 'score': 1}
 ---> {'coords': (3, 3), 'dir': 'NE', 'score': 0}
 ---> {'coords': (3, 3), 'dir': 'NE', 'score': 0}
 ---> {'coords': (4, 0), 'dir': 'NW', 'score': 5}
 ---> {'coords': (4, 0), 'dir': 'NW', 'score': 5}
 * Selected, based on ranking: {'coords': (3, 0), 'dir': 'NW', 'score': 5}
 * The candidate has value 1.97 and coords (3, 0)
 * Checking direction:
 ---> Trend is: W
 ---> Complex Trend is: {'W': 7, 'N': 3}
 ---> Allowed dirs based on Complex Trend are: ['W', 'SW', 'S']
 ---> Direction NW IS NOT ok! Last was W [last 10: ['W', 'W', 'N', 'W', 'W', 'N', 'W', 'W', 'N', 'W']] -- Modifying matrix...
[LINE 4]		1.97		nan 		nan 		nan 		nan 		
[LINE 3]		nan 		1.96		1.97		1.97		nan 		
[LINE 2]		nan 		nan 		-inf		1.97		-inf		
[LINE 1]		nan 		nan 		nan 		nan 		-inf		
[LINE 0]		nan 		nan 		nan 		nan 		nan 		
 * Ranking:
 ---> {'coords': (2, 3), 'dir': 'E', 'score': 0}
 ---> {'coords': (2, 3), 'dir': 'E', 'score': 0}
 ---> {'coords': (3, 1), 'dir': 'NW', 'score': 5}
 ---> {'coords': (3, 1), 'dir': 'NW', 'score': 5}
 ---> {'coords': (3, 2), 'dir': 'N', 'score': 1}
 ---> {'coords': (3, 2), 'dir': 'N', 'score': 1}
 ---> {'coords': (3, 3), 'dir': 'NE', 'score': 0}
 ---> {'coords': (3, 3), 'dir': 'NE', 'score': 0}
 ---> {'coords': (4, 0), 'dir': 'NW', 'score': 5}
 ---> {'coords': (4, 0), 'dir': 'NW', 'score': 5}
 * Selected, based on ranking: {'coords': (3, 1), 'dir': 'NW', 'score': 5}
 * The candidate has value 1.97 and coords (3, 1)
 * Checking direction:
 ---> Trend is: W
 ---> Complex Trend is: {'W': 7, 'N': 3}
 ---> Allowed dirs based on Complex Trend are: ['W', 'SW', 'S']
 ---> Direction NW IS NOT ok! Last was W [last 10: ['W', 'W', 'N', 'W', 'W', 'N', 'W', 'W', 'N', 'W']] -- Modifying matrix...
[LINE 4]		1.97		nan 		nan 		nan 		nan 		
[LINE 3]		nan 		nan 		1.97		1.97		nan 		
[LINE 2]		nan 		nan 		-inf		1.97		-inf		
[LINE 1]		nan 		nan 		nan 		nan 		-inf		
[LINE 0]		nan 		nan 		nan 		nan 		nan 		
 * Ranking:
 ---> {'coords': (2, 3), 'dir': 'E', 'score': 0}
 ---> {'coords': (2, 3), 'dir': 'E', 'score': 0}
 ---> {'coords': (3, 2), 'dir': 'N', 'score': 1}
 ---> {'coords': (3, 2), 'dir': 'N', 'score': 1}
 ---> {'coords': (3, 3), 'dir': 'NE', 'score': 0}
 ---> {'coords': (3, 3), 'dir': 'NE', 'score': 0}
 ---> {'coords': (4, 0), 'dir': 'NW', 'score': 5}
 ---> {'coords': (4, 0), 'dir': 'NW', 'score': 5}
 * Selected, based on ranking: {'coords': (4, 0), 'dir': 'NW', 'score': 5}
 * The candidate has value 1.97 and coords (4, 0)
 * Checking direction:
 ---> Trend is: W
 ---> Complex Trend is: {'W': 7, 'N': 3}
 ---> Allowed dirs based on Complex Trend are: ['W', 'SW', 'S']
 ---> Direction NW IS NOT ok! Last was W [last 10: ['W', 'W', 'N', 'W', 'W', 'N', 'W', 'W', 'N', 'W']] -- Modifying matrix...
[LINE 4]		nan 		nan 		nan 		nan 		nan 		
[LINE 3]		nan 		nan 		1.97		1.97		nan 		
[LINE 2]		nan 		nan 		-inf		1.97		-inf		
[LINE 1]		nan 		nan 		nan 		nan 		-inf		
[LINE 0]		nan 		nan 		nan 		nan 		nan 		
 * Ranking:
 ---> {'coords': (2, 3), 'dir': 'E', 'score': 0}
 ---> {'coords': (2, 3), 'dir': 'E', 'score': 0}
 ---> {'coords': (3, 2), 'dir': 'N', 'score': 1}
 ---> {'coords': (3, 2), 'dir': 'N', 'score': 1}
 ---> {'coords': (3, 3), 'dir': 'NE', 'score': 0}
 ---> {'coords': (3, 3), 'dir': 'NE', 'score': 0}
 * Selected, based on ranking: {'coords': (3, 2), 'dir': 'N', 'score': 1}
 * The candidate has value 1.97 and coords (3, 2)
 * Checking direction:
 ---> Trend is: W
 ---> Complex Trend is: {'W': 7, 'N': 3}
 ---> Allowed dirs based on Complex Trend are: ['W', 'SW', 'S']
 ---> Direction N IS NOT ok! Last was W [last 10: ['W', 'W', 'N', 'W', 'W', 'N', 'W', 'W', 'N', 'W']] -- Modifying matrix...
[LINE 4]		nan 		nan 		nan 		nan 		nan 		
[LINE 3]		nan 		nan 		nan 		1.97		nan 		
[LINE 2]		nan 		nan 		-inf		1.97		-inf		
[LINE 1]		nan 		nan 		nan 		nan 		-inf		
[LINE 0]		nan 		nan 		nan 		nan 		nan 		
 * Ranking:
 ---> {'coords': (2, 3), 'dir': 'E', 'score': 0}
 ---> {'coords': (2, 3), 'dir': 'E', 'score': 0}
 ---> {'coords': (3, 3), 'dir': 'NE', 'score': 0}
 ---> {'coords': (3, 3), 'dir': 'NE', 'score': 0}
 * Selected, based on ranking: {'coords': (2, 3), 'dir': 'E', 'score': 0}
 * The candidate has value 1.97 and coords (2, 3)
 * Checking direction:
 ---> Trend is: W
 ---> Complex Trend is: {'W': 7, 'N': 3}
 ---> Allowed dirs based on Complex Trend are: ['W', 'SW', 'S']
 ---> Direction E IS NOT ok! Last was W [last 10: ['W', 'W', 'N', 'W', 'W', 'N', 'W', 'W', 'N', 'W']] -- Modifying matrix...
[LINE 4]		nan 		nan 		nan 		nan 		nan 		
[LINE 3]		nan 		nan 		nan 		1.97		nan 		
[LINE 2]		nan 		nan 		-inf		nan 		-inf		
[LINE 1]		nan 		nan 		nan 		nan 		-inf		
[LINE 0]		nan 		nan 		nan 		nan 		nan 		
 * Ranking:
 ---> {'coords': (3, 3), 'dir': 'NE', 'score': 0}
 ---> {'coords': (3, 3), 'dir': 'NE', 'score': 0}
 * Selected, based on ranking: {'coords': (3, 3), 'dir': 'NE', 'score': 0}
 * The candidate has value 1.97 and coords (3, 3)
 * Checking direction:
 ---> Trend is: W
 ---> Complex Trend is: {'W': 7, 'N': 3}
 ---> Allowed dirs based on Complex Trend are: ['W', 'SW', 'S']
 ---> Direction NE IS NOT ok! Last was W [last 10: ['W', 'W', 'N', 'W', 'W', 'N', 'W', 'W', 'N', 'W']] -- Modifying matrix...
[LINE 4]		nan 		nan 		nan 		nan 		nan 		
[LINE 3]		nan 		nan 		nan 		nan 		nan 		
[LINE 2]		nan 		nan 		-inf		nan 		-inf		
[LINE 1]		nan 		nan 		nan 		nan 		-inf		
[LINE 0]		nan 		nan 		nan 		nan 		nan 		
SIAMO NEL VALUEERROR
PROVO CON TT 3
 * Ranking:
 ---> {'coords': (2, 3), 'dir': 'E', 'score': 0}
 ---> {'coords': (2, 3), 'dir': 'E', 'score': 0}
 ---> {'coords': (3, 0), 'dir': 'NW', 'score': 5}
 ---> {'coords': (3, 0), 'dir': 'NW', 'score': 5}
 ---> {'coords': (3, 1), 'dir': 'NW', 'score': 5}
 ---> {'coords': (3, 1), 'dir': 'NW', 'score': 5}
 ---> {'coords': (3, 2), 'dir': 'N', 'score': 11}
 ---> {'coords': (3, 2), 'dir': 'N', 'score': 11}
 ---> {'coords': (3, 3), 'dir': 'NE', 'score': 0}
 ---> {'coords': (3, 3), 'dir': 'NE', 'score': 0}
 ---> {'coords': (4, 0), 'dir': 'NW', 'score': 5}
 ---> {'coords': (4, 0), 'dir': 'NW', 'score': 5}
 * Selected, based on ranking: {'coords': (3, 2), 'dir': 'N', 'score': 11}
 * The candidate has value 1.97 and coords (3, 2)
 * Checking direction:
 ---> Trend is: W
 ---> Complex Trend is: {'W': 7, 'N': 3}
 ---> Allowed dirs based on Complex Trend are: ['W', 'SW', 'S', 'N', 'S']
 ---> Direction N ok (last was W)! -- [Last 10: ['W', 'W', 'N', 'W', 'W', 'N', 'W', 'W', 'N', 'W']]
 * Selected element is (3, 2) with value 1.97
Next element is N with direction 1.97
New matrix will be centered on 34,83 with depth 1.97
TREND IS ('W', {'W': 6, 'N': 4}) --- (['W', 'N', 'W', 'W', 'N', 'W', 'W', 'N', 'W', 'N'])
============================================================
Iteration 34 with LAT_IDX: 34 and LON_IDX: 83 with DEPTH 1.9686215
 * Adding to the thalweg 34, 83 (depth 1.97)... Let's look at his neighborhood...
 * The extracted matrix is:
[LINE 4]		nan 		nan 		nan 		nan 		nan 		
[LINE 3]		1.97		nan 		nan 		nan 		nan 		
[LINE 2]		1.97		1.96		-inf		1.97		nan 		
[LINE 1]		nan 		nan 		-inf		1.97		-inf		
[LINE 0]		nan 		nan 		nan 		nan 		-inf		
 * Ranking:
 ---> {'coords': (1, 3), 'dir': 'SE', 'score': 0}
 ---> {'coords': (1, 3), 'dir': 'SE', 'score': 0}
 ---> {'coords': (2, 0), 'dir': 'W', 'score': 11}
 ---> {'coords': (2, 0), 'dir': 'W', 'score': 11}
 ---> {'coords': (2, 1), 'dir': 'W', 'score': 11}
 ---> {'coords': (2, 1), 'dir': 'W', 'score': 11}
 ---> {'coords': (2, 3), 'dir': 'E', 'score': 1}
 ---> {'coords': (2, 3), 'dir': 'E', 'score': 1}
 ---> {'coords': (3, 0), 'dir': 'NW', 'score': 5}
 ---> {'coords': (3, 0), 'dir': 'NW', 'score': 5}
 * Selected, based on ranking: {'coords': (2, 0), 'dir': 'W', 'score': 11}
 * The candidate has value 1.97 and coords (2, 0)
 * Checking direction:
 ---> Trend is: W
 ---> Complex Trend is: {'W': 6, 'N': 4}
 ---> Allowed dirs based on Complex Trend are: ['W', 'SW', 'S']
 ---> Direction W ok (last was N)! -- [Last 10: ['W', 'N', 'W', 'W', 'N', 'W', 'W', 'N', 'W', 'N']]
 * Selected element is (2, 0) with value 1.97
Next element is W with direction 1.97
New matrix will be centered on 34,81 with depth 1.97
TREND IS ('W', {'W': 6, 'N': 4}) --- (['N', 'W', 'W', 'N', 'W', 'W', 'N', 'W', 'N', 'W'])
============================================================
Iteration 35 with LAT_IDX: 34 and LON_IDX: 81 with DEPTH 1.9653658
 * Adding to the thalweg 34, 81 (depth 1.97)... Let's look at his neighborhood...
 * The extracted matrix is:
[LINE 4]		2.01		nan 		nan 		nan 		nan 		
[LINE 3]		2.0 		1.99		1.97		nan 		nan 		
[LINE 2]		nan 		1.98		-inf		1.96		-inf		
[LINE 1]		nan 		nan 		nan 		nan 		-inf		
[LINE 0]		nan 		nan 		nan 		nan 		nan 		
 * Ranking:
 ---> {'coords': (2, 1), 'dir': 'W', 'score': 19}
 ---> {'coords': (2, 1), 'dir': 'W', 'score': 19}
 ---> {'coords': (2, 3), 'dir': 'E', 'score': 0}
 ---> {'coords': (2, 3), 'dir': 'E', 'score': 0}
 ---> {'coords': (3, 0), 'dir': 'NW', 'score': 5}
 ---> {'coords': (3, 0), 'dir': 'NW', 'score': 5}
 ---> {'coords': (3, 1), 'dir': 'NW', 'score': 5}
 ---> {'coords': (3, 1), 'dir': 'NW', 'score': 5}
 ---> {'coords': (3, 2), 'dir': 'N', 'score': 1}
 ---> {'coords': (3, 2), 'dir': 'N', 'score': 1}
 ---> {'coords': (4, 0), 'dir': 'NW', 'score': 5}
 ---> {'coords': (4, 0), 'dir': 'NW', 'score': 5}
 * Selected, based on ranking: {'coords': (2, 1), 'dir': 'W', 'score': 19}
 * The candidate has value 2.01 and coords (2, 1)
 * Checking direction:
 ---> Trend is: W
 ---> Complex Trend is: {'W': 6, 'N': 4}
 ---> Allowed dirs based on Complex Trend are: ['W', 'SW', 'S']
 ---> Direction W ok (last was W)! -- [Last 10: ['N', 'W', 'W', 'N', 'W', 'W', 'N', 'W', 'N', 'W']]
 * Selected element is (2, 1) with value 2.01
Next element is W with direction 1.98
New matrix will be centered on 34,80 with depth 1.98
TREND IS ('W', {'W': 7, 'N': 3}) --- (['W', 'W', 'N', 'W', 'W', 'N', 'W', 'N', 'W', 'W'])
============================================================
Iteration 36 with LAT_IDX: 34 and LON_IDX: 80 with DEPTH 1.9795715
 * Adding to the thalweg 34, 80 (depth 1.98)... Let's look at his neighborhood...
 * The extracted matrix is:
[LINE 4]		2.03		2.01		nan 		nan 		nan 		
[LINE 3]		2.02		2.0 		1.99		1.97		nan 		
[LINE 2]		nan 		nan 		-inf		-inf		1.96		
[LINE 1]		nan 		nan 		nan 		nan 		nan 		
[LINE 0]		nan 		nan 		nan 		nan 		nan 		
 * Ranking:
 ---> {'coords': (2, 4), 'dir': 'E', 'score': 0}
 ---> {'coords': (2, 4), 'dir': 'E', 'score': 0}
 ---> {'coords': (3, 0), 'dir': 'NW', 'score': 5}
 ---> {'coords': (3, 0), 'dir': 'NW', 'score': 5}
 ---> {'coords': (3, 1), 'dir': 'NW', 'score': 5}
 ---> {'coords': (3, 1), 'dir': 'NW', 'score': 5}
 ---> {'coords': (3, 2), 'dir': 'N', 'score': 1}
 ---> {'coords': (3, 2), 'dir': 'N', 'score': 1}
 ---> {'coords': (3, 3), 'dir': 'NE', 'score': 0}
 ---> {'coords': (3, 3), 'dir': 'NE', 'score': 0}
 ---> {'coords': (4, 0), 'dir': 'NW', 'score': 5}
 ---> {'coords': (4, 0), 'dir': 'NW', 'score': 5}
 ---> {'coords': (4, 1), 'dir': 'NW', 'score': 5}
 ---> {'coords': (4, 1), 'dir': 'NW', 'score': 5}
 * Selected, based on ranking: {'coords': (3, 0), 'dir': 'NW', 'score': 5}
 * The candidate has value 2.03 and coords (3, 0)
 * Checking direction:
 ---> Trend is: W
 ---> Complex Trend is: {'W': 7, 'N': 3}
 ---> Allowed dirs based on Complex Trend are: ['W', 'SW', 'S']
 ---> Direction NW IS NOT ok! Last was W [last 10: ['W', 'W', 'N', 'W', 'W', 'N', 'W', 'N', 'W', 'W']] -- Modifying matrix...
[LINE 4]		2.03		2.01		nan 		nan 		nan 		
[LINE 3]		nan 		2.0 		1.99		1.97		nan 		
[LINE 2]		nan 		nan 		-inf		-inf		1.96		
[LINE 1]		nan 		nan 		nan 		nan 		nan 		
[LINE 0]		nan 		nan 		nan 		nan 		nan 		
 * Ranking:
 ---> {'coords': (2, 4), 'dir': 'E', 'score': 0}
 ---> {'coords': (2, 4), 'dir': 'E', 'score': 0}
 ---> {'coords': (3, 1), 'dir': 'NW', 'score': 5}
 ---> {'coords': (3, 1), 'dir': 'NW', 'score': 5}
 ---> {'coords': (3, 2), 'dir': 'N', 'score': 1}
 ---> {'coords': (3, 2), 'dir': 'N', 'score': 1}
 ---> {'coords': (3, 3), 'dir': 'NE', 'score': 0}
 ---> {'coords': (3, 3), 'dir': 'NE', 'score': 0}
 ---> {'coords': (4, 0), 'dir': 'NW', 'score': 5}
 ---> {'coords': (4, 0), 'dir': 'NW', 'score': 5}
 ---> {'coords': (4, 1), 'dir': 'NW', 'score': 5}
 ---> {'coords': (4, 1), 'dir': 'NW', 'score': 5}
 * Selected, based on ranking: {'coords': (3, 1), 'dir': 'NW', 'score': 5}
 * The candidate has value 2.03 and coords (3, 1)
 * Checking direction:
 ---> Trend is: W
 ---> Complex Trend is: {'W': 7, 'N': 3}
 ---> Allowed dirs based on Complex Trend are: ['W', 'SW', 'S']
 ---> Direction NW IS NOT ok! Last was W [last 10: ['W', 'W', 'N', 'W', 'W', 'N', 'W', 'N', 'W', 'W']] -- Modifying matrix...
[LINE 4]		2.03		2.01		nan 		nan 		nan 		
[LINE 3]		nan 		nan 		1.99		1.97		nan 		
[LINE 2]		nan 		nan 		-inf		-inf		1.96		
[LINE 1]		nan 		nan 		nan 		nan 		nan 		
[LINE 0]		nan 		nan 		nan 		nan 		nan 		
 * Ranking:
 ---> {'coords': (2, 4), 'dir': 'E', 'score': 0}
 ---> {'coords': (2, 4), 'dir': 'E', 'score': 0}
 ---> {'coords': (3, 2), 'dir': 'N', 'score': 1}
 ---> {'coords': (3, 2), 'dir': 'N', 'score': 1}
 ---> {'coords': (3, 3), 'dir': 'NE', 'score': 0}
 ---> {'coords': (3, 3), 'dir': 'NE', 'score': 0}
 ---> {'coords': (4, 0), 'dir': 'NW', 'score': 5}
 ---> {'coords': (4, 0), 'dir': 'NW', 'score': 5}
 ---> {'coords': (4, 1), 'dir': 'NW', 'score': 5}
 ---> {'coords': (4, 1), 'dir': 'NW', 'score': 5}
 * Selected, based on ranking: {'coords': (4, 0), 'dir': 'NW', 'score': 5}
 * The candidate has value 2.03 and coords (4, 0)
 * Checking direction:
 ---> Trend is: W
 ---> Complex Trend is: {'W': 7, 'N': 3}
 ---> Allowed dirs based on Complex Trend are: ['W', 'SW', 'S']
 ---> Direction NW IS NOT ok! Last was W [last 10: ['W', 'W', 'N', 'W', 'W', 'N', 'W', 'N', 'W', 'W']] -- Modifying matrix...
[LINE 4]		nan 		2.01		nan 		nan 		nan 		
[LINE 3]		nan 		nan 		1.99		1.97		nan 		
[LINE 2]		nan 		nan 		-inf		-inf		1.96		
[LINE 1]		nan 		nan 		nan 		nan 		nan 		
[LINE 0]		nan 		nan 		nan 		nan 		nan 		
 * Ranking:
 ---> {'coords': (2, 4), 'dir': 'E', 'score': 0}
 ---> {'coords': (2, 4), 'dir': 'E', 'score': 0}
 ---> {'coords': (3, 2), 'dir': 'N', 'score': 1}
 ---> {'coords': (3, 2), 'dir': 'N', 'score': 1}
 ---> {'coords': (3, 3), 'dir': 'NE', 'score': 0}
 ---> {'coords': (3, 3), 'dir': 'NE', 'score': 0}
 ---> {'coords': (4, 1), 'dir': 'NW', 'score': 5}
 ---> {'coords': (4, 1), 'dir': 'NW', 'score': 5}
 * Selected, based on ranking: {'coords': (4, 1), 'dir': 'NW', 'score': 5}
 * The candidate has value 2.01 and coords (4, 1)
 * Checking direction:
 ---> Trend is: W
 ---> Complex Trend is: {'W': 7, 'N': 3}
 ---> Allowed dirs based on Complex Trend are: ['W', 'SW', 'S']
 ---> Direction NW IS NOT ok! Last was W [last 10: ['W', 'W', 'N', 'W', 'W', 'N', 'W', 'N', 'W', 'W']] -- Modifying matrix...
[LINE 4]		nan 		nan 		nan 		nan 		nan 		
[LINE 3]		nan 		nan 		1.99		1.97		nan 		
[LINE 2]		nan 		nan 		-inf		-inf		1.96		
[LINE 1]		nan 		nan 		nan 		nan 		nan 		
[LINE 0]		nan 		nan 		nan 		nan 		nan 		
 * Ranking:
 ---> {'coords': (2, 4), 'dir': 'E', 'score': 0}
 ---> {'coords': (2, 4), 'dir': 'E', 'score': 0}
 ---> {'coords': (3, 2), 'dir': 'N', 'score': 1}
 ---> {'coords': (3, 2), 'dir': 'N', 'score': 1}
 ---> {'coords': (3, 3), 'dir': 'NE', 'score': 0}
 ---> {'coords': (3, 3), 'dir': 'NE', 'score': 0}
 * Selected, based on ranking: {'coords': (3, 2), 'dir': 'N', 'score': 1}
 * The candidate has value 1.99 and coords (3, 2)
 * Checking direction:
 ---> Trend is: W
 ---> Complex Trend is: {'W': 7, 'N': 3}
 ---> Allowed dirs based on Complex Trend are: ['W', 'SW', 'S']
 ---> Direction N IS NOT ok! Last was W [last 10: ['W', 'W', 'N', 'W', 'W', 'N', 'W', 'N', 'W', 'W']] -- Modifying matrix...
[LINE 4]		nan 		nan 		nan 		nan 		nan 		
[LINE 3]		nan 		nan 		nan 		1.97		nan 		
[LINE 2]		nan 		nan 		-inf		-inf		1.96		
[LINE 1]		nan 		nan 		nan 		nan 		nan 		
[LINE 0]		nan 		nan 		nan 		nan 		nan 		
 * Ranking:
 ---> {'coords': (2, 4), 'dir': 'E', 'score': 0}
 ---> {'coords': (2, 4), 'dir': 'E', 'score': 0}
 ---> {'coords': (3, 3), 'dir': 'NE', 'score': 0}
 ---> {'coords': (3, 3), 'dir': 'NE', 'score': 0}
 * Selected, based on ranking: {'coords': (2, 4), 'dir': 'E', 'score': 0}
 * The candidate has value 1.97 and coords (2, 4)
 * Checking direction:
 ---> Trend is: W
 ---> Complex Trend is: {'W': 7, 'N': 3}
 ---> Allowed dirs based on Complex Trend are: ['W', 'SW', 'S']
 ---> Direction E IS NOT ok! Last was W [last 10: ['W', 'W', 'N', 'W', 'W', 'N', 'W', 'N', 'W', 'W']] -- Modifying matrix...
[LINE 4]		nan 		nan 		nan 		nan 		nan 		
[LINE 3]		nan 		nan 		nan 		1.97		nan 		
[LINE 2]		nan 		nan 		-inf		-inf		nan 		
[LINE 1]		nan 		nan 		nan 		nan 		nan 		
[LINE 0]		nan 		nan 		nan 		nan 		nan 		
 * Ranking:
 ---> {'coords': (3, 3), 'dir': 'NE', 'score': 0}
 ---> {'coords': (3, 3), 'dir': 'NE', 'score': 0}
 * Selected, based on ranking: {'coords': (3, 3), 'dir': 'NE', 'score': 0}
 * The candidate has value 1.97 and coords (3, 3)
 * Checking direction:
 ---> Trend is: W
 ---> Complex Trend is: {'W': 7, 'N': 3}
 ---> Allowed dirs based on Complex Trend are: ['W', 'SW', 'S']
 ---> Direction NE IS NOT ok! Last was W [last 10: ['W', 'W', 'N', 'W', 'W', 'N', 'W', 'N', 'W', 'W']] -- Modifying matrix...
[LINE 4]		nan 		nan 		nan 		nan 		nan 		
[LINE 3]		nan 		nan 		nan 		nan 		nan 		
[LINE 2]		nan 		nan 		-inf		-inf		nan 		
[LINE 1]		nan 		nan 		nan 		nan 		nan 		
[LINE 0]		nan 		nan 		nan 		nan 		nan 		
SIAMO NEL VALUEERROR
PROVO CON TT 3
 * Ranking:
 ---> {'coords': (2, 4), 'dir': 'E', 'score': 0}
 ---> {'coords': (2, 4), 'dir': 'E', 'score': 0}
 ---> {'coords': (3, 0), 'dir': 'NW', 'score': 5}
 ---> {'coords': (3, 0), 'dir': 'NW', 'score': 5}
 ---> {'coords': (3, 1), 'dir': 'NW', 'score': 5}
 ---> {'coords': (3, 1), 'dir': 'NW', 'score': 5}
 ---> {'coords': (3, 2), 'dir': 'N', 'score': 11}
 ---> {'coords': (3, 2), 'dir': 'N', 'score': 11}
 ---> {'coords': (3, 3), 'dir': 'NE', 'score': 0}
 ---> {'coords': (3, 3), 'dir': 'NE', 'score': 0}
 ---> {'coords': (4, 0), 'dir': 'NW', 'score': 5}
 ---> {'coords': (4, 0), 'dir': 'NW', 'score': 5}
 ---> {'coords': (4, 1), 'dir': 'NW', 'score': 5}
 ---> {'coords': (4, 1), 'dir': 'NW', 'score': 5}
 * Selected, based on ranking: {'coords': (3, 2), 'dir': 'N', 'score': 11}
 * The candidate has value 2.03 and coords (3, 2)
 * Checking direction:
 ---> Trend is: W
 ---> Complex Trend is: {'W': 7, 'N': 3}
 ---> Allowed dirs based on Complex Trend are: ['W', 'SW', 'S', 'N', 'S']
 ---> Direction N ok (last was W)! -- [Last 10: ['W', 'W', 'N', 'W', 'W', 'N', 'W', 'N', 'W', 'W']]
 * Selected element is (3, 2) with value 2.03
Next element is N with direction 1.99
New matrix will be centered on 35,80 with depth 1.99
TREND IS ('W', {'W': 6, 'N': 4}) --- (['W', 'N', 'W', 'W', 'N', 'W', 'N', 'W', 'W', 'N'])
============================================================
Iteration 37 with LAT_IDX: 35 and LON_IDX: 80 with DEPTH 1.9875991
 * Adding to the thalweg 35, 80 (depth 1.99)... Let's look at his neighborhood...
 * The extracted matrix is:
[LINE 4]		nan 		nan 		nan 		nan 		nan 		
[LINE 3]		2.03		2.01		nan 		nan 		nan 		
[LINE 2]		2.02		2.0 		-inf		1.97		nan 		
[LINE 1]		nan 		nan 		-inf		-inf		1.96		
[LINE 0]		nan 		nan 		nan 		nan 		nan 		
 * Ranking:
 ---> {'coords': (1, 4), 'dir': 'SE', 'score': 0}
 ---> {'coords': (1, 4), 'dir': 'SE', 'score': 0}
 ---> {'coords': (2, 0), 'dir': 'W', 'score': 11}
 ---> {'coords': (2, 0), 'dir': 'W', 'score': 11}
 ---> {'coords': (2, 1), 'dir': 'W', 'score': 11}
 ---> {'coords': (2, 1), 'dir': 'W', 'score': 11}
 ---> {'coords': (2, 3), 'dir': 'E', 'score': 1}
 ---> {'coords': (2, 3), 'dir': 'E', 'score': 1}
 ---> {'coords': (3, 0), 'dir': 'NW', 'score': 5}
 ---> {'coords': (3, 0), 'dir': 'NW', 'score': 5}
 ---> {'coords': (3, 1), 'dir': 'NW', 'score': 5}
 ---> {'coords': (3, 1), 'dir': 'NW', 'score': 5}
 * Selected, based on ranking: {'coords': (2, 0), 'dir': 'W', 'score': 11}
 * The candidate has value 2.03 and coords (2, 0)
 * Checking direction:
 ---> Trend is: W
 ---> Complex Trend is: {'W': 6, 'N': 4}
 ---> Allowed dirs based on Complex Trend are: ['W', 'SW', 'S']
 ---> Direction W ok (last was N)! -- [Last 10: ['W', 'N', 'W', 'W', 'N', 'W', 'N', 'W', 'W', 'N']]
 * Selected element is (2, 0) with value 2.03
Next element is W with direction 2.02
New matrix will be centered on 35,78 with depth 2.02
TREND IS ('W', {'W': 6, 'N': 4}) --- (['N', 'W', 'W', 'N', 'W', 'N', 'W', 'W', 'N', 'W'])
============================================================
Iteration 38 with LAT_IDX: 35 and LON_IDX: 78 with DEPTH 2.017748
 * Adding to the thalweg 35, 78 (depth 2.02)... Let's look at his neighborhood...
 * The extracted matrix is:
[LINE 4]		2.11		2.08		nan 		nan 		nan 		
[LINE 3]		2.09		2.07		2.03		2.01		nan 		
[LINE 2]		nan 		nan 		-inf		2.0 		-inf		
[LINE 1]		nan 		nan 		nan 		nan 		-inf		
[LINE 0]		nan 		nan 		nan 		nan 		nan 		
 * Ranking:
 ---> {'coords': (3, 0), 'dir': 'NW', 'score': 5}
 ---> {'coords': (3, 0), 'dir': 'NW', 'score': 5}
 ---> {'coords': (3, 1), 'dir': 'NW', 'score': 5}
 ---> {'coords': (3, 1), 'dir': 'NW', 'score': 5}
 ---> {'coords': (3, 2), 'dir': 'N', 'score': 1}
 ---> {'coords': (3, 2), 'dir': 'N', 'score': 1}
 ---> {'coords': (3, 3), 'dir': 'NE', 'score': 0}
 ---> {'coords': (3, 3), 'dir': 'NE', 'score': 0}
 ---> {'coords': (4, 0), 'dir': 'NW', 'score': 5}
 ---> {'coords': (4, 0), 'dir': 'NW', 'score': 5}
 ---> {'coords': (4, 1), 'dir': 'NW', 'score': 5}
 ---> {'coords': (4, 1), 'dir': 'NW', 'score': 5}
 * Selected, based on ranking: {'coords': (3, 0), 'dir': 'NW', 'score': 5}
 * The candidate has value 2.11 and coords (3, 0)
 * Checking direction:
 ---> Trend is: W
 ---> Complex Trend is: {'W': 6, 'N': 4}
 ---> Allowed dirs based on Complex Trend are: ['W', 'SW', 'S']
 ---> Direction NW IS NOT ok! Last was W [last 10: ['N', 'W', 'W', 'N', 'W', 'N', 'W', 'W', 'N', 'W']] -- Modifying matrix...
[LINE 4]		2.11		2.08		nan 		nan 		nan 		
[LINE 3]		nan 		2.07		2.03		2.01		nan 		
[LINE 2]		nan 		nan 		-inf		2.0 		-inf		
[LINE 1]		nan 		nan 		nan 		nan 		-inf		
[LINE 0]		nan 		nan 		nan 		nan 		nan 		
 * Ranking:
 ---> {'coords': (3, 1), 'dir': 'NW', 'score': 5}
 ---> {'coords': (3, 1), 'dir': 'NW', 'score': 5}
 ---> {'coords': (3, 2), 'dir': 'N', 'score': 1}
 ---> {'coords': (3, 2), 'dir': 'N', 'score': 1}
 ---> {'coords': (3, 3), 'dir': 'NE', 'score': 0}
 ---> {'coords': (3, 3), 'dir': 'NE', 'score': 0}
 ---> {'coords': (4, 0), 'dir': 'NW', 'score': 5}
 ---> {'coords': (4, 0), 'dir': 'NW', 'score': 5}
 ---> {'coords': (4, 1), 'dir': 'NW', 'score': 5}
 ---> {'coords': (4, 1), 'dir': 'NW', 'score': 5}
 * Selected, based on ranking: {'coords': (3, 1), 'dir': 'NW', 'score': 5}
 * The candidate has value 2.11 and coords (3, 1)
 * Checking direction:
 ---> Trend is: W
 ---> Complex Trend is: {'W': 6, 'N': 4}
 ---> Allowed dirs based on Complex Trend are: ['W', 'SW', 'S']
 ---> Direction NW IS NOT ok! Last was W [last 10: ['N', 'W', 'W', 'N', 'W', 'N', 'W', 'W', 'N', 'W']] -- Modifying matrix...
[LINE 4]		2.11		2.08		nan 		nan 		nan 		
[LINE 3]		nan 		nan 		2.03		2.01		nan 		
[LINE 2]		nan 		nan 		-inf		2.0 		-inf		
[LINE 1]		nan 		nan 		nan 		nan 		-inf		
[LINE 0]		nan 		nan 		nan 		nan 		nan 		
 * Ranking:
 ---> {'coords': (3, 2), 'dir': 'N', 'score': 1}
 ---> {'coords': (3, 2), 'dir': 'N', 'score': 1}
 ---> {'coords': (3, 3), 'dir': 'NE', 'score': 0}
 ---> {'coords': (3, 3), 'dir': 'NE', 'score': 0}
 ---> {'coords': (4, 0), 'dir': 'NW', 'score': 5}
 ---> {'coords': (4, 0), 'dir': 'NW', 'score': 5}
 ---> {'coords': (4, 1), 'dir': 'NW', 'score': 5}
 ---> {'coords': (4, 1), 'dir': 'NW', 'score': 5}
 * Selected, based on ranking: {'coords': (4, 0), 'dir': 'NW', 'score': 5}
 * The candidate has value 2.11 and coords (4, 0)
 * Checking direction:
 ---> Trend is: W
 ---> Complex Trend is: {'W': 6, 'N': 4}
 ---> Allowed dirs based on Complex Trend are: ['W', 'SW', 'S']
 ---> Direction NW IS NOT ok! Last was W [last 10: ['N', 'W', 'W', 'N', 'W', 'N', 'W', 'W', 'N', 'W']] -- Modifying matrix...
[LINE 4]		nan 		2.08		nan 		nan 		nan 		
[LINE 3]		nan 		nan 		2.03		2.01		nan 		
[LINE 2]		nan 		nan 		-inf		2.0 		-inf		
[LINE 1]		nan 		nan 		nan 		nan 		-inf		
[LINE 0]		nan 		nan 		nan 		nan 		nan 		
 * Ranking:
 ---> {'coords': (2, 3), 'dir': 'E', 'score': 0}
 ---> {'coords': (2, 3), 'dir': 'E', 'score': 0}
 ---> {'coords': (3, 2), 'dir': 'N', 'score': 1}
 ---> {'coords': (3, 2), 'dir': 'N', 'score': 1}
 ---> {'coords': (3, 3), 'dir': 'NE', 'score': 0}
 ---> {'coords': (3, 3), 'dir': 'NE', 'score': 0}
 ---> {'coords': (4, 1), 'dir': 'NW', 'score': 5}
 ---> {'coords': (4, 1), 'dir': 'NW', 'score': 5}
 * Selected, based on ranking: {'coords': (4, 1), 'dir': 'NW', 'score': 5}
 * The candidate has value 2.08 and coords (4, 1)
 * Checking direction:
 ---> Trend is: W
 ---> Complex Trend is: {'W': 6, 'N': 4}
 ---> Allowed dirs based on Complex Trend are: ['W', 'SW', 'S']
 ---> Direction NW IS NOT ok! Last was W [last 10: ['N', 'W', 'W', 'N', 'W', 'N', 'W', 'W', 'N', 'W']] -- Modifying matrix...
[LINE 4]		nan 		nan 		nan 		nan 		nan 		
[LINE 3]		nan 		nan 		2.03		2.01		nan 		
[LINE 2]		nan 		nan 		-inf		2.0 		-inf		
[LINE 1]		nan 		nan 		nan 		nan 		-inf		
[LINE 0]		nan 		nan 		nan 		nan 		nan 		
 * Ranking:
 ---> {'coords': (2, 3), 'dir': 'E', 'score': 0}
 ---> {'coords': (2, 3), 'dir': 'E', 'score': 0}
 ---> {'coords': (3, 2), 'dir': 'N', 'score': 1}
 ---> {'coords': (3, 2), 'dir': 'N', 'score': 1}
 ---> {'coords': (3, 3), 'dir': 'NE', 'score': 0}
 ---> {'coords': (3, 3), 'dir': 'NE', 'score': 0}
 * Selected, based on ranking: {'coords': (3, 2), 'dir': 'N', 'score': 1}
 * The candidate has value 2.03 and coords (3, 2)
 * Checking direction:
 ---> Trend is: W
 ---> Complex Trend is: {'W': 6, 'N': 4}
 ---> Allowed dirs based on Complex Trend are: ['W', 'SW', 'S']
 ---> Direction N IS NOT ok! Last was W [last 10: ['N', 'W', 'W', 'N', 'W', 'N', 'W', 'W', 'N', 'W']] -- Modifying matrix...
[LINE 4]		nan 		nan 		nan 		nan 		nan 		
[LINE 3]		nan 		nan 		nan 		2.01		nan 		
[LINE 2]		nan 		nan 		-inf		2.0 		-inf		
[LINE 1]		nan 		nan 		nan 		nan 		-inf		
[LINE 0]		nan 		nan 		nan 		nan 		nan 		
 * Ranking:
 ---> {'coords': (2, 3), 'dir': 'E', 'score': 0}
 ---> {'coords': (2, 3), 'dir': 'E', 'score': 0}
 ---> {'coords': (3, 3), 'dir': 'NE', 'score': 0}
 ---> {'coords': (3, 3), 'dir': 'NE', 'score': 0}
 * Selected, based on ranking: {'coords': (2, 3), 'dir': 'E', 'score': 0}
 * The candidate has value 2.01 and coords (2, 3)
 * Checking direction:
 ---> Trend is: W
 ---> Complex Trend is: {'W': 6, 'N': 4}
 ---> Allowed dirs based on Complex Trend are: ['W', 'SW', 'S']
 ---> Direction E IS NOT ok! Last was W [last 10: ['N', 'W', 'W', 'N', 'W', 'N', 'W', 'W', 'N', 'W']] -- Modifying matrix...
[LINE 4]		nan 		nan 		nan 		nan 		nan 		
[LINE 3]		nan 		nan 		nan 		2.01		nan 		
[LINE 2]		nan 		nan 		-inf		nan 		-inf		
[LINE 1]		nan 		nan 		nan 		nan 		-inf		
[LINE 0]		nan 		nan 		nan 		nan 		nan 		
 * Ranking:
 ---> {'coords': (3, 3), 'dir': 'NE', 'score': 0}
 ---> {'coords': (3, 3), 'dir': 'NE', 'score': 0}
 * Selected, based on ranking: {'coords': (3, 3), 'dir': 'NE', 'score': 0}
 * The candidate has value 2.01 and coords (3, 3)
 * Checking direction:
 ---> Trend is: W
 ---> Complex Trend is: {'W': 6, 'N': 4}
 ---> Allowed dirs based on Complex Trend are: ['W', 'SW', 'S']
 ---> Direction NE IS NOT ok! Last was W [last 10: ['N', 'W', 'W', 'N', 'W', 'N', 'W', 'W', 'N', 'W']] -- Modifying matrix...
[LINE 4]		nan 		nan 		nan 		nan 		nan 		
[LINE 3]		nan 		nan 		nan 		nan 		nan 		
[LINE 2]		nan 		nan 		-inf		nan 		-inf		
[LINE 1]		nan 		nan 		nan 		nan 		-inf		
[LINE 0]		nan 		nan 		nan 		nan 		nan 		
SIAMO NEL VALUEERROR
PROVO CON TT 3
 * Ranking:
 ---> {'coords': (3, 0), 'dir': 'NW', 'score': 15}
 ---> {'coords': (3, 0), 'dir': 'NW', 'score': 15}
 ---> {'coords': (3, 1), 'dir': 'NW', 'score': 15}
 ---> {'coords': (3, 1), 'dir': 'NW', 'score': 15}
 ---> {'coords': (3, 2), 'dir': 'N', 'score': 11}
 ---> {'coords': (3, 2), 'dir': 'N', 'score': 11}
 ---> {'coords': (3, 3), 'dir': 'NE', 'score': 10}
 ---> {'coords': (3, 3), 'dir': 'NE', 'score': 10}
 ---> {'coords': (4, 0), 'dir': 'NW', 'score': 15}
 ---> {'coords': (4, 0), 'dir': 'NW', 'score': 15}
 ---> {'coords': (4, 1), 'dir': 'NW', 'score': 15}
 ---> {'coords': (4, 1), 'dir': 'NW', 'score': 15}
 * Selected, based on ranking: {'coords': (3, 0), 'dir': 'NW', 'score': 15}
 * The candidate has value 2.11 and coords (3, 0)
 * Checking direction:
 ---> Trend is: W
 ---> Complex Trend is: {'W': 6, 'N': 4}
 ---> Allowed dirs based on Complex Trend are: ['W', 'SW', 'S', 'N', 'S', 'NW', 'N', 'NE', 'W', 'E']
 ---> Direction NW ok (last was W)! -- [Last 10: ['N', 'W', 'W', 'N', 'W', 'N', 'W', 'W', 'N', 'W']]
 * Selected element is (3, 0) with value 2.11
Next element is NW with direction 2.09
New matrix will be centered on 36,76 with depth 2.09
TREND IS ('W', {'W': 6.5, 'N': 3.5, 'NW': 1}) --- (['W', 'W', 'N', 'W', 'N', 'W', 'W', 'N', 'W', 'NW'])
============================================================
Iteration 39 with LAT_IDX: 36 and LON_IDX: 76 with DEPTH 2.092645
 * Adding to the thalweg 36, 76 (depth 2.09)... Let's look at his neighborhood...
 * The extracted matrix is:
[LINE 4]		2.28		2.19		nan 		nan 		nan 		
[LINE 3]		2.24		2.16		2.11		2.08		nan 		
[LINE 2]		nan 		nan 		-inf		2.07		2.03		
[LINE 1]		nan 		nan 		nan 		nan 		-inf		
[LINE 0]		nan 		nan 		nan 		nan 		nan 		
 * Ranking:
 ---> {'coords': (3, 0), 'dir': 'NW', 'score': 9}
 ---> {'coords': (3, 0), 'dir': 'NW', 'score': 9}
 ---> {'coords': (4, 0), 'dir': 'NW', 'score': 9}
 ---> {'coords': (4, 0), 'dir': 'NW', 'score': 9}
 ---> {'coords': (4, 1), 'dir': 'NW', 'score': 9}
 ---> {'coords': (4, 1), 'dir': 'NW', 'score': 9}
 * Selected, based on ranking: {'coords': (3, 0), 'dir': 'NW', 'score': 9}
 * The candidate has value 2.28 and coords (3, 0)
 * Checking direction:
 ---> Trend is: W
 ---> Complex Trend is: {'W': 6.5, 'N': 3.5, 'NW': 1}
 ---> Allowed dirs based on Complex Trend are: ['W', 'SW', 'S']
 ---> Direction NW IS NOT ok! Last was NW [last 10: ['W', 'W', 'N', 'W', 'N', 'W', 'W', 'N', 'W', 'NW']] -- Modifying matrix...
[LINE 4]		2.28		2.19		nan 		nan 		nan 		
[LINE 3]		nan 		2.16		2.11		2.08		nan 		
[LINE 2]		nan 		nan 		-inf		2.07		2.03		
[LINE 1]		nan 		nan 		nan 		nan 		-inf		
[LINE 0]		nan 		nan 		nan 		nan 		nan 		
 * Ranking:
 ---> {'coords': (4, 0), 'dir': 'NW', 'score': 9}
 ---> {'coords': (4, 0), 'dir': 'NW', 'score': 9}
 ---> {'coords': (4, 1), 'dir': 'NW', 'score': 9}
 ---> {'coords': (4, 1), 'dir': 'NW', 'score': 9}
 * Selected, based on ranking: {'coords': (4, 0), 'dir': 'NW', 'score': 9}
 * The candidate has value 2.28 and coords (4, 0)
 * Checking direction:
 ---> Trend is: W
 ---> Complex Trend is: {'W': 6.5, 'N': 3.5, 'NW': 1}
 ---> Allowed dirs based on Complex Trend are: ['W', 'SW', 'S']
 ---> Direction NW IS NOT ok! Last was NW [last 10: ['W', 'W', 'N', 'W', 'N', 'W', 'W', 'N', 'W', 'NW']] -- Modifying matrix...
[LINE 4]		nan 		2.19		nan 		nan 		nan 		
[LINE 3]		nan 		2.16		2.11		2.08		nan 		
[LINE 2]		nan 		nan 		-inf		2.07		2.03		
[LINE 1]		nan 		nan 		nan 		nan 		-inf		
[LINE 0]		nan 		nan 		nan 		nan 		nan 		
 * Ranking:
 ---> {'coords': (3, 1), 'dir': 'NW', 'score': 9}
 ---> {'coords': (3, 1), 'dir': 'NW', 'score': 9}
 ---> {'coords': (3, 2), 'dir': 'N', 'score': 5}
 ---> {'coords': (3, 2), 'dir': 'N', 'score': 5}
 ---> {'coords': (4, 1), 'dir': 'NW', 'score': 9}
 ---> {'coords': (4, 1), 'dir': 'NW', 'score': 9}
 * Selected, based on ranking: {'coords': (3, 1), 'dir': 'NW', 'score': 9}
 * The candidate has value 2.19 and coords (3, 1)
 * Checking direction:
 ---> Trend is: W
 ---> Complex Trend is: {'W': 6.5, 'N': 3.5, 'NW': 1}
 ---> Allowed dirs based on Complex Trend are: ['W', 'SW', 'S']
 ---> Direction NW IS NOT ok! Last was NW [last 10: ['W', 'W', 'N', 'W', 'N', 'W', 'W', 'N', 'W', 'NW']] -- Modifying matrix...
[LINE 4]		nan 		2.19		nan 		nan 		nan 		
[LINE 3]		nan 		nan 		2.11		2.08		nan 		
[LINE 2]		nan 		nan 		-inf		2.07		2.03		
[LINE 1]		nan 		nan 		nan 		nan 		-inf		
[LINE 0]		nan 		nan 		nan 		nan 		nan 		
 * Ranking:
 ---> {'coords': (3, 2), 'dir': 'N', 'score': 5}
 ---> {'coords': (3, 2), 'dir': 'N', 'score': 5}
 ---> {'coords': (4, 1), 'dir': 'NW', 'score': 9}
 ---> {'coords': (4, 1), 'dir': 'NW', 'score': 9}
 * Selected, based on ranking: {'coords': (4, 1), 'dir': 'NW', 'score': 9}
 * The candidate has value 2.19 and coords (4, 1)
 * Checking direction:
 ---> Trend is: W
 ---> Complex Trend is: {'W': 6.5, 'N': 3.5, 'NW': 1}
 ---> Allowed dirs based on Complex Trend are: ['W', 'SW', 'S']
 ---> Direction NW IS NOT ok! Last was NW [last 10: ['W', 'W', 'N', 'W', 'N', 'W', 'W', 'N', 'W', 'NW']] -- Modifying matrix...
[LINE 4]		nan 		nan 		nan 		nan 		nan 		
[LINE 3]		nan 		nan 		2.11		2.08		nan 		
[LINE 2]		nan 		nan 		-inf		2.07		2.03		
[LINE 1]		nan 		nan 		nan 		nan 		-inf		
[LINE 0]		nan 		nan 		nan 		nan 		nan 		
 * Ranking:
 ---> {'coords': (2, 3), 'dir': 'E', 'score': 0}
 ---> {'coords': (2, 3), 'dir': 'E', 'score': 0}
 ---> {'coords': (2, 4), 'dir': 'E', 'score': 0}
 ---> {'coords': (2, 4), 'dir': 'E', 'score': 0}
 ---> {'coords': (3, 2), 'dir': 'N', 'score': 5}
 ---> {'coords': (3, 2), 'dir': 'N', 'score': 5}
 ---> {'coords': (3, 3), 'dir': 'NE', 'score': 1}
 ---> {'coords': (3, 3), 'dir': 'NE', 'score': 1}
 * Selected, based on ranking: {'coords': (3, 2), 'dir': 'N', 'score': 5}
 * The candidate has value 2.11 and coords (3, 2)
 * Checking direction:
 ---> Trend is: W
 ---> Complex Trend is: {'W': 6.5, 'N': 3.5, 'NW': 1}
 ---> Allowed dirs based on Complex Trend are: ['W', 'SW', 'S']
 ---> Direction N IS NOT ok! Last was NW [last 10: ['W', 'W', 'N', 'W', 'N', 'W', 'W', 'N', 'W', 'NW']] -- Modifying matrix...
[LINE 4]		nan 		nan 		nan 		nan 		nan 		
[LINE 3]		nan 		nan 		nan 		2.08		nan 		
[LINE 2]		nan 		nan 		-inf		2.07		2.03		
[LINE 1]		nan 		nan 		nan 		nan 		-inf		
[LINE 0]		nan 		nan 		nan 		nan 		nan 		
 * Ranking:
 ---> {'coords': (2, 3), 'dir': 'E', 'score': 0}
 ---> {'coords': (2, 3), 'dir': 'E', 'score': 0}
 ---> {'coords': (2, 4), 'dir': 'E', 'score': 0}
 ---> {'coords': (2, 4), 'dir': 'E', 'score': 0}
 ---> {'coords': (3, 3), 'dir': 'NE', 'score': 1}
 ---> {'coords': (3, 3), 'dir': 'NE', 'score': 1}
 * Selected, based on ranking: {'coords': (3, 3), 'dir': 'NE', 'score': 1}
 * The candidate has value 2.08 and coords (3, 3)
 * Checking direction:
 ---> Trend is: W
 ---> Complex Trend is: {'W': 6.5, 'N': 3.5, 'NW': 1}
 ---> Allowed dirs based on Complex Trend are: ['W', 'SW', 'S']
 ---> Direction NE IS NOT ok! Last was NW [last 10: ['W', 'W', 'N', 'W', 'N', 'W', 'W', 'N', 'W', 'NW']] -- Modifying matrix...
[LINE 4]		nan 		nan 		nan 		nan 		nan 		
[LINE 3]		nan 		nan 		nan 		nan 		nan 		
[LINE 2]		nan 		nan 		-inf		2.07		2.03		
[LINE 1]		nan 		nan 		nan 		nan 		-inf		
[LINE 0]		nan 		nan 		nan 		nan 		nan 		
 * Ranking:
 ---> {'coords': (2, 3), 'dir': 'E', 'score': 0}
 ---> {'coords': (2, 3), 'dir': 'E', 'score': 0}
 ---> {'coords': (2, 4), 'dir': 'E', 'score': 0}
 ---> {'coords': (2, 4), 'dir': 'E', 'score': 0}
 * Selected, based on ranking: {'coords': (2, 3), 'dir': 'E', 'score': 0}
 * The candidate has value 2.07 and coords (2, 3)
 * Checking direction:
 ---> Trend is: W
 ---> Complex Trend is: {'W': 6.5, 'N': 3.5, 'NW': 1}
 ---> Allowed dirs based on Complex Trend are: ['W', 'SW', 'S']
 ---> Direction E IS NOT ok! Last was NW [last 10: ['W', 'W', 'N', 'W', 'N', 'W', 'W', 'N', 'W', 'NW']] -- Modifying matrix...
[LINE 4]		nan 		nan 		nan 		nan 		nan 		
[LINE 3]		nan 		nan 		nan 		nan 		nan 		
[LINE 2]		nan 		nan 		-inf		nan 		2.03		
[LINE 1]		nan 		nan 		nan 		nan 		-inf		
[LINE 0]		nan 		nan 		nan 		nan 		nan 		
 * Ranking:
 ---> {'coords': (2, 4), 'dir': 'E', 'score': 0}
 ---> {'coords': (2, 4), 'dir': 'E', 'score': 0}
 * Selected, based on ranking: {'coords': (2, 4), 'dir': 'E', 'score': 0}
 * The candidate has value 2.03 and coords (2, 4)
 * Checking direction:
 ---> Trend is: W
 ---> Complex Trend is: {'W': 6.5, 'N': 3.5, 'NW': 1}
 ---> Allowed dirs based on Complex Trend are: ['W', 'SW', 'S']
 ---> Direction E IS NOT ok! Last was NW [last 10: ['W', 'W', 'N', 'W', 'N', 'W', 'W', 'N', 'W', 'NW']] -- Modifying matrix...
[LINE 4]		nan 		nan 		nan 		nan 		nan 		
[LINE 3]		nan 		nan 		nan 		nan 		nan 		
[LINE 2]		nan 		nan 		-inf		nan 		nan 		
[LINE 1]		nan 		nan 		nan 		nan 		-inf		
[LINE 0]		nan 		nan 		nan 		nan 		nan 		
SIAMO NEL VALUEERROR
PROVO CON TT 3
 * Ranking:
 ---> {'coords': (3, 0), 'dir': 'NW', 'score': 9}
 ---> {'coords': (3, 0), 'dir': 'NW', 'score': 9}
 ---> {'coords': (4, 0), 'dir': 'NW', 'score': 9}
 ---> {'coords': (4, 0), 'dir': 'NW', 'score': 9}
 ---> {'coords': (4, 1), 'dir': 'NW', 'score': 9}
 ---> {'coords': (4, 1), 'dir': 'NW', 'score': 9}
 * Selected, based on ranking: {'coords': (3, 0), 'dir': 'NW', 'score': 9}
 * The candidate has value 2.28 and coords (3, 0)
 * Checking direction:
 ---> Trend is: W
 ---> Complex Trend is: {'W': 6.5, 'N': 3.5, 'NW': 1}
 ---> Allowed dirs based on Complex Trend are: ['W', 'SW', 'S', 'N', 'S']
 ---> Direction NW IS NOT ok! Last was NW [last 10: ['W', 'W', 'N', 'W', 'N', 'W', 'W', 'N', 'W', 'NW']] -- Modifying matrix...
[LINE 4]		2.28		2.19		nan 		nan 		nan 		
[LINE 3]		nan 		2.16		2.11		2.08		nan 		
[LINE 2]		nan 		nan 		-inf		2.07		2.03		
[LINE 1]		nan 		nan 		nan 		nan 		-inf		
[LINE 0]		nan 		nan 		nan 		nan 		nan 		
 * Ranking:
 ---> {'coords': (4, 0), 'dir': 'NW', 'score': 9}
 ---> {'coords': (4, 0), 'dir': 'NW', 'score': 9}
 ---> {'coords': (4, 1), 'dir': 'NW', 'score': 9}
 ---> {'coords': (4, 1), 'dir': 'NW', 'score': 9}
 * Selected, based on ranking: {'coords': (4, 0), 'dir': 'NW', 'score': 9}
 * The candidate has value 2.28 and coords (4, 0)
 * Checking direction:
 ---> Trend is: W
 ---> Complex Trend is: {'W': 6.5, 'N': 3.5, 'NW': 1}
 ---> Allowed dirs based on Complex Trend are: ['W', 'SW', 'S', 'N', 'S']
 ---> Direction NW IS NOT ok! Last was NW [last 10: ['W', 'W', 'N', 'W', 'N', 'W', 'W', 'N', 'W', 'NW']] -- Modifying matrix...
[LINE 4]		nan 		2.19		nan 		nan 		nan 		
[LINE 3]		nan 		2.16		2.11		2.08		nan 		
[LINE 2]		nan 		nan 		-inf		2.07		2.03		
[LINE 1]		nan 		nan 		nan 		nan 		-inf		
[LINE 0]		nan 		nan 		nan 		nan 		nan 		
 * Ranking:
 ---> {'coords': (3, 1), 'dir': 'NW', 'score': 9}
 ---> {'coords': (3, 1), 'dir': 'NW', 'score': 9}
 ---> {'coords': (3, 2), 'dir': 'N', 'score': 15}
 ---> {'coords': (3, 2), 'dir': 'N', 'score': 15}
 ---> {'coords': (4, 1), 'dir': 'NW', 'score': 9}
 ---> {'coords': (4, 1), 'dir': 'NW', 'score': 9}
 * Selected, based on ranking: {'coords': (3, 2), 'dir': 'N', 'score': 15}
 * The candidate has value 2.19 and coords (3, 2)
 * Checking direction:
 ---> Trend is: W
 ---> Complex Trend is: {'W': 6.5, 'N': 3.5, 'NW': 1}
 ---> Allowed dirs based on Complex Trend are: ['W', 'SW', 'S', 'N', 'S']
 ---> Direction N ok (last was NW)! -- [Last 10: ['W', 'W', 'N', 'W', 'N', 'W', 'W', 'N', 'W', 'NW']]
 * Selected element is (3, 2) with value 2.19
Next element is N with direction 2.11
New matrix will be centered on 37,76 with depth 2.11
TREND IS ('W', {'W': 5.5, 'N': 4.5, 'NW': 1}) --- (['W', 'N', 'W', 'N', 'W', 'W', 'N', 'W', 'NW', 'N'])
============================================================
Iteration 40 with LAT_IDX: 37 and LON_IDX: 76 with DEPTH 2.1086488
 * Adding to the thalweg 37, 76 (depth 2.11)... Let's look at his neighborhood...
 * The extracted matrix is:
[LINE 4]		nan 		nan 		nan 		nan 		nan 		
[LINE 3]		2.28		2.19		nan 		nan 		nan 		
[LINE 2]		2.24		2.16		-inf		2.08		nan 		
[LINE 1]		nan 		nan 		-inf		2.07		2.03		
[LINE 0]		nan 		nan 		nan 		nan 		-inf		
 * Ranking:
 ---> {'coords': (2, 0), 'dir': 'W', 'score': 11}
 ---> {'coords': (2, 0), 'dir': 'W', 'score': 11}
 ---> {'coords': (3, 0), 'dir': 'NW', 'score': 5}
 ---> {'coords': (3, 0), 'dir': 'NW', 'score': 5}
 ---> {'coords': (3, 1), 'dir': 'NW', 'score': 5}
 ---> {'coords': (3, 1), 'dir': 'NW', 'score': 5}
 * Selected, based on ranking: {'coords': (2, 0), 'dir': 'W', 'score': 11}
 * The candidate has value 2.28 and coords (2, 0)
 * Checking direction:
 ---> Trend is: W
 ---> Complex Trend is: {'W': 5.5, 'N': 4.5, 'NW': 1}
 ---> Allowed dirs based on Complex Trend are: ['W', 'SW', 'S']
 ---> Direction W ok (last was N)! -- [Last 10: ['W', 'N', 'W', 'N', 'W', 'W', 'N', 'W', 'NW', 'N']]
 * Selected element is (2, 0) with value 2.28
Next element is W with direction 2.24
New matrix will be centered on 37,74 with depth 2.24
TREND IS ('W', {'W': 5.5, 'N': 4.5, 'NW': 1}) --- (['N', 'W', 'N', 'W', 'W', 'N', 'W', 'NW', 'N', 'W'])
============================================================
Iteration 41 with LAT_IDX: 37 and LON_IDX: 74 with DEPTH 2.2383254
 * Adding to the thalweg 37, 74 (depth 2.24)... Let's look at his neighborhood...
 * The extracted matrix is:
[LINE 4]		2.58		nan 		nan 		nan 		nan 		
[LINE 3]		2.59		2.42		2.28		2.19		nan 		
[LINE 2]		nan 		nan 		-inf		2.16		-inf		
[LINE 1]		nan 		nan 		nan 		nan 		-inf		
[LINE 0]		nan 		nan 		nan 		nan 		nan 		
 * Ranking:
 ---> {'coords': (3, 0), 'dir': 'NW', 'score': 5}
 ---> {'coords': (3, 0), 'dir': 'NW', 'score': 5}
 ---> {'coords': (4, 0), 'dir': 'NW', 'score': 5}
 ---> {'coords': (4, 0), 'dir': 'NW', 'score': 5}
 * Selected, based on ranking: {'coords': (3, 0), 'dir': 'NW', 'score': 5}
 * The candidate has value 2.59 and coords (3, 0)
 * Checking direction:
 ---> Trend is: W
 ---> Complex Trend is: {'W': 5.5, 'N': 4.5, 'NW': 1}
 ---> Allowed dirs based on Complex Trend are: ['W', 'SW', 'S']
 ---> Direction NW IS NOT ok! Last was W [last 10: ['N', 'W', 'N', 'W', 'W', 'N', 'W', 'NW', 'N', 'W']] -- Modifying matrix...
[LINE 4]		2.58		nan 		nan 		nan 		nan 		
[LINE 3]		nan 		2.42		2.28		2.19		nan 		
[LINE 2]		nan 		nan 		-inf		2.16		-inf		
[LINE 1]		nan 		nan 		nan 		nan 		-inf		
[LINE 0]		nan 		nan 		nan 		nan 		nan 		
 * Ranking:
 ---> {'coords': (4, 0), 'dir': 'NW', 'score': 5}
 ---> {'coords': (4, 0), 'dir': 'NW', 'score': 5}
 * Selected, based on ranking: {'coords': (4, 0), 'dir': 'NW', 'score': 5}
 * The candidate has value 2.58 and coords (4, 0)
 * Checking direction:
 ---> Trend is: W
 ---> Complex Trend is: {'W': 5.5, 'N': 4.5, 'NW': 1}
 ---> Allowed dirs based on Complex Trend are: ['W', 'SW', 'S']
 ---> Direction NW IS NOT ok! Last was W [last 10: ['N', 'W', 'N', 'W', 'W', 'N', 'W', 'NW', 'N', 'W']] -- Modifying matrix...
[LINE 4]		nan 		nan 		nan 		nan 		nan 		
[LINE 3]		nan 		2.42		2.28		2.19		nan 		
[LINE 2]		nan 		nan 		-inf		2.16		-inf		
[LINE 1]		nan 		nan 		nan 		nan 		-inf		
[LINE 0]		nan 		nan 		nan 		nan 		nan 		
 * Ranking:
 ---> {'coords': (3, 1), 'dir': 'NW', 'score': 5}
 ---> {'coords': (3, 1), 'dir': 'NW', 'score': 5}
 * Selected, based on ranking: {'coords': (3, 1), 'dir': 'NW', 'score': 5}
 * The candidate has value 2.42 and coords (3, 1)
 * Checking direction:
 ---> Trend is: W
 ---> Complex Trend is: {'W': 5.5, 'N': 4.5, 'NW': 1}
 ---> Allowed dirs based on Complex Trend are: ['W', 'SW', 'S']
 ---> Direction NW IS NOT ok! Last was W [last 10: ['N', 'W', 'N', 'W', 'W', 'N', 'W', 'NW', 'N', 'W']] -- Modifying matrix...
[LINE 4]		nan 		nan 		nan 		nan 		nan 		
[LINE 3]		nan 		nan 		2.28		2.19		nan 		
[LINE 2]		nan 		nan 		-inf		2.16		-inf		
[LINE 1]		nan 		nan 		nan 		nan 		-inf		
[LINE 0]		nan 		nan 		nan 		nan 		nan 		
 * Ranking:
 ---> {'coords': (3, 2), 'dir': 'N', 'score': 1}
 ---> {'coords': (3, 2), 'dir': 'N', 'score': 1}
 ---> {'coords': (3, 3), 'dir': 'NE', 'score': 0}
 ---> {'coords': (3, 3), 'dir': 'NE', 'score': 0}
 * Selected, based on ranking: {'coords': (3, 2), 'dir': 'N', 'score': 1}
 * The candidate has value 2.28 and coords (3, 2)
 * Checking direction:
 ---> Trend is: W
 ---> Complex Trend is: {'W': 5.5, 'N': 4.5, 'NW': 1}
 ---> Allowed dirs based on Complex Trend are: ['W', 'SW', 'S']
 ---> Direction N IS NOT ok! Last was W [last 10: ['N', 'W', 'N', 'W', 'W', 'N', 'W', 'NW', 'N', 'W']] -- Modifying matrix...
[LINE 4]		nan 		nan 		nan 		nan 		nan 		
[LINE 3]		nan 		nan 		nan 		2.19		nan 		
[LINE 2]		nan 		nan 		-inf		2.16		-inf		
[LINE 1]		nan 		nan 		nan 		nan 		-inf		
[LINE 0]		nan 		nan 		nan 		nan 		nan 		
 * Ranking:
 ---> {'coords': (2, 3), 'dir': 'E', 'score': 0}
 ---> {'coords': (2, 3), 'dir': 'E', 'score': 0}
 ---> {'coords': (3, 3), 'dir': 'NE', 'score': 0}
 ---> {'coords': (3, 3), 'dir': 'NE', 'score': 0}
 * Selected, based on ranking: {'coords': (2, 3), 'dir': 'E', 'score': 0}
 * The candidate has value 2.19 and coords (2, 3)
 * Checking direction:
 ---> Trend is: W
 ---> Complex Trend is: {'W': 5.5, 'N': 4.5, 'NW': 1}
 ---> Allowed dirs based on Complex Trend are: ['W', 'SW', 'S']
 ---> Direction E IS NOT ok! Last was W [last 10: ['N', 'W', 'N', 'W', 'W', 'N', 'W', 'NW', 'N', 'W']] -- Modifying matrix...
[LINE 4]		nan 		nan 		nan 		nan 		nan 		
[LINE 3]		nan 		nan 		nan 		2.19		nan 		
[LINE 2]		nan 		nan 		-inf		nan 		-inf		
[LINE 1]		nan 		nan 		nan 		nan 		-inf		
[LINE 0]		nan 		nan 		nan 		nan 		nan 		
 * Ranking:
 ---> {'coords': (3, 3), 'dir': 'NE', 'score': 0}
 ---> {'coords': (3, 3), 'dir': 'NE', 'score': 0}
 * Selected, based on ranking: {'coords': (3, 3), 'dir': 'NE', 'score': 0}
 * The candidate has value 2.19 and coords (3, 3)
 * Checking direction:
 ---> Trend is: W
 ---> Complex Trend is: {'W': 5.5, 'N': 4.5, 'NW': 1}
 ---> Allowed dirs based on Complex Trend are: ['W', 'SW', 'S']
 ---> Direction NE IS NOT ok! Last was W [last 10: ['N', 'W', 'N', 'W', 'W', 'N', 'W', 'NW', 'N', 'W']] -- Modifying matrix...
[LINE 4]		nan 		nan 		nan 		nan 		nan 		
[LINE 3]		nan 		nan 		nan 		nan 		nan 		
[LINE 2]		nan 		nan 		-inf		nan 		-inf		
[LINE 1]		nan 		nan 		nan 		nan 		-inf		
[LINE 0]		nan 		nan 		nan 		nan 		nan 		
SIAMO NEL VALUEERROR
PROVO CON TT 3
 * Ranking:
 ---> {'coords': (3, 0), 'dir': 'NW', 'score': 15}
 ---> {'coords': (3, 0), 'dir': 'NW', 'score': 15}
 ---> {'coords': (4, 0), 'dir': 'NW', 'score': 15}
 ---> {'coords': (4, 0), 'dir': 'NW', 'score': 15}
 * Selected, based on ranking: {'coords': (3, 0), 'dir': 'NW', 'score': 15}
 * The candidate has value 2.59 and coords (3, 0)
 * Checking direction:
 ---> Trend is: W
 ---> Complex Trend is: {'W': 5.5, 'N': 4.5, 'NW': 1}
 ---> Allowed dirs based on Complex Trend are: ['W', 'SW', 'S', 'N', 'S', 'NW', 'N', 'NE', 'W', 'E']
 ---> Direction NW ok (last was W)! -- [Last 10: ['N', 'W', 'N', 'W', 'W', 'N', 'W', 'NW', 'N', 'W']]
 * Selected element is (3, 0) with value 2.59
Next element is NW with direction 2.59
New matrix will be centered on 38,72 with depth 2.59
TREND IS ('W', {'W': 6.0, 'N': 4.0, 'NW': 2}) --- (['W', 'N', 'W', 'W', 'N', 'W', 'NW', 'N', 'W', 'NW'])
============================================================
Iteration 42 with LAT_IDX: 38 and LON_IDX: 72 with DEPTH 2.5896888
 * Adding to the thalweg 38, 72 (depth 2.59)... Let's look at his neighborhood...
 * The extracted matrix is:
[LINE 4]		nan 		nan 		nan 		nan 		nan 		
[LINE 3]		2.88		2.76		2.58		nan 		nan 		
[LINE 2]		2.87		2.78		-inf		2.42		2.28		
[LINE 1]		nan 		nan 		nan 		nan 		-inf		
[LINE 0]		nan 		nan 		nan 		nan 		nan 		
 * Ranking:
 ---> {'coords': (2, 0), 'dir': 'W', 'score': 15}
 ---> {'coords': (2, 0), 'dir': 'W', 'score': 15}
 ---> {'coords': (3, 0), 'dir': 'NW', 'score': 9}
 ---> {'coords': (3, 0), 'dir': 'NW', 'score': 9}
 * Selected, based on ranking: {'coords': (2, 0), 'dir': 'W', 'score': 15}
 * The candidate has value 2.88 and coords (2, 0)
 * Checking direction:
 ---> Trend is: W
 ---> Complex Trend is: {'W': 6.0, 'N': 4.0, 'NW': 2}
 ---> Allowed dirs based on Complex Trend are: ['W', 'SW', 'S']
 ---> Direction W ok (last was NW)! -- [Last 10: ['W', 'N', 'W', 'W', 'N', 'W', 'NW', 'N', 'W', 'NW']]
 * Selected element is (2, 0) with value 2.88
Next element is W with direction 2.87
New matrix will be centered on 38,70 with depth 2.87
TREND IS ('W', {'W': 6.0, 'N': 4.0, 'NW': 2}) --- (['N', 'W', 'W', 'N', 'W', 'NW', 'N', 'W', 'NW', 'W'])
============================================================
Iteration 43 with LAT_IDX: 38 and LON_IDX: 70 with DEPTH 2.873044
 * Adding to the thalweg 38, 70 (depth 2.87)... Let's look at his neighborhood...
 * The extracted matrix is:
[LINE 4]		nan 		nan 		nan 		nan 		nan 		
[LINE 3]		2.88		2.9 		2.88		2.76		2.58		
[LINE 2]		2.89		2.9 		-inf		2.78		-inf		
[LINE 1]		nan 		nan 		nan 		nan 		nan 		
[LINE 0]		nan 		nan 		nan 		nan 		nan 		
 * Ranking:
 ---> {'coords': (2, 0), 'dir': 'W', 'score': 19}
 ---> {'coords': (2, 0), 'dir': 'W', 'score': 19}
 ---> {'coords': (2, 1), 'dir': 'W', 'score': 19}
 ---> {'coords': (2, 1), 'dir': 'W', 'score': 19}
 ---> {'coords': (3, 0), 'dir': 'NW', 'score': 5}
 ---> {'coords': (3, 0), 'dir': 'NW', 'score': 5}
 ---> {'coords': (3, 1), 'dir': 'NW', 'score': 5}
 ---> {'coords': (3, 1), 'dir': 'NW', 'score': 5}
 ---> {'coords': (3, 2), 'dir': 'N', 'score': 1}
 ---> {'coords': (3, 2), 'dir': 'N', 'score': 1}
 * Selected, based on ranking: {'coords': (2, 0), 'dir': 'W', 'score': 19}
 * The candidate has value 2.9 and coords (2, 0)
 * Checking direction:
 ---> Trend is: W
 ---> Complex Trend is: {'W': 6.0, 'N': 4.0, 'NW': 2}
 ---> Allowed dirs based on Complex Trend are: ['W', 'SW', 'S']
 ---> Direction W ok (last was W)! -- [Last 10: ['N', 'W', 'W', 'N', 'W', 'NW', 'N', 'W', 'NW', 'W']]
 * Selected element is (2, 0) with value 2.9
Next element is W with direction 2.89
New matrix will be centered on 38,68 with depth 2.89
TREND IS ('W', {'W': 7.0, 'N': 3.0, 'NW': 2}) --- (['W', 'W', 'N', 'W', 'NW', 'N', 'W', 'NW', 'W', 'W'])
============================================================
Iteration 44 with LAT_IDX: 38 and LON_IDX: 68 with DEPTH 2.8944573
 * Adding to the thalweg 38, 68 (depth 2.89)... Let's look at his neighborhood...
 * The extracted matrix is:
[LINE 4]		nan 		nan 		nan 		nan 		nan 		
[LINE 3]		2.58		2.75		2.88		2.9 		2.88		
[LINE 2]		nan 		nan 		-inf		2.9 		-inf		
[LINE 1]		nan 		nan 		nan 		nan 		nan 		
[LINE 0]		nan 		nan 		nan 		nan 		nan 		
 * Ranking:
 ---> {'coords': (2, 3), 'dir': 'E', 'score': 0}
 ---> {'coords': (2, 3), 'dir': 'E', 'score': 0}
 ---> {'coords': (3, 2), 'dir': 'N', 'score': 1}
 ---> {'coords': (3, 2), 'dir': 'N', 'score': 1}
 ---> {'coords': (3, 3), 'dir': 'NE', 'score': 0}
 ---> {'coords': (3, 3), 'dir': 'NE', 'score': 0}
 ---> {'coords': (3, 4), 'dir': 'NE', 'score': 0}
 ---> {'coords': (3, 4), 'dir': 'NE', 'score': 0}
 * Selected, based on ranking: {'coords': (3, 2), 'dir': 'N', 'score': 1}
 * The candidate has value 2.9 and coords (3, 2)
 * Checking direction:
 ---> Trend is: W
 ---> Complex Trend is: {'W': 7.0, 'N': 3.0, 'NW': 2}
 ---> Allowed dirs based on Complex Trend are: ['W', 'SW', 'S']
 ---> Direction N IS NOT ok! Last was W [last 10: ['W', 'W', 'N', 'W', 'NW', 'N', 'W', 'NW', 'W', 'W']] -- Modifying matrix...
[LINE 4]		nan 		nan 		nan 		nan 		nan 		
[LINE 3]		2.58		2.75		nan 		2.9 		2.88		
[LINE 2]		nan 		nan 		-inf		2.9 		-inf		
[LINE 1]		nan 		nan 		nan 		nan 		nan 		
[LINE 0]		nan 		nan 		nan 		nan 		nan 		
 * Ranking:
 ---> {'coords': (2, 3), 'dir': 'E', 'score': 0}
 ---> {'coords': (2, 3), 'dir': 'E', 'score': 0}
 ---> {'coords': (3, 3), 'dir': 'NE', 'score': 0}
 ---> {'coords': (3, 3), 'dir': 'NE', 'score': 0}
 ---> {'coords': (3, 4), 'dir': 'NE', 'score': 0}
 ---> {'coords': (3, 4), 'dir': 'NE', 'score': 0}
 * Selected, based on ranking: {'coords': (2, 3), 'dir': 'E', 'score': 0}
 * The candidate has value 2.9 and coords (2, 3)
 * Checking direction:
 ---> Trend is: W
 ---> Complex Trend is: {'W': 7.0, 'N': 3.0, 'NW': 2}
 ---> Allowed dirs based on Complex Trend are: ['W', 'SW', 'S']
 ---> Direction E IS NOT ok! Last was W [last 10: ['W', 'W', 'N', 'W', 'NW', 'N', 'W', 'NW', 'W', 'W']] -- Modifying matrix...
[LINE 4]		nan 		nan 		nan 		nan 		nan 		
[LINE 3]		2.58		2.75		nan 		2.9 		2.88		
[LINE 2]		nan 		nan 		-inf		nan 		-inf		
[LINE 1]		nan 		nan 		nan 		nan 		nan 		
[LINE 0]		nan 		nan 		nan 		nan 		nan 		
 * Ranking:
 ---> {'coords': (3, 3), 'dir': 'NE', 'score': 0}
 ---> {'coords': (3, 3), 'dir': 'NE', 'score': 0}
 ---> {'coords': (3, 4), 'dir': 'NE', 'score': 0}
 ---> {'coords': (3, 4), 'dir': 'NE', 'score': 0}
 * Selected, based on ranking: {'coords': (3, 3), 'dir': 'NE', 'score': 0}
 * The candidate has value 2.9 and coords (3, 3)
 * Checking direction:
 ---> Trend is: W
 ---> Complex Trend is: {'W': 7.0, 'N': 3.0, 'NW': 2}
 ---> Allowed dirs based on Complex Trend are: ['W', 'SW', 'S']
 ---> Direction NE IS NOT ok! Last was W [last 10: ['W', 'W', 'N', 'W', 'NW', 'N', 'W', 'NW', 'W', 'W']] -- Modifying matrix...
[LINE 4]		nan 		nan 		nan 		nan 		nan 		
[LINE 3]		2.58		2.75		nan 		nan 		2.88		
[LINE 2]		nan 		nan 		-inf		nan 		-inf		
[LINE 1]		nan 		nan 		nan 		nan 		nan 		
[LINE 0]		nan 		nan 		nan 		nan 		nan 		
 * Ranking:
 ---> {'coords': (3, 4), 'dir': 'NE', 'score': 0}
 ---> {'coords': (3, 4), 'dir': 'NE', 'score': 0}
 * Selected, based on ranking: {'coords': (3, 4), 'dir': 'NE', 'score': 0}
 * The candidate has value 2.88 and coords (3, 4)
 * Checking direction:
 ---> Trend is: W
 ---> Complex Trend is: {'W': 7.0, 'N': 3.0, 'NW': 2}
 ---> Allowed dirs based on Complex Trend are: ['W', 'SW', 'S']
 ---> Direction NE IS NOT ok! Last was W [last 10: ['W', 'W', 'N', 'W', 'NW', 'N', 'W', 'NW', 'W', 'W']] -- Modifying matrix...
[LINE 4]		nan 		nan 		nan 		nan 		nan 		
[LINE 3]		2.58		2.75		nan 		nan 		nan 		
[LINE 2]		nan 		nan 		-inf		nan 		-inf		
[LINE 1]		nan 		nan 		nan 		nan 		nan 		
[LINE 0]		nan 		nan 		nan 		nan 		nan 		
 * Ranking:
 ---> {'coords': (3, 1), 'dir': 'NW', 'score': 5}
 ---> {'coords': (3, 1), 'dir': 'NW', 'score': 5}
 * Selected, based on ranking: {'coords': (3, 1), 'dir': 'NW', 'score': 5}
 * The candidate has value 2.75 and coords (3, 1)
 * Checking direction:
 ---> Trend is: W
 ---> Complex Trend is: {'W': 7.0, 'N': 3.0, 'NW': 2}
 ---> Allowed dirs based on Complex Trend are: ['W', 'SW', 'S']
 ---> Direction NW IS NOT ok! Last was W [last 10: ['W', 'W', 'N', 'W', 'NW', 'N', 'W', 'NW', 'W', 'W']] -- Modifying matrix...
[LINE 4]		nan 		nan 		nan 		nan 		nan 		
[LINE 3]		2.58		nan 		nan 		nan 		nan 		
[LINE 2]		nan 		nan 		-inf		nan 		-inf		
[LINE 1]		nan 		nan 		nan 		nan 		nan 		
[LINE 0]		nan 		nan 		nan 		nan 		nan 		
 * Ranking:
 ---> {'coords': (3, 0), 'dir': 'NW', 'score': 5}
 ---> {'coords': (3, 0), 'dir': 'NW', 'score': 5}
 * Selected, based on ranking: {'coords': (3, 0), 'dir': 'NW', 'score': 5}
 * The candidate has value 2.58 and coords (3, 0)
 * Checking direction:
 ---> Trend is: W
 ---> Complex Trend is: {'W': 7.0, 'N': 3.0, 'NW': 2}
 ---> Allowed dirs based on Complex Trend are: ['W', 'SW', 'S']
 ---> Direction NW IS NOT ok! Last was W [last 10: ['W', 'W', 'N', 'W', 'NW', 'N', 'W', 'NW', 'W', 'W']] -- Modifying matrix...
[LINE 4]		nan 		nan 		nan 		nan 		nan 		
[LINE 3]		nan 		nan 		nan 		nan 		nan 		
[LINE 2]		nan 		nan 		-inf		nan 		-inf		
[LINE 1]		nan 		nan 		nan 		nan 		nan 		
[LINE 0]		nan 		nan 		nan 		nan 		nan 		
SIAMO NEL VALUEERROR
PROVO CON TT 3
 * Ranking:
 ---> {'coords': (2, 3), 'dir': 'E', 'score': 0}
 ---> {'coords': (2, 3), 'dir': 'E', 'score': 0}
 ---> {'coords': (3, 2), 'dir': 'N', 'score': 11}
 ---> {'coords': (3, 2), 'dir': 'N', 'score': 11}
 ---> {'coords': (3, 3), 'dir': 'NE', 'score': 0}
 ---> {'coords': (3, 3), 'dir': 'NE', 'score': 0}
 ---> {'coords': (3, 4), 'dir': 'NE', 'score': 0}
 ---> {'coords': (3, 4), 'dir': 'NE', 'score': 0}
 * Selected, based on ranking: {'coords': (3, 2), 'dir': 'N', 'score': 11}
 * The candidate has value 2.9 and coords (3, 2)
 * Checking direction:
 ---> Trend is: W
 ---> Complex Trend is: {'W': 7.0, 'N': 3.0, 'NW': 2}
 ---> Allowed dirs based on Complex Trend are: ['W', 'SW', 'S', 'N', 'S']
 ---> Direction N ok (last was W)! -- [Last 10: ['W', 'W', 'N', 'W', 'NW', 'N', 'W', 'NW', 'W', 'W']]
 * Selected element is (3, 2) with value 2.9
Next element is N with direction 2.88
New matrix will be centered on 39,68 with depth 2.88
TREND IS ('W', {'W': 6.0, 'N': 4.0, 'NW': 2}) --- (['W', 'N', 'W', 'NW', 'N', 'W', 'NW', 'W', 'W', 'N'])
============================================================
Iteration 45 with LAT_IDX: 39 and LON_IDX: 68 with DEPTH 2.8781593
 * Adding to the thalweg 39, 68 (depth 2.88)... Let's look at his neighborhood...
 * The extracted matrix is:
[LINE 4]		nan 		nan 		nan 		nan 		nan 		
[LINE 3]		nan 		nan 		nan 		nan 		nan 		
[LINE 2]		2.58		2.75		-inf		2.9 		2.88		
[LINE 1]		nan 		nan 		-inf		2.9 		-inf		
[LINE 0]		nan 		nan 		nan 		nan 		nan 		
 * Ranking:
 ---> {'coords': (1, 3), 'dir': 'SE', 'score': 0}
 ---> {'coords': (1, 3), 'dir': 'SE', 'score': 0}
 ---> {'coords': (2, 3), 'dir': 'E', 'score': 1}
 ---> {'coords': (2, 3), 'dir': 'E', 'score': 1}
 ---> {'coords': (2, 4), 'dir': 'E', 'score': 1}
 ---> {'coords': (2, 4), 'dir': 'E', 'score': 1}
 * Selected, based on ranking: {'coords': (2, 3), 'dir': 'E', 'score': 1}
 * The candidate has value 2.9 and coords (2, 3)
 * Checking direction:
 ---> Trend is: W
 ---> Complex Trend is: {'W': 6.0, 'N': 4.0, 'NW': 2}
 ---> Allowed dirs based on Complex Trend are: ['W', 'SW', 'S']
 ---> Direction E IS NOT ok! Last was N [last 10: ['W', 'N', 'W', 'NW', 'N', 'W', 'NW', 'W', 'W', 'N']] -- Modifying matrix...
[LINE 4]		nan 		nan 		nan 		nan 		nan 		
[LINE 3]		nan 		nan 		nan 		nan 		nan 		
[LINE 2]		2.58		2.75		-inf		nan 		2.88		
[LINE 1]		nan 		nan 		-inf		2.9 		-inf		
[LINE 0]		nan 		nan 		nan 		nan 		nan 		
 * Ranking:
 ---> {'coords': (1, 3), 'dir': 'SE', 'score': 0}
 ---> {'coords': (1, 3), 'dir': 'SE', 'score': 0}
 ---> {'coords': (2, 4), 'dir': 'E', 'score': 1}
 ---> {'coords': (2, 4), 'dir': 'E', 'score': 1}
 * Selected, based on ranking: {'coords': (2, 4), 'dir': 'E', 'score': 1}
 * The candidate has value 2.9 and coords (2, 4)
 * Checking direction:
 ---> Trend is: W
 ---> Complex Trend is: {'W': 6.0, 'N': 4.0, 'NW': 2}
 ---> Allowed dirs based on Complex Trend are: ['W', 'SW', 'S']
 ---> Direction E IS NOT ok! Last was N [last 10: ['W', 'N', 'W', 'NW', 'N', 'W', 'NW', 'W', 'W', 'N']] -- Modifying matrix...
[LINE 4]		nan 		nan 		nan 		nan 		nan 		
[LINE 3]		nan 		nan 		nan 		nan 		nan 		
[LINE 2]		2.58		2.75		-inf		nan 		nan 		
[LINE 1]		nan 		nan 		-inf		2.9 		-inf		
[LINE 0]		nan 		nan 		nan 		nan 		nan 		
 * Ranking:
 ---> {'coords': (1, 3), 'dir': 'SE', 'score': 0}
 ---> {'coords': (1, 3), 'dir': 'SE', 'score': 0}
 * Selected, based on ranking: {'coords': (1, 3), 'dir': 'SE', 'score': 0}
 * The candidate has value 2.9 and coords (1, 3)
 * Checking direction:
 ---> Trend is: W
 ---> Complex Trend is: {'W': 6.0, 'N': 4.0, 'NW': 2}
 ---> Allowed dirs based on Complex Trend are: ['W', 'SW', 'S']
 ---> Direction SE IS NOT ok! Last was N [last 10: ['W', 'N', 'W', 'NW', 'N', 'W', 'NW', 'W', 'W', 'N']] -- Modifying matrix...
[LINE 4]		nan 		nan 		nan 		nan 		nan 		
[LINE 3]		nan 		nan 		nan 		nan 		nan 		
[LINE 2]		2.58		2.75		-inf		nan 		nan 		
[LINE 1]		nan 		nan 		-inf		nan 		-inf		
[LINE 0]		nan 		nan 		nan 		nan 		nan 		
 * Ranking:
 ---> {'coords': (2, 1), 'dir': 'W', 'score': 11}
 ---> {'coords': (2, 1), 'dir': 'W', 'score': 11}
 * Selected, based on ranking: {'coords': (2, 1), 'dir': 'W', 'score': 11}
 * The candidate has value 2.75 and coords (2, 1)
 * Checking direction:
 ---> Trend is: W
 ---> Complex Trend is: {'W': 6.0, 'N': 4.0, 'NW': 2}
 ---> Allowed dirs based on Complex Trend are: ['W', 'SW', 'S']
 ---> Direction W ok (last was N)! -- [Last 10: ['W', 'N', 'W', 'NW', 'N', 'W', 'NW', 'W', 'W', 'N']]
 * Selected element is (2, 1) with value 2.75
Next element is W with direction 2.75
New matrix will be centered on 39,67 with depth 2.75
TREND IS ('W', {'W': 6.0, 'N': 4.0, 'NW': 2}) --- (['N', 'W', 'NW', 'N', 'W', 'NW', 'W', 'W', 'N', 'W'])
============================================================
Iteration 46 with LAT_IDX: 39 and LON_IDX: 67 with DEPTH 2.7529945
 * Adding to the thalweg 39, 67 (depth 2.75)... Let's look at his neighborhood...
 * The extracted matrix is:
[LINE 4]		nan 		nan 		nan 		nan 		nan 		
[LINE 3]		nan 		nan 		nan 		nan 		nan 		
[LINE 2]		2.4 		2.58		-inf		-inf		2.9 		
[LINE 1]		nan 		nan 		nan 		-inf		2.9 		
[LINE 0]		nan 		nan 		nan 		nan 		nan 		
 * Ranking:
 ---> {'coords': (1, 4), 'dir': 'SE', 'score': 0}
 ---> {'coords': (1, 4), 'dir': 'SE', 'score': 0}
 ---> {'coords': (2, 4), 'dir': 'E', 'score': 0}
 ---> {'coords': (2, 4), 'dir': 'E', 'score': 0}
 * Selected, based on ranking: {'coords': (1, 4), 'dir': 'SE', 'score': 0}
 * The candidate has value 2.9 and coords (1, 4)
 * Checking direction:
 ---> Trend is: W
 ---> Complex Trend is: {'W': 6.0, 'N': 4.0, 'NW': 2}
 ---> Allowed dirs based on Complex Trend are: ['W', 'SW', 'S']
 ---> Direction SE IS NOT ok! Last was W [last 10: ['N', 'W', 'NW', 'N', 'W', 'NW', 'W', 'W', 'N', 'W']] -- Modifying matrix...
[LINE 4]		nan 		nan 		nan 		nan 		nan 		
[LINE 3]		nan 		nan 		nan 		nan 		nan 		
[LINE 2]		2.4 		2.58		-inf		-inf		2.9 		
[LINE 1]		nan 		nan 		nan 		-inf		nan 		
[LINE 0]		nan 		nan 		nan 		nan 		nan 		
 * Ranking:
 ---> {'coords': (2, 4), 'dir': 'E', 'score': 0}
 ---> {'coords': (2, 4), 'dir': 'E', 'score': 0}
 * Selected, based on ranking: {'coords': (2, 4), 'dir': 'E', 'score': 0}
 * The candidate has value 2.9 and coords (2, 4)
 * Checking direction:
 ---> Trend is: W
 ---> Complex Trend is: {'W': 6.0, 'N': 4.0, 'NW': 2}
 ---> Allowed dirs based on Complex Trend are: ['W', 'SW', 'S']
 ---> Direction E IS NOT ok! Last was W [last 10: ['N', 'W', 'NW', 'N', 'W', 'NW', 'W', 'W', 'N', 'W']] -- Modifying matrix...
[LINE 4]		nan 		nan 		nan 		nan 		nan 		
[LINE 3]		nan 		nan 		nan 		nan 		nan 		
[LINE 2]		2.4 		2.58		-inf		-inf		nan 		
[LINE 1]		nan 		nan 		nan 		-inf		nan 		
[LINE 0]		nan 		nan 		nan 		nan 		nan 		
 * Ranking:
 ---> {'coords': (2, 1), 'dir': 'W', 'score': 19}
 ---> {'coords': (2, 1), 'dir': 'W', 'score': 19}
 * Selected, based on ranking: {'coords': (2, 1), 'dir': 'W', 'score': 19}
 * The candidate has value 2.58 and coords (2, 1)
 * Checking direction:
 ---> Trend is: W
 ---> Complex Trend is: {'W': 6.0, 'N': 4.0, 'NW': 2}
 ---> Allowed dirs based on Complex Trend are: ['W', 'SW', 'S']
 ---> Direction W ok (last was W)! -- [Last 10: ['N', 'W', 'NW', 'N', 'W', 'NW', 'W', 'W', 'N', 'W']]
 * Selected element is (2, 1) with value 2.58
Next element is W with direction 2.58
New matrix will be centered on 39,66 with depth 2.58
TREND IS ('W', {'W': 7.0, 'NW': 2, 'N': 3.0}) --- (['W', 'NW', 'N', 'W', 'NW', 'W', 'W', 'N', 'W', 'W'])
============================================================
Iteration 47 with LAT_IDX: 39 and LON_IDX: 66 with DEPTH 2.581551
 * Adding to the thalweg 39, 66 (depth 2.58)... Let's look at his neighborhood...
 * The extracted matrix is:
[LINE 4]		nan 		nan 		nan 		nan 		nan 		
[LINE 3]		2.16		nan 		nan 		nan 		nan 		
[LINE 2]		2.2 		2.4 		-inf		-inf		-inf		
[LINE 1]		nan 		nan 		nan 		nan 		-inf		
[LINE 0]		nan 		nan 		nan 		nan 		nan 		
 * Ranking:
 ---> {'coords': (2, 1), 'dir': 'W', 'score': 19}
 ---> {'coords': (2, 1), 'dir': 'W', 'score': 19}
 * Selected, based on ranking: {'coords': (2, 1), 'dir': 'W', 'score': 19}
 * The candidate has value 2.4 and coords (2, 1)
 * Checking direction:
 ---> Trend is: W
 ---> Complex Trend is: {'W': 7.0, 'NW': 2, 'N': 3.0}
 ---> Allowed dirs based on Complex Trend are: ['W', 'SW', 'S']
 ---> Direction W ok (last was W)! -- [Last 10: ['W', 'NW', 'N', 'W', 'NW', 'W', 'W', 'N', 'W', 'W']]
 * Selected element is (2, 1) with value 2.4
Next element is W with direction 2.4
New matrix will be centered on 39,65 with depth 2.4
TREND IS ('W', {'W': 7.0, 'NW': 2, 'N': 3.0}) --- (['NW', 'N', 'W', 'NW', 'W', 'W', 'N', 'W', 'W', 'W'])
============================================================
Iteration 48 with LAT_IDX: 39 and LON_IDX: 65 with DEPTH 2.404441
 * Adding to the thalweg 39, 65 (depth 2.4)... Let's look at his neighborhood...
 * The extracted matrix is:
[LINE 4]		nan 		nan 		nan 		nan 		nan 		
[LINE 3]		2.02		2.16		nan 		nan 		nan 		
[LINE 2]		2.05		2.2 		-inf		-inf		-inf		
[LINE 1]		nan 		nan 		nan 		nan 		nan 		
[LINE 0]		nan 		nan 		nan 		nan 		nan 		
 * Ranking:
 ---> {'coords': (2, 1), 'dir': 'W', 'score': 19}
 ---> {'coords': (2, 1), 'dir': 'W', 'score': 19}
 ---> {'coords': (3, 1), 'dir': 'NW', 'score': 5}
 ---> {'coords': (3, 1), 'dir': 'NW', 'score': 5}
 * Selected, based on ranking: {'coords': (2, 1), 'dir': 'W', 'score': 19}
 * The candidate has value 2.2 and coords (2, 1)
 * Checking direction:
 ---> Trend is: W
 ---> Complex Trend is: {'W': 7.0, 'NW': 2, 'N': 3.0}
 ---> Allowed dirs based on Complex Trend are: ['W', 'SW', 'S']
 ---> Direction W ok (last was W)! -- [Last 10: ['NW', 'N', 'W', 'NW', 'W', 'W', 'N', 'W', 'W', 'W']]
 * Selected element is (2, 1) with value 2.2
Next element is W with direction 2.2
New matrix will be centered on 39,64 with depth 2.2
TREND IS ('W', {'W': 7.5, 'N': 2.5, 'NW': 1}) --- (['N', 'W', 'NW', 'W', 'W', 'N', 'W', 'W', 'W', 'W'])
============================================================
Iteration 49 with LAT_IDX: 39 and LON_IDX: 64 with DEPTH 2.1990263
 * Adding to the thalweg 39, 64 (depth 2.2)... Let's look at his neighborhood...
 * The extracted matrix is:
[LINE 4]		nan 		nan 		nan 		nan 		nan 		
[LINE 3]		1.88		2.02		2.16		nan 		nan 		
[LINE 2]		1.88		2.05		-inf		-inf		-inf		
[LINE 1]		nan 		nan 		nan 		nan 		nan 		
[LINE 0]		nan 		nan 		nan 		nan 		nan 		
 * Ranking:
 ---> {'coords': (3, 2), 'dir': 'N', 'score': 1}
 ---> {'coords': (3, 2), 'dir': 'N', 'score': 1}
 * Selected, based on ranking: {'coords': (3, 2), 'dir': 'N', 'score': 1}
 * The candidate has value 2.16 and coords (3, 2)
 * Checking direction:
 ---> Trend is: W
 ---> Complex Trend is: {'W': 7.5, 'N': 2.5, 'NW': 1}
 ---> Allowed dirs based on Complex Trend are: ['W', 'SW', 'S']
 ---> Direction N IS NOT ok! Last was W [last 10: ['N', 'W', 'NW', 'W', 'W', 'N', 'W', 'W', 'W', 'W']] -- Modifying matrix...
[LINE 4]		nan 		nan 		nan 		nan 		nan 		
[LINE 3]		1.88		2.02		nan 		nan 		nan 		
[LINE 2]		1.88		2.05		-inf		-inf		-inf		
[LINE 1]		nan 		nan 		nan 		nan 		nan 		
[LINE 0]		nan 		nan 		nan 		nan 		nan 		
 * Ranking:
 ---> {'coords': (2, 1), 'dir': 'W', 'score': 19}
 ---> {'coords': (2, 1), 'dir': 'W', 'score': 19}
 ---> {'coords': (3, 1), 'dir': 'NW', 'score': 5}
 ---> {'coords': (3, 1), 'dir': 'NW', 'score': 5}
 * Selected, based on ranking: {'coords': (2, 1), 'dir': 'W', 'score': 19}
 * The candidate has value 2.05 and coords (2, 1)
 * Checking direction:
 ---> Trend is: W
 ---> Complex Trend is: {'W': 7.5, 'N': 2.5, 'NW': 1}
 ---> Allowed dirs based on Complex Trend are: ['W', 'SW', 'S']
 ---> Direction W ok (last was W)! -- [Last 10: ['N', 'W', 'NW', 'W', 'W', 'N', 'W', 'W', 'W', 'W']]
 * Selected element is (2, 1) with value 2.05
Next element is W with direction 2.05
New matrix will be centered on 39,63 with depth 2.05
TREND IS ('W', {'W': 8.5, 'NW': 1, 'N': 1.5}) --- (['W', 'NW', 'W', 'W', 'N', 'W', 'W', 'W', 'W', 'W'])
============================================================
Iteration 50 with LAT_IDX: 39 and LON_IDX: 63 with DEPTH 2.0451498
 * Adding to the thalweg 39, 63 (depth 2.05)... Let's look at his neighborhood...
 * The extracted matrix is:
[LINE 4]		nan 		nan 		nan 		nan 		nan 		
[LINE 3]		nan 		1.88		2.02		2.16		nan 		
[LINE 2]		1.73		1.88		-inf		-inf		-inf		
[LINE 1]		nan 		nan 		nan 		nan 		nan 		
[LINE 0]		nan 		nan 		nan 		nan 		nan 		
 * Ranking:
 ---> {'coords': (3, 3), 'dir': 'NE', 'score': 0}
 ---> {'coords': (3, 3), 'dir': 'NE', 'score': 0}
 * Selected, based on ranking: {'coords': (3, 3), 'dir': 'NE', 'score': 0}
 * The candidate has value 2.16 and coords (3, 3)
 * Checking direction:
 ---> Trend is: W
 ---> Complex Trend is: {'W': 8.5, 'NW': 1, 'N': 1.5}
 ---> Allowed dirs based on Complex Trend are: ['W', 'SW', 'S']
 ---> Direction NE IS NOT ok! Last was W [last 10: ['W', 'NW', 'W', 'W', 'N', 'W', 'W', 'W', 'W', 'W']] -- Modifying matrix...
[LINE 4]		nan 		nan 		nan 		nan 		nan 		
[LINE 3]		nan 		1.88		2.02		nan 		nan 		
[LINE 2]		1.73		1.88		-inf		-inf		-inf		
[LINE 1]		nan 		nan 		nan 		nan 		nan 		
[LINE 0]		nan 		nan 		nan 		nan 		nan 		
 * Ranking:
 ---> {'coords': (3, 2), 'dir': 'N', 'score': 1}
 ---> {'coords': (3, 2), 'dir': 'N', 'score': 1}
 * Selected, based on ranking: {'coords': (3, 2), 'dir': 'N', 'score': 1}
 * The candidate has value 2.02 and coords (3, 2)
 * Checking direction:
 ---> Trend is: W
 ---> Complex Trend is: {'W': 8.5, 'NW': 1, 'N': 1.5}
 ---> Allowed dirs based on Complex Trend are: ['W', 'SW', 'S']
 ---> Direction N IS NOT ok! Last was W [last 10: ['W', 'NW', 'W', 'W', 'N', 'W', 'W', 'W', 'W', 'W']] -- Modifying matrix...
[LINE 4]		nan 		nan 		nan 		nan 		nan 		
[LINE 3]		nan 		1.88		nan 		nan 		nan 		
[LINE 2]		1.73		1.88		-inf		-inf		-inf		
[LINE 1]		nan 		nan 		nan 		nan 		nan 		
[LINE 0]		nan 		nan 		nan 		nan 		nan 		
 * Ranking:
 ---> {'coords': (2, 1), 'dir': 'W', 'score': 19}
 ---> {'coords': (2, 1), 'dir': 'W', 'score': 19}
 ---> {'coords': (3, 1), 'dir': 'NW', 'score': 5}
 ---> {'coords': (3, 1), 'dir': 'NW', 'score': 5}
 * Selected, based on ranking: {'coords': (2, 1), 'dir': 'W', 'score': 19}
 * The candidate has value 1.88 and coords (2, 1)
 * Checking direction:
 ---> Trend is: W
 ---> Complex Trend is: {'W': 8.5, 'NW': 1, 'N': 1.5}
 ---> Allowed dirs based on Complex Trend are: ['W', 'SW', 'S']
 ---> Direction W ok (last was W)! -- [Last 10: ['W', 'NW', 'W', 'W', 'N', 'W', 'W', 'W', 'W', 'W']]
 * Selected element is (2, 1) with value 1.88
Next element is W with direction 1.88
New matrix will be centered on 39,62 with depth 1.88
TREND IS ('W', {'W': 8.5, 'NW': 1, 'N': 1.5}) --- (['NW', 'W', 'W', 'N', 'W', 'W', 'W', 'W', 'W', 'W'])
============================================================
Iteration 51 with LAT_IDX: 39 and LON_IDX: 62 with DEPTH 1.8811016
 * Adding to the thalweg 39, 62 (depth 1.88)... Let's look at his neighborhood...
 * The extracted matrix is:
[LINE 4]		nan 		nan 		nan 		nan 		nan 		
[LINE 3]		nan 		nan 		1.88		2.02		2.16		
[LINE 2]		1.59		1.73		-inf		-inf		-inf		
[LINE 1]		1.56		nan 		nan 		nan 		nan 		
[LINE 0]		nan 		nan 		nan 		nan 		nan 		
 * Ranking:
 ---> {'coords': (3, 4), 'dir': 'NE', 'score': 0}
 ---> {'coords': (3, 4), 'dir': 'NE', 'score': 0}
 * Selected, based on ranking: {'coords': (3, 4), 'dir': 'NE', 'score': 0}
 * The candidate has value 2.16 and coords (3, 4)
 * Checking direction:
 ---> Trend is: W
 ---> Complex Trend is: {'W': 8.5, 'NW': 1, 'N': 1.5}
 ---> Allowed dirs based on Complex Trend are: ['W', 'SW', 'S']
 ---> Direction NE IS NOT ok! Last was W [last 10: ['NW', 'W', 'W', 'N', 'W', 'W', 'W', 'W', 'W', 'W']] -- Modifying matrix...
[LINE 4]		nan 		nan 		nan 		nan 		nan 		
[LINE 3]		nan 		nan 		1.88		2.02		nan 		
[LINE 2]		1.59		1.73		-inf		-inf		-inf		
[LINE 1]		1.56		nan 		nan 		nan 		nan 		
[LINE 0]		nan 		nan 		nan 		nan 		nan 		
 * Ranking:
 ---> {'coords': (3, 3), 'dir': 'NE', 'score': 0}
 ---> {'coords': (3, 3), 'dir': 'NE', 'score': 0}
 * Selected, based on ranking: {'coords': (3, 3), 'dir': 'NE', 'score': 0}
 * The candidate has value 2.02 and coords (3, 3)
 * Checking direction:
 ---> Trend is: W
 ---> Complex Trend is: {'W': 8.5, 'NW': 1, 'N': 1.5}
 ---> Allowed dirs based on Complex Trend are: ['W', 'SW', 'S']
 ---> Direction NE IS NOT ok! Last was W [last 10: ['NW', 'W', 'W', 'N', 'W', 'W', 'W', 'W', 'W', 'W']] -- Modifying matrix...
[LINE 4]		nan 		nan 		nan 		nan 		nan 		
[LINE 3]		nan 		nan 		1.88		nan 		nan 		
[LINE 2]		1.59		1.73		-inf		-inf		-inf		
[LINE 1]		1.56		nan 		nan 		nan 		nan 		
[LINE 0]		nan 		nan 		nan 		nan 		nan 		
 * Ranking:
 ---> {'coords': (3, 2), 'dir': 'N', 'score': 1}
 ---> {'coords': (3, 2), 'dir': 'N', 'score': 1}
 * Selected, based on ranking: {'coords': (3, 2), 'dir': 'N', 'score': 1}
 * The candidate has value 1.88 and coords (3, 2)
 * Checking direction:
 ---> Trend is: W
 ---> Complex Trend is: {'W': 8.5, 'NW': 1, 'N': 1.5}
 ---> Allowed dirs based on Complex Trend are: ['W', 'SW', 'S']
 ---> Direction N IS NOT ok! Last was W [last 10: ['NW', 'W', 'W', 'N', 'W', 'W', 'W', 'W', 'W', 'W']] -- Modifying matrix...
[LINE 4]		nan 		nan 		nan 		nan 		nan 		
[LINE 3]		nan 		nan 		nan 		nan 		nan 		
[LINE 2]		1.59		1.73		-inf		-inf		-inf		
[LINE 1]		1.56		nan 		nan 		nan 		nan 		
[LINE 0]		nan 		nan 		nan 		nan 		nan 		
 * Ranking:
 ---> {'coords': (2, 1), 'dir': 'W', 'score': 19}
 ---> {'coords': (2, 1), 'dir': 'W', 'score': 19}
 * Selected, based on ranking: {'coords': (2, 1), 'dir': 'W', 'score': 19}
 * The candidate has value 1.73 and coords (2, 1)
 * Checking direction:
 ---> Trend is: W
 ---> Complex Trend is: {'W': 8.5, 'NW': 1, 'N': 1.5}
 ---> Allowed dirs based on Complex Trend are: ['W', 'SW', 'S']
 ---> Direction W ok (last was W)! -- [Last 10: ['NW', 'W', 'W', 'N', 'W', 'W', 'W', 'W', 'W', 'W']]
 * Selected element is (2, 1) with value 1.73
Next element is W with direction 1.73
New matrix will be centered on 39,61 with depth 1.73
TREND IS ('W', {'W': 9, 'N': 1}) --- (['W', 'W', 'N', 'W', 'W', 'W', 'W', 'W', 'W', 'W'])
============================================================
Iteration 52 with LAT_IDX: 39 and LON_IDX: 61 with DEPTH 1.7263476
 * Adding to the thalweg 39, 61 (depth 1.73)... Let's look at his neighborhood...
 * The extracted matrix is:
[LINE 4]		nan 		nan 		nan 		nan 		nan 		
[LINE 3]		nan 		nan 		nan 		1.88		2.02		
[LINE 2]		1.42		1.59		-inf		-inf		-inf		
[LINE 1]		1.42		1.56		nan 		nan 		nan 		
[LINE 0]		nan 		nan 		nan 		nan 		nan 		
 * Ranking:
 ---> {'coords': (3, 4), 'dir': 'NE', 'score': 0}
 ---> {'coords': (3, 4), 'dir': 'NE', 'score': 0}
 * Selected, based on ranking: {'coords': (3, 4), 'dir': 'NE', 'score': 0}
 * The candidate has value 2.02 and coords (3, 4)
 * Checking direction:
 ---> Trend is: W
 ---> Complex Trend is: {'W': 9, 'N': 1}
 ---> Allowed dirs based on Complex Trend are: ['W', 'SW', 'S']
 ---> Direction NE IS NOT ok! Last was W [last 10: ['W', 'W', 'N', 'W', 'W', 'W', 'W', 'W', 'W', 'W']] -- Modifying matrix...
[LINE 4]		nan 		nan 		nan 		nan 		nan 		
[LINE 3]		nan 		nan 		nan 		1.88		nan 		
[LINE 2]		1.42		1.59		-inf		-inf		-inf		
[LINE 1]		1.42		1.56		nan 		nan 		nan 		
[LINE 0]		nan 		nan 		nan 		nan 		nan 		
 * Ranking:
 ---> {'coords': (3, 3), 'dir': 'NE', 'score': 0}
 ---> {'coords': (3, 3), 'dir': 'NE', 'score': 0}
 * Selected, based on ranking: {'coords': (3, 3), 'dir': 'NE', 'score': 0}
 * The candidate has value 1.88 and coords (3, 3)
 * Checking direction:
 ---> Trend is: W
 ---> Complex Trend is: {'W': 9, 'N': 1}
 ---> Allowed dirs based on Complex Trend are: ['W', 'SW', 'S']
 ---> Direction NE IS NOT ok! Last was W [last 10: ['W', 'W', 'N', 'W', 'W', 'W', 'W', 'W', 'W', 'W']] -- Modifying matrix...
[LINE 4]		nan 		nan 		nan 		nan 		nan 		
[LINE 3]		nan 		nan 		nan 		nan 		nan 		
[LINE 2]		1.42		1.59		-inf		-inf		-inf		
[LINE 1]		1.42		1.56		nan 		nan 		nan 		
[LINE 0]		nan 		nan 		nan 		nan 		nan 		
 * Ranking:
 ---> {'coords': (1, 1), 'dir': 'SW', 'score': 15}
 ---> {'coords': (1, 1), 'dir': 'SW', 'score': 15}
 ---> {'coords': (2, 1), 'dir': 'W', 'score': 19}
 ---> {'coords': (2, 1), 'dir': 'W', 'score': 19}
 * Selected, based on ranking: {'coords': (2, 1), 'dir': 'W', 'score': 19}
 * The candidate has value 1.59 and coords (2, 1)
 * Checking direction:
 ---> Trend is: W
 ---> Complex Trend is: {'W': 9, 'N': 1}
 ---> Allowed dirs based on Complex Trend are: ['W', 'SW', 'S']
 ---> Direction W ok (last was W)! -- [Last 10: ['W', 'W', 'N', 'W', 'W', 'W', 'W', 'W', 'W', 'W']]
 * Selected element is (2, 1) with value 1.59
Next element is W with direction 1.59
New matrix will be centered on 39,60 with depth 1.59
TREND IS ('W', {'W': 9, 'N': 1}) --- (['W', 'N', 'W', 'W', 'W', 'W', 'W', 'W', 'W', 'W'])
============================================================
Iteration 53 with LAT_IDX: 39 and LON_IDX: 60 with DEPTH 1.587924
 * Adding to the thalweg 39, 60 (depth 1.59)... Let's look at his neighborhood...
 * The extracted matrix is:
[LINE 4]		nan 		nan 		nan 		nan 		nan 		
[LINE 3]		nan 		nan 		nan 		nan 		1.88		
[LINE 2]		1.37		1.42		-inf		-inf		-inf		
[LINE 1]		1.37		1.42		1.56		nan 		nan 		
[LINE 0]		nan 		nan 		nan 		nan 		nan 		
 * Ranking:
 ---> {'coords': (3, 4), 'dir': 'NE', 'score': 0}
 ---> {'coords': (3, 4), 'dir': 'NE', 'score': 0}
 * Selected, based on ranking: {'coords': (3, 4), 'dir': 'NE', 'score': 0}
 * The candidate has value 1.88 and coords (3, 4)
 * Checking direction:
 ---> Trend is: W
 ---> Complex Trend is: {'W': 9, 'N': 1}
 ---> Allowed dirs based on Complex Trend are: ['W', 'SW', 'S']
 ---> Direction NE IS NOT ok! Last was W [last 10: ['W', 'N', 'W', 'W', 'W', 'W', 'W', 'W', 'W', 'W']] -- Modifying matrix...
[LINE 4]		nan 		nan 		nan 		nan 		nan 		
[LINE 3]		nan 		nan 		nan 		nan 		nan 		
[LINE 2]		1.37		1.42		-inf		-inf		-inf		
[LINE 1]		1.37		1.42		1.56		nan 		nan 		
[LINE 0]		nan 		nan 		nan 		nan 		nan 		
 * Ranking:
 ---> {'coords': (1, 2), 'dir': 'S', 'score': 11}
 ---> {'coords': (1, 2), 'dir': 'S', 'score': 11}
 * Selected, based on ranking: {'coords': (1, 2), 'dir': 'S', 'score': 11}
 * The candidate has value 1.56 and coords (1, 2)
 * Checking direction:
 ---> Trend is: W
 ---> Complex Trend is: {'W': 9, 'N': 1}
 ---> Allowed dirs based on Complex Trend are: ['W', 'SW', 'S']
 ---> Direction S ok (last was W)! -- [Last 10: ['W', 'N', 'W', 'W', 'W', 'W', 'W', 'W', 'W', 'W']]
 * Selected element is (1, 2) with value 1.56
Next element is S with direction 1.56
New matrix will be centered on 38,60 with depth 1.56
TREND IS ('W', {'W': 8, 'N': 1, 'S': 1}) --- (['N', 'W', 'W', 'W', 'W', 'W', 'W', 'W', 'W', 'S'])
============================================================
Iteration 54 with LAT_IDX: 38 and LON_IDX: 60 with DEPTH 1.558028
 * Adding to the thalweg 38, 60 (depth 1.56)... Let's look at his neighborhood...
 * The extracted matrix is:
[LINE 4]		nan 		nan 		nan 		nan 		1.88		
[LINE 3]		1.37		1.42		-inf		-inf		-inf		
[LINE 2]		1.37		1.42		-inf		nan 		nan 		
[LINE 1]		nan 		nan 		nan 		nan 		nan 		
[LINE 0]		nan 		nan 		nan 		nan 		nan 		
 * Ranking:
 ---> {'coords': (4, 4), 'dir': 'NE', 'score': 0}
 ---> {'coords': (4, 4), 'dir': 'NE', 'score': 0}
 * Selected, based on ranking: {'coords': (4, 4), 'dir': 'NE', 'score': 0}
 * The candidate has value 1.88 and coords (4, 4)
 * Checking direction:
 ---> Trend is: W
 ---> Complex Trend is: {'W': 8, 'N': 1, 'S': 1}
 ---> Allowed dirs based on Complex Trend are: ['W', 'SW', 'S']
 ---> Direction NE IS NOT ok! Last was S [last 10: ['N', 'W', 'W', 'W', 'W', 'W', 'W', 'W', 'W', 'S']] -- Modifying matrix...
[LINE 4]		nan 		nan 		nan 		nan 		nan 		
[LINE 3]		1.37		1.42		-inf		-inf		-inf		
[LINE 2]		1.37		1.42		-inf		nan 		nan 		
[LINE 1]		nan 		nan 		nan 		nan 		nan 		
[LINE 0]		nan 		nan 		nan 		nan 		nan 		
 * Ranking:
 ---> {'coords': (2, 0), 'dir': 'W', 'score': 11}
 ---> {'coords': (2, 0), 'dir': 'W', 'score': 11}
 ---> {'coords': (2, 1), 'dir': 'W', 'score': 11}
 ---> {'coords': (2, 1), 'dir': 'W', 'score': 11}
 ---> {'coords': (3, 0), 'dir': 'NW', 'score': 0}
 ---> {'coords': (3, 0), 'dir': 'NW', 'score': 0}
 ---> {'coords': (3, 1), 'dir': 'NW', 'score': 0}
 ---> {'coords': (3, 1), 'dir': 'NW', 'score': 0}
 * Selected, based on ranking: {'coords': (2, 0), 'dir': 'W', 'score': 11}
 * The candidate has value 1.42 and coords (2, 0)
 * Checking direction:
 ---> Trend is: W
 ---> Complex Trend is: {'W': 8, 'N': 1, 'S': 1}
 ---> Allowed dirs based on Complex Trend are: ['W', 'SW', 'S']
 ---> Direction W ok (last was S)! -- [Last 10: ['N', 'W', 'W', 'W', 'W', 'W', 'W', 'W', 'W', 'S']]
 * Selected element is (2, 0) with value 1.42
Next element is W with direction 1.37
New matrix will be centered on 38,58 with depth 1.37
TREND IS ('W', {'W': 9, 'S': 1}) --- (['W', 'W', 'W', 'W', 'W', 'W', 'W', 'W', 'S', 'W'])
============================================================
Iteration 55 with LAT_IDX: 38 and LON_IDX: 58 with DEPTH 1.3664451
 * Adding to the thalweg 38, 58 (depth 1.37)... Let's look at his neighborhood...
 * The extracted matrix is:
[LINE 4]		nan 		nan 		nan 		nan 		nan 		
[LINE 3]		1.44		1.37		1.37		1.42		-inf		
[LINE 2]		1.44		1.37		-inf		1.42		-inf		
[LINE 1]		nan 		nan 		nan 		nan 		nan 		
[LINE 0]		nan 		nan 		nan 		nan 		nan 		
 * Ranking:
 ---> {'coords': (2, 0), 'dir': 'W', 'score': 19}
 ---> {'coords': (2, 0), 'dir': 'W', 'score': 19}
 ---> {'coords': (2, 1), 'dir': 'W', 'score': 19}
 ---> {'coords': (2, 1), 'dir': 'W', 'score': 19}
 ---> {'coords': (2, 3), 'dir': 'E', 'score': 0}
 ---> {'coords': (2, 3), 'dir': 'E', 'score': 0}
 ---> {'coords': (3, 0), 'dir': 'NW', 'score': 5}
 ---> {'coords': (3, 0), 'dir': 'NW', 'score': 5}
 ---> {'coords': (3, 1), 'dir': 'NW', 'score': 5}
 ---> {'coords': (3, 1), 'dir': 'NW', 'score': 5}
 ---> {'coords': (3, 2), 'dir': 'N', 'score': 1}
 ---> {'coords': (3, 2), 'dir': 'N', 'score': 1}
 ---> {'coords': (3, 3), 'dir': 'NE', 'score': 0}
 ---> {'coords': (3, 3), 'dir': 'NE', 'score': 0}
 * Selected, based on ranking: {'coords': (2, 0), 'dir': 'W', 'score': 19}
 * The candidate has value 1.44 and coords (2, 0)
 * Checking direction:
 ---> Trend is: W
 ---> Complex Trend is: {'W': 9, 'S': 1}
 ---> Allowed dirs based on Complex Trend are: ['W', 'SW', 'S']
 ---> Direction W ok (last was W)! -- [Last 10: ['W', 'W', 'W', 'W', 'W', 'W', 'W', 'W', 'S', 'W']]
 * Selected element is (2, 0) with value 1.44
Next element is W with direction 1.44
New matrix will be centered on 38,56 with depth 1.44
TREND IS ('W', {'W': 9, 'S': 1}) --- (['W', 'W', 'W', 'W', 'W', 'W', 'W', 'S', 'W', 'W'])
============================================================
Iteration 56 with LAT_IDX: 38 and LON_IDX: 56 with DEPTH 1.4363905
 * Adding to the thalweg 38, 56 (depth 1.44)... Let's look at his neighborhood...
 * The extracted matrix is:
[LINE 4]		nan 		nan 		nan 		nan 		nan 		
[LINE 3]		nan 		nan 		1.44		1.37		1.37		
[LINE 2]		1.82		1.59		-inf		1.37		-inf		
[LINE 1]		1.94		nan 		nan 		nan 		nan 		
[LINE 0]		nan 		nan 		nan 		nan 		nan 		
 * Ranking:
 ---> {'coords': (1, 0), 'dir': 'SW', 'score': 15}
 ---> {'coords': (1, 0), 'dir': 'SW', 'score': 15}
 * Selected, based on ranking: {'coords': (1, 0), 'dir': 'SW', 'score': 15}
 * The candidate has value 1.94 and coords (1, 0)
 * Checking direction:
 ---> Trend is: W
 ---> Complex Trend is: {'W': 9, 'S': 1}
 ---> Allowed dirs based on Complex Trend are: ['W', 'SW', 'S']
 ---> Direction SW ok (last was W)! -- [Last 10: ['W', 'W', 'W', 'W', 'W', 'W', 'W', 'S', 'W', 'W']]
 * Selected element is (1, 0) with value 1.94
Next element is SW with direction 1.94
New matrix will be centered on 37,54 with depth 1.94
TREND IS ('W', {'W': 8.5, 'S': 1.5, 'SW': 1}) --- (['W', 'W', 'W', 'W', 'W', 'W', 'S', 'W', 'W', 'SW'])
============================================================
Iteration 57 with LAT_IDX: 37 and LON_IDX: 54 with DEPTH 1.9389317
 * Adding to the thalweg 37, 54 (depth 1.94)... Let's look at his neighborhood...
 * The extracted matrix is:
[LINE 4]		nan 		nan 		nan 		nan 		1.44		
[LINE 3]		nan 		2.0 		1.82		1.59		-inf		
[LINE 2]		2.38		2.18		-inf		nan 		nan 		
[LINE 1]		2.52		nan 		nan 		nan 		nan 		
[LINE 0]		nan 		nan 		nan 		nan 		nan 		
 * Ranking:
 ---> {'coords': (1, 0), 'dir': 'SW', 'score': 19}
 ---> {'coords': (1, 0), 'dir': 'SW', 'score': 19}
 * Selected, based on ranking: {'coords': (1, 0), 'dir': 'SW', 'score': 19}
 * The candidate has value 2.52 and coords (1, 0)
 * Checking direction:
 ---> Trend is: W
 ---> Complex Trend is: {'W': 8.5, 'S': 1.5, 'SW': 1}
 ---> Allowed dirs based on Complex Trend are: ['W', 'SW', 'S']
 ---> Direction SW ok (last was SW)! -- [Last 10: ['W', 'W', 'W', 'W', 'W', 'W', 'S', 'W', 'W', 'SW']]
 * Selected element is (1, 0) with value 2.52
Next element is SW with direction 2.52
New matrix will be centered on 36,52 with depth 2.52
TREND IS ('W', {'W': 8.0, 'SW': 2, 'S': 2.0}) --- (['W', 'W', 'W', 'W', 'W', 'S', 'W', 'W', 'SW', 'SW'])
============================================================
Iteration 58 with LAT_IDX: 36 and LON_IDX: 52 with DEPTH 2.5171158
 * Adding to the thalweg 36, 52 (depth 2.52)... Let's look at his neighborhood...
 * The extracted matrix is:
[LINE 4]		nan 		nan 		nan 		2.0 		1.82		
[LINE 3]		nan 		2.56		2.38		2.18		-inf		
[LINE 2]		2.73		2.6 		-inf		nan 		nan 		
[LINE 1]		nan 		nan 		nan 		nan 		nan 		
[LINE 0]		nan 		nan 		nan 		nan 		nan 		
 * Ranking:
 ---> {'coords': (2, 0), 'dir': 'W', 'score': 15}
 ---> {'coords': (2, 0), 'dir': 'W', 'score': 15}
 * Selected, based on ranking: {'coords': (2, 0), 'dir': 'W', 'score': 15}
 * The candidate has value 2.73 and coords (2, 0)
 * Checking direction:
 ---> Trend is: W
 ---> Complex Trend is: {'W': 8.0, 'SW': 2, 'S': 2.0}
 ---> Allowed dirs based on Complex Trend are: ['W', 'SW', 'S']
 ---> Direction W ok (last was SW)! -- [Last 10: ['W', 'W', 'W', 'W', 'W', 'S', 'W', 'W', 'SW', 'SW']]
 * Selected element is (2, 0) with value 2.73
Next element is W with direction 2.73
New matrix will be centered on 36,50 with depth 2.73
TREND IS ('W', {'W': 8.0, 'SW': 2, 'S': 2.0}) --- (['W', 'W', 'W', 'W', 'S', 'W', 'W', 'SW', 'SW', 'W'])
============================================================
Iteration 59 with LAT_IDX: 36 and LON_IDX: 50 with DEPTH 2.7251024
 * Adding to the thalweg 36, 50 (depth 2.73)... Let's look at his neighborhood...
 * The extracted matrix is:
[LINE 4]		nan 		nan 		nan 		nan 		nan 		
[LINE 3]		nan 		nan 		nan 		2.56		2.38		
[LINE 2]		2.73		2.76		-inf		2.6 		-inf		
[LINE 1]		nan 		nan 		nan 		nan 		nan 		
[LINE 0]		nan 		nan 		nan 		nan 		nan 		
 * Ranking:
 ---> {'coords': (2, 0), 'dir': 'W', 'score': 19}
 ---> {'coords': (2, 0), 'dir': 'W', 'score': 19}
 ---> {'coords': (2, 1), 'dir': 'W', 'score': 19}
 ---> {'coords': (2, 1), 'dir': 'W', 'score': 19}
 * Selected, based on ranking: {'coords': (2, 0), 'dir': 'W', 'score': 19}
 * The candidate has value 2.76 and coords (2, 0)
 * Checking direction:
 ---> Trend is: W
 ---> Complex Trend is: {'W': 8.0, 'SW': 2, 'S': 2.0}
 ---> Allowed dirs based on Complex Trend are: ['W', 'SW', 'S']
 ---> Direction W ok (last was W)! -- [Last 10: ['W', 'W', 'W', 'W', 'S', 'W', 'W', 'SW', 'SW', 'W']]
 * Selected element is (2, 0) with value 2.76
Next element is W with direction 2.73
New matrix will be centered on 36,48 with depth 2.73
TREND IS ('W', {'W': 8.0, 'SW': 2, 'S': 2.0}) --- (['W', 'W', 'W', 'S', 'W', 'W', 'SW', 'SW', 'W', 'W'])
============================================================
Iteration 60 with LAT_IDX: 36 and LON_IDX: 48 with DEPTH 2.7307687
 * Adding to the thalweg 36, 48 (depth 2.73)... Let's look at his neighborhood...
 * The extracted matrix is:
[LINE 4]		nan 		nan 		nan 		nan 		nan 		
[LINE 3]		nan 		nan 		nan 		nan 		nan 		
[LINE 2]		2.55		2.65		-inf		2.76		-inf		
[LINE 1]		nan 		nan 		nan 		nan 		nan 		
[LINE 0]		nan 		nan 		nan 		nan 		nan 		
 * Ranking:
 ---> {'coords': (2, 3), 'dir': 'E', 'score': 0}
 ---> {'coords': (2, 3), 'dir': 'E', 'score': 0}
 * Selected, based on ranking: {'coords': (2, 3), 'dir': 'E', 'score': 0}
 * The candidate has value 2.76 and coords (2, 3)
 * Checking direction:
 ---> Trend is: W
 ---> Complex Trend is: {'W': 8.0, 'SW': 2, 'S': 2.0}
 ---> Allowed dirs based on Complex Trend are: ['W', 'SW', 'S']
 ---> Direction E IS NOT ok! Last was W [last 10: ['W', 'W', 'W', 'S', 'W', 'W', 'SW', 'SW', 'W', 'W']] -- Modifying matrix...
[LINE 4]		nan 		nan 		nan 		nan 		nan 		
[LINE 3]		nan 		nan 		nan 		nan 		nan 		
[LINE 2]		2.55		2.65		-inf		nan 		-inf		
[LINE 1]		nan 		nan 		nan 		nan 		nan 		
[LINE 0]		nan 		nan 		nan 		nan 		nan 		
 * Ranking:
 ---> {'coords': (2, 1), 'dir': 'W', 'score': 19}
 ---> {'coords': (2, 1), 'dir': 'W', 'score': 19}
 * Selected, based on ranking: {'coords': (2, 1), 'dir': 'W', 'score': 19}
 * The candidate has value 2.65 and coords (2, 1)
 * Checking direction:
 ---> Trend is: W
 ---> Complex Trend is: {'W': 8.0, 'SW': 2, 'S': 2.0}
 ---> Allowed dirs based on Complex Trend are: ['W', 'SW', 'S']
 ---> Direction W ok (last was W)! -- [Last 10: ['W', 'W', 'W', 'S', 'W', 'W', 'SW', 'SW', 'W', 'W']]
 * Selected element is (2, 1) with value 2.65
Next element is W with direction 2.65
New matrix will be centered on 36,47 with depth 2.65
TREND IS ('W', {'W': 8.0, 'SW': 2, 'S': 2.0}) --- (['W', 'W', 'S', 'W', 'W', 'SW', 'SW', 'W', 'W', 'W'])
============================================================
Iteration 61 with LAT_IDX: 36 and LON_IDX: 47 with DEPTH 2.6544607
 * Adding to the thalweg 36, 47 (depth 2.65)... Let's look at his neighborhood...
 * The extracted matrix is:
[LINE 4]		nan 		nan 		nan 		nan 		nan 		
[LINE 3]		nan 		nan 		nan 		nan 		nan 		
[LINE 2]		2.46		2.55		-inf		-inf		2.76		
[LINE 1]		2.46		nan 		nan 		nan 		nan 		
[LINE 0]		nan 		nan 		nan 		nan 		nan 		
 * Ranking:
 ---> {'coords': (2, 4), 'dir': 'E', 'score': 0}
 ---> {'coords': (2, 4), 'dir': 'E', 'score': 0}
 * Selected, based on ranking: {'coords': (2, 4), 'dir': 'E', 'score': 0}
 * The candidate has value 2.76 and coords (2, 4)
 * Checking direction:
 ---> Trend is: W
 ---> Complex Trend is: {'W': 8.0, 'SW': 2, 'S': 2.0}
 ---> Allowed dirs based on Complex Trend are: ['W', 'SW', 'S']
 ---> Direction E IS NOT ok! Last was W [last 10: ['W', 'W', 'S', 'W', 'W', 'SW', 'SW', 'W', 'W', 'W']] -- Modifying matrix...
[LINE 4]		nan 		nan 		nan 		nan 		nan 		
[LINE 3]		nan 		nan 		nan 		nan 		nan 		
[LINE 2]		2.46		2.55		-inf		-inf		nan 		
[LINE 1]		2.46		nan 		nan 		nan 		nan 		
[LINE 0]		nan 		nan 		nan 		nan 		nan 		
 * Ranking:
 ---> {'coords': (1, 0), 'dir': 'SW', 'score': 15}
 ---> {'coords': (1, 0), 'dir': 'SW', 'score': 15}
 ---> {'coords': (2, 0), 'dir': 'W', 'score': 19}
 ---> {'coords': (2, 0), 'dir': 'W', 'score': 19}
 ---> {'coords': (2, 1), 'dir': 'W', 'score': 19}
 ---> {'coords': (2, 1), 'dir': 'W', 'score': 19}
 * Selected, based on ranking: {'coords': (2, 0), 'dir': 'W', 'score': 19}
 * The candidate has value 2.55 and coords (2, 0)
 * Checking direction:
 ---> Trend is: W
 ---> Complex Trend is: {'W': 8.0, 'SW': 2, 'S': 2.0}
 ---> Allowed dirs based on Complex Trend are: ['W', 'SW', 'S']
 ---> Direction W ok (last was W)! -- [Last 10: ['W', 'W', 'S', 'W', 'W', 'SW', 'SW', 'W', 'W', 'W']]
 * Selected element is (2, 0) with value 2.55
Next element is W with direction 2.46
New matrix will be centered on 36,45 with depth 2.46
TREND IS ('W', {'W': 8.0, 'SW': 2, 'S': 2.0}) --- (['W', 'S', 'W', 'W', 'SW', 'SW', 'W', 'W', 'W', 'W'])
============================================================
Iteration 62 with LAT_IDX: 36 and LON_IDX: 45 with DEPTH 2.460877
 * Adding to the thalweg 36, 45 (depth 2.46)... Let's look at his neighborhood...
 * The extracted matrix is:
[LINE 4]		nan 		nan 		nan 		nan 		nan 		
[LINE 3]		nan 		nan 		nan 		nan 		nan 		
[LINE 2]		2.39		2.39		-inf		2.55		-inf		
[LINE 1]		2.39		2.38		2.46		nan 		nan 		
[LINE 0]		nan 		nan 		nan 		nan 		nan 		
 * Ranking:
 ---> {'coords': (1, 2), 'dir': 'S', 'score': 11}
 ---> {'coords': (1, 2), 'dir': 'S', 'score': 11}
 ---> {'coords': (2, 3), 'dir': 'E', 'score': 0}
 ---> {'coords': (2, 3), 'dir': 'E', 'score': 0}
 * Selected, based on ranking: {'coords': (1, 2), 'dir': 'S', 'score': 11}
 * The candidate has value 2.55 and coords (1, 2)
 * Checking direction:
 ---> Trend is: W
 ---> Complex Trend is: {'W': 8.0, 'SW': 2, 'S': 2.0}
 ---> Allowed dirs based on Complex Trend are: ['W', 'SW', 'S']
 ---> Direction S ok (last was W)! -- [Last 10: ['W', 'S', 'W', 'W', 'SW', 'SW', 'W', 'W', 'W', 'W']]
 * Selected element is (1, 2) with value 2.55
Next element is S with direction 2.46
New matrix will be centered on 35,45 with depth 2.46
TREND IS ('W', {'W': 7.0, 'S': 3.0, 'SW': 2}) --- (['S', 'W', 'W', 'SW', 'SW', 'W', 'W', 'W', 'W', 'S'])
============================================================
Iteration 63 with LAT_IDX: 35 and LON_IDX: 45 with DEPTH 2.4577992
 * Adding to the thalweg 35, 45 (depth 2.46)... Let's look at his neighborhood...
 * The extracted matrix is:
[LINE 4]		nan 		nan 		nan 		nan 		nan 		
[LINE 3]		2.39		2.39		-inf		2.55		-inf		
[LINE 2]		2.39		2.38		-inf		nan 		nan 		
[LINE 1]		nan 		nan 		nan 		nan 		nan 		
[LINE 0]		nan 		nan 		nan 		nan 		nan 		
 * Ranking:
 ---> {'coords': (3, 3), 'dir': 'NE', 'score': 0}
 ---> {'coords': (3, 3), 'dir': 'NE', 'score': 0}
 * Selected, based on ranking: {'coords': (3, 3), 'dir': 'NE', 'score': 0}
 * The candidate has value 2.55 and coords (3, 3)
 * Checking direction:
 ---> Trend is: W
 ---> Complex Trend is: {'W': 7.0, 'S': 3.0, 'SW': 2}
 ---> Allowed dirs based on Complex Trend are: ['W', 'SW', 'S']
 ---> Direction NE IS NOT ok! Last was S [last 10: ['S', 'W', 'W', 'SW', 'SW', 'W', 'W', 'W', 'W', 'S']] -- Modifying matrix...
[LINE 4]		nan 		nan 		nan 		nan 		nan 		
[LINE 3]		2.39		2.39		-inf		nan 		-inf		
[LINE 2]		2.39		2.38		-inf		nan 		nan 		
[LINE 1]		nan 		nan 		nan 		nan 		nan 		
[LINE 0]		nan 		nan 		nan 		nan 		nan 		
 * Ranking:
 ---> {'coords': (2, 0), 'dir': 'W', 'score': 11}
 ---> {'coords': (2, 0), 'dir': 'W', 'score': 11}
 ---> {'coords': (2, 1), 'dir': 'W', 'score': 11}
 ---> {'coords': (2, 1), 'dir': 'W', 'score': 11}
 ---> {'coords': (3, 0), 'dir': 'NW', 'score': 0}
 ---> {'coords': (3, 0), 'dir': 'NW', 'score': 0}
 ---> {'coords': (3, 1), 'dir': 'NW', 'score': 0}
 ---> {'coords': (3, 1), 'dir': 'NW', 'score': 0}
 * Selected, based on ranking: {'coords': (2, 0), 'dir': 'W', 'score': 11}
 * The candidate has value 2.39 and coords (2, 0)
 * Checking direction:
 ---> Trend is: W
 ---> Complex Trend is: {'W': 7.0, 'S': 3.0, 'SW': 2}
 ---> Allowed dirs based on Complex Trend are: ['W', 'SW', 'S']
 ---> Direction W ok (last was S)! -- [Last 10: ['S', 'W', 'W', 'SW', 'SW', 'W', 'W', 'W', 'W', 'S']]
 * Selected element is (2, 0) with value 2.39
Next element is W with direction 2.39
New matrix will be centered on 35,43 with depth 2.39
TREND IS ('W', {'W': 8.0, 'SW': 2, 'S': 2.0}) --- (['W', 'W', 'SW', 'SW', 'W', 'W', 'W', 'W', 'S', 'W'])
============================================================
Iteration 64 with LAT_IDX: 35 and LON_IDX: 43 with DEPTH 2.3902442
 * Adding to the thalweg 35, 43 (depth 2.39)... Let's look at his neighborhood...
 * The extracted matrix is:
[LINE 4]		nan 		nan 		nan 		nan 		nan 		
[LINE 3]		2.54		2.44		2.39		2.39		-inf		
[LINE 2]		2.52		2.45		-inf		2.38		-inf		
[LINE 1]		nan 		nan 		nan 		nan 		nan 		
[LINE 0]		nan 		nan 		nan 		nan 		nan 		
 * Ranking:
 ---> {'coords': (2, 0), 'dir': 'W', 'score': 19}
 ---> {'coords': (2, 0), 'dir': 'W', 'score': 19}
 ---> {'coords': (2, 1), 'dir': 'W', 'score': 19}
 ---> {'coords': (2, 1), 'dir': 'W', 'score': 19}
 ---> {'coords': (3, 0), 'dir': 'NW', 'score': 5}
 ---> {'coords': (3, 0), 'dir': 'NW', 'score': 5}
 ---> {'coords': (3, 1), 'dir': 'NW', 'score': 5}
 ---> {'coords': (3, 1), 'dir': 'NW', 'score': 5}
 * Selected, based on ranking: {'coords': (2, 0), 'dir': 'W', 'score': 19}
 * The candidate has value 2.54 and coords (2, 0)
 * Checking direction:
 ---> Trend is: W
 ---> Complex Trend is: {'W': 8.0, 'SW': 2, 'S': 2.0}
 ---> Allowed dirs based on Complex Trend are: ['W', 'SW', 'S']
 ---> Direction W ok (last was W)! -- [Last 10: ['W', 'W', 'SW', 'SW', 'W', 'W', 'W', 'W', 'S', 'W']]
 * Selected element is (2, 0) with value 2.54
Next element is W with direction 2.52
New matrix will be centered on 35,41 with depth 2.52
TREND IS ('W', {'W': 8.0, 'SW': 2, 'S': 2.0}) --- (['W', 'SW', 'SW', 'W', 'W', 'W', 'W', 'S', 'W', 'W'])
============================================================
Iteration 65 with LAT_IDX: 35 and LON_IDX: 41 with DEPTH 2.5185175
 * Adding to the thalweg 35, 41 (depth 2.52)... Let's look at his neighborhood...
 * The extracted matrix is:
[LINE 4]		2.64		nan 		nan 		nan 		nan 		
[LINE 3]		2.64		2.62		2.54		2.44		2.39		
[LINE 2]		nan 		2.59		-inf		2.45		-inf		
[LINE 1]		nan 		nan 		nan 		nan 		nan 		
[LINE 0]		nan 		nan 		nan 		nan 		nan 		
 * Ranking:
 ---> {'coords': (2, 1), 'dir': 'W', 'score': 19}
 ---> {'coords': (2, 1), 'dir': 'W', 'score': 19}
 ---> {'coords': (3, 0), 'dir': 'NW', 'score': 5}
 ---> {'coords': (3, 0), 'dir': 'NW', 'score': 5}
 ---> {'coords': (3, 1), 'dir': 'NW', 'score': 5}
 ---> {'coords': (3, 1), 'dir': 'NW', 'score': 5}
 ---> {'coords': (4, 0), 'dir': 'NW', 'score': 5}
 ---> {'coords': (4, 0), 'dir': 'NW', 'score': 5}
 * Selected, based on ranking: {'coords': (2, 1), 'dir': 'W', 'score': 19}
 * The candidate has value 2.64 and coords (2, 1)
 * Checking direction:
 ---> Trend is: W
 ---> Complex Trend is: {'W': 8.0, 'SW': 2, 'S': 2.0}
 ---> Allowed dirs based on Complex Trend are: ['W', 'SW', 'S']
 ---> Direction W ok (last was W)! -- [Last 10: ['W', 'SW', 'SW', 'W', 'W', 'W', 'W', 'S', 'W', 'W']]
 * Selected element is (2, 1) with value 2.64
Next element is W with direction 2.59
New matrix will be centered on 35,40 with depth 2.59
TREND IS ('W', {'W': 8.0, 'SW': 2, 'S': 2.0}) --- (['SW', 'SW', 'W', 'W', 'W', 'W', 'S', 'W', 'W', 'W'])
============================================================
Iteration 66 with LAT_IDX: 35 and LON_IDX: 40 with DEPTH 2.5907187
 * Adding to the thalweg 35, 40 (depth 2.59)... Let's look at his neighborhood...
 * The extracted matrix is:
[LINE 4]		2.64		2.64		nan 		nan 		nan 		
[LINE 3]		2.64		2.64		2.62		2.54		2.44		
[LINE 2]		nan 		nan 		-inf		-inf		2.45		
[LINE 1]		nan 		nan 		nan 		nan 		nan 		
[LINE 0]		nan 		nan 		nan 		nan 		nan 		
 * Ranking:
 ---> {'coords': (3, 0), 'dir': 'NW', 'score': 5}
 ---> {'coords': (3, 0), 'dir': 'NW', 'score': 5}
 ---> {'coords': (3, 1), 'dir': 'NW', 'score': 5}
 ---> {'coords': (3, 1), 'dir': 'NW', 'score': 5}
 ---> {'coords': (3, 2), 'dir': 'N', 'score': 1}
 ---> {'coords': (3, 2), 'dir': 'N', 'score': 1}
 ---> {'coords': (4, 0), 'dir': 'NW', 'score': 5}
 ---> {'coords': (4, 0), 'dir': 'NW', 'score': 5}
 ---> {'coords': (4, 1), 'dir': 'NW', 'score': 5}
 ---> {'coords': (4, 1), 'dir': 'NW', 'score': 5}
 * Selected, based on ranking: {'coords': (3, 0), 'dir': 'NW', 'score': 5}
 * The candidate has value 2.64 and coords (3, 0)
 * Checking direction:
 ---> Trend is: W
 ---> Complex Trend is: {'W': 8.0, 'SW': 2, 'S': 2.0}
 ---> Allowed dirs based on Complex Trend are: ['W', 'SW', 'S']
 ---> Direction NW IS NOT ok! Last was W [last 10: ['SW', 'SW', 'W', 'W', 'W', 'W', 'S', 'W', 'W', 'W']] -- Modifying matrix...
[LINE 4]		2.64		2.64		nan 		nan 		nan 		
[LINE 3]		nan 		2.64		2.62		2.54		2.44		
[LINE 2]		nan 		nan 		-inf		-inf		2.45		
[LINE 1]		nan 		nan 		nan 		nan 		nan 		
[LINE 0]		nan 		nan 		nan 		nan 		nan 		
 * Ranking:
 ---> {'coords': (3, 1), 'dir': 'NW', 'score': 5}
 ---> {'coords': (3, 1), 'dir': 'NW', 'score': 5}
 ---> {'coords': (3, 2), 'dir': 'N', 'score': 1}
 ---> {'coords': (3, 2), 'dir': 'N', 'score': 1}
 ---> {'coords': (4, 0), 'dir': 'NW', 'score': 5}
 ---> {'coords': (4, 0), 'dir': 'NW', 'score': 5}
 ---> {'coords': (4, 1), 'dir': 'NW', 'score': 5}
 ---> {'coords': (4, 1), 'dir': 'NW', 'score': 5}
 * Selected, based on ranking: {'coords': (3, 1), 'dir': 'NW', 'score': 5}
 * The candidate has value 2.64 and coords (3, 1)
 * Checking direction:
 ---> Trend is: W
 ---> Complex Trend is: {'W': 8.0, 'SW': 2, 'S': 2.0}
 ---> Allowed dirs based on Complex Trend are: ['W', 'SW', 'S']
 ---> Direction NW IS NOT ok! Last was W [last 10: ['SW', 'SW', 'W', 'W', 'W', 'W', 'S', 'W', 'W', 'W']] -- Modifying matrix...
[LINE 4]		2.64		2.64		nan 		nan 		nan 		
[LINE 3]		nan 		nan 		2.62		2.54		2.44		
[LINE 2]		nan 		nan 		-inf		-inf		2.45		
[LINE 1]		nan 		nan 		nan 		nan 		nan 		
[LINE 0]		nan 		nan 		nan 		nan 		nan 		
 * Ranking:
 ---> {'coords': (3, 2), 'dir': 'N', 'score': 1}
 ---> {'coords': (3, 2), 'dir': 'N', 'score': 1}
 ---> {'coords': (4, 0), 'dir': 'NW', 'score': 5}
 ---> {'coords': (4, 0), 'dir': 'NW', 'score': 5}
 ---> {'coords': (4, 1), 'dir': 'NW', 'score': 5}
 ---> {'coords': (4, 1), 'dir': 'NW', 'score': 5}
 * Selected, based on ranking: {'coords': (4, 0), 'dir': 'NW', 'score': 5}
 * The candidate has value 2.64 and coords (4, 0)
 * Checking direction:
 ---> Trend is: W
 ---> Complex Trend is: {'W': 8.0, 'SW': 2, 'S': 2.0}
 ---> Allowed dirs based on Complex Trend are: ['W', 'SW', 'S']
 ---> Direction NW IS NOT ok! Last was W [last 10: ['SW', 'SW', 'W', 'W', 'W', 'W', 'S', 'W', 'W', 'W']] -- Modifying matrix...
[LINE 4]		nan 		2.64		nan 		nan 		nan 		
[LINE 3]		nan 		nan 		2.62		2.54		2.44		
[LINE 2]		nan 		nan 		-inf		-inf		2.45		
[LINE 1]		nan 		nan 		nan 		nan 		nan 		
[LINE 0]		nan 		nan 		nan 		nan 		nan 		
 * Ranking:
 ---> {'coords': (3, 2), 'dir': 'N', 'score': 1}
 ---> {'coords': (3, 2), 'dir': 'N', 'score': 1}
 ---> {'coords': (4, 1), 'dir': 'NW', 'score': 5}
 ---> {'coords': (4, 1), 'dir': 'NW', 'score': 5}
 * Selected, based on ranking: {'coords': (4, 1), 'dir': 'NW', 'score': 5}
 * The candidate has value 2.64 and coords (4, 1)
 * Checking direction:
 ---> Trend is: W
 ---> Complex Trend is: {'W': 8.0, 'SW': 2, 'S': 2.0}
 ---> Allowed dirs based on Complex Trend are: ['W', 'SW', 'S']
 ---> Direction NW IS NOT ok! Last was W [last 10: ['SW', 'SW', 'W', 'W', 'W', 'W', 'S', 'W', 'W', 'W']] -- Modifying matrix...
[LINE 4]		nan 		nan 		nan 		nan 		nan 		
[LINE 3]		nan 		nan 		2.62		2.54		2.44		
[LINE 2]		nan 		nan 		-inf		-inf		2.45		
[LINE 1]		nan 		nan 		nan 		nan 		nan 		
[LINE 0]		nan 		nan 		nan 		nan 		nan 		
 * Ranking:
 ---> {'coords': (3, 2), 'dir': 'N', 'score': 1}
 ---> {'coords': (3, 2), 'dir': 'N', 'score': 1}
 ---> {'coords': (3, 3), 'dir': 'NE', 'score': 0}
 ---> {'coords': (3, 3), 'dir': 'NE', 'score': 0}
 * Selected, based on ranking: {'coords': (3, 2), 'dir': 'N', 'score': 1}
 * The candidate has value 2.62 and coords (3, 2)
 * Checking direction:
 ---> Trend is: W
 ---> Complex Trend is: {'W': 8.0, 'SW': 2, 'S': 2.0}
 ---> Allowed dirs based on Complex Trend are: ['W', 'SW', 'S']
 ---> Direction N IS NOT ok! Last was W [last 10: ['SW', 'SW', 'W', 'W', 'W', 'W', 'S', 'W', 'W', 'W']] -- Modifying matrix...
[LINE 4]		nan 		nan 		nan 		nan 		nan 		
[LINE 3]		nan 		nan 		nan 		2.54		2.44		
[LINE 2]		nan 		nan 		-inf		-inf		2.45		
[LINE 1]		nan 		nan 		nan 		nan 		nan 		
[LINE 0]		nan 		nan 		nan 		nan 		nan 		
 * Ranking:
 ---> {'coords': (2, 4), 'dir': 'E', 'score': 0}
 ---> {'coords': (2, 4), 'dir': 'E', 'score': 0}
 ---> {'coords': (3, 3), 'dir': 'NE', 'score': 0}
 ---> {'coords': (3, 3), 'dir': 'NE', 'score': 0}
 ---> {'coords': (3, 4), 'dir': 'NE', 'score': 0}
 ---> {'coords': (3, 4), 'dir': 'NE', 'score': 0}
 * Selected, based on ranking: {'coords': (2, 4), 'dir': 'E', 'score': 0}
 * The candidate has value 2.54 and coords (2, 4)
 * Checking direction:
 ---> Trend is: W
 ---> Complex Trend is: {'W': 8.0, 'SW': 2, 'S': 2.0}
 ---> Allowed dirs based on Complex Trend are: ['W', 'SW', 'S']
 ---> Direction E IS NOT ok! Last was W [last 10: ['SW', 'SW', 'W', 'W', 'W', 'W', 'S', 'W', 'W', 'W']] -- Modifying matrix...
[LINE 4]		nan 		nan 		nan 		nan 		nan 		
[LINE 3]		nan 		nan 		nan 		2.54		2.44		
[LINE 2]		nan 		nan 		-inf		-inf		nan 		
[LINE 1]		nan 		nan 		nan 		nan 		nan 		
[LINE 0]		nan 		nan 		nan 		nan 		nan 		
 * Ranking:
 ---> {'coords': (3, 3), 'dir': 'NE', 'score': 0}
 ---> {'coords': (3, 3), 'dir': 'NE', 'score': 0}
 ---> {'coords': (3, 4), 'dir': 'NE', 'score': 0}
 ---> {'coords': (3, 4), 'dir': 'NE', 'score': 0}
 * Selected, based on ranking: {'coords': (3, 3), 'dir': 'NE', 'score': 0}
 * The candidate has value 2.54 and coords (3, 3)
 * Checking direction:
 ---> Trend is: W
 ---> Complex Trend is: {'W': 8.0, 'SW': 2, 'S': 2.0}
 ---> Allowed dirs based on Complex Trend are: ['W', 'SW', 'S']
 ---> Direction NE IS NOT ok! Last was W [last 10: ['SW', 'SW', 'W', 'W', 'W', 'W', 'S', 'W', 'W', 'W']] -- Modifying matrix...
[LINE 4]		nan 		nan 		nan 		nan 		nan 		
[LINE 3]		nan 		nan 		nan 		nan 		2.44		
[LINE 2]		nan 		nan 		-inf		-inf		nan 		
[LINE 1]		nan 		nan 		nan 		nan 		nan 		
[LINE 0]		nan 		nan 		nan 		nan 		nan 		
 * Ranking:
 ---> {'coords': (3, 4), 'dir': 'NE', 'score': 0}
 ---> {'coords': (3, 4), 'dir': 'NE', 'score': 0}
 * Selected, based on ranking: {'coords': (3, 4), 'dir': 'NE', 'score': 0}
 * The candidate has value 2.44 and coords (3, 4)
 * Checking direction:
 ---> Trend is: W
 ---> Complex Trend is: {'W': 8.0, 'SW': 2, 'S': 2.0}
 ---> Allowed dirs based on Complex Trend are: ['W', 'SW', 'S']
 ---> Direction NE IS NOT ok! Last was W [last 10: ['SW', 'SW', 'W', 'W', 'W', 'W', 'S', 'W', 'W', 'W']] -- Modifying matrix...
[LINE 4]		nan 		nan 		nan 		nan 		nan 		
[LINE 3]		nan 		nan 		nan 		nan 		nan 		
[LINE 2]		nan 		nan 		-inf		-inf		nan 		
[LINE 1]		nan 		nan 		nan 		nan 		nan 		
[LINE 0]		nan 		nan 		nan 		nan 		nan 		
SIAMO NEL VALUEERROR
PROVO CON TT 3
 * Ranking:
 ---> {'coords': (3, 0), 'dir': 'NW', 'score': 5}
 ---> {'coords': (3, 0), 'dir': 'NW', 'score': 5}
 ---> {'coords': (3, 1), 'dir': 'NW', 'score': 5}
 ---> {'coords': (3, 1), 'dir': 'NW', 'score': 5}
 ---> {'coords': (3, 2), 'dir': 'N', 'score': 11}
 ---> {'coords': (3, 2), 'dir': 'N', 'score': 11}
 ---> {'coords': (4, 0), 'dir': 'NW', 'score': 5}
 ---> {'coords': (4, 0), 'dir': 'NW', 'score': 5}
 ---> {'coords': (4, 1), 'dir': 'NW', 'score': 5}
 ---> {'coords': (4, 1), 'dir': 'NW', 'score': 5}
 * Selected, based on ranking: {'coords': (3, 2), 'dir': 'N', 'score': 11}
 * The candidate has value 2.64 and coords (3, 2)
 * Checking direction:
 ---> Trend is: W
 ---> Complex Trend is: {'W': 8.0, 'SW': 2, 'S': 2.0}
 ---> Allowed dirs based on Complex Trend are: ['W', 'SW', 'S', 'N', 'S']
 ---> Direction N ok (last was W)! -- [Last 10: ['SW', 'SW', 'W', 'W', 'W', 'W', 'S', 'W', 'W', 'W']]
 * Selected element is (3, 2) with value 2.64
Next element is N with direction 2.62
New matrix will be centered on 36,40 with depth 2.62
TREND IS ('W', {'W': 7.5, 'SW': 1, 'S': 1.5, 'N': 1}) --- (['SW', 'W', 'W', 'W', 'W', 'S', 'W', 'W', 'W', 'N'])
============================================================
Iteration 67 with LAT_IDX: 36 and LON_IDX: 40 with DEPTH 2.61687
 * Adding to the thalweg 36, 40 (depth 2.62)... Let's look at his neighborhood...
 * The extracted matrix is:
[LINE 4]		nan 		nan 		nan 		nan 		nan 		
[LINE 3]		2.64		2.64		nan 		nan 		nan 		
[LINE 2]		2.64		2.64		-inf		2.54		2.44		
[LINE 1]		nan 		nan 		-inf		-inf		2.45		
[LINE 0]		nan 		nan 		nan 		nan 		nan 		
 * Ranking:
 ---> {'coords': (2, 0), 'dir': 'W', 'score': 11}
 ---> {'coords': (2, 0), 'dir': 'W', 'score': 11}
 ---> {'coords': (2, 1), 'dir': 'W', 'score': 11}
 ---> {'coords': (2, 1), 'dir': 'W', 'score': 11}
 ---> {'coords': (3, 0), 'dir': 'NW', 'score': 5}
 ---> {'coords': (3, 0), 'dir': 'NW', 'score': 5}
 ---> {'coords': (3, 1), 'dir': 'NW', 'score': 5}
 ---> {'coords': (3, 1), 'dir': 'NW', 'score': 5}
 * Selected, based on ranking: {'coords': (2, 0), 'dir': 'W', 'score': 11}
 * The candidate has value 2.64 and coords (2, 0)
 * Checking direction:
 ---> Trend is: W
 ---> Complex Trend is: {'W': 7.5, 'SW': 1, 'S': 1.5, 'N': 1}
 ---> Allowed dirs based on Complex Trend are: ['W', 'SW', 'S']
 ---> Direction W ok (last was N)! -- [Last 10: ['SW', 'W', 'W', 'W', 'W', 'S', 'W', 'W', 'W', 'N']]
 * Selected element is (2, 0) with value 2.64
Next element is W with direction 2.64
New matrix will be centered on 36,38 with depth 2.64
TREND IS ('W', {'W': 8, 'S': 1, 'N': 1}) --- (['W', 'W', 'W', 'W', 'S', 'W', 'W', 'W', 'N', 'W'])
============================================================
Iteration 68 with LAT_IDX: 36 and LON_IDX: 38 with DEPTH 2.6414218
 * Adding to the thalweg 36, 38 (depth 2.64)... Let's look at his neighborhood...
 * The extracted matrix is:
[LINE 4]		nan 		nan 		nan 		nan 		nan 		
[LINE 3]		2.66		2.65		2.64		2.64		nan 		
[LINE 2]		2.67		2.65		-inf		2.64		-inf		
[LINE 1]		nan 		nan 		nan 		nan 		-inf		
[LINE 0]		nan 		nan 		nan 		nan 		nan 		
 * Ranking:
 ---> {'coords': (2, 0), 'dir': 'W', 'score': 19}
 ---> {'coords': (2, 0), 'dir': 'W', 'score': 19}
 ---> {'coords': (2, 1), 'dir': 'W', 'score': 19}
 ---> {'coords': (2, 1), 'dir': 'W', 'score': 19}
 ---> {'coords': (2, 3), 'dir': 'E', 'score': 0}
 ---> {'coords': (2, 3), 'dir': 'E', 'score': 0}
 ---> {'coords': (3, 0), 'dir': 'NW', 'score': 5}
 ---> {'coords': (3, 0), 'dir': 'NW', 'score': 5}
 ---> {'coords': (3, 1), 'dir': 'NW', 'score': 5}
 ---> {'coords': (3, 1), 'dir': 'NW', 'score': 5}
 ---> {'coords': (3, 2), 'dir': 'N', 'score': 1}
 ---> {'coords': (3, 2), 'dir': 'N', 'score': 1}
 ---> {'coords': (3, 3), 'dir': 'NE', 'score': 0}
 ---> {'coords': (3, 3), 'dir': 'NE', 'score': 0}
 * Selected, based on ranking: {'coords': (2, 0), 'dir': 'W', 'score': 19}
 * The candidate has value 2.67 and coords (2, 0)
 * Checking direction:
 ---> Trend is: W
 ---> Complex Trend is: {'W': 8, 'S': 1, 'N': 1}
 ---> Allowed dirs based on Complex Trend are: ['W', 'SW', 'S']
 ---> Direction W ok (last was W)! -- [Last 10: ['W', 'W', 'W', 'W', 'S', 'W', 'W', 'W', 'N', 'W']]
 * Selected element is (2, 0) with value 2.67
Next element is W with direction 2.67
New matrix will be centered on 36,36 with depth 2.67
TREND IS ('W', {'W': 8, 'S': 1, 'N': 1}) --- (['W', 'W', 'W', 'S', 'W', 'W', 'W', 'N', 'W', 'W'])
============================================================
Iteration 69 with LAT_IDX: 36 and LON_IDX: 36 with DEPTH 2.6695957
 * Adding to the thalweg 36, 36 (depth 2.67)... Let's look at his neighborhood...
 * The extracted matrix is:
[LINE 4]		nan 		nan 		nan 		nan 		nan 		
[LINE 3]		nan 		nan 		2.66		2.65		2.64		
[LINE 2]		2.79		2.72		-inf		2.65		-inf		
[LINE 1]		nan 		nan 		nan 		nan 		nan 		
[LINE 0]		nan 		nan 		nan 		nan 		nan 		
 * Ranking:
 ---> {'coords': (2, 0), 'dir': 'W', 'score': 19}
 ---> {'coords': (2, 0), 'dir': 'W', 'score': 19}
 ---> {'coords': (2, 1), 'dir': 'W', 'score': 19}
 ---> {'coords': (2, 1), 'dir': 'W', 'score': 19}
 * Selected, based on ranking: {'coords': (2, 0), 'dir': 'W', 'score': 19}
 * The candidate has value 2.79 and coords (2, 0)
 * Checking direction:
 ---> Trend is: W
 ---> Complex Trend is: {'W': 8, 'S': 1, 'N': 1}
 ---> Allowed dirs based on Complex Trend are: ['W', 'SW', 'S']
 ---> Direction W ok (last was W)! -- [Last 10: ['W', 'W', 'W', 'S', 'W', 'W', 'W', 'N', 'W', 'W']]
 * Selected element is (2, 0) with value 2.79
Next element is W with direction 2.79
New matrix will be centered on 36,34 with depth 2.79
TREND IS ('W', {'W': 8, 'S': 1, 'N': 1}) --- (['W', 'W', 'S', 'W', 'W', 'W', 'N', 'W', 'W', 'W'])
============================================================
Iteration 70 with LAT_IDX: 36 and LON_IDX: 34 with DEPTH 2.7874227
 * Adding to the thalweg 36, 34 (depth 2.79)... Let's look at his neighborhood...
 * The extracted matrix is:
[LINE 4]		nan 		nan 		nan 		nan 		nan 		
[LINE 3]		nan 		nan 		nan 		nan 		2.66		
[LINE 2]		2.87		2.84		-inf		2.72		-inf		
[LINE 1]		2.87		2.85		nan 		nan 		nan 		
[LINE 0]		nan 		nan 		nan 		nan 		nan 		
 * Ranking:
 ---> {'coords': (1, 0), 'dir': 'SW', 'score': 15}
 ---> {'coords': (1, 0), 'dir': 'SW', 'score': 15}
 ---> {'coords': (1, 1), 'dir': 'SW', 'score': 15}
 ---> {'coords': (1, 1), 'dir': 'SW', 'score': 15}
 ---> {'coords': (2, 0), 'dir': 'W', 'score': 19}
 ---> {'coords': (2, 0), 'dir': 'W', 'score': 19}
 ---> {'coords': (2, 1), 'dir': 'W', 'score': 19}
 ---> {'coords': (2, 1), 'dir': 'W', 'score': 19}
 * Selected, based on ranking: {'coords': (2, 0), 'dir': 'W', 'score': 19}
 * The candidate has value 2.87 and coords (2, 0)
 * Checking direction:
 ---> Trend is: W
 ---> Complex Trend is: {'W': 8, 'S': 1, 'N': 1}
 ---> Allowed dirs based on Complex Trend are: ['W', 'SW', 'S']
 ---> Direction W ok (last was W)! -- [Last 10: ['W', 'W', 'S', 'W', 'W', 'W', 'N', 'W', 'W', 'W']]
 * Selected element is (2, 0) with value 2.87
Next element is W with direction 2.87
New matrix will be centered on 36,32 with depth 2.87
TREND IS ('W', {'W': 8, 'S': 1, 'N': 1}) --- (['W', 'S', 'W', 'W', 'W', 'N', 'W', 'W', 'W', 'W'])
============================================================
Iteration 71 with LAT_IDX: 36 and LON_IDX: 32 with DEPTH 2.8668072
 * Adding to the thalweg 36, 32 (depth 2.87)... Let's look at his neighborhood...
 * The extracted matrix is:
[LINE 4]		nan 		nan 		nan 		nan 		nan 		
[LINE 3]		nan 		nan 		nan 		nan 		nan 		
[LINE 2]		nan 		2.85		-inf		2.84		-inf		
[LINE 1]		2.78		2.83		2.87		2.85		nan 		
[LINE 0]		nan 		nan 		nan 		nan 		nan 		
 * Ranking:
 ---> {'coords': (1, 0), 'dir': 'SW', 'score': 15}
 ---> {'coords': (1, 0), 'dir': 'SW', 'score': 15}
 ---> {'coords': (1, 1), 'dir': 'SW', 'score': 15}
 ---> {'coords': (1, 1), 'dir': 'SW', 'score': 15}
 ---> {'coords': (1, 2), 'dir': 'S', 'score': 11}
 ---> {'coords': (1, 2), 'dir': 'S', 'score': 11}
 ---> {'coords': (1, 3), 'dir': 'SE', 'score': 0}
 ---> {'coords': (1, 3), 'dir': 'SE', 'score': 0}
 ---> {'coords': (2, 1), 'dir': 'W', 'score': 19}
 ---> {'coords': (2, 1), 'dir': 'W', 'score': 19}
 ---> {'coords': (2, 3), 'dir': 'E', 'score': 0}
 ---> {'coords': (2, 3), 'dir': 'E', 'score': 0}
 * Selected, based on ranking: {'coords': (2, 1), 'dir': 'W', 'score': 19}
 * The candidate has value 2.87 and coords (2, 1)
 * Checking direction:
 ---> Trend is: W
 ---> Complex Trend is: {'W': 8, 'S': 1, 'N': 1}
 ---> Allowed dirs based on Complex Trend are: ['W', 'SW', 'S']
 ---> Direction W ok (last was W)! -- [Last 10: ['W', 'S', 'W', 'W', 'W', 'N', 'W', 'W', 'W', 'W']]
 * Selected element is (2, 1) with value 2.87
Next element is W with direction 2.85
New matrix will be centered on 36,31 with depth 2.85
TREND IS ('W', {'W': 8, 'S': 1, 'N': 1}) --- (['S', 'W', 'W', 'W', 'N', 'W', 'W', 'W', 'W', 'W'])
============================================================
Iteration 72 with LAT_IDX: 36 and LON_IDX: 31 with DEPTH 2.8502593
 * Adding to the thalweg 36, 31 (depth 2.85)... Let's look at his neighborhood...
 * The extracted matrix is:
[LINE 4]		nan 		nan 		nan 		nan 		nan 		
[LINE 3]		nan 		nan 		nan 		nan 		nan 		
[LINE 2]		nan 		nan 		-inf		-inf		2.84		
[LINE 1]		2.68		2.78		2.83		2.87		2.85		
[LINE 0]		2.64		nan 		nan 		nan 		nan 		
 * Ranking:
 ---> {'coords': (1, 1), 'dir': 'SW', 'score': 15}
 ---> {'coords': (1, 1), 'dir': 'SW', 'score': 15}
 ---> {'coords': (1, 2), 'dir': 'S', 'score': 11}
 ---> {'coords': (1, 2), 'dir': 'S', 'score': 11}
 ---> {'coords': (1, 3), 'dir': 'SE', 'score': 0}
 ---> {'coords': (1, 3), 'dir': 'SE', 'score': 0}
 ---> {'coords': (1, 4), 'dir': 'SE', 'score': 0}
 ---> {'coords': (1, 4), 'dir': 'SE', 'score': 0}
 ---> {'coords': (2, 4), 'dir': 'E', 'score': 0}
 ---> {'coords': (2, 4), 'dir': 'E', 'score': 0}
 * Selected, based on ranking: {'coords': (1, 1), 'dir': 'SW', 'score': 15}
 * The candidate has value 2.87 and coords (1, 1)
 * Checking direction:
 ---> Trend is: W
 ---> Complex Trend is: {'W': 8, 'S': 1, 'N': 1}
 ---> Allowed dirs based on Complex Trend are: ['W', 'SW', 'S']
 ---> Direction SW ok (last was W)! -- [Last 10: ['S', 'W', 'W', 'W', 'N', 'W', 'W', 'W', 'W', 'W']]
 * Selected element is (1, 1) with value 2.87
Next element is SW with direction 2.78
New matrix will be centered on 35,30 with depth 2.78
TREND IS ('W', {'W': 8.5, 'N': 1, 'SW': 1, 'S': 0.5}) --- (['W', 'W', 'W', 'N', 'W', 'W', 'W', 'W', 'W', 'SW'])
============================================================
Iteration 73 with LAT_IDX: 35 and LON_IDX: 30 with DEPTH 2.7812715
 * Adding to the thalweg 35, 30 (depth 2.78)... Let's look at his neighborhood...
 * The extracted matrix is:
[LINE 4]		nan 		nan 		nan 		nan 		nan 		
[LINE 3]		nan 		nan 		nan 		-inf		-inf		
[LINE 2]		2.53		2.68		-inf		2.83		2.87		
[LINE 1]		2.47		2.64		nan 		nan 		nan 		
[LINE 0]		nan 		nan 		nan 		nan 		nan 		
 * Ranking:
 ---> {'coords': (2, 3), 'dir': 'E', 'score': 0}
 ---> {'coords': (2, 3), 'dir': 'E', 'score': 0}
 ---> {'coords': (2, 4), 'dir': 'E', 'score': 0}
 ---> {'coords': (2, 4), 'dir': 'E', 'score': 0}
 * Selected, based on ranking: {'coords': (2, 3), 'dir': 'E', 'score': 0}
 * The candidate has value 2.87 and coords (2, 3)
 * Checking direction:
 ---> Trend is: W
 ---> Complex Trend is: {'W': 8.5, 'N': 1, 'SW': 1, 'S': 0.5}
 ---> Allowed dirs based on Complex Trend are: ['W', 'SW', 'S']
 ---> Direction E IS NOT ok! Last was SW [last 10: ['W', 'W', 'W', 'N', 'W', 'W', 'W', 'W', 'W', 'SW']] -- Modifying matrix...
[LINE 4]		nan 		nan 		nan 		nan 		nan 		
[LINE 3]		nan 		nan 		nan 		-inf		-inf		
[LINE 2]		2.53		2.68		-inf		nan 		2.87		
[LINE 1]		2.47		2.64		nan 		nan 		nan 		
[LINE 0]		nan 		nan 		nan 		nan 		nan 		
 * Ranking:
 ---> {'coords': (2, 4), 'dir': 'E', 'score': 0}
 ---> {'coords': (2, 4), 'dir': 'E', 'score': 0}
 * Selected, based on ranking: {'coords': (2, 4), 'dir': 'E', 'score': 0}
 * The candidate has value 2.87 and coords (2, 4)
 * Checking direction:
 ---> Trend is: W
 ---> Complex Trend is: {'W': 8.5, 'N': 1, 'SW': 1, 'S': 0.5}
 ---> Allowed dirs based on Complex Trend are: ['W', 'SW', 'S']
 ---> Direction E IS NOT ok! Last was SW [last 10: ['W', 'W', 'W', 'N', 'W', 'W', 'W', 'W', 'W', 'SW']] -- Modifying matrix...
[LINE 4]		nan 		nan 		nan 		nan 		nan 		
[LINE 3]		nan 		nan 		nan 		-inf		-inf		
[LINE 2]		2.53		2.68		-inf		nan 		nan 		
[LINE 1]		2.47		2.64		nan 		nan 		nan 		
[LINE 0]		nan 		nan 		nan 		nan 		nan 		
 * Ranking:
 ---> {'coords': (1, 1), 'dir': 'SW', 'score': 19}
 ---> {'coords': (1, 1), 'dir': 'SW', 'score': 19}
 ---> {'coords': (2, 1), 'dir': 'W', 'score': 15}
 ---> {'coords': (2, 1), 'dir': 'W', 'score': 15}
 * Selected, based on ranking: {'coords': (1, 1), 'dir': 'SW', 'score': 19}
 * The candidate has value 2.68 and coords (1, 1)
 * Checking direction:
 ---> Trend is: W
 ---> Complex Trend is: {'W': 8.5, 'N': 1, 'SW': 1, 'S': 0.5}
 ---> Allowed dirs based on Complex Trend are: ['W', 'SW', 'S']
 ---> Direction SW ok (last was SW)! -- [Last 10: ['W', 'W', 'W', 'N', 'W', 'W', 'W', 'W', 'W', 'SW']]
 * Selected element is (1, 1) with value 2.68
Next element is SW with direction 2.64
New matrix will be centered on 34,29 with depth 2.64
TREND IS ('W', {'W': 8.0, 'SW': 2, 'N': 1, 'S': 1.0}) --- (['W', 'W', 'N', 'W', 'W', 'W', 'W', 'W', 'SW', 'SW'])
============================================================
Iteration 74 with LAT_IDX: 34 and LON_IDX: 29 with DEPTH 2.6372516
 * Adding to the thalweg 34, 29 (depth 2.64)... Let's look at his neighborhood...
 * The extracted matrix is:
[LINE 4]		nan 		nan 		nan 		nan 		-inf		
[LINE 3]		nan 		2.53		2.68		-inf		2.83		
[LINE 2]		2.32		2.47		-inf		nan 		nan 		
[LINE 1]		nan 		nan 		nan 		nan 		nan 		
[LINE 0]		nan 		nan 		nan 		nan 		nan 		
 * Ranking:
 ---> {'coords': (3, 4), 'dir': 'NE', 'score': 0}
 ---> {'coords': (3, 4), 'dir': 'NE', 'score': 0}
 * Selected, based on ranking: {'coords': (3, 4), 'dir': 'NE', 'score': 0}
 * The candidate has value 2.83 and coords (3, 4)
 * Checking direction:
 ---> Trend is: W
 ---> Complex Trend is: {'W': 8.0, 'SW': 2, 'N': 1, 'S': 1.0}
 ---> Allowed dirs based on Complex Trend are: ['W', 'SW', 'S']
 ---> Direction NE IS NOT ok! Last was SW [last 10: ['W', 'W', 'N', 'W', 'W', 'W', 'W', 'W', 'SW', 'SW']] -- Modifying matrix...
[LINE 4]		nan 		nan 		nan 		nan 		-inf		
[LINE 3]		nan 		2.53		2.68		-inf		nan 		
[LINE 2]		2.32		2.47		-inf		nan 		nan 		
[LINE 1]		nan 		nan 		nan 		nan 		nan 		
[LINE 0]		nan 		nan 		nan 		nan 		nan 		
 * Ranking:
 ---> {'coords': (3, 2), 'dir': 'N', 'score': 0}
 ---> {'coords': (3, 2), 'dir': 'N', 'score': 0}
 * Selected, based on ranking: {'coords': (3, 2), 'dir': 'N', 'score': 0}
 * The candidate has value 2.68 and coords (3, 2)
 * Checking direction:
 ---> Trend is: W
 ---> Complex Trend is: {'W': 8.0, 'SW': 2, 'N': 1, 'S': 1.0}
 ---> Allowed dirs based on Complex Trend are: ['W', 'SW', 'S']
 ---> Direction N IS NOT ok! Last was SW [last 10: ['W', 'W', 'N', 'W', 'W', 'W', 'W', 'W', 'SW', 'SW']] -- Modifying matrix...
[LINE 4]		nan 		nan 		nan 		nan 		-inf		
[LINE 3]		nan 		2.53		nan 		-inf		nan 		
[LINE 2]		2.32		2.47		-inf		nan 		nan 		
[LINE 1]		nan 		nan 		nan 		nan 		nan 		
[LINE 0]		nan 		nan 		nan 		nan 		nan 		
 * Ranking:
 ---> {'coords': (2, 1), 'dir': 'W', 'score': 15}
 ---> {'coords': (2, 1), 'dir': 'W', 'score': 15}
 ---> {'coords': (3, 1), 'dir': 'NW', 'score': 1}
 ---> {'coords': (3, 1), 'dir': 'NW', 'score': 1}
 * Selected, based on ranking: {'coords': (2, 1), 'dir': 'W', 'score': 15}
 * The candidate has value 2.53 and coords (2, 1)
 * Checking direction:
 ---> Trend is: W
 ---> Complex Trend is: {'W': 8.0, 'SW': 2, 'N': 1, 'S': 1.0}
 ---> Allowed dirs based on Complex Trend are: ['W', 'SW', 'S']
 ---> Direction W ok (last was SW)! -- [Last 10: ['W', 'W', 'N', 'W', 'W', 'W', 'W', 'W', 'SW', 'SW']]
 * Selected element is (2, 1) with value 2.53
Next element is W with direction 2.47
New matrix will be centered on 34,28 with depth 2.47
TREND IS ('W', {'W': 8.0, 'SW': 2, 'N': 1, 'S': 1.0}) --- (['W', 'N', 'W', 'W', 'W', 'W', 'W', 'SW', 'SW', 'W'])
============================================================
Iteration 75 with LAT_IDX: 34 and LON_IDX: 28 with DEPTH 2.4690518
 * Adding to the thalweg 34, 28 (depth 2.47)... Let's look at his neighborhood...
 * The extracted matrix is:
[LINE 4]		nan 		nan 		nan 		nan 		nan 		
[LINE 3]		nan 		nan 		2.53		2.68		-inf		
[LINE 2]		2.2 		2.32		-inf		-inf		nan 		
[LINE 1]		2.14		nan 		nan 		nan 		nan 		
[LINE 0]		nan 		nan 		nan 		nan 		nan 		
 * Ranking:
 ---> {'coords': (3, 3), 'dir': 'NE', 'score': 0}
 ---> {'coords': (3, 3), 'dir': 'NE', 'score': 0}
 * Selected, based on ranking: {'coords': (3, 3), 'dir': 'NE', 'score': 0}
 * The candidate has value 2.68 and coords (3, 3)
 * Checking direction:
 ---> Trend is: W
 ---> Complex Trend is: {'W': 8.0, 'SW': 2, 'N': 1, 'S': 1.0}
 ---> Allowed dirs based on Complex Trend are: ['W', 'SW', 'S']
 ---> Direction NE IS NOT ok! Last was W [last 10: ['W', 'N', 'W', 'W', 'W', 'W', 'W', 'SW', 'SW', 'W']] -- Modifying matrix...
[LINE 4]		nan 		nan 		nan 		nan 		nan 		
[LINE 3]		nan 		nan 		2.53		nan 		-inf		
[LINE 2]		2.2 		2.32		-inf		-inf		nan 		
[LINE 1]		2.14		nan 		nan 		nan 		nan 		
[LINE 0]		nan 		nan 		nan 		nan 		nan 		
 * Ranking:
 ---> {'coords': (3, 2), 'dir': 'N', 'score': 1}
 ---> {'coords': (3, 2), 'dir': 'N', 'score': 1}
 * Selected, based on ranking: {'coords': (3, 2), 'dir': 'N', 'score': 1}
 * The candidate has value 2.53 and coords (3, 2)
 * Checking direction:
 ---> Trend is: W
 ---> Complex Trend is: {'W': 8.0, 'SW': 2, 'N': 1, 'S': 1.0}
 ---> Allowed dirs based on Complex Trend are: ['W', 'SW', 'S']
 ---> Direction N IS NOT ok! Last was W [last 10: ['W', 'N', 'W', 'W', 'W', 'W', 'W', 'SW', 'SW', 'W']] -- Modifying matrix...
[LINE 4]		nan 		nan 		nan 		nan 		nan 		
[LINE 3]		nan 		nan 		nan 		nan 		-inf		
[LINE 2]		2.2 		2.32		-inf		-inf		nan 		
[LINE 1]		2.14		nan 		nan 		nan 		nan 		
[LINE 0]		nan 		nan 		nan 		nan 		nan 		
 * Ranking:
 ---> {'coords': (2, 1), 'dir': 'W', 'score': 19}
 ---> {'coords': (2, 1), 'dir': 'W', 'score': 19}
 * Selected, based on ranking: {'coords': (2, 1), 'dir': 'W', 'score': 19}
 * The candidate has value 2.32 and coords (2, 1)
 * Checking direction:
 ---> Trend is: W
 ---> Complex Trend is: {'W': 8.0, 'SW': 2, 'N': 1, 'S': 1.0}
 ---> Allowed dirs based on Complex Trend are: ['W', 'SW', 'S']
 ---> Direction W ok (last was W)! -- [Last 10: ['W', 'N', 'W', 'W', 'W', 'W', 'W', 'SW', 'SW', 'W']]
 * Selected element is (2, 1) with value 2.32
Next element is W with direction 2.32
New matrix will be centered on 34,27 with depth 2.32
TREND IS ('W', {'W': 8.0, 'SW': 2, 'N': 1, 'S': 1.0}) --- (['N', 'W', 'W', 'W', 'W', 'W', 'SW', 'SW', 'W', 'W'])
============================================================
Iteration 76 with LAT_IDX: 34 and LON_IDX: 27 with DEPTH 2.3179817
 * Adding to the thalweg 34, 27 (depth 2.32)... Let's look at his neighborhood...
 * The extracted matrix is:
[LINE 4]		nan 		nan 		nan 		nan 		nan 		
[LINE 3]		nan 		nan 		nan 		2.53		2.68		
[LINE 2]		2.1 		2.2 		-inf		-inf		-inf		
[LINE 1]		2.06		2.14		nan 		nan 		nan 		
[LINE 0]		nan 		nan 		nan 		nan 		nan 		
 * Ranking:
 ---> {'coords': (3, 4), 'dir': 'NE', 'score': 0}
 ---> {'coords': (3, 4), 'dir': 'NE', 'score': 0}
 * Selected, based on ranking: {'coords': (3, 4), 'dir': 'NE', 'score': 0}
 * The candidate has value 2.68 and coords (3, 4)
 * Checking direction:
 ---> Trend is: W
 ---> Complex Trend is: {'W': 8.0, 'SW': 2, 'N': 1, 'S': 1.0}
 ---> Allowed dirs based on Complex Trend are: ['W', 'SW', 'S']
 ---> Direction NE IS NOT ok! Last was W [last 10: ['N', 'W', 'W', 'W', 'W', 'W', 'SW', 'SW', 'W', 'W']] -- Modifying matrix...
[LINE 4]		nan 		nan 		nan 		nan 		nan 		
[LINE 3]		nan 		nan 		nan 		2.53		nan 		
[LINE 2]		2.1 		2.2 		-inf		-inf		-inf		
[LINE 1]		2.06		2.14		nan 		nan 		nan 		
[LINE 0]		nan 		nan 		nan 		nan 		nan 		
 * Ranking:
 ---> {'coords': (3, 3), 'dir': 'NE', 'score': 0}
 ---> {'coords': (3, 3), 'dir': 'NE', 'score': 0}
 * Selected, based on ranking: {'coords': (3, 3), 'dir': 'NE', 'score': 0}
 * The candidate has value 2.53 and coords (3, 3)
 * Checking direction:
 ---> Trend is: W
 ---> Complex Trend is: {'W': 8.0, 'SW': 2, 'N': 1, 'S': 1.0}
 ---> Allowed dirs based on Complex Trend are: ['W', 'SW', 'S']
 ---> Direction NE IS NOT ok! Last was W [last 10: ['N', 'W', 'W', 'W', 'W', 'W', 'SW', 'SW', 'W', 'W']] -- Modifying matrix...
[LINE 4]		nan 		nan 		nan 		nan 		nan 		
[LINE 3]		nan 		nan 		nan 		nan 		nan 		
[LINE 2]		2.1 		2.2 		-inf		-inf		-inf		
[LINE 1]		2.06		2.14		nan 		nan 		nan 		
[LINE 0]		nan 		nan 		nan 		nan 		nan 		
 * Ranking:
 ---> {'coords': (1, 1), 'dir': 'SW', 'score': 15}
 ---> {'coords': (1, 1), 'dir': 'SW', 'score': 15}
 ---> {'coords': (2, 1), 'dir': 'W', 'score': 19}
 ---> {'coords': (2, 1), 'dir': 'W', 'score': 19}
 * Selected, based on ranking: {'coords': (2, 1), 'dir': 'W', 'score': 19}
 * The candidate has value 2.2 and coords (2, 1)
 * Checking direction:
 ---> Trend is: W
 ---> Complex Trend is: {'W': 8.0, 'SW': 2, 'N': 1, 'S': 1.0}
 ---> Allowed dirs based on Complex Trend are: ['W', 'SW', 'S']
 ---> Direction W ok (last was W)! -- [Last 10: ['N', 'W', 'W', 'W', 'W', 'W', 'SW', 'SW', 'W', 'W']]
 * Selected element is (2, 1) with value 2.2
Next element is W with direction 2.2
New matrix will be centered on 34,26 with depth 2.2
TREND IS ('W', {'W': 9.0, 'SW': 2, 'S': 1.0}) --- (['W', 'W', 'W', 'W', 'W', 'SW', 'SW', 'W', 'W', 'W'])
============================================================
Iteration 77 with LAT_IDX: 34 and LON_IDX: 26 with DEPTH 2.1997092
 * Adding to the thalweg 34, 26 (depth 2.2)... Let's look at his neighborhood...
 * The extracted matrix is:
[LINE 4]		nan 		nan 		nan 		nan 		nan 		
[LINE 3]		nan 		nan 		nan 		nan 		2.53		
[LINE 2]		nan 		2.1 		-inf		-inf		-inf		
[LINE 1]		1.99		2.06		2.14		nan 		nan 		
[LINE 0]		1.95		nan 		nan 		nan 		nan 		
 * Ranking:
 ---> {'coords': (3, 4), 'dir': 'NE', 'score': 0}
 ---> {'coords': (3, 4), 'dir': 'NE', 'score': 0}
 * Selected, based on ranking: {'coords': (3, 4), 'dir': 'NE', 'score': 0}
 * The candidate has value 2.53 and coords (3, 4)
 * Checking direction:
 ---> Trend is: W
 ---> Complex Trend is: {'W': 9.0, 'SW': 2, 'S': 1.0}
 ---> Allowed dirs based on Complex Trend are: ['W', 'SW', 'S']
 ---> Direction NE IS NOT ok! Last was W [last 10: ['W', 'W', 'W', 'W', 'W', 'SW', 'SW', 'W', 'W', 'W']] -- Modifying matrix...
[LINE 4]		nan 		nan 		nan 		nan 		nan 		
[LINE 3]		nan 		nan 		nan 		nan 		nan 		
[LINE 2]		nan 		2.1 		-inf		-inf		-inf		
[LINE 1]		1.99		2.06		2.14		nan 		nan 		
[LINE 0]		1.95		nan 		nan 		nan 		nan 		
 * Ranking:
 ---> {'coords': (1, 1), 'dir': 'SW', 'score': 15}
 ---> {'coords': (1, 1), 'dir': 'SW', 'score': 15}
 ---> {'coords': (1, 2), 'dir': 'S', 'score': 11}
 ---> {'coords': (1, 2), 'dir': 'S', 'score': 11}
 ---> {'coords': (2, 1), 'dir': 'W', 'score': 19}
 ---> {'coords': (2, 1), 'dir': 'W', 'score': 19}
 * Selected, based on ranking: {'coords': (2, 1), 'dir': 'W', 'score': 19}
 * The candidate has value 2.14 and coords (2, 1)
 * Checking direction:
 ---> Trend is: W
 ---> Complex Trend is: {'W': 9.0, 'SW': 2, 'S': 1.0}
 ---> Allowed dirs based on Complex Trend are: ['W', 'SW', 'S']
 ---> Direction W ok (last was W)! -- [Last 10: ['W', 'W', 'W', 'W', 'W', 'SW', 'SW', 'W', 'W', 'W']]
 * Selected element is (2, 1) with value 2.14
Next element is W with direction 2.1
New matrix will be centered on 34,25 with depth 2.1
TREND IS ('W', {'W': 9.0, 'SW': 2, 'S': 1.0}) --- (['W', 'W', 'W', 'W', 'SW', 'SW', 'W', 'W', 'W', 'W'])
============================================================
Iteration 78 with LAT_IDX: 34 and LON_IDX: 25 with DEPTH 2.0965612
 * Adding to the thalweg 34, 25 (depth 2.1)... Let's look at his neighborhood...
 * The extracted matrix is:
[LINE 4]		nan 		nan 		nan 		nan 		nan 		
[LINE 3]		nan 		nan 		nan 		nan 		nan 		
[LINE 2]		nan 		nan 		-inf		-inf		-inf		
[LINE 1]		1.93		1.99		2.06		2.14		nan 		
[LINE 0]		1.89		1.95		nan 		nan 		nan 		
 * Ranking:
 ---> {'coords': (1, 2), 'dir': 'S', 'score': 11}
 ---> {'coords': (1, 2), 'dir': 'S', 'score': 11}
 ---> {'coords': (1, 3), 'dir': 'SE', 'score': 0}
 ---> {'coords': (1, 3), 'dir': 'SE', 'score': 0}
 * Selected, based on ranking: {'coords': (1, 2), 'dir': 'S', 'score': 11}
 * The candidate has value 2.14 and coords (1, 2)
 * Checking direction:
 ---> Trend is: W
 ---> Complex Trend is: {'W': 9.0, 'SW': 2, 'S': 1.0}
 ---> Allowed dirs based on Complex Trend are: ['W', 'SW', 'S']
 ---> Direction S ok (last was W)! -- [Last 10: ['W', 'W', 'W', 'W', 'SW', 'SW', 'W', 'W', 'W', 'W']]
 * Selected element is (1, 2) with value 2.14
Next element is S with direction 2.06
New matrix will be centered on 33,25 with depth 2.06
TREND IS ('W', {'W': 8.0, 'SW': 2, 'S': 2.0}) --- (['W', 'W', 'W', 'SW', 'SW', 'W', 'W', 'W', 'W', 'S'])
============================================================
Iteration 79 with LAT_IDX: 33 and LON_IDX: 25 with DEPTH 2.0628264
 * Adding to the thalweg 33, 25 (depth 2.06)... Let's look at his neighborhood...
 * The extracted matrix is:
[LINE 4]		nan 		nan 		nan 		nan 		nan 		
[LINE 3]		nan 		nan 		-inf		-inf		-inf		
[LINE 2]		1.93		1.99		-inf		2.14		nan 		
[LINE 1]		1.89		1.95		nan 		nan 		nan 		
[LINE 0]		1.85		nan 		nan 		nan 		nan 		
 * Ranking:
 ---> {'coords': (2, 3), 'dir': 'E', 'score': 1}
 ---> {'coords': (2, 3), 'dir': 'E', 'score': 1}
 * Selected, based on ranking: {'coords': (2, 3), 'dir': 'E', 'score': 1}
 * The candidate has value 2.14 and coords (2, 3)
 * Checking direction:
 ---> Trend is: W
 ---> Complex Trend is: {'W': 8.0, 'SW': 2, 'S': 2.0}
 ---> Allowed dirs based on Complex Trend are: ['W', 'SW', 'S']
 ---> Direction E IS NOT ok! Last was S [last 10: ['W', 'W', 'W', 'SW', 'SW', 'W', 'W', 'W', 'W', 'S']] -- Modifying matrix...
[LINE 4]		nan 		nan 		nan 		nan 		nan 		
[LINE 3]		nan 		nan 		-inf		-inf		-inf		
[LINE 2]		1.93		1.99		-inf		nan 		nan 		
[LINE 1]		1.89		1.95		nan 		nan 		nan 		
[LINE 0]		1.85		nan 		nan 		nan 		nan 		
 * Ranking:
 ---> {'coords': (1, 1), 'dir': 'SW', 'score': 15}
 ---> {'coords': (1, 1), 'dir': 'SW', 'score': 15}
 ---> {'coords': (2, 0), 'dir': 'W', 'score': 11}
 ---> {'coords': (2, 0), 'dir': 'W', 'score': 11}
 ---> {'coords': (2, 1), 'dir': 'W', 'score': 11}
 ---> {'coords': (2, 1), 'dir': 'W', 'score': 11}
 * Selected, based on ranking: {'coords': (1, 1), 'dir': 'SW', 'score': 15}
 * The candidate has value 1.99 and coords (1, 1)
 * Checking direction:
 ---> Trend is: W
 ---> Complex Trend is: {'W': 8.0, 'SW': 2, 'S': 2.0}
 ---> Allowed dirs based on Complex Trend are: ['W', 'SW', 'S']
 ---> Direction SW ok (last was S)! -- [Last 10: ['W', 'W', 'W', 'SW', 'SW', 'W', 'W', 'W', 'W', 'S']]
 * Selected element is (1, 1) with value 1.99
Next element is SW with direction 1.95
New matrix will be centered on 32,24 with depth 1.95
TREND IS ('W', {'W': 7.5, 'SW': 3, 'S': 2.5}) --- (['W', 'W', 'SW', 'SW', 'W', 'W', 'W', 'W', 'S', 'SW'])
============================================================
Iteration 80 with LAT_IDX: 32 and LON_IDX: 24 with DEPTH 1.9471171
 * Adding to the thalweg 32, 24 (depth 1.95)... Let's look at his neighborhood...
 * The extracted matrix is:
[LINE 4]		nan 		nan 		nan 		-inf		-inf		
[LINE 3]		nan 		1.93		1.99		-inf		2.14		
[LINE 2]		1.81		1.89		-inf		nan 		nan 		
[LINE 1]		1.78		1.85		nan 		nan 		nan 		
[LINE 0]		nan 		nan 		nan 		nan 		nan 		
 * Ranking:
 ---> {'coords': (3, 4), 'dir': 'NE', 'score': 0}
 ---> {'coords': (3, 4), 'dir': 'NE', 'score': 0}
 * Selected, based on ranking: {'coords': (3, 4), 'dir': 'NE', 'score': 0}
 * The candidate has value 2.14 and coords (3, 4)
 * Checking direction:
 ---> Trend is: W
 ---> Complex Trend is: {'W': 7.5, 'SW': 3, 'S': 2.5}
 ---> Allowed dirs based on Complex Trend are: ['W', 'SW', 'S']
 ---> Direction NE IS NOT ok! Last was SW [last 10: ['W', 'W', 'SW', 'SW', 'W', 'W', 'W', 'W', 'S', 'SW']] -- Modifying matrix...
[LINE 4]		nan 		nan 		nan 		-inf		-inf		
[LINE 3]		nan 		1.93		1.99		-inf		nan 		
[LINE 2]		1.81		1.89		-inf		nan 		nan 		
[LINE 1]		1.78		1.85		nan 		nan 		nan 		
[LINE 0]		nan 		nan 		nan 		nan 		nan 		
 * Ranking:
 ---> {'coords': (3, 1), 'dir': 'NW', 'score': 1}
 ---> {'coords': (3, 1), 'dir': 'NW', 'score': 1}
 ---> {'coords': (3, 2), 'dir': 'N', 'score': 0}
 ---> {'coords': (3, 2), 'dir': 'N', 'score': 0}
 * Selected, based on ranking: {'coords': (3, 1), 'dir': 'NW', 'score': 1}
 * The candidate has value 1.99 and coords (3, 1)
 * Checking direction:
 ---> Trend is: W
 ---> Complex Trend is: {'W': 7.5, 'SW': 3, 'S': 2.5}
 ---> Allowed dirs based on Complex Trend are: ['W', 'SW', 'S']
 ---> Direction NW IS NOT ok! Last was SW [last 10: ['W', 'W', 'SW', 'SW', 'W', 'W', 'W', 'W', 'S', 'SW']] -- Modifying matrix...
[LINE 4]		nan 		nan 		nan 		-inf		-inf		
[LINE 3]		nan 		nan 		1.99		-inf		nan 		
[LINE 2]		1.81		1.89		-inf		nan 		nan 		
[LINE 1]		1.78		1.85		nan 		nan 		nan 		
[LINE 0]		nan 		nan 		nan 		nan 		nan 		
 * Ranking:
 ---> {'coords': (3, 2), 'dir': 'N', 'score': 0}
 ---> {'coords': (3, 2), 'dir': 'N', 'score': 0}
 * Selected, based on ranking: {'coords': (3, 2), 'dir': 'N', 'score': 0}
 * The candidate has value 1.99 and coords (3, 2)
 * Checking direction:
 ---> Trend is: W
 ---> Complex Trend is: {'W': 7.5, 'SW': 3, 'S': 2.5}
 ---> Allowed dirs based on Complex Trend are: ['W', 'SW', 'S']
 ---> Direction N IS NOT ok! Last was SW [last 10: ['W', 'W', 'SW', 'SW', 'W', 'W', 'W', 'W', 'S', 'SW']] -- Modifying matrix...
[LINE 4]		nan 		nan 		nan 		-inf		-inf		
[LINE 3]		nan 		nan 		nan 		-inf		nan 		
[LINE 2]		1.81		1.89		-inf		nan 		nan 		
[LINE 1]		1.78		1.85		nan 		nan 		nan 		
[LINE 0]		nan 		nan 		nan 		nan 		nan 		
 * Ranking:
 ---> {'coords': (1, 1), 'dir': 'SW', 'score': 19}
 ---> {'coords': (1, 1), 'dir': 'SW', 'score': 19}
 ---> {'coords': (2, 0), 'dir': 'W', 'score': 15}
 ---> {'coords': (2, 0), 'dir': 'W', 'score': 15}
 ---> {'coords': (2, 1), 'dir': 'W', 'score': 15}
 ---> {'coords': (2, 1), 'dir': 'W', 'score': 15}
 * Selected, based on ranking: {'coords': (1, 1), 'dir': 'SW', 'score': 19}
 * The candidate has value 1.89 and coords (1, 1)
 * Checking direction:
 ---> Trend is: W
 ---> Complex Trend is: {'W': 7.5, 'SW': 3, 'S': 2.5}
 ---> Allowed dirs based on Complex Trend are: ['W', 'SW', 'S']
 ---> Direction SW ok (last was SW)! -- [Last 10: ['W', 'W', 'SW', 'SW', 'W', 'W', 'W', 'W', 'S', 'SW']]
 * Selected element is (1, 1) with value 1.89
Next element is SW with direction 1.85
New matrix will be centered on 31,23 with depth 1.85
TREND IS ('W', {'W': 7.0, 'SW': 4, 'S': 3.0}) --- (['W', 'SW', 'SW', 'W', 'W', 'W', 'W', 'S', 'SW', 'SW'])
============================================================
Iteration 81 with LAT_IDX: 31 and LON_IDX: 23 with DEPTH 1.8485835
 * Adding to the thalweg 31, 23 (depth 1.85)... Let's look at his neighborhood...
 * The extracted matrix is:
[LINE 4]		nan 		nan 		1.93		1.99		-inf		
[LINE 3]		nan 		1.81		1.89		-inf		nan 		
[LINE 2]		1.74		1.78		-inf		nan 		nan 		
[LINE 1]		1.74		nan 		nan 		nan 		nan 		
[LINE 0]		nan 		nan 		nan 		nan 		nan 		
 * Ranking:
 ---> {'coords': (4, 2), 'dir': 'N', 'score': 0}
 ---> {'coords': (4, 2), 'dir': 'N', 'score': 0}
 ---> {'coords': (4, 3), 'dir': 'NE', 'score': 0}
 ---> {'coords': (4, 3), 'dir': 'NE', 'score': 0}
 * Selected, based on ranking: {'coords': (4, 2), 'dir': 'N', 'score': 0}
 * The candidate has value 1.99 and coords (4, 2)
 * Checking direction:
 ---> Trend is: W
 ---> Complex Trend is: {'W': 7.0, 'SW': 4, 'S': 3.0}
 ---> Allowed dirs based on Complex Trend are: ['W', 'SW', 'S']
 ---> Direction N IS NOT ok! Last was SW [last 10: ['W', 'SW', 'SW', 'W', 'W', 'W', 'W', 'S', 'SW', 'SW']] -- Modifying matrix...
[LINE 4]		nan 		nan 		nan 		1.99		-inf		
[LINE 3]		nan 		1.81		1.89		-inf		nan 		
[LINE 2]		1.74		1.78		-inf		nan 		nan 		
[LINE 1]		1.74		nan 		nan 		nan 		nan 		
[LINE 0]		nan 		nan 		nan 		nan 		nan 		
 * Ranking:
 ---> {'coords': (4, 3), 'dir': 'NE', 'score': 0}
 ---> {'coords': (4, 3), 'dir': 'NE', 'score': 0}
 * Selected, based on ranking: {'coords': (4, 3), 'dir': 'NE', 'score': 0}
 * The candidate has value 1.99 and coords (4, 3)
 * Checking direction:
 ---> Trend is: W
 ---> Complex Trend is: {'W': 7.0, 'SW': 4, 'S': 3.0}
 ---> Allowed dirs based on Complex Trend are: ['W', 'SW', 'S']
 ---> Direction NE IS NOT ok! Last was SW [last 10: ['W', 'SW', 'SW', 'W', 'W', 'W', 'W', 'S', 'SW', 'SW']] -- Modifying matrix...
[LINE 4]		nan 		nan 		nan 		nan 		-inf		
[LINE 3]		nan 		1.81		1.89		-inf		nan 		
[LINE 2]		1.74		1.78		-inf		nan 		nan 		
[LINE 1]		1.74		nan 		nan 		nan 		nan 		
[LINE 0]		nan 		nan 		nan 		nan 		nan 		
 * Ranking:
 ---> {'coords': (3, 1), 'dir': 'NW', 'score': 1}
 ---> {'coords': (3, 1), 'dir': 'NW', 'score': 1}
 ---> {'coords': (3, 2), 'dir': 'N', 'score': 0}
 ---> {'coords': (3, 2), 'dir': 'N', 'score': 0}
 * Selected, based on ranking: {'coords': (3, 1), 'dir': 'NW', 'score': 1}
 * The candidate has value 1.89 and coords (3, 1)
 * Checking direction:
 ---> Trend is: W
 ---> Complex Trend is: {'W': 7.0, 'SW': 4, 'S': 3.0}
 ---> Allowed dirs based on Complex Trend are: ['W', 'SW', 'S']
 ---> Direction NW IS NOT ok! Last was SW [last 10: ['W', 'SW', 'SW', 'W', 'W', 'W', 'W', 'S', 'SW', 'SW']] -- Modifying matrix...
[LINE 4]		nan 		nan 		nan 		nan 		-inf		
[LINE 3]		nan 		nan 		1.89		-inf		nan 		
[LINE 2]		1.74		1.78		-inf		nan 		nan 		
[LINE 1]		1.74		nan 		nan 		nan 		nan 		
[LINE 0]		nan 		nan 		nan 		nan 		nan 		
 * Ranking:
 ---> {'coords': (3, 2), 'dir': 'N', 'score': 0}
 ---> {'coords': (3, 2), 'dir': 'N', 'score': 0}
 * Selected, based on ranking: {'coords': (3, 2), 'dir': 'N', 'score': 0}
 * The candidate has value 1.89 and coords (3, 2)
 * Checking direction:
 ---> Trend is: W
 ---> Complex Trend is: {'W': 7.0, 'SW': 4, 'S': 3.0}
 ---> Allowed dirs based on Complex Trend are: ['W', 'SW', 'S']
 ---> Direction N IS NOT ok! Last was SW [last 10: ['W', 'SW', 'SW', 'W', 'W', 'W', 'W', 'S', 'SW', 'SW']] -- Modifying matrix...
[LINE 4]		nan 		nan 		nan 		nan 		-inf		
[LINE 3]		nan 		nan 		nan 		-inf		nan 		
[LINE 2]		1.74		1.78		-inf		nan 		nan 		
[LINE 1]		1.74		nan 		nan 		nan 		nan 		
[LINE 0]		nan 		nan 		nan 		nan 		nan 		
 * Ranking:
 ---> {'coords': (1, 0), 'dir': 'SW', 'score': 19}
 ---> {'coords': (1, 0), 'dir': 'SW', 'score': 19}
 ---> {'coords': (2, 0), 'dir': 'W', 'score': 15}
 ---> {'coords': (2, 0), 'dir': 'W', 'score': 15}
 ---> {'coords': (2, 1), 'dir': 'W', 'score': 15}
 ---> {'coords': (2, 1), 'dir': 'W', 'score': 15}
 * Selected, based on ranking: {'coords': (1, 0), 'dir': 'SW', 'score': 19}
 * The candidate has value 1.78 and coords (1, 0)
 * Checking direction:
 ---> Trend is: W
 ---> Complex Trend is: {'W': 7.0, 'SW': 4, 'S': 3.0}
 ---> Allowed dirs based on Complex Trend are: ['W', 'SW', 'S']
 ---> Direction SW ok (last was SW)! -- [Last 10: ['W', 'SW', 'SW', 'W', 'W', 'W', 'W', 'S', 'SW', 'SW']]
 * Selected element is (1, 0) with value 1.78
Next element is SW with direction 1.74
New matrix will be centered on 30,21 with depth 1.74
TREND IS ('SW', {'SW': 5, 'W': 6.5, 'S': 3.5}) --- (['SW', 'SW', 'W', 'W', 'W', 'W', 'S', 'SW', 'SW', 'SW'])
============================================================
Iteration 82 with LAT_IDX: 30 and LON_IDX: 21 with DEPTH 1.7394372
 * Adding to the thalweg 30, 21 (depth 1.74)... Let's look at his neighborhood...
 * The extracted matrix is:
[LINE 4]		nan 		nan 		nan 		1.81		1.89		
[LINE 3]		nan 		1.74		1.74		1.78		-inf		
[LINE 2]		1.8 		1.76		-inf		nan 		nan 		
[LINE 1]		1.84		nan 		nan 		nan 		nan 		
[LINE 0]		nan 		nan 		nan 		nan 		nan 		
 * Ranking:
 ---> {'coords': (1, 0), 'dir': 'SW', 'score': 19}
 ---> {'coords': (1, 0), 'dir': 'SW', 'score': 19}
 ---> {'coords': (2, 0), 'dir': 'W', 'score': 15}
 ---> {'coords': (2, 0), 'dir': 'W', 'score': 15}
 ---> {'coords': (4, 3), 'dir': 'NE', 'score': 0}
 ---> {'coords': (4, 3), 'dir': 'NE', 'score': 0}
 ---> {'coords': (4, 4), 'dir': 'NE', 'score': 0}
 ---> {'coords': (4, 4), 'dir': 'NE', 'score': 0}
 * Selected, based on ranking: {'coords': (1, 0), 'dir': 'SW', 'score': 19}
 * The candidate has value 1.89 and coords (1, 0)
 * Checking direction:
 ---> Trend is: SW
 ---> Complex Trend is: {'SW': 5, 'W': 6.5, 'S': 3.5}
 ---> Allowed dirs based on Complex Trend are: ['W', 'SW', 'S']
 ---> Direction SW ok (last was SW)! -- [Last 10: ['SW', 'SW', 'W', 'W', 'W', 'W', 'S', 'SW', 'SW', 'SW']]
 * Selected element is (1, 0) with value 1.89
Next element is SW with direction 1.84
New matrix will be centered on 29,19 with depth 1.84
TREND IS ('SW', {'SW': 5, 'W': 6.5, 'S': 3.5}) --- (['SW', 'W', 'W', 'W', 'W', 'S', 'SW', 'SW', 'SW', 'SW'])
============================================================
Iteration 83 with LAT_IDX: 29 and LON_IDX: 19 with DEPTH 1.8433028
 * Adding to the thalweg 29, 19 (depth 1.84)... Let's look at his neighborhood...
 * The extracted matrix is:
[LINE 4]		nan 		nan 		nan 		1.74		1.74		
[LINE 3]		1.93		1.86		1.8 		1.76		-inf		
[LINE 2]		2.0 		1.9 		-inf		nan 		nan 		
[LINE 1]		nan 		nan 		nan 		nan 		nan 		
[LINE 0]		nan 		nan 		nan 		nan 		nan 		
 * Ranking:
 ---> {'coords': (2, 0), 'dir': 'W', 'score': 15}
 ---> {'coords': (2, 0), 'dir': 'W', 'score': 15}
 ---> {'coords': (3, 0), 'dir': 'NW', 'score': 1}
 ---> {'coords': (3, 0), 'dir': 'NW', 'score': 1}
 * Selected, based on ranking: {'coords': (2, 0), 'dir': 'W', 'score': 15}
 * The candidate has value 2.0 and coords (2, 0)
 * Checking direction:
 ---> Trend is: SW
 ---> Complex Trend is: {'SW': 5, 'W': 6.5, 'S': 3.5}
 ---> Allowed dirs based on Complex Trend are: ['W', 'SW', 'S']
 ---> Direction W ok (last was SW)! -- [Last 10: ['SW', 'W', 'W', 'W', 'W', 'S', 'SW', 'SW', 'SW', 'SW']]
 * Selected element is (2, 0) with value 2.0
Next element is W with direction 2.0
New matrix will be centered on 29,17 with depth 2.0
TREND IS ('W', {'W': 7.0, 'SW': 4, 'S': 3.0}) --- (['W', 'W', 'W', 'W', 'S', 'SW', 'SW', 'SW', 'SW', 'W'])
============================================================
Iteration 84 with LAT_IDX: 29 and LON_IDX: 17 with DEPTH 1.9996395
 * Adding to the thalweg 29, 17 (depth 2.0)... Let's look at his neighborhood...
 * The extracted matrix is:
[LINE 4]		nan 		nan 		nan 		nan 		nan 		
[LINE 3]		2.0 		1.98		1.93		1.86		1.8 		
[LINE 2]		2.18		2.11		-inf		1.9 		-inf		
[LINE 1]		2.64		nan 		nan 		nan 		nan 		
[LINE 0]		nan 		nan 		nan 		nan 		nan 		
 * Ranking:
 ---> {'coords': (1, 0), 'dir': 'SW', 'score': 15}
 ---> {'coords': (1, 0), 'dir': 'SW', 'score': 15}
 * Selected, based on ranking: {'coords': (1, 0), 'dir': 'SW', 'score': 15}
 * The candidate has value 2.64 and coords (1, 0)
 * Checking direction:
 ---> Trend is: W
 ---> Complex Trend is: {'W': 7.0, 'SW': 4, 'S': 3.0}
 ---> Allowed dirs based on Complex Trend are: ['W', 'SW', 'S']
 ---> Direction SW ok (last was W)! -- [Last 10: ['W', 'W', 'W', 'W', 'S', 'SW', 'SW', 'SW', 'SW', 'W']]
 * Selected element is (1, 0) with value 2.64
Next element is SW with direction 2.64
New matrix will be centered on 28,15 with depth 2.64
TREND IS ('SW', {'SW': 5, 'W': 6.5, 'S': 3.5}) --- (['W', 'W', 'W', 'S', 'SW', 'SW', 'SW', 'SW', 'W', 'SW'])
============================================================
Iteration 85 with LAT_IDX: 28 and LON_IDX: 15 with DEPTH 2.6383364
 * Adding to the thalweg 28, 15 (depth 2.64)... Let's look at his neighborhood...
 * The extracted matrix is:
[LINE 4]		1.79		1.91		2.0 		1.98		1.93		
[LINE 3]		2.18		2.2 		2.18		2.11		-inf		
[LINE 2]		2.65		2.74		-inf		nan 		nan 		
[LINE 1]		nan 		nan 		nan 		nan 		nan 		
[LINE 0]		nan 		nan 		nan 		nan 		nan 		
 * Ranking:
 ---> {'coords': (2, 0), 'dir': 'W', 'score': 15}
 ---> {'coords': (2, 0), 'dir': 'W', 'score': 15}
 ---> {'coords': (2, 1), 'dir': 'W', 'score': 15}
 ---> {'coords': (2, 1), 'dir': 'W', 'score': 15}
 * Selected, based on ranking: {'coords': (2, 0), 'dir': 'W', 'score': 15}
 * The candidate has value 2.74 and coords (2, 0)
 * Checking direction:
 ---> Trend is: SW
 ---> Complex Trend is: {'SW': 5, 'W': 6.5, 'S': 3.5}
 ---> Allowed dirs based on Complex Trend are: ['W', 'SW', 'S']
 ---> Direction W ok (last was SW)! -- [Last 10: ['W', 'W', 'W', 'S', 'SW', 'SW', 'SW', 'SW', 'W', 'SW']]
 * Selected element is (2, 0) with value 2.74
Next element is W with direction 2.65
New matrix will be centered on 28,13 with depth 2.65
TREND IS ('SW', {'SW': 5, 'W': 6.5, 'S': 3.5}) --- (['W', 'W', 'S', 'SW', 'SW', 'SW', 'SW', 'W', 'SW', 'W'])
============================================================
Iteration 86 with LAT_IDX: 28 and LON_IDX: 13 with DEPTH 2.653413
 * Adding to the thalweg 28, 13 (depth 2.65)... Let's look at his neighborhood...
 * The extracted matrix is:
[LINE 4]		nan 		nan 		1.79		1.91		2.0 		
[LINE 3]		nan 		2.18		2.18		2.2 		2.18		
[LINE 2]		nan 		2.68		-inf		2.74		-inf		
[LINE 1]		nan 		3.11		nan 		nan 		nan 		
[LINE 0]		nan 		nan 		nan 		nan 		nan 		
 * Ranking:
 ---> {'coords': (1, 1), 'dir': 'SW', 'score': 15}
 ---> {'coords': (1, 1), 'dir': 'SW', 'score': 15}
 * Selected, based on ranking: {'coords': (1, 1), 'dir': 'SW', 'score': 15}
 * The candidate has value 3.11 and coords (1, 1)
 * Checking direction:
 ---> Trend is: SW
 ---> Complex Trend is: {'SW': 5, 'W': 6.5, 'S': 3.5}
 ---> Allowed dirs based on Complex Trend are: ['W', 'SW', 'S']
 ---> Direction SW ok (last was W)! -- [Last 10: ['W', 'W', 'S', 'SW', 'SW', 'SW', 'SW', 'W', 'SW', 'W']]
 * Selected element is (1, 1) with value 3.11
Next element is SW with direction 3.11
New matrix will be centered on 27,12 with depth 3.11
TREND IS ('SW', {'SW': 6, 'W': 6.0, 'S': 4.0}) --- (['W', 'S', 'SW', 'SW', 'SW', 'SW', 'W', 'SW', 'W', 'SW'])
============================================================
Iteration 87 with LAT_IDX: 27 and LON_IDX: 12 with DEPTH 3.1099036
 * Adding to the thalweg 27, 12 (depth 3.11)... Let's look at his neighborhood...
 * The extracted matrix is:
[LINE 4]		nan 		nan 		2.18		2.18		2.2 		
[LINE 3]		nan 		nan 		2.68		-inf		2.74		
[LINE 2]		nan 		nan 		-inf		nan 		nan 		
[LINE 1]		nan 		nan 		nan 		nan 		nan 		
[LINE 0]		nan 		nan 		nan 		nan 		nan 		
 * Ranking:
 ---> {'coords': (3, 2), 'dir': 'N', 'score': 0}
 ---> {'coords': (3, 2), 'dir': 'N', 'score': 0}
 ---> {'coords': (3, 4), 'dir': 'NE', 'score': 0}
 ---> {'coords': (3, 4), 'dir': 'NE', 'score': 0}
 * Selected, based on ranking: {'coords': (3, 2), 'dir': 'N', 'score': 0}
 * The candidate has value 2.74 and coords (3, 2)
 * Checking direction:
 ---> Trend is: SW
 ---> Complex Trend is: {'SW': 6, 'W': 6.0, 'S': 4.0}
 ---> Allowed dirs based on Complex Trend are: ['S', 'SW', 'W', 'W', 'SW', 'S']
 ---> Direction N IS NOT ok! Last was SW [last 10: ['W', 'S', 'SW', 'SW', 'SW', 'SW', 'W', 'SW', 'W', 'SW']] -- Modifying matrix...
[LINE 4]		nan 		nan 		2.18		2.18		2.2 		
[LINE 3]		nan 		nan 		nan 		-inf		2.74		
[LINE 2]		nan 		nan 		-inf		nan 		nan 		
[LINE 1]		nan 		nan 		nan 		nan 		nan 		
[LINE 0]		nan 		nan 		nan 		nan 		nan 		
 * Ranking:
 ---> {'coords': (3, 4), 'dir': 'NE', 'score': 0}
 ---> {'coords': (3, 4), 'dir': 'NE', 'score': 0}
 * Selected, based on ranking: {'coords': (3, 4), 'dir': 'NE', 'score': 0}
 * The candidate has value 2.74 and coords (3, 4)
 * Checking direction:
 ---> Trend is: SW
 ---> Complex Trend is: {'SW': 6, 'W': 6.0, 'S': 4.0}
 ---> Allowed dirs based on Complex Trend are: ['S', 'SW', 'W', 'W', 'SW', 'S']
 ---> Direction NE IS NOT ok! Last was SW [last 10: ['W', 'S', 'SW', 'SW', 'SW', 'SW', 'W', 'SW', 'W', 'SW']] -- Modifying matrix...
[LINE 4]		nan 		nan 		2.18		2.18		2.2 		
[LINE 3]		nan 		nan 		nan 		-inf		nan 		
[LINE 2]		nan 		nan 		-inf		nan 		nan 		
[LINE 1]		nan 		nan 		nan 		nan 		nan 		
[LINE 0]		nan 		nan 		nan 		nan 		nan 		
 * Ranking:
 ---> {'coords': (4, 2), 'dir': 'N', 'score': 0}
 ---> {'coords': (4, 2), 'dir': 'N', 'score': 0}
 ---> {'coords': (4, 3), 'dir': 'NE', 'score': 0}
 ---> {'coords': (4, 3), 'dir': 'NE', 'score': 0}
 ---> {'coords': (4, 4), 'dir': 'NE', 'score': 0}
 ---> {'coords': (4, 4), 'dir': 'NE', 'score': 0}
 * Selected, based on ranking: {'coords': (4, 2), 'dir': 'N', 'score': 0}
 * The candidate has value 2.2 and coords (4, 2)
 * Checking direction:
 ---> Trend is: SW
 ---> Complex Trend is: {'SW': 6, 'W': 6.0, 'S': 4.0}
 ---> Allowed dirs based on Complex Trend are: ['S', 'SW', 'W', 'W', 'SW', 'S']
 ---> Direction N IS NOT ok! Last was SW [last 10: ['W', 'S', 'SW', 'SW', 'SW', 'SW', 'W', 'SW', 'W', 'SW']] -- Modifying matrix...
[LINE 4]		nan 		nan 		nan 		2.18		2.2 		
[LINE 3]		nan 		nan 		nan 		-inf		nan 		
[LINE 2]		nan 		nan 		-inf		nan 		nan 		
[LINE 1]		nan 		nan 		nan 		nan 		nan 		
[LINE 0]		nan 		nan 		nan 		nan 		nan 		
 * Ranking:
 ---> {'coords': (4, 3), 'dir': 'NE', 'score': 0}
 ---> {'coords': (4, 3), 'dir': 'NE', 'score': 0}
 ---> {'coords': (4, 4), 'dir': 'NE', 'score': 0}
 ---> {'coords': (4, 4), 'dir': 'NE', 'score': 0}
 * Selected, based on ranking: {'coords': (4, 3), 'dir': 'NE', 'score': 0}
 * The candidate has value 2.2 and coords (4, 3)
 * Checking direction:
 ---> Trend is: SW
 ---> Complex Trend is: {'SW': 6, 'W': 6.0, 'S': 4.0}
 ---> Allowed dirs based on Complex Trend are: ['S', 'SW', 'W', 'W', 'SW', 'S']
 ---> Direction NE IS NOT ok! Last was SW [last 10: ['W', 'S', 'SW', 'SW', 'SW', 'SW', 'W', 'SW', 'W', 'SW']] -- Modifying matrix...
[LINE 4]		nan 		nan 		nan 		nan 		2.2 		
[LINE 3]		nan 		nan 		nan 		-inf		nan 		
[LINE 2]		nan 		nan 		-inf		nan 		nan 		
[LINE 1]		nan 		nan 		nan 		nan 		nan 		
[LINE 0]		nan 		nan 		nan 		nan 		nan 		
 * Ranking:
 ---> {'coords': (4, 4), 'dir': 'NE', 'score': 0}
 ---> {'coords': (4, 4), 'dir': 'NE', 'score': 0}
 * Selected, based on ranking: {'coords': (4, 4), 'dir': 'NE', 'score': 0}
 * The candidate has value 2.2 and coords (4, 4)
 * Checking direction:
 ---> Trend is: SW
 ---> Complex Trend is: {'SW': 6, 'W': 6.0, 'S': 4.0}
 ---> Allowed dirs based on Complex Trend are: ['S', 'SW', 'W', 'W', 'SW', 'S']
 ---> Direction NE IS NOT ok! Last was SW [last 10: ['W', 'S', 'SW', 'SW', 'SW', 'SW', 'W', 'SW', 'W', 'SW']] -- Modifying matrix...
[LINE 4]		nan 		nan 		nan 		nan 		nan 		
[LINE 3]		nan 		nan 		nan 		-inf		nan 		
[LINE 2]		nan 		nan 		-inf		nan 		nan 		
[LINE 1]		nan 		nan 		nan 		nan 		nan 		
[LINE 0]		nan 		nan 		nan 		nan 		nan 		
SIAMO NEL VALUEERROR
PROVO CON TT 3
 * Ranking:
 ---> {'coords': (3, 2), 'dir': 'N', 'score': 10}
 ---> {'coords': (3, 2), 'dir': 'N', 'score': 10}
 ---> {'coords': (3, 4), 'dir': 'NE', 'score': 0}
 ---> {'coords': (3, 4), 'dir': 'NE', 'score': 0}
 * Selected, based on ranking: {'coords': (3, 2), 'dir': 'N', 'score': 10}
 * The candidate has value 2.74 and coords (3, 2)
 * Checking direction:
 ---> Trend is: SW
 ---> Complex Trend is: {'SW': 6, 'W': 6.0, 'S': 4.0}
 ---> Allowed dirs based on Complex Trend are: ['S', 'SW', 'W', 'NW', 'SE', 'W', 'SW', 'S', 'N', 'S', 'SE', 'S', 'SW', 'E', 'W']
 ---> Direction N ok (last was SW)! -- [Last 10: ['W', 'S', 'SW', 'SW', 'SW', 'SW', 'W', 'SW', 'W', 'SW']]
 * Selected element is (3, 2) with value 2.74
Next element is N with direction 2.68
The log of directions is:
0) - (23, 127) [1.38] -- DIRECTION NW
1) - (25, 125) [1.81] -- DIRECTION NW
2) - (27, 123) [2.46] -- DIRECTION NW
3) - (28, 122) [2.67] -- DIRECTION NW
4) - (29, 120) [2.76] -- DIRECTION W
5) - (29, 118) [2.86] -- DIRECTION W
6) - (29, 116) [2.94] -- DIRECTION W
7) - (29, 114) [2.93] -- DIRECTION NW
8) - (30, 112) [2.74] -- DIRECTION W
9) - (30, 110) [2.61] -- DIRECTION S
10) - (29, 110) [2.61] -- DIRECTION E
11) - (29, 111) [2.67] -- DIRECTION W
12) - (29, 109) [2.54] -- DIRECTION W
13) - (29, 107) [2.46] -- DIRECTION W
14) - (29, 105) [2.46] -- DIRECTION W
15) - (29, 104) [2.52] -- DIRECTION N
16) - (30, 104) [2.51] -- DIRECTION W
17) - (30, 102) [2.69] -- DIRECTION W
18) - (30, 100) [2.79] -- DIRECTION W
19) - (30, 98) [2.69] -- DIRECTION W
20) - (30, 96) [2.53] -- DIRECTION W
21) - (30, 95) [2.43] -- DIRECTION W
22) - (30, 94) [2.28] -- DIRECTION W
23) - (30, 93) [2.17] -- DIRECTION W
24) - (30, 92) [2.08] -- DIRECTION W
25) - (30, 91) [1.94] -- DIRECTION N
26) - (31, 91) [1.92] -- DIRECTION W
27) - (31, 89) [1.81] -- DIRECTION W
28) - (31, 88) [1.81] -- DIRECTION N
29) - (32, 88) [1.81] -- DIRECTION W
30) - (32, 86) [1.91] -- DIRECTION W
31) - (32, 85) [1.95] -- DIRECTION N
32) - (33, 85) [1.96] -- DIRECTION W
33) - (33, 83) [1.97] -- DIRECTION N
34) - (34, 83) [1.97] -- DIRECTION W
35) - (34, 81) [1.97] -- DIRECTION W
36) - (34, 80) [1.98] -- DIRECTION N
37) - (35, 80) [1.99] -- DIRECTION W
38) - (35, 78) [2.02] -- DIRECTION NW
39) - (36, 76) [2.09] -- DIRECTION N
40) - (37, 76) [2.11] -- DIRECTION W
41) - (37, 74) [2.24] -- DIRECTION NW
42) - (38, 72) [2.59] -- DIRECTION W
43) - (38, 70) [2.87] -- DIRECTION W
44) - (38, 68) [2.89] -- DIRECTION N
45) - (39, 68) [2.88] -- DIRECTION W
46) - (39, 67) [2.75] -- DIRECTION W
47) - (39, 66) [2.58] -- DIRECTION W
48) - (39, 65) [2.4] -- DIRECTION W
49) - (39, 64) [2.2] -- DIRECTION W
50) - (39, 63) [2.05] -- DIRECTION W
51) - (39, 62) [1.88] -- DIRECTION W
52) - (39, 61) [1.73] -- DIRECTION W
53) - (39, 60) [1.59] -- DIRECTION S
54) - (38, 60) [1.56] -- DIRECTION W
55) - (38, 58) [1.37] -- DIRECTION W
56) - (38, 56) [1.44] -- DIRECTION SW
57) - (37, 54) [1.94] -- DIRECTION SW
58) - (36, 52) [2.52] -- DIRECTION W
59) - (36, 50) [2.73] -- DIRECTION W
60) - (36, 48) [2.73] -- DIRECTION W
61) - (36, 47) [2.65] -- DIRECTION W
62) - (36, 45) [2.46] -- DIRECTION S
63) - (35, 45) [2.46] -- DIRECTION W
64) - (35, 43) [2.39] -- DIRECTION W
65) - (35, 41) [2.52] -- DIRECTION W
66) - (35, 40) [2.59] -- DIRECTION N
67) - (36, 40) [2.62] -- DIRECTION W
68) - (36, 38) [2.64] -- DIRECTION W
69) - (36, 36) [2.67] -- DIRECTION W
70) - (36, 34) [2.79] -- DIRECTION W
71) - (36, 32) [2.87] -- DIRECTION W
72) - (36, 31) [2.85] -- DIRECTION SW
73) - (35, 30) [2.78] -- DIRECTION SW
74) - (34, 29) [2.64] -- DIRECTION W
75) - (34, 28) [2.47] -- DIRECTION W
76) - (34, 27) [2.32] -- DIRECTION W
77) - (34, 26) [2.2] -- DIRECTION W
78) - (34, 25) [2.1] -- DIRECTION S
79) - (33, 25) [2.06] -- DIRECTION SW
80) - (32, 24) [1.95] -- DIRECTION SW
81) - (31, 23) [1.85] -- DIRECTION SW
82) - (30, 21) [1.74] -- DIRECTION SW
83) - (29, 19) [1.84] -- DIRECTION W
84) - (29, 17) [2.0] -- DIRECTION SW
85) - (28, 15) [2.64] -- DIRECTION W
86) - (28, 13) [2.65] -- DIRECTION SW
87) - (27, 12) [3.11] -- DIRECTION N
Length of the thalweg: 11509.32 m
Generation of plot complete.
