44.973000000012384,12.052199999999878
44.97260000001237,12.052299999999878
44.97230000001236,12.052699999999877
44.97200000001235,12.053099999999876
44.971800000012344,12.053399999999876
44.97160000001234,12.053699999999875
44.97140000001233,12.053999999999874
44.971200000012324,12.054299999999873
44.970900000012314,12.054699999999873
44.97070000001231,12.054999999999872
44.9705000000123,12.055299999999871
44.97020000001229,12.05569999999987
44.97010000001229,12.05589999999987
44.970000000012284,12.056199999999869
44.96990000001228,12.056599999999868
44.96990000001228,12.056699999999868
44.96990000001228,12.056799999999868
44.96990000001228,12.056899999999867
44.96990000001228,12.056999999999867
44.96990000001228,12.057099999999867
44.96990000001228,12.057199999999867
44.96990000001228,12.057299999999866
44.96990000001228,12.057399999999866
44.96990000001228,12.057499999999866
44.96990000001228,12.057599999999866
44.96990000001228,12.057699999999866
44.96960000001227,12.057799999999865
44.96950000001227,12.058199999999864
44.969400000012264,12.058599999999863
44.969400000012264,12.058699999999863
44.969400000012264,12.058799999999863
44.969400000012264,12.058899999999863
44.969400000012264,12.058999999999862
44.969400000012264,12.059099999999862
44.969400000012264,12.059199999999862
44.969400000012264,12.059299999999862
44.969400000012264,12.059399999999862
44.96920000001226,12.05979999999986
44.96920000001226,12.05989999999986
44.96920000001226,12.05999999999986
44.96920000001226,12.06009999999986
44.96920000001226,12.06019999999986
44.96920000001226,12.06029999999986
44.96920000001226,12.06039999999986
44.96920000001226,12.060499999999859
44.96920000001226,12.060599999999859
44.96920000001226,12.060699999999859
44.96920000001226,12.060799999999858
44.96920000001226,12.060899999999858
44.969100000012254,12.060999999999858
44.969100000012254,12.061099999999858
44.969100000012254,12.061199999999857
44.969100000012254,12.061299999999857
44.969100000012254,12.061399999999857
44.969100000012254,12.061499999999857
44.969100000012254,12.061599999999856
44.969100000012254,12.061699999999856
44.969100000012254,12.061799999999856
44.969100000012254,12.061899999999856
44.969100000012254,12.061999999999856
44.969100000012254,12.062099999999855
44.96920000001226,12.062199999999855
44.96930000001226,12.062299999999855
44.96930000001226,12.062399999999855
44.96930000001226,12.062499999999854
44.96930000001226,12.062599999999854
44.96930000001226,12.062699999999854
44.96930000001226,12.062799999999854
44.96930000001226,12.062899999999853
44.96930000001226,12.062999999999853
44.96930000001226,12.063099999999853
44.96930000001226,12.063199999999853
44.96930000001226,12.063299999999852
44.96930000001226,12.063399999999852
44.96930000001226,12.063499999999852
44.96900000001225,12.063799999999851
44.96900000001225,12.063899999999851
44.96930000001226,12.06399999999985
44.96930000001226,12.06409999999985
44.96930000001226,12.06419999999985
44.96930000001226,12.06429999999985
44.96930000001226,12.06439999999985
44.96930000001226,12.06449999999985
44.96930000001226,12.06459999999985
44.96930000001226,12.06469999999985
44.96930000001226,12.064799999999849
44.96930000001226,12.064899999999849
44.96930000001226,12.064999999999849
44.96930000001226,12.065099999999848
44.96930000001226,12.065199999999848
44.969400000012264,12.065299999999848
44.96950000001227,12.065699999999847
44.96950000001227,12.065799999999847
44.96950000001227,12.065899999999846
44.96950000001227,12.065999999999846
44.96950000001227,12.066099999999846
44.96950000001227,12.066199999999846
44.96950000001227,12.066299999999845
44.96950000001227,12.066399999999845
44.96960000001227,12.066499999999845
44.969700000012274,12.066799999999844
44.96980000001228,12.067199999999843
44.96980000001228,12.067299999999843
44.96980000001228,12.067399999999843
44.96980000001228,12.067499999999843
44.96980000001228,12.067599999999842
44.96980000001228,12.067699999999842
44.96980000001228,12.067799999999842
44.96980000001228,12.067899999999842
44.96990000001228,12.067999999999842
44.970000000012284,12.068099999999841
44.97010000001229,12.06839999999984
44.97020000001229,12.06869999999984
44.970300000012294,12.06889999999984
44.9704000000123,12.069199999999839
44.9705000000123,12.069499999999838
44.970600000012304,12.069699999999838
44.97070000001231,12.069799999999837
44.97080000001231,12.069999999999837
44.970900000012314,12.070199999999836
44.97100000001232,12.070399999999836
44.97110000001232,12.070599999999835
44.971200000012324,12.070799999999835
44.97130000001233,12.070899999999835
44.97140000001233,12.071099999999834
44.971500000012334,12.071299999999834
44.97160000001234,12.071399999999834
44.97170000001234,12.071599999999833
44.971800000012344,12.071799999999833
44.97190000001235,12.071899999999832
44.97200000001235,12.072099999999832
44.972100000012354,12.072199999999832
44.97220000001236,12.072399999999831
44.97230000001236,12.072499999999831
44.97250000001237,12.07279999999983
44.97260000001237,12.07299999999983
44.972700000012374,12.07309999999983
44.97280000001238,12.07329999999983
44.97290000001238,12.073399999999829
44.973000000012384,12.073599999999828
44.97310000001239,12.073699999999828
44.97320000001239,12.073899999999828
44.973300000012394,12.074099999999827
44.9734000000124,12.074299999999827
44.9735000000124,12.074499999999826
44.973600000012404,12.074699999999826
44.97370000001241,12.074899999999825
44.97380000001241,12.075099999999825
44.973900000012414,12.075399999999824
44.97400000001242,12.075599999999824
44.97410000001242,12.075899999999823
44.974200000012424,12.076099999999823
44.974200000012424,12.076199999999822
44.974200000012424,12.076299999999822
44.97430000001243,12.076599999999821
44.97430000001243,12.076699999999821
44.97430000001243,12.076799999999821
44.97430000001243,12.07689999999982
44.97430000001243,12.07699999999982
44.97430000001243,12.07709999999982
44.97440000001243,12.07729999999982
44.97440000001243,12.07739999999982
44.97440000001243,12.07749999999982
44.97440000001243,12.077799999999819
44.97440000001243,12.077899999999818
44.97440000001243,12.077999999999818
44.97430000001243,12.078299999999818
44.97430000001243,12.078599999999817
44.97430000001243,12.078899999999816
44.97430000001243,12.078999999999816
44.97410000001242,12.079299999999815
44.97400000001242,12.079599999999814
44.973900000012414,12.079899999999814
44.97380000001241,12.080199999999813
44.9734000000124,12.080599999999812
44.97310000001239,12.080799999999812
44.97310000001239,12.080899999999811
44.97310000001239,12.080999999999811
44.97310000001239,12.081099999999811
44.97290000001238,12.08129999999981
44.97280000001238,12.08139999999981
44.972700000012374,12.08139999999981
44.97260000001237,12.08149999999981
44.97250000001237,12.08159999999981
44.972400000012364,12.08159999999981
44.97230000001236,12.08159999999981
44.97220000001236,12.08179999999981
44.97200000001235,12.08189999999981
44.97160000001234,12.082099999999809
44.971500000012334,12.082199999999808
44.97130000001233,12.082299999999808
44.97110000001232,12.082399999999808
44.97100000001232,12.082399999999808
44.97080000001231,12.082399999999808
44.970600000012304,12.082399999999808
44.9704000000123,12.082399999999808
44.97010000001229,12.082399999999808
44.96980000001228,12.082599999999807
44.969400000012264,12.082799999999807
44.96900000001225,12.083099999999806
44.96860000001224,12.083299999999806
44.968200000012224,12.083599999999805
44.96810000001222,12.083699999999805
44.96780000001221,12.084099999999804
44.9675000000122,12.084399999999803
44.967300000012195,12.084799999999802
44.96710000001219,12.085199999999801
44.967000000012185,12.0854999999998
44.96690000001218,12.0857999999998
44.96690000001218,12.0858999999998
44.96690000001218,12.0859999999998
44.96690000001218,12.0860999999998
44.96680000001218,12.0860999999998
44.967000000012185,12.086199999999799
44.96710000001219,12.086299999999799
44.96720000001219,12.086699999999798
44.96720000001219,12.087099999999797
44.96720000001219,12.087499999999796
44.96720000001219,12.087599999999796
44.96720000001219,12.087699999999796
44.96720000001219,12.087799999999795
44.96720000001219,12.087899999999795
44.96720000001219,12.087999999999795
44.967600000012204,12.088099999999795
44.96770000001221,12.088499999999794
44.96780000001221,12.088699999999793
44.96780000001221,12.088799999999793
44.96780000001221,12.088899999999793
44.967900000012214,12.088999999999793
44.967900000012214,12.089099999999792
44.967900000012214,12.089199999999792
44.96830000001223,12.089599999999791
44.968500000012234,12.089699999999791
44.96860000001224,12.08979999999979
44.96860000001224,12.08989999999979
44.96860000001224,12.08999999999979
44.96870000001224,12.09019999999979
44.969100000012254,12.090599999999789
44.96930000001226,12.090699999999789
44.969400000012264,12.090799999999788
44.96950000001227,12.090899999999788
44.96960000001227,12.091099999999788
44.969700000012274,12.091199999999787
44.96980000001228,12.091299999999787
44.96990000001228,12.091499999999787
44.970000000012284,12.091699999999786
44.97010000001229,12.091899999999786
44.97020000001229,12.091999999999786
44.970300000012294,12.092099999999785
44.9704000000123,12.092199999999785
44.9705000000123,12.092299999999785
44.97070000001231,12.092399999999785
44.97080000001231,12.092499999999784
44.97100000001232,12.092899999999783
44.97110000001232,12.093299999999783
44.971200000012324,12.093699999999782
44.971500000012334,12.09409999999978
44.971500000012334,12.09419999999978
44.971500000012334,12.09429999999978
44.971500000012334,12.09439999999978
44.97160000001234,12.094799999999779
44.97160000001234,12.094899999999779
44.97160000001234,12.094999999999779
44.97160000001234,12.095099999999778
44.97160000001234,12.095199999999778
44.97160000001234,12.095299999999778
44.97160000001234,12.095399999999778
44.97160000001234,12.095599999999777
44.97160000001234,12.095899999999776
44.97160000001234,12.096199999999776
44.97160000001234,12.096499999999775
44.97160000001234,12.096899999999774
44.97160000001234,12.097199999999773
44.97160000001234,12.097299999999773
44.97160000001234,12.097399999999773
44.971500000012334,12.097699999999772
44.971500000012334,12.097999999999772
44.971500000012334,12.098099999999771
44.97140000001233,12.09839999999977
44.97130000001233,12.09869999999977
44.971200000012324,12.09899999999977
44.97110000001232,12.099199999999769
44.970900000012314,12.099599999999768
44.9705000000123,12.099999999999767
44.97010000001229,12.100399999999766
44.96980000001228,12.100599999999766
44.96950000001227,12.100799999999765
44.96920000001226,12.100899999999765
44.96900000001225,12.100899999999765
44.968800000012244,12.100899999999765
44.968800000012244,12.100799999999765
44.96860000001224,12.100799999999765
44.968500000012234,12.100799999999765
44.96840000001223,12.100799999999765
44.96830000001223,12.100799999999765
44.968200000012224,12.100799999999765
44.96810000001222,12.100799999999765
44.96800000001222,12.100699999999765
44.96780000001221,12.100699999999765
44.96770000001221,12.100699999999765
44.9675000000122,12.100599999999766
44.96710000001219,12.100199999999766
44.96690000001218,12.100199999999766
44.96680000001218,12.100199999999766
44.96650000001217,12.100299999999766
44.96620000001216,12.099899999999767
44.96600000001215,12.099799999999767
44.96570000001214,12.099699999999768
44.96530000001213,12.099599999999768
44.964900000012115,12.099599999999768
44.9645000000121,12.099599999999768
44.96410000001209,12.099699999999768
44.963700000012075,12.099799999999767
44.96330000001206,12.099899999999767
44.96290000001205,12.100199999999766
44.962500000012035,12.100399999999766
44.96210000001202,12.100399999999766
44.96180000001201,12.100399999999766
44.96170000001201,12.100499999999766
44.96170000001201,12.100599999999766
44.96170000001201,12.100699999999765
44.96170000001201,12.100799999999765
44.96170000001201,12.100899999999765
44.96170000001201,12.100999999999765
44.96170000001201,12.101099999999764
44.96170000001201,12.101199999999764
44.96170000001201,12.101299999999764
44.96170000001201,12.101399999999764
44.96170000001201,12.101499999999763
44.961500000012,12.101599999999763
44.961500000012,12.101699999999763
44.961500000012,12.101799999999763
44.961500000012,12.101899999999763
44.961500000012,12.101999999999762
44.961500000012,12.102099999999762
44.961500000012,12.102199999999762
44.961500000012,12.102299999999762
44.961500000012,12.102399999999761
44.961500000012,12.102499999999761
44.961500000012,12.10259999999976
44.961500000012,12.10269999999976
44.961500000012,12.10279999999976
44.961500000012,12.10319999999976
44.961600000012005,12.10329999999976
44.96170000001201,12.103399999999759
44.96180000001201,12.103499999999759
44.96180000001201,12.103599999999759
44.96170000001201,12.103699999999758
44.96170000001201,12.103799999999758
44.96170000001201,12.103899999999758
44.96170000001201,12.103999999999758
44.96170000001201,12.104099999999757
44.961600000012005,12.104199999999757
44.961600000012005,12.104299999999757
44.961600000012005,12.104399999999757
44.96170000001201,12.104799999999756
44.961900000012015,12.104999999999755
44.961900000012015,12.105099999999755
44.96180000001201,12.105199999999755
44.96210000001202,12.105599999999754
44.961900000012015,12.105999999999753
44.961900000012015,12.106099999999753
44.961900000012015,12.106199999999752
44.96200000001202,12.106299999999752
44.96200000001202,12.106399999999752
44.96170000001201,12.106799999999751
44.96180000001201,12.10719999999975
44.96180000001201,12.10729999999975
44.96180000001201,12.10739999999975
44.961900000012015,12.10759999999975
44.961900000012015,12.107699999999749
44.96200000001202,12.107899999999749
44.96210000001202,12.108199999999748
44.96170000001201,12.108599999999747
44.96170000001201,12.108799999999746
44.96170000001201,12.108899999999746
44.96180000001201,12.109199999999746
44.961900000012015,12.109399999999745
44.961900000012015,12.109499999999745
44.96170000001201,12.109799999999744
44.96170000001201,12.109899999999744
44.96170000001201,12.109999999999744
44.96170000001201,12.110099999999743
44.96170000001201,12.110199999999743
44.96170000001201,12.110299999999743
44.96170000001201,12.110399999999743
44.96170000001201,12.110499999999742
44.96170000001201,12.110599999999742
44.96170000001201,12.110699999999742
44.961500000012,12.111099999999741
44.96120000001199,12.11139999999974
44.96120000001199,12.11149999999974
44.96120000001199,12.11159999999974
44.961300000011995,12.11179999999974
44.961400000012,12.111999999999739
44.961000000011985,12.112399999999738
44.960700000011975,12.112799999999737
44.96050000001197,12.113099999999736
44.960400000011965,12.113299999999736
44.96030000001196,12.113599999999735
44.96000000001195,12.113999999999734
44.95960000001194,12.114399999999733
44.95940000001193,12.114799999999732
44.95900000001192,12.115199999999732
44.958600000011906,12.11559999999973
44.9585000000119,12.11569999999973
44.9585000000119,12.11579999999973
44.958300000011896,12.11589999999973
44.95820000001189,12.11599999999973
44.95810000001189,12.11609999999973
44.958000000011886,12.11619999999973
44.95790000001188,12.116299999999729
44.95780000001188,12.116399999999729
44.957700000011876,12.116499999999728
44.95750000001187,12.116699999999728
44.957400000011866,12.116799999999728
44.95730000001186,12.116799999999728
44.95720000001186,12.116899999999728
44.957100000011856,12.116999999999727
44.95700000001185,12.116999999999727
44.95690000001185,12.117099999999727
44.956800000011846,12.117199999999727
44.956500000011836,12.117399999999726
44.95630000001183,12.117499999999726
44.956200000011826,12.117499999999726
44.95610000001182,12.117599999999726
44.955900000011816,12.117699999999726
44.95580000001181,12.117799999999725
44.955600000011806,12.117799999999725
44.9554000000118,12.117799999999725
44.955300000011796,12.117699999999726
44.95490000001178,12.117699999999726
44.95480000001178,12.117699999999726
44.954400000011766,12.117799999999725
44.95400000001175,12.117899999999725
44.95360000001174,12.117999999999725
44.95340000001173,12.117999999999725
44.953200000011726,12.117999999999725
44.95280000001171,12.118099999999725
44.9524000000117,12.118099999999725
44.95200000001169,12.118099999999725
44.95190000001168,12.118099999999725
44.95180000001168,12.118099999999725
44.95170000001168,12.118199999999725
44.95160000001167,12.118199999999725
44.95150000001167,12.118299999999724
44.95140000001167,12.118299999999724
44.95100000001165,12.117899999999725
44.95060000001164,12.117799999999725
44.95020000001163,12.117699999999726
44.949800000011614,12.117599999999726
44.9494000000116,12.117499999999726
44.94900000001159,12.117299999999727
44.94870000001158,12.117199999999727
44.948600000011574,12.117199999999727
44.94850000001157,12.117199999999727
44.948300000011564,12.117499999999726
44.94790000001155,12.117499999999726
44.94750000001154,12.117099999999727
44.947100000011524,12.116999999999727
44.94670000001151,12.116999999999727
44.9463000000115,12.116599999999728
44.94600000001149,12.116599999999728
44.945600000011474,12.116799999999728
44.94520000001146,12.117099999999727
44.94480000001145,12.117499999999726
44.94460000001144,12.117799999999725
44.944400000011434,12.118199999999725
44.94420000001143,12.118599999999724
44.944100000011424,12.118799999999723
44.94400000001142,12.119199999999722
44.94390000001142,12.119599999999721
44.943800000011414,12.11999999999972
44.94370000001141,12.12029999999972
44.94360000001141,12.120699999999719
44.943500000011404,12.120999999999718
44.9434000000114,12.121299999999717
44.9433000000114,12.121399999999717
44.9433000000114,12.121499999999717
44.9433000000114,12.121599999999717
44.9433000000114,12.121699999999716
44.9433000000114,12.121799999999716
44.9433000000114,12.121899999999716
44.9433000000114,12.121999999999716
44.943200000011394,12.122099999999715
44.943200000011394,12.122199999999715
44.943200000011394,12.122299999999715
44.943200000011394,12.122399999999715
44.943200000011394,12.122499999999715
44.94310000001139,12.122599999999714
44.94310000001139,12.122699999999714
44.94310000001139,12.122799999999714
44.94310000001139,12.122899999999714
44.94310000001139,12.122999999999713
44.94310000001139,12.123099999999713
44.94310000001139,12.123199999999713
44.942900000011385,12.123599999999712
44.94280000001138,12.123899999999711
44.942600000011375,12.12429999999971
44.94250000001137,12.12469999999971
44.94240000001137,12.124899999999709
44.942300000011365,12.125099999999708
44.94220000001136,12.125299999999708
44.94210000001136,12.125499999999708
44.942000000011355,12.125699999999707
44.94190000001135,12.125899999999707
44.94180000001135,12.125999999999706
44.941700000011345,12.126099999999706
44.94150000001134,12.126399999999705
44.941400000011335,12.126499999999705
44.94130000001133,12.126599999999705
44.94120000001133,12.126699999999705
44.94090000001132,12.126999999999704
44.940800000011315,12.126999999999704
44.94060000001131,12.127199999999704
44.9403000000113,12.127399999999703
44.94010000001129,12.127499999999703
44.939900000011285,12.127599999999703
44.939600000011275,12.127799999999702
44.93920000001126,12.127999999999702
44.93910000001126,12.127999999999702
44.939000000011255,12.127999999999702
44.93890000001125,12.127899999999702
44.93880000001125,12.127799999999702
44.93880000001125,12.127899999999702
44.93880000001125,12.127999999999702
44.938700000011245,12.127999999999702
44.93830000001123,12.127899999999702
44.93790000001122,12.127899999999702
44.93770000001121,12.127899999999702
44.9373000000112,12.127799999999702
44.93700000001119,12.127799999999702
44.936900000011185,12.127799999999702
44.93680000001118,12.127899999999702
44.93670000001118,12.127999999999702
44.936300000011165,12.127599999999703
44.93590000001115,12.127599999999703
44.93550000001114,12.127399999999703
44.935100000011126,12.127299999999703
44.93470000001111,12.126899999999704
44.9343000000111,12.126699999999705
44.933900000011086,12.126599999999705
44.933600000011076,12.126599999999705
44.93320000001106,12.126699999999705
44.93280000001105,12.126799999999704
44.93250000001104,12.127199999999704
44.93220000001103,12.127599999999703
44.93220000001103,12.127699999999702
44.932100000011026,12.128099999999701
44.932100000011026,12.128199999999701
44.932100000011026,12.128299999999701
44.932100000011026,12.1283999999997
44.932100000011026,12.1284999999997
44.932100000011026,12.1287999999997
44.932100000011026,12.1288999999997
44.932100000011026,12.1289999999997
44.932100000011026,12.1290999999997
44.932100000011026,12.129199999999699
44.932100000011026,12.129299999999699
44.932100000011026,12.129399999999698
44.932100000011026,12.129499999999698
44.93220000001103,12.129599999999698
44.93220000001103,12.129699999999698
44.93220000001103,12.129799999999697
44.93220000001103,12.130099999999697
44.93220000001103,12.130199999999697
44.93220000001103,12.130299999999696
44.93220000001103,12.130399999999696
44.93220000001103,12.130499999999696
44.93230000001103,12.130599999999696
44.93230000001103,12.130699999999695
44.93230000001103,12.130799999999695
44.93230000001103,12.130899999999695
44.93230000001103,12.130999999999695
44.93230000001103,12.131099999999694
44.93230000001103,12.131199999999694
44.93230000001103,12.131299999999694
44.93230000001103,12.131399999999694
44.93230000001103,12.131499999999694
44.932400000011036,12.131599999999693
44.93250000001104,12.131699999999693
44.93260000001104,12.131899999999693
44.93260000001104,12.131999999999692
44.93260000001104,12.132099999999692
44.93260000001104,12.132199999999692
44.93250000001104,12.132299999999692
44.932400000011036,12.132399999999691
44.932400000011036,12.132499999999691
44.932400000011036,12.132599999999691
44.932400000011036,12.13299999999969
44.93260000001104,12.133399999999689
44.93260000001104,12.133499999999689
44.93260000001104,12.133599999999689
44.932700000011046,12.133699999999688
44.932700000011046,12.133799999999688
44.93280000001105,12.133899999999688
44.93280000001105,12.133999999999688
44.93280000001105,12.134399999999687
44.93250000001104,12.134699999999686
44.93250000001104,12.134899999999686
44.93250000001104,12.134999999999685
44.93250000001104,12.135099999999685
44.93250000001104,12.135199999999685
44.93250000001104,12.135299999999685
44.93250000001104,12.135399999999684
44.93250000001104,12.135499999999684
44.93250000001104,12.135599999999684
44.93250000001104,12.135699999999684
44.93230000001103,12.135999999999683
44.932100000011026,12.136399999999682
44.93190000001102,12.136799999999681
44.93170000001101,12.136899999999681
44.93170000001101,12.13699999999968
44.93170000001101,12.13709999999968
44.931500000011006,12.13719999999968
44.931300000011,12.13729999999968
44.931200000010996,12.13739999999968
44.931200000010996,12.13749999999968
44.931200000010996,12.13759999999968
44.93100000001099,12.137799999999679
44.93070000001098,12.137899999999679
44.93040000001097,12.137999999999678
44.93040000001097,12.138099999999678
44.93040000001097,12.138199999999678
44.93040000001097,12.138299999999678
44.93040000001097,12.138399999999677
44.930000000010956,12.138699999999677
44.92960000001094,12.138799999999677
44.92950000001094,12.138899999999676
44.92950000001094,12.138999999999676
44.92950000001094,12.139099999999676
44.92950000001094,12.139199999999676
44.92950000001094,12.139299999999675
44.929100000010926,12.139699999999674
44.92880000001092,12.139799999999674
44.92880000001092,12.139899999999674
44.92880000001092,12.139999999999674
44.92880000001092,12.140099999999673
44.92880000001092,12.140199999999673
44.92880000001092,12.140299999999673
44.92880000001092,12.140399999999673
44.92880000001092,12.140499999999673
44.9284000000109,12.140899999999672
44.9282000000109,12.141099999999671
44.9282000000109,12.141199999999671
44.9282000000109,12.14129999999967
44.9282000000109,12.14139999999967
44.9283000000109,12.14149999999967
44.92790000001089,12.14189999999967
44.92760000001088,12.142299999999668
44.92760000001088,12.142399999999668
44.92760000001088,12.142499999999668
44.92760000001088,12.142599999999668
44.92760000001088,12.142699999999667
44.92770000001088,12.142799999999667
44.92770000001088,12.142899999999667
44.92770000001088,12.142999999999667
44.92770000001088,12.143099999999666
44.92770000001088,12.143199999999666
44.92770000001088,12.143299999999666
44.92770000001088,12.143399999999666
44.92770000001088,12.143499999999666
44.92780000001088,12.143799999999665
44.92790000001089,12.144099999999664
44.92800000001089,12.144499999999663
44.92810000001089,12.144799999999663
44.92810000001089,12.144899999999662
44.9282000000109,12.144999999999662
44.9283000000109,12.145099999999662
44.9283000000109,12.145199999999662
44.9284000000109,12.145299999999661
44.92850000001091,12.145399999999661
44.92850000001091,12.145499999999661
44.92860000001091,12.14559999999966
44.92860000001091,12.14569999999966
44.92870000001091,12.14579999999966
44.92880000001092,12.14589999999966
44.92890000001092,12.14599999999966
44.92890000001092,12.14609999999966
44.92900000001092,12.14619999999966
44.929100000010926,12.14619999999966
44.92920000001093,12.14619999999966
44.92960000001094,12.14619999999966
44.92990000001095,12.14619999999966
44.930000000010956,12.146399999999659
44.93020000001096,12.146699999999658
44.930300000010966,12.146899999999658
44.93040000001097,12.147099999999657
44.93050000001097,12.147299999999657
44.930600000010976,12.147499999999656
44.93070000001098,12.147699999999656
44.93080000001098,12.147899999999655
44.930900000010986,12.148099999999655
44.930900000010986,12.148199999999655
44.930900000010986,12.148299999999654
44.930900000010986,12.148399999999654
44.93100000001099,12.148399999999654
44.93100000001099,12.148499999999654
44.93100000001099,12.148599999999654
44.930900000010986,12.148699999999653
44.930900000010986,12.148799999999653
44.930900000010986,12.148899999999653
44.930900000010986,12.148999999999653
44.930900000010986,12.149099999999653
44.930900000010986,12.149199999999652
44.930900000010986,12.149299999999652
44.931300000011,12.149499999999652
44.931300000011,12.149599999999651
44.931300000011,12.149699999999651
44.931300000011,12.14979999999965
44.931300000011,12.14989999999965
44.931300000011,12.14999999999965
44.931300000011,12.15009999999965
44.931300000011,12.15019999999965
44.931300000011,12.15029999999965
44.931300000011,12.15039999999965
44.931300000011,12.15049999999965
44.931300000011,12.150599999999649
44.931300000011,12.150699999999649
44.931300000011,12.150799999999649
44.931300000011,12.150899999999648
44.931300000011,12.150999999999648
44.931300000011,12.151099999999648
44.931300000011,12.151199999999648
44.931300000011,12.151299999999647
44.931300000011,12.151399999999647
44.931300000011,12.151499999999647
44.931300000011,12.151599999999647
44.931300000011,12.151699999999646
44.931300000011,12.151799999999646
44.931300000011,12.151899999999646
44.931400000011,12.151999999999646
44.931400000011,12.152099999999646
44.931400000011,12.152399999999645
44.931400000011,12.152499999999645
44.931400000011,12.152599999999644
44.931400000011,12.152699999999644
44.931400000011,12.152799999999644
44.931400000011,12.152899999999644
44.931400000011,12.152999999999643
44.931400000011,12.153099999999643
44.931400000011,12.153199999999643
44.931400000011,12.153299999999643
44.931400000011,12.153399999999642
44.931400000011,12.153499999999642
44.931400000011,12.153599999999642
44.931200000010996,12.153999999999641
44.93100000001099,12.15439999999964
44.93100000001099,12.15449999999964
44.93100000001099,12.15459999999964
44.93110000001099,12.15469999999964
44.931200000010996,12.15479999999964
44.931300000011,12.154899999999639
44.931300000011,12.154999999999639
44.931300000011,12.155099999999639
44.931300000011,12.155199999999638
44.931200000010996,12.155499999999638
44.93110000001099,12.155699999999637
44.93100000001099,12.155999999999636
44.93100000001099,12.156099999999636
44.93100000001099,12.156199999999636
44.93100000001099,12.156299999999636
44.930900000010986,12.156399999999635
44.930900000010986,12.156499999999635
44.93080000001098,12.156599999999635
44.93080000001098,12.156699999999635
44.931200000010996,12.157099999999634
44.93110000001099,12.157499999999633
44.93100000001099,12.157599999999633
44.93100000001099,12.157699999999632
44.93100000001099,12.157799999999632
44.93100000001099,12.157899999999632
44.930900000010986,12.157999999999632
44.930900000010986,12.158099999999632
44.930900000010986,12.158199999999631
44.931300000011,12.15859999999963
44.931400000011,12.15889999999963
44.931500000011006,12.15899999999963
44.93160000001101,12.159199999999629
44.93170000001101,12.159399999999629
44.931800000011016,12.159499999999628
44.93190000001102,12.159499999999628
44.93200000001102,12.159499999999628
44.932100000011026,12.159499999999628
44.93220000001103,12.159499999999628
44.93230000001103,12.159499999999628
44.932400000011036,12.159499999999628
44.93250000001104,12.159499999999628
44.93260000001104,12.159499999999628
44.93280000001105,12.159399999999629
44.933000000011056,12.159299999999629
44.93320000001106,12.159199999999629
44.93350000001107,12.15909999999963
44.93380000001108,12.15899999999963
44.934200000011096,12.15889999999963
44.9344000000111,12.15879999999963
44.93460000001111,12.15869999999963
44.93490000001112,12.15869999999963
44.93500000001112,12.15869999999963
44.935100000011126,12.15869999999963
44.93530000001113,12.15879999999963
44.93560000001114,12.15889999999963
44.93590000001115,12.15899999999963
44.93610000001116,12.15909999999963
44.93640000001117,12.159199999999629
44.93680000001118,12.159299999999629
44.937200000011195,12.159399999999629
44.93760000001121,12.159499999999628
44.93790000001122,12.159599999999628
44.938100000011225,12.159799999999628
44.938400000011235,12.160199999999627
44.93850000001124,12.160399999999626
44.93860000001124,12.160599999999626
44.938700000011245,12.160799999999625
44.93880000001125,12.160999999999625
44.93890000001125,12.161199999999624
44.939000000011255,12.161399999999624
44.93910000001126,12.161599999999623
44.93920000001126,12.161899999999623
44.939300000011265,12.162099999999622
44.93940000001127,12.162299999999622
44.93950000001127,12.162499999999621
44.939600000011275,12.16269999999962
44.93980000001128,12.16299999999962
44.939900000011285,12.16319999999962
44.94000000001129,12.16339999999962
44.940200000011295,12.163699999999618
44.9403000000113,12.163899999999618
44.9404000000113,12.164099999999618
44.940500000011305,12.164299999999617
44.94060000001131,12.164499999999617
44.94070000001131,12.164599999999616
44.940800000011315,12.164799999999616
44.94090000001132,12.164999999999615
44.94100000001132,12.165199999999615
44.941100000011325,12.165399999999615
44.94120000001133,12.165599999999614
44.94130000001133,12.165799999999614
44.941400000011335,12.165999999999613
44.94150000001134,12.166199999999613
44.94160000001134,12.166399999999612
44.941700000011345,12.166699999999611
44.94180000001135,12.166899999999611
44.94190000001135,12.16709999999961
44.942000000011355,12.16729999999961
44.94210000001136,12.16759999999961
44.94220000001136,12.167899999999609
44.942300000011365,12.168199999999608
44.94240000001137,12.168499999999607
44.94250000001137,12.168899999999606
44.94250000001137,12.168999999999606
44.94250000001137,12.169099999999606
44.94250000001137,12.169199999999606
44.94250000001137,12.169299999999605
44.94250000001137,12.169399999999605
44.94250000001137,12.169499999999605
44.94250000001137,12.169599999999605
44.942600000011375,12.169799999999604
44.942600000011375,12.169899999999604
44.942600000011375,12.169999999999604
44.942600000011375,12.170099999999604
44.942600000011375,12.170199999999603
44.942600000011375,12.170299999999603
44.942600000011375,12.170399999999603
44.942600000011375,12.170499999999603
44.94250000001137,12.170599999999602
44.94250000001137,12.170699999999602
44.94250000001137,12.170799999999602
44.94250000001137,12.170899999999602
44.94250000001137,12.170999999999601
44.94250000001137,12.171099999999601
44.94250000001137,12.171199999999601
44.94250000001137,12.1712999999996
44.94250000001137,12.1713999999996
44.94240000001137,12.1716999999996
44.94240000001137,12.1717999999996
44.94240000001137,12.1718999999996
44.942300000011365,12.172099999999599
44.942300000011365,12.172199999999599
44.942300000011365,12.172299999999598
44.94220000001136,12.172499999999598
44.94220000001136,12.172599999999598
44.94220000001136,12.172699999999598
44.94210000001136,12.172799999999597
44.942000000011355,12.173199999999596
44.94190000001135,12.173299999999596
44.94190000001135,12.173399999999596
44.941700000011345,12.173699999999595
44.94160000001134,12.173799999999595
44.94160000001134,12.173899999999595
44.941400000011335,12.174199999999594
44.94120000001133,12.174499999999593
44.94100000001132,12.174899999999592
44.94060000001131,12.175299999999591
44.9403000000113,12.175499999999591
44.94010000001129,12.17569999999959
44.939900000011285,12.17579999999959
44.93970000001128,12.17589999999959
44.93950000001127,12.17599999999959
44.93910000001126,12.17619999999959
44.93890000001125,12.17629999999959
44.93880000001125,12.17629999999959
44.938700000011245,12.17629999999959
44.93860000001124,12.17629999999959
44.93850000001124,12.176399999999589
44.93830000001123,12.176499999999589
44.93790000001122,12.176599999999588
44.937500000011205,12.176699999999588
44.93710000001119,12.176399999999589
44.93700000001119,12.176399999999589
44.93680000001118,12.176499999999589
44.93670000001118,12.176599999999588
44.936300000011165,12.176599999999588
44.93590000001115,12.17619999999959
44.93550000001114,12.176399999999589
44.935100000011126,12.176499999999589
44.93470000001111,12.176699999999588
44.9343000000111,12.176899999999588
44.933900000011086,12.177099999999587
44.93350000001107,12.177399999999587
44.93310000001106,12.177799999999586
44.932700000011046,12.178099999999585
44.93230000001103,12.178499999999584
44.93190000001102,12.178899999999583
44.931500000011006,12.179299999999582
44.931300000011,12.179499999999582
44.93100000001099,12.17989999999958
44.93080000001098,12.18009999999958
44.93050000001097,12.18049999999958
44.93020000001096,12.180899999999578
44.92990000001095,12.181299999999577
44.92960000001094,12.181699999999577
44.92930000001093,12.182099999999576
44.92900000001092,12.182499999999575
44.92870000001091,12.182799999999574
44.9284000000109,12.183199999999573
44.92810000001089,12.183599999999572
44.92790000001089,12.183899999999571
44.92770000001088,12.18419999999957
44.92750000001087,12.18459999999957
44.92730000001087,12.184899999999569
44.92710000001086,12.185299999999568
44.92690000001085,12.185699999999567
44.92680000001085,12.185999999999567
44.92660000001084,12.186399999999566
44.92650000001084,12.186699999999565
44.92630000001083,12.187099999999564
44.92620000001083,12.187299999999563
44.92610000001083,12.187599999999563
44.92590000001082,12.187999999999562
44.92580000001082,12.188299999999561
44.92570000001081,12.18859999999956
44.92560000001081,12.18879999999956
44.92550000001081,12.18909999999956
44.925400000010804,12.189399999999559
44.9253000000108,12.189799999999558
44.9253000000108,12.189899999999557
44.9253000000108,12.189999999999557
44.9252000000108,12.190399999999556
44.9252000000108,12.190499999999556
44.925100000010794,12.190899999999555
44.925100000010794,12.190999999999555
44.925100000010794,12.191099999999555
44.925100000010794,12.191199999999554
44.925100000010794,12.191299999999554
44.925100000010794,12.191399999999554
44.925100000010794,12.191499999999554
44.92500000001079,12.191899999999553
44.92500000001079,12.191999999999553
44.92500000001079,12.192099999999552
44.92500000001079,12.192199999999552
44.92500000001079,12.192299999999552
44.92500000001079,12.192399999999552
44.92500000001079,12.192499999999551
44.92500000001079,12.192599999999551
44.92500000001079,12.192699999999551
44.92500000001079,12.19279999999955
44.92500000001079,12.19289999999955
44.92500000001079,12.19299999999955
44.92500000001079,12.19309999999955
44.92500000001079,12.19319999999955
44.92500000001079,12.19329999999955
44.92500000001079,12.19339999999955
44.92500000001079,12.193499999999549
44.92500000001079,12.193599999999549
44.92500000001079,12.193699999999549
44.92500000001079,12.193799999999548
44.92500000001079,12.193899999999548
44.92500000001079,12.193999999999548
44.92500000001079,12.194099999999548
44.92500000001079,12.194199999999547
44.92500000001079,12.194299999999547
44.92500000001079,12.194399999999547
44.92500000001079,12.194499999999547
44.92500000001079,12.194599999999546
44.92500000001079,12.194699999999546
44.92500000001079,12.194799999999546
44.92500000001079,12.194899999999546
44.92500000001079,12.194999999999546
44.92500000001079,12.195099999999545
44.92500000001079,12.195199999999545
44.92500000001079,12.195299999999545
44.92500000001079,12.195399999999545
44.92500000001079,12.195499999999544
44.92500000001079,12.195599999999544
44.92500000001079,12.195699999999544
44.92500000001079,12.195799999999544
44.92500000001079,12.195899999999543
44.92500000001079,12.195999999999543
44.92500000001079,12.196099999999543
44.92500000001079,12.196199999999543
44.92500000001079,12.196299999999543
44.92500000001079,12.196399999999542
44.92500000001079,12.196499999999542
44.92500000001079,12.196599999999542
44.92500000001079,12.196699999999542
44.92500000001079,12.196799999999541
44.92500000001079,12.196899999999541
44.92500000001079,12.19699999999954
44.92500000001079,12.19709999999954
44.92500000001079,12.19719999999954
44.92500000001079,12.19729999999954
44.92500000001079,12.19739999999954
44.92500000001079,12.19749999999954
44.925100000010794,12.19759999999954
44.925100000010794,12.19769999999954
44.925100000010794,12.197799999999539
44.925100000010794,12.197899999999539
44.925100000010794,12.197999999999539
44.925100000010794,12.198099999999538
44.925100000010794,12.198199999999538
44.925100000010794,12.198299999999538
44.925100000010794,12.198399999999538
44.925100000010794,12.198499999999537
44.925100000010794,12.198599999999537
44.925100000010794,12.198699999999537
44.925100000010794,12.198799999999537
44.925100000010794,12.198899999999536
44.925100000010794,12.198999999999536
44.925100000010794,12.199099999999536
44.925100000010794,12.199199999999536
44.92550000001081,12.199299999999536
44.92560000001081,12.199399999999535
44.92570000001081,12.199499999999535
44.92580000001082,12.199599999999535
44.92590000001082,12.199699999999535
44.92560000001081,12.199799999999534
44.9252000000108,12.199899999999534
44.9252000000108,12.199999999999534
44.9252000000108,12.200099999999534
44.9252000000108,12.200199999999533
44.9252000000108,12.200299999999533
44.9252000000108,12.200399999999533
44.9252000000108,12.200499999999533
44.9252000000108,12.200599999999532
44.9253000000108,12.200699999999532
44.9253000000108,12.200799999999532
44.9253000000108,12.200899999999532
44.9253000000108,12.200999999999532
44.9253000000108,12.201099999999531
44.9253000000108,12.201199999999531
44.9253000000108,12.20129999999953
44.9253000000108,12.20139999999953
44.925400000010804,12.20149999999953
44.925400000010804,12.20159999999953
44.925400000010804,12.20169999999953
44.925400000010804,12.20179999999953
44.925400000010804,12.20189999999953
44.925400000010804,12.20199999999953
44.925400000010804,12.202099999999529
44.92550000001081,12.202199999999529
44.92580000001082,12.202599999999528
44.92590000001082,12.202999999999527
44.92600000001082,12.203099999999527
44.92610000001083,12.203199999999526
44.92620000001083,12.203299999999526
44.92630000001083,12.203399999999526
44.92640000001084,12.203499999999526
44.92650000001084,12.203599999999525
44.92660000001084,12.203699999999525
44.92670000001085,12.203999999999525
44.92670000001085,12.204099999999524
44.92670000001085,12.204199999999524
44.92670000001085,12.204299999999524
44.92670000001085,12.204399999999524
44.92670000001085,12.204499999999523
44.92670000001085,12.204599999999523
44.92670000001085,12.204699999999523
44.92670000001085,12.204799999999523
44.92670000001085,12.204899999999522
44.92670000001085,12.204999999999522
44.92670000001085,12.205099999999522
44.92670000001085,12.205199999999522
44.92660000001084,12.205299999999522
44.92650000001084,12.205399999999521
44.92630000001083,12.205499999999521
44.92640000001084,12.20559999999952
44.92640000001084,12.20569999999952
44.92640000001084,12.20579999999952
44.92620000001083,12.20589999999952
44.92620000001083,12.20599999999952
44.92620000001083,12.20609999999952
44.92620000001083,12.20619999999952
44.92620000001083,12.20629999999952
44.92610000001083,12.206399999999519
44.92600000001082,12.206499999999519
44.92600000001082,12.206599999999519
44.92600000001082,12.206699999999518
44.92600000001082,12.206799999999518
44.92600000001082,12.206899999999518
44.92590000001082,12.206999999999518
44.92590000001082,12.207099999999517
44.92600000001082,12.207199999999517
44.92610000001083,12.207299999999517
44.92620000001083,12.207399999999517
44.92630000001083,12.207499999999516
44.92640000001084,12.207599999999516
44.92640000001084,12.207699999999516
44.92640000001084,12.207799999999516
44.92640000001084,12.207899999999515
44.92640000001084,12.207999999999515
44.92640000001084,12.208099999999515
44.92610000001083,12.208199999999515
44.92600000001082,12.208299999999515
44.92580000001082,12.208399999999514
44.92590000001082,12.208699999999514
44.92610000001083,12.209099999999513
44.92620000001083,12.209199999999512
44.92630000001083,12.209299999999512
44.92640000001084,12.209499999999512
44.92650000001084,12.209699999999511
44.92660000001084,12.209799999999511
44.92660000001084,12.21019999999951
44.92660000001084,12.21029999999951
44.92660000001084,12.21039999999951
44.92670000001085,12.21039999999951
44.92680000001085,12.21039999999951
44.92690000001085,12.21049999999951
44.92700000001086,12.21059999999951
44.92710000001086,12.210899999999508
44.92710000001086,12.211099999999508
44.92670000001085,12.211499999999507
44.92640000001084,12.211899999999506
44.92630000001083,12.212299999999505
44.92620000001083,12.212699999999504
44.92620000001083,12.213099999999503
44.92630000001083,12.213399999999503
44.92640000001084,12.213499999999502
44.92640000001084,12.213599999999502
44.92620000001083,12.213899999999501
44.92610000001083,12.2141999999995
44.92600000001082,12.2144999999995
44.92590000001082,12.2147999999995
44.92580000001082,12.214999999999499
44.92570000001081,12.215299999999498
44.92560000001081,12.215599999999498
44.92550000001081,12.215899999999497
44.925400000010804,12.216199999999496
44.9253000000108,12.216499999999495
44.9252000000108,12.216799999999495
44.925100000010794,12.217099999999494
44.92500000001079,12.217399999999493
44.924800000010784,12.217799999999492
44.924800000010784,12.217899999999492
44.924800000010784,12.217999999999492
44.92440000001077,12.218099999999492
44.924200000010764,12.218299999999491
44.923900000010754,12.21859999999949
44.923900000010754,12.21889999999949
44.92400000001076,12.21919999999949
44.92410000001076,12.219299999999489
44.924200000010764,12.219399999999489
44.923900000010754,12.219499999999488
44.923900000010754,12.219599999999488
44.923900000010754,12.219699999999488
44.92350000001074,12.219999999999487
44.92340000001074,12.220399999999486
44.923300000010734,12.220799999999485
44.92320000001073,12.221199999999484
44.92310000001073,12.221499999999484
44.923000000010724,12.221899999999483
44.92290000001072,12.222199999999482
44.92280000001072,12.222599999999481
44.922700000010714,12.22299999999948
44.922700000010714,12.22309999999948
44.922700000010714,12.22319999999948
44.922700000010714,12.22329999999948
44.922700000010714,12.22339999999948
44.922700000010714,12.22349999999948
44.922700000010714,12.223799999999478
44.922700000010714,12.223899999999478
44.92250000001071,12.223999999999478
44.922400000010704,12.224399999999477
44.922400000010704,12.224499999999477
44.922400000010704,12.224599999999477
44.922400000010704,12.224699999999476
44.922400000010704,12.224799999999476
44.922400000010704,12.224899999999476
44.922400000010704,12.224999999999476
44.922400000010704,12.225099999999475
44.922400000010704,12.225199999999475
44.922400000010704,12.225299999999475
44.922400000010704,12.225399999999475
44.922400000010704,12.225499999999474
44.922400000010704,12.225599999999474
44.922400000010704,12.225699999999474
44.922400000010704,12.225799999999474
44.922400000010704,12.225899999999474
44.922400000010704,12.225999999999473
44.922400000010704,12.226099999999473
44.922400000010704,12.226199999999473
44.922400000010704,12.226299999999473
44.922400000010704,12.226399999999472
44.922400000010704,12.226499999999472
44.922400000010704,12.226599999999472
44.922400000010704,12.226699999999472
44.92250000001071,12.226799999999471
44.92260000001071,12.226899999999471
44.922700000010714,12.226999999999471
44.92280000001072,12.22709999999947
44.92290000001072,12.22729999999947
44.923000000010724,12.22749999999947
44.92310000001073,12.22769999999947
44.92320000001073,12.228099999999468
44.923300000010734,12.228199999999468
44.92340000001074,12.228299999999468
44.92350000001074,12.228499999999467
44.923600000010744,12.228699999999467
44.92370000001075,12.228799999999467
44.92380000001075,12.228999999999466
44.923900000010754,12.229199999999466
44.92400000001076,12.229399999999465
44.92410000001076,12.229499999999465
44.924200000010764,12.229599999999465
44.92430000001077,12.229699999999465
44.92440000001077,12.229799999999464
44.924500000010774,12.230099999999464
44.92460000001078,12.230199999999464
44.92470000001078,12.230299999999463
44.924800000010784,12.230399999999463
44.92490000001079,12.230599999999463
44.92500000001079,12.230799999999462
44.925100000010794,12.230999999999462
44.9252000000108,12.231099999999461
44.9253000000108,12.231199999999461
44.925400000010804,12.231299999999461
44.92550000001081,12.23149999999946
44.92560000001081,12.23159999999946
44.92570000001081,12.23169999999946
44.92580000001082,12.23189999999946
44.92590000001082,12.23199999999946
44.92600000001082,12.232099999999459
44.92610000001083,12.232199999999459
44.92620000001083,12.232299999999459
44.92630000001083,12.232399999999458
44.92640000001084,12.232499999999458
44.92650000001084,12.232599999999458
44.92660000001084,12.232799999999457
44.92670000001085,12.232899999999457
44.92680000001085,12.232999999999457
44.92690000001085,12.233099999999457
44.92700000001086,12.233199999999457
44.92710000001086,12.233299999999456
44.92720000001086,12.233399999999456
44.92730000001087,12.233499999999456
44.92740000001087,12.233599999999456
44.92750000001087,12.233699999999455
44.92770000001088,12.233799999999455
44.92780000001088,12.233899999999455
44.92800000001089,12.233999999999455
44.92810000001089,12.234099999999454
44.9283000000109,12.234199999999454
44.9284000000109,12.234299999999454
44.92860000001091,12.234399999999454
44.92870000001091,12.234499999999453
44.92890000001092,12.234599999999453
44.92900000001092,12.234699999999453
44.92920000001093,12.234799999999453
44.92930000001093,12.234899999999453
44.92950000001094,12.234999999999452
44.929700000010946,12.235099999999452
44.92980000001095,12.235199999999452
44.930000000010956,12.235299999999452
44.93020000001096,12.235399999999451
44.930300000010966,12.235499999999451
44.93050000001097,12.235599999999451
44.93070000001098,12.23569999999945
44.93080000001098,12.23569999999945
44.930900000010986,12.23569999999945
44.93100000001099,12.23569999999945
44.93110000001099,12.23569999999945
44.931200000010996,12.23569999999945
44.931300000011,12.235299999999452
44.931400000011,12.234899999999453
44.931500000011006,12.234999999999452
44.93160000001101,12.235099999999452
44.93170000001101,12.235199999999452
44.931800000011016,12.235299999999452
44.932100000011026,12.23569999999945
44.93220000001103,12.23609999999945
44.93230000001103,12.23629999999945
44.93250000001104,12.236399999999449
44.93260000001104,12.236499999999449
44.932700000011046,12.236599999999449
44.93280000001105,12.236699999999448
44.93290000001105,12.236799999999448
44.933000000011056,12.236799999999448
44.933000000011056,12.236899999999448
44.933000000011056,12.236999999999448
44.933000000011056,12.237099999999447
44.933000000011056,12.237199999999447
44.933000000011056,12.237299999999447
44.933000000011056,12.237399999999447
44.93340000001107,12.237799999999446
44.93380000001108,12.237899999999446
44.933900000011086,12.237999999999445
44.93410000001109,12.238099999999445
44.934200000011096,12.238199999999445
44.9343000000111,12.238299999999445
44.934500000011106,12.238399999999444
44.93460000001111,12.238699999999444
44.93470000001111,12.238999999999443
44.934800000011116,12.239199999999443
44.93490000001112,12.239299999999442
44.93500000001112,12.239399999999442
44.935100000011126,12.239699999999441
44.93520000001113,12.239899999999441
44.93550000001114,12.24029999999944
44.93580000001115,12.24039999999944
44.936000000011155,12.24049999999944
44.93610000001116,12.240699999999439
44.93610000001116,12.240799999999439
44.93610000001116,12.240899999999439
44.93610000001116,12.240999999999438
44.93610000001116,12.241099999999438
44.93610000001116,12.241199999999438
44.93610000001116,12.241299999999438
44.93610000001116,12.241399999999437
44.93610000001116,12.241499999999437
44.93620000001116,12.241599999999437
44.93620000001116,12.241699999999437
44.93620000001116,12.241799999999436
44.93620000001116,12.241899999999436
44.93620000001116,12.241999999999436
44.93620000001116,12.242099999999436
44.93620000001116,12.242199999999436
44.93620000001116,12.242299999999435
44.93620000001116,12.242399999999435
44.93620000001116,12.242499999999435
44.93620000001116,12.242599999999435
44.93620000001116,12.242699999999434
44.93620000001116,12.242799999999434
44.93620000001116,12.242899999999434
44.93620000001116,12.242999999999434
44.93620000001116,12.243099999999433
44.93620000001116,12.243199999999433
44.93620000001116,12.243299999999433
44.93620000001116,12.243399999999433
44.93620000001116,12.243499999999433
44.93610000001116,12.243599999999432
44.93610000001116,12.243699999999432
44.93610000001116,12.243799999999432
44.93610000001116,12.243899999999432
44.93610000001116,12.243999999999431
44.93610000001116,12.244099999999431
44.93610000001116,12.24419999999943
44.93610000001116,12.24429999999943
44.93610000001116,12.24439999999943
44.936000000011155,12.24459999999943
44.936000000011155,12.24479999999943
44.936000000011155,12.244999999999429
44.936000000011155,12.245099999999429
44.936000000011155,12.245199999999429
44.93590000001115,12.245299999999428
44.93590000001115,12.245399999999428
44.93590000001115,12.245699999999427
44.93560000001114,12.246099999999426
44.93560000001114,12.246199999999426
44.93560000001114,12.246299999999426
44.93560000001114,12.246399999999426
44.93560000001114,12.246499999999426
44.93560000001114,12.246599999999425
44.93560000001114,12.246699999999425
44.935700000011146,12.246799999999425
44.93550000001114,12.247199999999424
44.93520000001113,12.247599999999423
44.93520000001113,12.247699999999423
44.93520000001113,12.247799999999422
44.93520000001113,12.247899999999422
44.93530000001113,12.247999999999422
44.93530000001113,12.248099999999422
44.93530000001113,12.248199999999422
44.935400000011136,12.248299999999421
44.93520000001113,12.24869999999942
44.93490000001112,12.24909999999942
44.934800000011116,12.24919999999942
44.934800000011116,12.249299999999419
44.93490000001112,12.249399999999419
44.93490000001112,12.249499999999419
44.93500000001112,12.249599999999418
44.93500000001112,12.249699999999418
44.93500000001112,12.250099999999417
44.93460000001111,12.250499999999416
44.934500000011106,12.250899999999415
44.93460000001111,12.250999999999415
44.934800000011116,12.251099999999415
44.9344000000111,12.251499999999414
44.93410000001109,12.251899999999413
44.93410000001109,12.252299999999412
44.93410000001109,12.252699999999411
44.93410000001109,12.25279999999941
44.934200000011096,12.25289999999941
44.9343000000111,12.25299999999941
44.9344000000111,12.25309999999941
44.9344000000111,12.25319999999941
44.934200000011096,12.25329999999941
44.934200000011096,12.25339999999941
44.934200000011096,12.25349999999941
44.934200000011096,12.253599999999409
44.934200000011096,12.253699999999409
44.934200000011096,12.253799999999408
44.934200000011096,12.253899999999408
44.934200000011096,12.253999999999408
44.934200000011096,12.254099999999408
44.934500000011106,12.254499999999407
44.934800000011116,12.254599999999407
44.934800000011116,12.254699999999406
44.934800000011116,12.254799999999406
44.934800000011116,12.254899999999406
44.93470000001111,12.254999999999406
44.93470000001111,12.255099999999405
44.93470000001111,12.255199999999405
44.93470000001111,12.255299999999405
44.93460000001111,12.255399999999405
44.93460000001111,12.255499999999405
44.93500000001112,12.255899999999404
44.935100000011126,12.256299999999403
44.935100000011126,12.256399999999402
44.935100000011126,12.256499999999402
44.93500000001112,12.256599999999402
44.93490000001112,12.256699999999402
44.93490000001112,12.256799999999402
44.93490000001112,12.256899999999401
44.93490000001112,12.256999999999401
44.93490000001112,12.2573999999994
44.935100000011126,12.2577999999994
44.935400000011136,12.258199999999398
44.93550000001114,12.258399999999398
44.93560000001114,12.258599999999397
44.935700000011146,12.258899999999397
44.93580000001115,12.259099999999396
44.93590000001115,12.259399999999395
44.936000000011155,12.259599999999395
44.93610000001116,12.259899999999394
44.93620000001116,12.260099999999394
44.936300000011165,12.260399999999393
44.93640000001117,12.260599999999393
44.93650000001117,12.260899999999392
44.936600000011175,12.261099999999391
44.93670000001118,12.261299999999391
44.93680000001118,12.26149999999939
44.936900000011185,12.26179999999939
44.936900000011185,12.26189999999939
44.93700000001119,12.26189999999939
44.93700000001119,12.26199999999939
44.93710000001119,12.26199999999939
44.937200000011195,12.26199999999939
44.937200000011195,12.26209999999939
44.93680000001118,12.262199999999389
44.936900000011185,12.26199999999939
44.93700000001119,12.26179999999939
44.93680000001118,12.26189999999939
44.936900000011185,12.26169999999939
44.93710000001119,12.26189999999939
44.93680000001118,12.26199999999939
44.936900000011185,12.26159999999939
44.93700000001119,12.26169999999939
44.93680000001118,12.26179999999939
44.93680000001118,12.26159999999939
44.93680000001118,12.26139999999939
44.936600000011175,12.261199999999391
44.93650000001117,12.260799999999392
44.936300000011165,12.260499999999393
44.93620000001116,12.260199999999394
44.936000000011155,12.259799999999395
44.93590000001115,12.259499999999395
44.93580000001115,12.259199999999396
44.93560000001114,12.258799999999397
44.93550000001114,12.258499999999398
44.93550000001114,12.258299999999398
44.93550000001114,12.258199999999398
44.93550000001114,12.258099999999398
44.93530000001113,12.258099999999398
44.93530000001113,12.257999999999399
44.93530000001113,12.257899999999399
44.93520000001113,12.257899999999399
44.93520000001113,12.2577999999994
44.93520000001113,12.2576999999994
44.935100000011126,12.2576999999994
44.935100000011126,12.2575999999994
44.93500000001112,12.2575999999994
44.93500000001112,12.2574999999994
44.93490000001112,12.2574999999994
44.934800000011116,12.2570999999994
44.934800000011116,12.256699999999402
44.934800000011116,12.256299999999403
44.934800000011116,12.256099999999403
44.93470000001111,12.256099999999403
44.93470000001111,12.255999999999403
44.93460000001111,12.255999999999403
44.93460000001111,12.255599999999404
44.93460000001111,12.255199999999405
44.93460000001111,12.254799999999406
44.93460000001111,12.254499999999407
44.9343000000111,12.254099999999408
44.9343000000111,12.253699999999409
44.9343000000111,12.25329999999941
44.9343000000111,12.25289999999941
44.9343000000111,12.252699999999411
44.93410000001109,12.252599999999411
44.93410000001109,12.252499999999412
44.93410000001109,12.252399999999412
44.93410000001109,12.252199999999412
44.93410000001109,12.252099999999412
44.93410000001109,12.251999999999413
44.93410000001109,12.251799999999413
44.93410000001109,12.251699999999413
44.93400000001109,12.251599999999414
44.93400000001109,12.251499999999414
44.93400000001109,12.251399999999414
44.93400000001109,12.251299999999414
44.93400000001109,12.251199999999415
44.93400000001109,12.250999999999415
44.93400000001109,12.250899999999415
44.93400000001109,12.250799999999415
44.93400000001109,12.250699999999416
44.93400000001109,12.250599999999416
44.93400000001109,12.250499999999416
44.93400000001109,12.250399999999416
44.93400000001109,12.250299999999417
44.93400000001109,12.250199999999417
44.93400000001109,12.250099999999417
44.93400000001109,12.249999999999417
44.93400000001109,12.249899999999418
44.93400000001109,12.249799999999418
44.93400000001109,12.249699999999418
44.93400000001109,12.249599999999418
44.93400000001109,12.249499999999419
44.93400000001109,12.249399999999419
44.93400000001109,12.249299999999419
44.93400000001109,12.24919999999942
44.93400000001109,12.24909999999942
44.9344000000111,12.24909999999942
44.9344000000111,12.24889999999942
44.9344000000111,12.24879999999942
44.9344000000111,12.24869999999942
44.9344000000111,12.24859999999942
44.9344000000111,12.24849999999942
44.9344000000111,12.248099999999422
44.9344000000111,12.247999999999422
44.9344000000111,12.247899999999422
44.9343000000111,12.247899999999422
44.934200000011096,12.247799999999422
44.934200000011096,12.247699999999423
44.93410000001109,12.247699999999423
44.93410000001109,12.247599999999423
44.93400000001109,12.247599999999423
44.9343000000111,12.247599999999423
44.934200000011096,12.247599999999423
44.93410000001109,12.247799999999422
44.93400000001109,12.247699999999423
44.9344000000111,12.247699999999423
44.9343000000111,12.247999999999422
44.934200000011096,12.247899999999422
44.93410000001109,12.247899999999422
44.93400000001109,12.247799999999422
44.9343000000111,12.247699999999423
44.934200000011096,12.247999999999422
44.93410000001109,12.247999999999422
44.934500000011106,12.248099999999422
44.9344000000111,12.248199999999422
44.9343000000111,12.24859999999942
44.934200000011096,12.24889999999942
44.93410000001109,12.249299999999419
44.93410000001109,12.249699999999418
44.93410000001109,12.250099999999417
44.934500000011106,12.250499999999416
44.93460000001111,12.250799999999415
44.93460000001111,12.250899999999415
44.93470000001111,12.250999999999415
44.93470000001111,12.251099999999415
44.9343000000111,12.251499999999414
44.934200000011096,12.251899999999413
44.934200000011096,12.252299999999412
44.934200000011096,12.252699999999411
44.934200000011096,12.25279999999941
44.9344000000111,12.25289999999941
44.934500000011106,12.25299999999941
44.934200000011096,12.25309999999941
44.934200000011096,12.25319999999941
44.9343000000111,12.25339999999941
44.9344000000111,12.25349999999941
44.9344000000111,12.253599999999409
44.9344000000111,12.253699999999409
44.9343000000111,12.253799999999408
44.9343000000111,12.253899999999408
44.9343000000111,12.253999999999408
44.9343000000111,12.254199999999408
44.93470000001111,12.254599999999407
44.93490000001112,12.254699999999406
44.93490000001112,12.254799999999406
44.93490000001112,12.254899999999406
44.93490000001112,12.254999999999406
44.934800000011116,12.255099999999405
44.934800000011116,12.255199999999405
44.934800000011116,12.255299999999405
44.934800000011116,12.255399999999405
44.934800000011116,12.255499999999405
44.93520000001113,12.255899999999404
44.93500000001112,12.256299999999403
44.93500000001112,12.256399999999402
44.93500000001112,12.256499999999402
44.935100000011126,12.256599999999402
44.93500000001112,12.256699999999402
44.93500000001112,12.256799999999402
44.93500000001112,12.256899999999401
44.934800000011116,12.256999999999401
44.93500000001112,12.2573999999994
44.93530000001113,12.2577999999994
44.935400000011136,12.258099999999398
44.93560000001114,12.258499999999398
44.93560000001114,12.258699999999397
44.935700000011146,12.258799999999397
44.935700000011146,12.258999999999396
44.935700000011146,12.259099999999396
44.93580000001115,12.259299999999396
44.936000000011155,12.259699999999395
44.93610000001116,12.259999999999394
44.93620000001116,12.260299999999393
44.93640000001117,12.260499999999393
44.93640000001117,12.260699999999392
44.93650000001117,12.260999999999392
44.93670000001118,12.26139999999939
44.93680000001118,12.26169999999939
44.93710000001119,12.26179999999939
44.93710000001119,12.26209999999939
44.93710000001119,12.262199999999389
44.93710000001119,12.262599999999388
44.9374000000112,12.262999999999387
44.937500000011205,12.263099999999387
44.93760000001121,12.263199999999387
44.93770000001121,12.263199999999387
44.9374000000112,12.263299999999386
44.9373000000112,12.263399999999386
44.937500000011205,12.263799999999385
44.93790000001122,12.264199999999384
44.938100000011225,12.264299999999384
44.93820000001123,12.264399999999384
44.93830000001123,12.264399999999384
44.938400000011235,12.264399999999384
44.938400000011235,12.264499999999384
44.93850000001124,12.264499999999384
44.93890000001125,12.264899999999383
44.939000000011255,12.265199999999382
44.93910000001126,12.265299999999382
44.93920000001126,12.265299999999382
44.939300000011265,12.265299999999382
44.93970000001128,12.26569999999938
44.93980000001128,12.26599999999938
44.939900000011285,12.26619999999938
44.94000000001129,12.26629999999938
44.94010000001129,12.26639999999938
44.940200000011295,12.266599999999379
44.940500000011305,12.266799999999378
44.94060000001131,12.266899999999378
44.94070000001131,12.266999999999378
44.940800000011315,12.267099999999378
44.94090000001132,12.267299999999377
44.94100000001132,12.267499999999377
44.94120000001133,12.267799999999376
44.941400000011335,12.267999999999375
44.941400000011335,12.268099999999375
44.94150000001134,12.268099999999375
44.94160000001134,12.268099999999375
44.941700000011345,12.268099999999375
44.941700000011345,12.268199999999375
44.942000000011355,12.268599999999374
44.942000000011355,12.268999999999373
44.942000000011355,12.269099999999373
44.942000000011355,12.269199999999373
44.94240000001137,12.269299999999372
44.94270000001138,12.269699999999371
44.94280000001138,12.27009999999937
44.942900000011385,12.27049999999937
44.94310000001139,12.27059999999937
44.943200000011394,12.27069999999937
44.943200000011394,12.270799999999369
44.943200000011394,12.270899999999369
44.943200000011394,12.270999999999368
44.9433000000114,12.271199999999368
44.9433000000114,12.271299999999368
44.9433000000114,12.271399999999367
44.9433000000114,12.271499999999367
44.9433000000114,12.271599999999367
44.9434000000114,12.271799999999367
44.9434000000114,12.271899999999366
44.9434000000114,12.271999999999366
44.9434000000114,12.272299999999365
44.9434000000114,12.272399999999365
44.943500000011404,12.272799999999364
44.943500000011404,12.272899999999364
44.943500000011404,12.272999999999364
44.943500000011404,12.273099999999364
44.943500000011404,12.273199999999363
44.943500000011404,12.273299999999363
44.943500000011404,12.273399999999363
44.943500000011404,12.273499999999363
44.943500000011404,12.273699999999362
44.943500000011404,12.273799999999362
44.943500000011404,12.273899999999362
44.943500000011404,12.273999999999361
44.943500000011404,12.274099999999361
44.943500000011404,12.274199999999361
44.943500000011404,12.27429999999936
44.943500000011404,12.27439999999936
44.943500000011404,12.27449999999936
44.943500000011404,12.27459999999936
44.943500000011404,12.27469999999936
44.943500000011404,12.27479999999936
44.943500000011404,12.27489999999936
44.943500000011404,12.274999999999359
44.943500000011404,12.275199999999359
44.943500000011404,12.275299999999358
44.943500000011404,12.275399999999358
44.943500000011404,12.275499999999358
44.9434000000114,12.275599999999358
44.9434000000114,12.275699999999357
44.9434000000114,12.275799999999357
44.9434000000114,12.275899999999357
44.9434000000114,12.275999999999357
44.9434000000114,12.276099999999357
44.9434000000114,12.276199999999356
44.9434000000114,12.276299999999356
44.9434000000114,12.276399999999356
44.9434000000114,12.276499999999356
44.9433000000114,12.276599999999355
44.9433000000114,12.276699999999355
44.9433000000114,12.276799999999355
44.9433000000114,12.276899999999355
44.943200000011394,12.276999999999354
44.943200000011394,12.277199999999354
44.943200000011394,12.277299999999354
44.943200000011394,12.277399999999353
44.94310000001139,12.277599999999353
44.94300000001139,12.277999999999352
44.942900000011385,12.278299999999351
44.94280000001138,12.27859999999935
44.94270000001138,12.27889999999935
44.94270000001138,12.27899999999935
44.94270000001138,12.27909999999935
44.94250000001137,12.279499999999349
44.94240000001137,12.279799999999348
44.942300000011365,12.280099999999347
44.94220000001136,12.280499999999346
44.94210000001136,12.280799999999346
44.94190000001135,12.281099999999345
44.94180000001135,12.281199999999345
44.94180000001135,12.281299999999344
44.94160000001134,12.281599999999344
44.94120000001133,12.281899999999343
44.94090000001132,12.282099999999343
44.94090000001132,12.282199999999342
44.94090000001132,12.282299999999342
44.94090000001132,12.282399999999342
44.94090000001132,12.282499999999342
44.94090000001132,12.282599999999341
44.940500000011305,12.282799999999341
44.9403000000113,12.28319999999934
44.9403000000113,12.28329999999934
44.9403000000113,12.28339999999934
44.9403000000113,12.28349999999934
44.94010000001129,12.283699999999339
44.94010000001129,12.283799999999339
44.93980000001128,12.283999999999338
44.93940000001127,12.284099999999338
44.93940000001127,12.284199999999338
44.93950000001127,12.284299999999337
44.93950000001127,12.284399999999337
44.93940000001127,12.284499999999337
44.939300000011265,12.284599999999337
44.93890000001125,12.284799999999336
44.93850000001124,12.284899999999336
44.93830000001123,12.285099999999336
44.93790000001122,12.285399999999335
44.937500000011205,12.285499999999335
44.9373000000112,12.285799999999334
44.936900000011185,12.286099999999333
44.93650000001117,12.286199999999333
44.93640000001117,12.286499999999332
44.936000000011155,12.286799999999332
44.93560000001114,12.286899999999331
44.93520000001113,12.286999999999331
44.934800000011116,12.287099999999331
44.9344000000111,12.28739999999933
44.93410000001109,12.28779999999933
44.93400000001109,12.287899999999329
44.93380000001108,12.288099999999329
44.93370000001108,12.288199999999328
44.93370000001108,12.288299999999328
44.93370000001108,12.288399999999328
44.933600000011076,12.288399999999328
44.93320000001106,12.288799999999327
44.93290000001105,12.289199999999326
44.93260000001104,12.289599999999325
44.93230000001103,12.289999999999324
44.93190000001102,12.290399999999323
44.931800000011016,12.290599999999323
44.931800000011016,12.290699999999323
44.931800000011016,12.290799999999322
44.931800000011016,12.290899999999322
44.93170000001101,12.290999999999322
44.93170000001101,12.291099999999322
44.93170000001101,12.291199999999321
44.93170000001101,12.291299999999321
44.93170000001101,12.29139999999932
44.93160000001101,12.29149999999932
44.931500000011006,12.29159999999932
44.931300000011,12.29179999999932
44.931200000010996,12.29189999999932
44.93100000001099,12.29209999999932
44.930600000010976,12.292499999999318
44.93020000001096,12.292899999999317
44.92990000001095,12.293199999999317
44.929700000010946,12.293299999999316
44.92950000001094,12.293499999999316
44.92920000001093,12.293699999999316
44.92900000001092,12.293899999999315
44.92860000001091,12.294299999999314
44.9282000000109,12.294499999999314
44.92780000001088,12.294799999999313
44.92740000001087,12.295199999999312
44.92700000001086,12.295199999999312
44.92660000001084,12.295299999999312
44.92620000001083,12.295299999999312
44.92610000001083,12.295299999999312
44.92570000001081,12.295199999999312
44.9253000000108,12.295199999999312
44.925100000010794,12.295199999999312
44.92470000001078,12.295099999999312
44.92430000001077,12.294999999999312
44.92410000001076,12.294899999999313
44.92370000001075,12.294599999999313
44.923300000010734,12.294399999999314
44.92290000001072,12.294099999999315
44.92280000001072,12.293999999999315
44.922400000010704,12.293699999999316
44.92200000001069,12.293299999999316
44.92170000001068,12.292999999999317
44.92130000001067,12.292599999999318
44.920900000010654,12.292199999999319
44.920600000010644,12.29189999999932
44.920300000010634,12.29159999999932
44.92020000001063,12.29149999999932
44.920000000010624,12.291299999999321
44.91960000001061,12.290899999999322
44.9192000000106,12.290599999999323
44.918800000010584,12.290199999999324
44.918500000010575,12.289899999999324
44.918200000010565,12.289499999999325
44.91780000001055,12.289099999999326
44.91740000001054,12.288699999999327
44.917000000010525,12.288299999999328
44.916700000010515,12.287899999999329
44.9163000000105,12.28749999999933
44.91600000001049,12.287099999999331
44.91570000001048,12.286699999999332
44.91560000001048,12.286499999999332
44.915500000010475,12.286499999999332
44.91540000001047,12.286399999999333
44.91540000001047,12.286199999999333
44.91540000001047,12.285899999999334
44.91540000001047,12.285499999999335
44.91540000001047,12.285099999999336
44.91500000001046,12.284699999999336
44.914600000010445,12.284399999999337
44.914300000010435,12.284099999999338
44.91390000001042,12.283799999999339
44.91350000001041,12.28339999999934
44.913100000010395,12.28299999999934
44.91270000001038,12.282599999999341
44.91230000001037,12.282299999999342
44.911900000010355,12.282099999999343
44.91150000001034,12.281799999999343
44.91110000001033,12.281599999999344
44.91080000001032,12.281499999999344
44.910400000010306,12.281299999999344
44.9103000000103,12.281299999999344
44.9102000000103,12.281299999999344
44.9102000000103,12.281199999999345
44.9102000000103,12.281099999999345
44.910100000010296,12.281099999999345
44.91000000001029,12.281499999999344
44.90990000001029,12.281599999999344
44.909800000010286,12.281699999999343
44.90970000001028,12.281699999999343
44.90930000001027,12.281699999999343
44.908900000010256,12.281299999999344
44.90870000001025,12.281299999999344
44.90840000001024,12.281399999999344
44.90810000001023,12.281499999999344
44.90780000001022,12.281599999999344
44.907400000010206,12.281799999999343
44.90700000001019,12.281999999999343
44.90670000001018,12.282099999999343
44.90660000001018,12.282199999999342
44.906500000010176,12.282199999999342
44.90640000001017,12.282199999999342
44.90630000001017,12.282099999999343
44.906200000010166,12.282099999999343
44.90610000001016,12.282099999999343
44.90570000001015,12.282499999999342
44.90550000001014,12.28289999999934
44.90510000001013,12.28309999999934
44.90480000001012,12.28329999999934
44.90440000001011,12.28349999999934
44.90400000001009,12.283699999999339
44.90360000001008,12.283899999999338
44.90340000001007,12.283899999999338
44.90310000001006,12.283799999999339
44.90300000001006,12.283799999999339
44.90290000001006,12.283799999999339
44.90280000001005,12.283799999999339
44.90270000001005,12.283799999999339
44.90260000001005,12.283799999999339
44.90250000001004,12.283799999999339
44.90240000001004,12.283799999999339
44.90230000001004,12.283899999999338
44.90210000001003,12.283899999999338
44.90200000001003,12.283899999999338
44.90190000001002,12.283999999999338
44.90180000001002,12.283999999999338
44.90160000001001,12.283999999999338
44.90130000001,12.284099999999338
44.90120000001,12.284099999999338
44.90110000001,12.284099999999338
44.901000000009994,12.284199999999338
44.90080000000999,12.284299999999337
44.90060000000998,12.284399999999337
44.90030000000997,12.284499999999337
44.90020000000997,12.284599999999337
44.900100000009964,12.284699999999336
44.89970000000995,12.285099999999336
44.89930000000994,12.285399999999335
44.898900000009924,12.285599999999334
44.89850000000991,12.285699999999334
44.8981000000099,12.285799999999334
44.897700000009884,12.285899999999334
44.89730000000987,12.285999999999333
44.89690000000986,12.285999999999333
44.896500000009844,12.285999999999333
44.89610000000983,12.285999999999333
44.89570000000982,12.285999999999333
44.895300000009804,12.285999999999333
44.895000000009794,12.285999999999333
44.89460000000978,12.285699999999334
44.89420000000977,12.285699999999334
44.893800000009755,12.285699999999334
44.89340000000974,12.285699999999334
44.89300000000973,12.285699999999334
44.892600000009715,12.285499999999335
44.8922000000097,12.285099999999336
44.89180000000969,12.284699999999336
44.891400000009675,12.284299999999337
44.89100000000966,12.283899999999338
44.89060000000965,12.283699999999339
44.890200000009635,12.283599999999339
44.88980000000962,12.28349999999934
44.88940000000961,12.28339999999934
44.889000000009595,12.28339999999934
44.88860000000958,12.28339999999934
44.88820000000957,12.28339999999934
44.887800000009555,12.28339999999934
44.88740000000954,12.28339999999934
44.88700000000953,12.28339999999934
44.886600000009516,12.28339999999934
44.8862000000095,12.28339999999934
44.88580000000949,12.28349999999934
44.885400000009476,12.283599999999339
44.88500000000946,12.283699999999339
44.88460000000945,12.283799999999339
44.884200000009436,12.283899999999338
44.88380000000942,12.283999999999338
44.88370000000942,12.283999999999338
44.883300000009406,12.283699999999339
44.8832000000094,12.283699999999339
44.88280000000939,12.283799999999339
44.882400000009376,12.283899999999338
44.88200000000936,12.283999999999338
44.88160000000935,12.284099999999338
44.881200000009336,12.284199999999338
44.88080000000932,12.284299999999337
44.88070000000932,12.284299999999337
44.880600000009316,12.284299999999337
44.88050000000931,12.284299999999337
44.8802000000093,12.284299999999337
44.8801000000093,12.284299999999337
44.8800000000093,12.284299999999337
44.87990000000929,12.284399999999337
44.87970000000929,12.284399999999337
44.87930000000927,12.284399999999337
44.87890000000926,12.284399999999337
44.87850000000925,12.284399999999337
44.87830000000924,12.284399999999337
44.87800000000923,12.283999999999338
44.87790000000923,12.283999999999338
44.87770000000922,12.283999999999338
44.87750000000921,12.283999999999338
44.87740000000921,12.284099999999338
44.87730000000921,12.284199999999338
44.8772000000092,12.284299999999337
44.8771000000092,12.284399999999337
44.8770000000092,12.284499999999337
44.87690000000919,12.284599999999337
44.87680000000919,12.284699999999336
44.87670000000919,12.284799999999336
44.876600000009184,12.284899999999336
44.87650000000918,12.284899999999336
44.87640000000918,12.284899999999336
44.87620000000917,12.284899999999336
44.87610000000917,12.284499999999337
44.87610000000917,12.284599999999337
44.875700000009154,12.284699999999336
44.87530000000914,12.284799999999336
44.87490000000913,12.284899999999336
44.874500000009114,12.284999999999336
44.8741000000091,12.285099999999336
44.87370000000909,12.285199999999335
44.873300000009074,12.285299999999335
44.87290000000906,12.285399999999335
44.87250000000905,12.285499999999335
44.872100000009034,12.285599999999334
44.87170000000902,12.285699999999334
44.87130000000901,12.285799999999334
44.870900000008994,12.285899999999334
44.870600000008984,12.285899999999334
44.87040000000898,12.285999999999333
44.87010000000897,12.286199999999333
44.86990000000896,12.286299999999333
44.86950000000895,12.286599999999332
44.86930000000894,12.286799999999332
44.869100000008935,12.286999999999331
44.86870000000892,12.28729999999933
44.86830000000891,12.28759999999933
44.8680000000089,12.287999999999329
44.867600000008885,12.288299999999328
44.86720000000887,12.288599999999327
44.86680000000886,12.288899999999327
44.866400000008845,12.289199999999326
44.86600000000883,12.289499999999325
44.86560000000882,12.289699999999325
44.865200000008805,12.289899999999324
44.8650000000088,12.289999999999324
44.86480000000879,12.290099999999324
44.864600000008785,12.290199999999324
44.86450000000878,12.290299999999323
44.86440000000878,12.290399999999323
44.864300000008775,12.290499999999323
44.86420000000877,12.290499999999323
44.864000000008765,12.290599999999323
44.86390000000876,12.290699999999323
44.86350000000875,12.290999999999322
44.86330000000874,12.291099999999322
44.86290000000873,12.29139999999932
44.862500000008716,12.29159999999932
44.8621000000087,12.29189999999932
44.86170000000869,12.292199999999319
44.861300000008676,12.292499999999318
44.86090000000866,12.292799999999318
44.86050000000865,12.293099999999317
44.860100000008636,12.293399999999316
44.85970000000862,12.293699999999316
44.85930000000861,12.293999999999315
44.858900000008596,12.294299999999314
44.85850000000858,12.294599999999313
44.85810000000857,12.294999999999312
44.85780000000856,12.295299999999312
44.85750000000855,12.29569999999931
44.85730000000854,12.29599999999931
44.85700000000853,12.29639999999931
44.856800000008526,12.296699999999309
44.85660000000852,12.297099999999308
44.85640000000851,12.297499999999307
44.856200000008506,12.297799999999306
44.8561000000085,12.297999999999305
44.8560000000085,12.298299999999305
44.855900000008496,12.298599999999304
44.85580000000849,12.298799999999304
44.85570000000849,12.299099999999303
44.85560000000849,12.299499999999302
44.85560000000849,12.299599999999302
44.85560000000849,12.299699999999302
44.85560000000849,12.299799999999301
44.85560000000849,12.299899999999301
44.85560000000849,12.2999999999993
44.85560000000849,12.3000999999993
44.85550000000848,12.3001999999993
44.85550000000848,12.3002999999993
44.85550000000848,12.3003999999993
44.85550000000848,12.3004999999993
44.85550000000848,12.3005999999993
44.85550000000848,12.300799999999299
44.85550000000848,12.300899999999299
44.85550000000848,12.300999999999298
44.85550000000848,12.301099999999298
44.85560000000849,12.301199999999298
44.85560000000849,12.301299999999298
44.85560000000849,12.301399999999298
44.85570000000849,12.301499999999297
44.85570000000849,12.301599999999297
44.85570000000849,12.301699999999297
44.85570000000849,12.301799999999297
44.85570000000849,12.301899999999296
44.85570000000849,12.301999999999296
44.85530000000848,12.302099999999296
44.85530000000848,12.302499999999295
44.85540000000848,12.302699999999295
44.85550000000848,12.303099999999294
44.85550000000848,12.303199999999293
44.85530000000848,12.303299999999293
44.85530000000848,12.303399999999293
44.85510000000847,12.303799999999292
44.85520000000847,12.304199999999291
44.85530000000848,12.30459999999929
44.85490000000846,12.30499999999929
44.85490000000846,12.305099999999289
44.85490000000846,12.305199999999289
44.85490000000846,12.305299999999288
44.85490000000846,12.305399999999288
44.85490000000846,12.305499999999288
44.85490000000846,12.305599999999288
44.85490000000846,12.305699999999288
44.85490000000846,12.305799999999287
44.85490000000846,12.305899999999287
44.85490000000846,12.305999999999287
44.85490000000846,12.306099999999287
44.85490000000846,12.306199999999286
44.85490000000846,12.306299999999286
44.85490000000846,12.306399999999286
44.85490000000846,12.306499999999286
44.85480000000846,12.306599999999285
44.85480000000846,12.306699999999285
44.85480000000846,12.306799999999285
44.85480000000846,12.306899999999285
44.85480000000846,12.306999999999285
44.85480000000846,12.307099999999284
44.85480000000846,12.307199999999284
44.85470000000846,12.307599999999283
44.85470000000846,12.307699999999283
44.85470000000846,12.307799999999283
44.85470000000846,12.308199999999282
44.85470000000846,12.308299999999281
44.85470000000846,12.308399999999281
44.85470000000846,12.308499999999281
44.85470000000846,12.30859999999928
44.85470000000846,12.30869999999928
44.85470000000846,12.30879999999928
44.85470000000846,12.30889999999928
44.85470000000846,12.30899999999928
44.85470000000846,12.30909999999928
44.85470000000846,12.30919999999928
44.85460000000845,12.30929999999928
44.85460000000845,12.309399999999279
44.85460000000845,12.309799999999278
44.85460000000845,12.309899999999278
44.85450000000845,12.309999999999278
44.85450000000845,12.310099999999277
44.85450000000845,12.310199999999277
44.85450000000845,12.310299999999277
44.85450000000845,12.310399999999277
44.85450000000845,12.310499999999276
44.85440000000845,12.310599999999276
44.85440000000845,12.310699999999276
44.85440000000845,12.310799999999276
44.85440000000845,12.310899999999275
44.85440000000845,12.310999999999275
44.85440000000845,12.311199999999275
44.85440000000845,12.311299999999274
44.85440000000845,12.311399999999274
44.85440000000845,12.311499999999274
44.85440000000845,12.311599999999274
44.85440000000845,12.311699999999274
44.85440000000845,12.311799999999273
44.85440000000845,12.311899999999273
44.85440000000845,12.311999999999273
44.85440000000845,12.312099999999273
44.85440000000845,12.312199999999272
44.85440000000845,12.312299999999272
44.85440000000845,12.312399999999272
44.85440000000845,12.312799999999271
44.85440000000845,12.31289999999927
44.85450000000845,12.31299999999927
44.85460000000845,12.31329999999927
44.85470000000846,12.31349999999927
44.85480000000846,12.313699999999269
44.85480000000846,12.313799999999269
44.85480000000846,12.313899999999268
44.85480000000846,12.313999999999268
44.85470000000846,12.314099999999268
44.85470000000846,12.314199999999268
44.85460000000845,12.314299999999267
44.85460000000845,12.314399999999267
44.85460000000845,12.314499999999267
44.85500000000847,12.314899999999266
44.85520000000847,12.315299999999265
44.85520000000847,12.315399999999265
44.85520000000847,12.315499999999265
44.85510000000847,12.315599999999264
44.85510000000847,12.315699999999264
44.85510000000847,12.315799999999264
44.85500000000847,12.315899999999264
44.85500000000847,12.315999999999264
44.85500000000847,12.316099999999263
44.85540000000848,12.316499999999262
44.85550000000848,12.316799999999262
44.85550000000848,12.316899999999261
44.85550000000848,12.316999999999261
44.85540000000848,12.317099999999261
44.85540000000848,12.31719999999926
44.85540000000848,12.31729999999926
44.85540000000848,12.31739999999926
44.85580000000849,12.31779999999926
44.85580000000849,12.318199999999258
44.85580000000849,12.318399999999258
44.85570000000849,12.318499999999258
44.85570000000849,12.318599999999257
44.85570000000849,12.318699999999257
44.85560000000849,12.318799999999257
44.85560000000849,12.318899999999257
44.8560000000085,12.319299999999256
44.85630000000851,12.319499999999255
44.85630000000851,12.319699999999255
44.85630000000851,12.320099999999254
44.85630000000851,12.320199999999254
44.85630000000851,12.320299999999254
44.85630000000851,12.320399999999253
44.85630000000851,12.320499999999253
44.85630000000851,12.320599999999253
44.85630000000851,12.320699999999253
44.85630000000851,12.320799999999252
44.85630000000851,12.320899999999252
44.85630000000851,12.320999999999252
44.85630000000851,12.321099999999252
44.85630000000851,12.321199999999251
44.85630000000851,12.321299999999251
44.85630000000851,12.32169999999925
44.855900000008496,12.32189999999925
44.855900000008496,12.32199999999925
44.8560000000085,12.32209999999925
44.8561000000085,12.322199999999249
44.856200000008506,12.322399999999249
44.856200000008506,12.322499999999248
44.856200000008506,12.322599999999248
44.856200000008506,12.322699999999248
44.856200000008506,12.322799999999248
44.856200000008506,12.322899999999247
44.856200000008506,12.323099999999247
44.856200000008506,12.323199999999247
44.856200000008506,12.323299999999247
44.85580000000849,12.323399999999246
44.85580000000849,12.323499999999246
44.85580000000849,12.323599999999246
44.85580000000849,12.323699999999246
44.855900000008496,12.323799999999245
44.8560000000085,12.323899999999245
44.8560000000085,12.323999999999245
44.8560000000085,12.324099999999245
44.8560000000085,12.324199999999244
44.8560000000085,12.324299999999244
44.8560000000085,12.324399999999244
44.85560000000849,12.324699999999243
44.85560000000849,12.324799999999243
44.85560000000849,12.324899999999243
44.85560000000849,12.324999999999243
44.85560000000849,12.325099999999242
44.85560000000849,12.325199999999242
44.85560000000849,12.325299999999242
44.85560000000849,12.325399999999242
44.85560000000849,12.325499999999241
44.85560000000849,12.325599999999241
44.85560000000849,12.325699999999241
44.85520000000847,12.32609999999924
44.85510000000847,12.32619999999924
44.85510000000847,12.32629999999924
44.85510000000847,12.32639999999924
44.85510000000847,12.326499999999239
44.85510000000847,12.326599999999239
44.85510000000847,12.326699999999239
44.85510000000847,12.326799999999238
44.85510000000847,12.326899999999238
44.85480000000846,12.327299999999237
44.85450000000845,12.327499999999237
44.85450000000845,12.327599999999237
44.85450000000845,12.327699999999236
44.85450000000845,12.327799999999236
44.85450000000845,12.327899999999236
44.85450000000845,12.327999999999236
44.85450000000845,12.328099999999235
44.85450000000845,12.328199999999235
44.85420000000844,12.328599999999234
44.85400000000843,12.328799999999234
44.85400000000843,12.328899999999233
44.85400000000843,12.328999999999233
44.85400000000843,12.329099999999233
44.85400000000843,12.329199999999233
44.85400000000843,12.329299999999233
44.85400000000843,12.329399999999232
44.85400000000843,12.329499999999232
44.85370000000842,12.329899999999231
44.85350000000842,12.33009999999923
44.85350000000842,12.33019999999923
44.85350000000842,12.33029999999923
44.85350000000842,12.33039999999923
44.85350000000842,12.33049999999923
44.85350000000842,12.33059999999923
44.85350000000842,12.33069999999923
44.85350000000842,12.330799999999229
44.85350000000842,12.330899999999229
44.85350000000842,12.330999999999229
44.85350000000842,12.331099999999228
44.8531000000084,12.331499999999227
44.8530000000084,12.331599999999227
44.8530000000084,12.331699999999227
44.8530000000084,12.331799999999227
44.8531000000084,12.331899999999226
44.8531000000084,12.331999999999226
44.8531000000084,12.332099999999226
44.8531000000084,12.332199999999226
44.8531000000084,12.332299999999226
44.8531000000084,12.332399999999225
44.8531000000084,12.332499999999225
44.85270000000839,12.332799999999224
44.85230000000838,12.332899999999224
44.85230000000838,12.332999999999224
44.85240000000838,12.333099999999224
44.85250000000838,12.333199999999223
44.85250000000838,12.333299999999223
44.85250000000838,12.333399999999223
44.85260000000839,12.333499999999223
44.85260000000839,12.333599999999223
44.85270000000839,12.333699999999222
44.85270000000839,12.333799999999222
44.85270000000839,12.334199999999221
44.85230000000838,12.33429999999922
44.85200000000837,12.33439999999922
44.85200000000837,12.33449999999922
44.85200000000837,12.33459999999922
44.85200000000837,12.33469999999922
44.85200000000837,12.33479999999922
44.85200000000837,12.33489999999922
44.85210000000837,12.33499999999922
44.852200000008374,12.335099999999219
44.852200000008374,12.335199999999219
44.852200000008374,12.335299999999219
44.852200000008374,12.335399999999218
44.852200000008374,12.335499999999218
44.852200000008374,12.335599999999218
44.852200000008374,12.335699999999218
44.852200000008374,12.335799999999217
44.852200000008374,12.335899999999217
44.852200000008374,12.335999999999217
44.852200000008374,12.336099999999217
44.852200000008374,12.336199999999216
44.852200000008374,12.336299999999216
44.852200000008374,12.336399999999216
44.852200000008374,12.336499999999216
44.852200000008374,12.336599999999216
44.852200000008374,12.336699999999215
44.852200000008374,12.336799999999215
44.852200000008374,12.336999999999215
44.85180000000836,12.337399999999214
44.85180000000836,12.337699999999213
44.85180000000836,12.337999999999212
44.85180000000836,12.338099999999212
44.85180000000836,12.338199999999212
44.851600000008354,12.33859999999921
44.85140000000835,12.33899999999921
44.851300000008344,12.33919999999921
44.85110000000834,12.339599999999209
44.85090000000833,12.339999999999208
44.850700000008324,12.340299999999207
44.85050000000832,12.340599999999206
44.85030000000831,12.340899999999206
44.8500000000083,12.341299999999205
44.84970000000829,12.341699999999204
44.84930000000828,12.342099999999203
44.848900000008264,12.342499999999202
44.84850000000825,12.342799999999201
44.84820000000824,12.3429999999992
44.84790000000823,12.3431999999992
44.847700000008224,12.3432999999992
44.84760000000822,12.3432999999992
44.84750000000822,12.3432999999992
44.84730000000821,12.3433999999992
44.8470000000082,12.3434999999992
44.84660000000819,12.3435999999992
44.846200000008174,12.343699999999199
44.84610000000817,12.343699999999199
44.845900000008164,12.343699999999199
44.84570000000816,12.343799999999199
44.845600000008154,12.343799999999199
44.84550000000815,12.343799999999199
44.84540000000815,12.343799999999199
44.845300000008145,12.343799999999199
44.84520000000814,12.343799999999199
44.84510000000814,12.343799999999199
44.845000000008135,12.343799999999199
44.84490000000813,12.343799999999199
44.84480000000813,12.343899999999199
44.844700000008125,12.343899999999199
44.84450000000812,12.343899999999199
44.844400000008115,12.343899999999199
44.84430000000811,12.343999999999198
44.844100000008105,12.343999999999198
44.8440000000081,12.343999999999198
44.843800000008095,12.343999999999198
44.84370000000809,12.344099999999198
44.84330000000808,12.344099999999198
44.842900000008065,12.344099999999198
44.84250000000805,12.344099999999198
44.84210000000804,12.344099999999198
44.841700000008025,12.344099999999198
44.84130000000801,12.344099999999198
44.840900000008,12.344099999999198
44.840500000007985,12.344099999999198
44.84040000000798,12.344099999999198
44.84000000000797,12.344399999999197
44.839600000007955,12.344499999999197
44.83920000000794,12.344599999999197
44.83880000000793,12.344699999999197
44.838400000007915,12.344699999999197
44.8380000000079,12.344699999999197
44.83760000000789,12.344699999999197
44.837200000007876,12.344699999999197
44.83680000000786,12.344699999999197
44.83640000000785,12.344699999999197
44.836000000007836,12.344699999999197
44.83580000000783,12.344699999999197
44.835700000007826,12.344699999999197
44.83560000000782,12.344699999999197
44.83550000000782,12.344699999999197
44.835100000007806,12.344699999999197
44.83470000000779,12.344699999999197
44.83430000000778,12.344699999999197
44.833900000007766,12.344299999999198
44.83350000000775,12.344099999999198
44.83340000000775,12.344099999999198
44.833000000007736,12.344299999999198
44.83260000000772,12.344399999999197
44.83220000000771,12.344499999999197
44.8319000000077,12.344599999999197
44.83170000000769,12.344499999999197
44.831500000007686,12.344499999999197
44.83140000000768,12.344499999999197
44.83130000000768,12.344499999999197
44.83110000000767,12.344499999999197
44.83100000000767,12.344499999999197
44.83090000000767,12.344599999999197
44.83070000000766,12.344699999999197
44.83060000000766,12.344799999999196
44.83050000000765,12.344899999999196
44.83040000000765,12.344999999999196
44.83000000000764,12.345099999999196
44.82960000000762,12.345199999999195
44.82920000000761,12.345299999999195
44.8288000000076,12.345399999999195
44.82840000000758,12.345599999999195
44.82800000000757,12.345799999999194
44.82760000000756,12.345999999999194
44.827200000007544,12.346299999999193
44.82680000000753,12.346599999999192
44.82640000000752,12.346999999999191
44.826000000007504,12.34739999999919
44.82560000000749,12.34779999999919
44.82520000000748,12.348099999999189
44.824800000007464,12.348399999999188
44.82440000000745,12.348699999999187
44.82400000000744,12.348899999999187
44.823600000007424,12.349199999999186
44.82320000000741,12.349399999999186
44.8228000000074,12.349599999999185
44.822400000007384,12.349799999999185
44.82200000000737,12.349899999999185
44.82160000000736,12.350099999999184
44.821200000007344,12.350299999999184
44.82080000000733,12.350499999999183
44.82040000000732,12.350599999999183
44.820000000007305,12.350799999999182
44.81960000000729,12.350999999999182
44.81920000000728,12.351199999999182
44.818800000007265,12.35149999999918
44.81860000000726,12.35159999999918
44.81860000000726,12.35169999999918
44.81860000000726,12.35179999999918
44.81860000000726,12.35189999999918
44.81860000000726,12.35199999999918
44.81860000000726,12.35209999999918
44.81860000000726,12.35219999999918
44.81860000000726,12.352299999999179
44.81860000000726,12.352399999999179
44.81860000000726,12.352499999999178
44.81860000000726,12.352599999999178
44.81860000000726,12.352699999999178
44.81860000000726,12.352799999999178
44.81860000000726,12.352899999999178
44.81860000000726,12.352999999999177
44.81860000000726,12.353099999999177
44.81860000000726,12.353199999999177
44.81860000000726,12.353299999999177
44.81860000000726,12.353399999999176
44.81860000000726,12.353499999999176
44.81860000000726,12.353599999999176
44.81860000000726,12.353699999999176
44.81860000000726,12.353799999999175
44.818200000007245,12.353899999999175
44.81780000000723,12.353999999999175
44.81740000000722,12.354099999999175
44.817000000007205,12.354199999999175
44.81660000000719,12.354299999999174
44.81620000000718,12.354399999999174
44.815800000007165,12.354499999999174
44.81540000000715,12.354599999999174
44.81500000000714,12.354699999999173
44.814600000007125,12.354799999999173
44.81420000000711,12.354899999999173
44.814000000007105,12.355199999999172
44.8138000000071,12.355599999999171
44.81360000000709,12.35589999999917
44.813400000007086,12.35629999999917
44.81320000000708,12.356699999999169
44.813100000007076,12.356799999999168
44.813100000007076,12.357199999999168
44.813100000007076,12.357299999999167
44.813100000007076,12.357399999999167
44.813100000007076,12.357499999999167
44.813100000007076,12.357599999999167
44.813100000007076,12.357699999999166
44.813100000007076,12.357799999999166
44.813100000007076,12.357899999999166
44.813100000007076,12.357999999999166
44.813100000007076,12.358099999999165
44.813100000007076,12.358199999999165
44.813100000007076,12.358299999999165
44.813100000007076,12.358399999999165
44.813100000007076,12.358499999999164
44.813100000007076,12.358599999999164
44.813100000007076,12.358699999999164
44.813100000007076,12.358799999999164
44.813100000007076,12.358899999999164
44.813100000007076,12.358999999999163
44.813100000007076,12.359099999999163
44.813100000007076,12.359199999999163
44.813100000007076,12.359299999999163
44.813100000007076,12.359399999999162
44.813100000007076,12.359499999999162
44.813100000007076,12.359599999999162
44.813100000007076,12.359699999999162
44.813100000007076,12.359799999999161
44.813100000007076,12.359899999999161
44.813100000007076,12.359999999999161
44.813100000007076,12.36009999999916
44.813100000007076,12.36019999999916
44.813100000007076,12.36029999999916
44.813100000007076,12.36039999999916
44.813100000007076,12.36049999999916
44.813100000007076,12.36059999999916
44.813100000007076,12.36069999999916
44.813100000007076,12.36079999999916
44.813100000007076,12.360899999999159
44.813100000007076,12.360999999999159
44.813100000007076,12.361099999999158
44.813100000007076,12.361199999999158
44.813100000007076,12.361299999999158
44.813100000007076,12.361399999999158
44.813100000007076,12.361499999999157
44.813100000007076,12.361599999999157
44.813100000007076,12.361699999999157
44.813100000007076,12.361799999999157
44.813100000007076,12.361899999999157
44.813100000007076,12.361999999999156
44.813100000007076,12.362099999999156
44.813100000007076,12.362199999999156
44.813100000007076,12.362299999999156
44.81270000000706,12.362399999999155
44.81230000000705,12.362499999999155
44.811900000007036,12.362599999999155
44.81150000000702,12.362699999999155
44.81110000000701,12.362899999999154
44.810900000007,12.363199999999154
44.810700000006996,12.363499999999153
44.81050000000699,12.363899999999152
44.81030000000698,12.364199999999151
44.810100000006976,12.36459999999915
44.809800000006966,12.36499999999915
44.809500000006956,12.365399999999148
44.80930000000695,12.365699999999148
44.80900000000694,12.366099999999147
44.80870000000693,12.366499999999146
44.80840000000692,12.366899999999145
44.80810000000691,12.367299999999144
44.8078000000069,12.367699999999143
44.80760000000689,12.367999999999142
44.807400000006886,12.368299999999142
44.80720000000688,12.368599999999141
44.80700000000687,12.36889999999914
44.80680000000687,12.36919999999914
44.80650000000686,12.369599999999139
44.80630000000685,12.369899999999138
44.80610000000684,12.370199999999137
44.80590000000684,12.370499999999137
44.80570000000683,12.370799999999136
44.80550000000682,12.371099999999135
44.80540000000682,12.371299999999135
44.80530000000682,12.371399999999134
44.80520000000681,12.371599999999134
44.80520000000681,12.371699999999134
44.80520000000681,12.371799999999133
44.80520000000681,12.371899999999133
44.80560000000683,12.371999999999133
44.80580000000683,12.372099999999133
44.80590000000684,12.372199999999133
44.80600000000684,12.372299999999132
44.80610000000684,12.372399999999132
44.80620000000685,12.372499999999132
44.80630000000685,12.372599999999132
44.80640000000685,12.372699999999131
44.80650000000686,12.372799999999131
44.80650000000686,12.372899999999131
44.80610000000684,12.37299999999913
44.80610000000684,12.37309999999913
44.80610000000684,12.37319999999913
44.80610000000684,12.37329999999913
44.80610000000684,12.37339999999913
44.80610000000684,12.37349999999913
44.80600000000684,12.37359999999913
44.80570000000683,12.373699999999129
44.80590000000684,12.373799999999129
44.80590000000684,12.373899999999129
44.80560000000683,12.373999999999128
44.80560000000683,12.374099999999128
44.80570000000683,12.374199999999128
44.80560000000683,12.374299999999128
44.80530000000682,12.374399999999127
44.80500000000681,12.374499999999127
44.80520000000681,12.374599999999127
44.80530000000682,12.374699999999127
44.80530000000682,12.374799999999126
44.80530000000682,12.374899999999126
44.80520000000681,12.374999999999126
44.8048000000068,12.375099999999126
44.80440000000679,12.375199999999126
44.80400000000677,12.375299999999125
44.80360000000676,12.375399999999125
44.80320000000675,12.375499999999125
44.802800000006734,12.375599999999125
44.80240000000672,12.375699999999124
44.80200000000671,12.376099999999123
44.8017000000067,12.376499999999123
44.80140000000669,12.376899999999122
44.80110000000668,12.37729999999912
44.80080000000667,12.37769999999912
44.80050000000666,12.377999999999119
44.80050000000666,12.378099999999119
44.80050000000666,12.378199999999119
44.80050000000666,12.378299999999118
44.80060000000666,12.378399999999118
44.800700000006664,12.378499999999118
44.80080000000667,12.378599999999118
44.80090000000667,12.378699999999117
44.801000000006674,12.378799999999117
44.80110000000668,12.378899999999117
44.80120000000668,12.378999999999117
44.801300000006684,12.379099999999116
44.80140000000669,12.379199999999116
44.80150000000669,12.379299999999116
44.801600000006694,12.379399999999116
44.8017000000067,12.379499999999116
44.8018000000067,12.379599999999115
44.801900000006704,12.379699999999115
44.80200000000671,12.379799999999115
44.80210000000671,12.379899999999115
44.802200000006714,12.379999999999114
44.80230000000672,12.380099999999114
44.80230000000672,12.380199999999114
44.801900000006704,12.380299999999114
44.801900000006704,12.380399999999113
44.801900000006704,12.380499999999113
44.801900000006704,12.380599999999113
44.801900000006704,12.380699999999113
44.801900000006704,12.380799999999113
44.801900000006704,12.380899999999112
44.80150000000669,12.380999999999112
44.80110000000668,12.381099999999112
44.800700000006664,12.381199999999112
44.80030000000665,12.381299999999111
44.79990000000664,12.381399999999111
44.79970000000663,12.38169999999911
44.79960000000663,12.38209999999911
44.799500000006624,12.382499999999109
44.79940000000662,12.382899999999108
44.79930000000662,12.383199999999107
44.79910000000661,12.383599999999106
44.798900000006604,12.383899999999105
44.7987000000066,12.384199999999105
44.79850000000659,12.384499999999104
44.798300000006584,12.384799999999103
44.79810000000658,12.385099999999102
44.79790000000657,12.385399999999102
44.797700000006564,12.385699999999101
44.79750000000656,12.3860999999991
44.79730000000655,12.3863999999991
44.797100000006544,12.386799999999099
44.79690000000654,12.387099999999098
44.79670000000653,12.387499999999097
44.796500000006525,12.387799999999096
44.79630000000652,12.388199999999095
44.79610000000651,12.388599999999094
44.7957000000065,12.388699999999094
44.795300000006485,12.388799999999094
44.795300000006485,12.388899999999094
44.795300000006485,12.389299999999093
44.795300000006485,12.389699999999092
44.79540000000649,12.389999999999091
44.79550000000649,12.39009999999909
44.795600000006495,12.39019999999909
44.7957000000065,12.39029999999909
44.7958000000065,12.39039999999909
44.795900000006505,12.39049999999909
44.79600000000651,12.39059999999909
44.79610000000651,12.39069999999909
44.796200000006515,12.39079999999909
44.796200000006515,12.390899999999089
44.796200000006515,12.390999999999089
44.7958000000065,12.391099999999089
44.7958000000065,12.391199999999088
44.7958000000065,12.391299999999088
44.7958000000065,12.391399999999088
44.7958000000065,12.391499999999088
44.7958000000065,12.391599999999087
44.7958000000065,12.391699999999087
44.7958000000065,12.391799999999087
44.7958000000065,12.391899999999087
44.7958000000065,12.391999999999086
44.7958000000065,12.392099999999086
44.7958000000065,12.392199999999086
44.7958000000065,12.392299999999086
44.7958000000065,12.392399999999085
44.7958000000065,12.392499999999085
44.7958000000065,12.392599999999085
44.7958000000065,12.392699999999085
44.79540000000649,12.392799999999085
44.795000000006475,12.392899999999084
44.79480000000647,12.393099999999084
44.794700000006465,12.393499999999083
44.794400000006455,12.393699999999082
44.79430000000645,12.393999999999082
44.79430000000645,12.394099999999082
44.79430000000645,12.39439999999908
44.79430000000645,12.39449999999908
44.79430000000645,12.39459999999908
44.79430000000645,12.39469999999908
44.79430000000645,12.39479999999908
44.79430000000645,12.39489999999908
44.79430000000645,12.39499999999908
44.79430000000645,12.39509999999908
44.79430000000645,12.395199999999079
44.79430000000645,12.395299999999079
44.79430000000645,12.395399999999078
44.79430000000645,12.395499999999078
44.79430000000645,12.395599999999078
44.79430000000645,12.395699999999078
44.79430000000645,12.395799999999078
44.79390000000644,12.395899999999077
44.793500000006425,12.395999999999077
44.79330000000642,12.396399999999076
44.79310000000641,12.396799999999075
44.7927000000064,12.397099999999075
44.792300000006385,12.397299999999074
44.792300000006385,12.397399999999074
44.792300000006385,12.397499999999074
44.79240000000639,12.397599999999073
44.79250000000639,12.397699999999073
44.792600000006395,12.397799999999073
44.7927000000064,12.397899999999073
44.7928000000064,12.397999999999072
44.792900000006405,12.398099999999072
44.79300000000641,12.398199999999072
44.79310000000641,12.398299999999072
44.793200000006415,12.398399999999071
44.79300000000641,12.398499999999071
44.79310000000641,12.398599999999071
44.793200000006415,12.398199999999072
44.79330000000642,12.398199999999072
44.79340000000642,12.397799999999073
44.79340000000642,12.397899999999073
44.79340000000642,12.397999999999072
44.79300000000641,12.398099999999072
44.7927000000064,12.398199999999072
44.7928000000064,12.398299999999072
44.79300000000641,12.398399999999071
44.79310000000641,12.398499999999071
44.79300000000641,12.398599999999071
44.79300000000641,12.39869999999907
44.79300000000641,12.39879999999907
44.79300000000641,12.39889999999907
44.7928000000064,12.39899999999907
44.7928000000064,12.39909999999907
44.7928000000064,12.39919999999907
44.7928000000064,12.39929999999907
44.7928000000064,12.39939999999907
44.79240000000639,12.399499999999069
